<?xml version="1.0" encoding="utf-8" standalone="no"?>
<!--Generated by crowdin.com-->
<resources>
  <string name="market_title">DW Kontakte &amp; Telefon &amp; Wählprogramm</string>
  <string name="market_description_s1">Eine leistungsstarke unentbehrliche Erweiterung für die Standardwähl-, Kontakt-, und Telefonverwaltungsanwendung.

Hauptmerkmale
------------</string>
  <!-- max is 27 -->
  <string name="market_description_key_features_001">+ Kontaktsuche nach jedem Feld</string>
  <string name="market_description_key_features_002">* Hinzufügen von Notizen zur Anrufliste</string>
  <string name="market_description_key_features_003">* Erstellen und verwalten von Kontakt-Erinnerungen</string>
  <string name="market_description_key_features_004">+ Sprachausgabe der Anrufnummer</string>
  <string name="market_description_key_features_005">+ Anzeige der Uhrzeit verpasster Anrufe</string>
  <string name="market_description_key_features_027">* Anrufliste unbegrenzt</string>
  <string name="market_description_key_features_006">* VoIP-Unterstützung: System SIP, Viber, Skype, Fring, GrooVe IP Lite, MobileVOIP, BT SmartTalk&#8230;</string>
  <string name="market_description_key_features_007">+ Teilen von Kontakten (Text, vCard) per SMS, E-Mail&#8230;</string>
  <string name="market_description_key_features_008">* Batch-Modus für Massen-SMS, -MMS und -E-Mails mit Einzel- und Mehrfachauswahl (Kontakte, Gruppen, Organisationen, Titel)</string>
  <string name="market_description_key_features_009">+ In-Call-Widget: erweiterte Ansicht eingehender Anrufe (Organisation, Gruppe, Notizen, Notizen während des Anrufes bearbeiten)</string>
  <string name="market_description_key_features_010">+ Anruf-Filter: zeitgesteuertes (Wochentag, Zeit) Blockieren eingehender Anrufe</string>
  <string name="market_description_key_features_011">+ Kontakt-Filter basierend auf Kontaktgruppe, Titel und Organisation</string>
  <string name="market_description_key_features_012">+ Anrufstatistik: Anrufdauer, Benachrichtigung am Ende der kostenlosen Sprechzeit</string>
  <string name="market_description_key_features_013">+ Kontakt-Details: Anzeige von SMS, Anrufliste, Anrufstatistik, Ereignisse</string>
  <string name="market_description_key_features_014">+ Kontaktverwaltung nach Kontaktadresse</string>
  <string name="market_description_key_features_015">* Design sehr flexibel konfigurierbar (Sortierreihenfolge, Schriftgröße, Farbe, Transparenz)</string>
  <string name="market_description_key_features_016">+ Ansicht der Kontaktliste konfigurierbar (Vorname, Familienname, Rufname, Organisation, Titel, Rufnummer, Notizen&#8230;)</string>
  <string name="market_description_key_features_017">+ Unterstützung von Untergruppen (Untergruppe über Business/VIP = Business -&gt; VIP)</string>
  <string name="market_description_key_features_018">+ Einstellen des Klingelzeichens für Mehrfachauswahl (Kontakte, Gruppen, Organisationen, Titel)</string>
  <string name="market_description_key_features_019">* Kontakt-Ereignis-Benachrichtigung und Ereignis-Verwaltung (Geburtstag, Jahrestag)</string>
  <string name="market_description_key_features_020">+ Wahlprogramm mit T9-Suche und viele konfigurierbaren Optionen</string>
  <string name="market_description_key_features_021">+ Wählprogramm- und Tastenfeld-Einstellungen: Größe, Hintergrund, Farbe und Schriftgröße</string>
  <string name="market_description_key_features_028">* Automatische Wahlwiederholung</string>
  <string name="market_description_key_features_022">+ Unterstützung von Dual-SIM-Geräten (nicht alle Geräte, weil es keine offene Schnittstelle gibt)</string>
  <string name="market_description_key_features_023">+ Kurzwahl-Manager: Unterstützung von bis zu 1000 Kurzwahl-Rufnummern. Anwendung: Anruf der 100. Kurzwahl mit 100#</string>
  <string name="market_description_key_features_024">+ Sicherung und Wiederherstellung über vCard inklusive Kontaktgruppe</string>
  <string name="market_description_key_features_025">+ Die meisten Funktionen sind über einen langen Tastendruck auf die Elemente oder die Menü-Taste erreichbar</string>
  <string name="market_description_key_features_026">+ Mehrsprachige Unterstützung (Dank an alle begeisterten Anwender, die an der Übersetzung beteiligt waren und sind)</string>
  <string name="market_description_s2">Bitte honorieren Sie unsere Arbeit und kaufen Sie die Pro-Version, die im Anbetracht der Funktionalität äußerst günstig ist!
Bitte testen Sie unsere Software und empfehlen sie Ihren Freunden.
Hinweise:
Wenn Sie Anregungen für Verbesserungen haben, schreiben Sie ins Forum: http://forum.dw-p.net oder benutzen Sie die \"Feedback per E-Mail\"-Funktion im Einstellungsmenü.
Wenn Sie auf eine neuere Version aktualisieren und dies fehlschlägt, versuchen Sie bitte vorher die alte Version zu deinstallieren.
Mehr Tipps &amp; Tricks siehe%26 http://wiki.dw-p.net/DWC:Tips_%26_Tricks
</string>
  <string name="market_description_limitation">Die kostenlose Version ist in einigen Fuktionen eingeschränkt:
- Werbenachrichten
- Anpassung des Aussehens begrenzt
- Mehrfachauswahl begrenzt auf 5 Elemente pro Aktion
- Notizen in der Anrufliste
- Nur ein Widget kann erstellt werden
- Alle Hauptmerkmale mit \"*\"</string>
  <string name="market_description_keywords">Kontakt Kontakte Adresse wählen Wählprogramm Wählen Anruf Anrufer Anrufen Telefon Telefon Klingelton Sprach Gruppe Gruppen Unternehmen Firma Titel Adressen Buch SMS MMS E-Mail Leiter verwalten Verwaltung Verlauf Protokoll beste kostenlos</string>
  <!-- A brief description of the Google play, If you have a better description, please use your. Thank you! [CHAR LIMIT=80] -->
  <string name="market_brief_description">Dies ist eine leistungsfähige Anwendung zur Kontakte-Verwaltung. Unser Ziel ist es, die Effizienz Ihrer Arbeit zu verbessern.</string>
</resources>
