<?xml version="1.0" encoding="utf-8"?>
<!--Generated by crowdin.com-->
<resources xmlns:xliff="urn:oasis:names:tc:xliff:document:1.2">
  <string name="label_ringtone">Klingelton</string>
  <string name="default_ringtone">Standard</string>
  <string name="menu_sendEmail">E-Mail senden</string>
  <string name="showFilterPhones">Nur Kontakte mit Telefon</string>
  <string name="showFilterPhonesDescrip">Nur Kontakte mit Telefonnummern anzeigen</string>
  <string name="headerContactGroups">Kontakte zum Anzeigen auswählen</string>
</resources>
