<?xml version="1.0" encoding="utf-8" standalone="no"?>
<!--Generated by crowdin.com-->
<resources xmlns:xliff="urn:oasis:names:tc:xliff:document:1.2">
  <string name="app_name">DW Kontakte &amp; Telefon</string>
  <string name="app_contacts_name">DW Kontakte</string>
  <string name="starred">Markierte</string>
  <string name="coworkers">Kollegen</string>
  <string name="family">Familie</string>
  <string name="friends">Freunde</string>
  <string name="myContacts">Meine Kontakte</string>
  <string name="mergedContacts">Zusammengeführte Kontakte</string>
  <string name="no_item_to_display">Keine anzuzeigenden Elemente</string>
  <string name="allContact">Alle Kontakte</string>
  <string name="no_phone_numbers">Keine Telefonnummern</string>
  <string name="menu_edit">Bearbeiten</string>
  <string name="menu_edit_group">Gruppe bearbeiten</string>
  <string name="menu_add_contact_to_group">Kontakte zu Gruppe hinzufügen</string>
  <string name="menu_remove_contact_from_group">Kontakte aus Gruppe entfernen</string>
  <string name="groupNameLabel">Gruppenname</string>
  <string name="add">Hinzufügen</string>
  <string name="message_del_system_group">Dies ist eine System-Kontaktgruppe. Nach der Entfernung kann diese durch das System automatisch wieder erstellt werden was andere Probleme bereiten könnte. Sind Sie sicher?</string>
  <string name="menu_select_mode">Mehrfachauswahl</string>
  <string name="menu_inverse_select">Umkehren</string>
  <!--<string name="noContact">This group has no contact</string> -->
  <string name="pleaseWait">Bitte warten</string>
  <string name="pref_send_title">SMS- &amp; E-Mail-Einstellungen</string>
  <string name="pref_title_sms_mms_send">SMS/MMS</string>
  <string name="pref_title_email_send">E-Mail</string>
  <string name="pref_send_to">Sende an %s</string>
  <string-array name="prefEntries_sms_mms_to">
    <item>Standard oder erste Mobil-Nummer</item>
    <item>Alle Mobil-Nummern</item>
    <item>Alle Nummern</item>
  </string-array>
  <string-array name="prefEntries_email_to">
    <item>Standard E-Mail-Adresse</item>
    <item>Alle E-Mail-Adressen</item>
  </string-array>
  <!--Recipients location -->
  <string name="pref_title_recipients_location">Empfänger Anonymität</string>
  <string name="pref_recipients_location_summary">Alle Adressen werden im Feld %s sein</string>
  <string-array name="pref_entries_recipients_location">
    <item>BCC</item>
    <item>CC</item>
    <item>An</item>
  </string-array>
  <string name="menu_preferences">Einstellungen</string>
  <string name="preferences_title">Einstellungen</string>
  <string name="error_report_email_explain">Wir bitten um Entschuldigung, es ist ein Fehler aufgetreten. Sie können uns dabei helfen die Software zu verbessern, indem Sie uns einen Fehlerbericht übermitteln, der neben der Fehlermeldung auch einige System-Informationen enthält, darüberhinaus aber anonym bleibt.</string>
  <string name="no_contact_selected">Kein Kontakt ausgewählt</string>
  <!--Firewall -->
  <string name="firewell_add_item">Anruf-Filter hinzufügen</string>
  <string name="lable_week">Wochentage</string>
  <string name="select_group_title">Gruppe auswählen</string>
  <!-- %s = call number-->
  <string name="call_blocking_message">%s wurde blockiert</string>
  <string name="stat_notify_incoming_calls_were_intercepted">%d eingehende Anrufe wurden gefiltert</string>
  <string name="pref_firewall_title">Anruf-Filter Einstellungen</string>
  <string name="pref_title_firewall_enable">Anruf-Filter aktivieren</string>
  <string name="firewall_service_started">Anruf-Filter Dienst ist gestartet</string>
  <string name="firewall_state_label">DW Anruffilter</string>
  <!-- The status bar at the top of the screen display a notification message. -->
  <string name="pref_title_firewall_allways_show_stat_notify">Symbol in der Statusleiste anzeigen</string>
  <string name="pref_firewall_allways_show_stat_notify_summary">Benachrichtigungen immer in der Statusleiste anzeigen</string>
  <string name="menu_week_view">Wochenansicht</string>
  <string name="menu_time_view">Zeit Ansicht</string>
  <string name="menu_view">Ansicht</string>
  <string name="from">Von</string>
  <string name="to">An</string>
  <string-array name="days">
    <item>Sonntag</item>
    <item>Montag</item>
    <item>Dienstag</item>
    <item>Mittwoch</item>
    <item>Donnerstag</item>
    <item>Freitag</item>
    <item>Samstag</item>
  </string-array>
  <string-array name="days_short">
    <item>So</item>
    <item>Mo</item>
    <item>Di</item>
    <item>Mi</item>
    <item>Do</item>
    <item>Fr</item>
    <item>Sa</item>
  </string-array>
  <string name="firewall_label">Anruffilter</string>
  <string name="everyday">Jeden Tag</string>
  <string name="never">Nie</string>
  <string name="search_hint">Eingabe startet die Suche...</string>
  <string name="pref_title_display_system_group">Systemgruppen anzeigen</string>
  <!-- Gmail the default, including the group. (Starred, Coworkers, Family, Friends, My Contacts) -->
  <string name="pref_display_system_group_summary">Systemgruppen anzeigen</string>
  <string name="pref_title_merge_same_name_group">Gruppen zusammenführen</string>
  <string name="pref_merge_same_name_group_summary">Ähnlich benannte Gruppen zusammenführen</string>
  <string name="pref_font_size_title">Schriftgröße (1. Zeile)</string>
  <string name="pref_font_size_summary">Größe: %s</string>
  <string name="removePicture">Bild entfernen</string>
  <string name="changePicture">Bild ändern</string>
  <string name="attachToGroup">Gruppenbild</string>
  <string name="use_photo_as_primary">Dieses Bild verwenden</string>
  <string name="photoPickerNotFoundText">Foto Picker nicht gefunden</string>
  <string name="SMS">SMS</string>
  <string name="Email">E-Mail</string>
  <string name="_null">""</string>
  <!-- It shows the contact event to the present time. -->
  <string name="days_after">in %d Tagen</string>
  <string name="months_after">in %d Monaten</string>
  <string name="days_ago">Vor %d Tagen</string>
  <string name="months_ago">Vor %d Monaten</string>
  <string name="today">Heute</string>
  <string name="show_group_icon">Gruppenbild anzeigen</string>
  <string name="show_group_icon_summary">Zeige jedes Gruppensymbol</string>
  <string name="using_system_sms_program">Standard-SMS-Programm verwenden</string>
  <!-- According to user feedback that I might in the new version, use it again. -->
  <string name="using_system_sms_program_summary">Deaktivieren der integrierten Funktion zum Senden von SMS</string>
  <string name="recipients_limit">Maximale Anzahl der Empfänger</string>
  <string name="recipients_limit_summary">Wenn die Anzahl der Empfänger größer ist als dieser Wert wird automatisch in mehreren Blöcken versendet</string>
  <string name="send">Senden</string>
  <string name="confirm_send_message">Senden der Nachrichten an die verbleibenden Empfänger fortsetzen?</string>
  <!-- For example, Tablet PC does not support sending text messages. However, click the SMS icon.
    I will call the SMS program. The system will report an exception. Then display this prompt. -->
  <string name="system_does_not_support">Keine Systemunterstützung!</string>
  <string name="ungrouped_contacts">Kontakte ohne Gruppe</string>
  <string name="multipleContactsDeleteConfirmation">Ausgewählte Kontakte werden gelöscht.</string>
  <!--pref default view -->
  <string name="pref_title_default_view">Standard-Registerkarte</string>
  <string name="pref_default_view_summary">Die Standard-Registerkarte beim Start: %s</string>
  <!--pref show auto groups -->
  <string name="pref_title_display_auto_group">Automatische Gruppen anzeigen</string>
  <string name="pref_display_auto_group_summary">Inklusive \"Alle Kontakte\", \"Kontakte ohne Gruppe\".</string>
  <string name="label_hide">Ausblenden</string>
  <string name="hide_group_summary">Diese Gruppe nicht anzeigen</string>
  <string name="fast_scroll_alphabet">\u0020ABCDEFGHIJKLMNOPQRSTUVWXYZ</string>
  <string name="fast_scroll_numeric_alphabet">\u00200123456789ABCDEFGHIJKLMNOPQRSTUVWXYZ</string>
  <!-- Because the different SMS programs. When I provide a phone number to the SMS program,
    some require the use of a semicolon to separate the numbers, and some require a comma. Therefore, this option provides. -->
  <string name="sms_compatibility_mode_title">SMS/MMS Sende-Modus</string>
  <string name="sms_compatibility_mode_summary">Auswählen, wenn ihr "SMS-Programm" nicht der normale Empfänger von Telefonnummern ist. z.B.:XT800</string>
  <string name="menu_sort_hide">Sortieren &amp; Verstecken</string>
  <string name="menu_sort_alphabetically">Alphabetisch</string>
  <string name="pref_in_call_widget_title">In-Call-Widget</string>
  <string name="pref_help_title">Hilfe</string>
  <string name="pref_online_help_title">Online-Hilfe</string>
  <string name="menu_cancel_send_to_voicemail">Anrufe von angezeigten Kontakten nicht mehr blockieren</string>
  <string name="pref_feedback_title">Feedback per E-Mail</string>
  <string name="pref_about_title">Über</string>
  <string name="version">Version</string>
  <string name="pref_name_display_order_summary">Ändern der Sortierreihenfolge für Namensanzeige. Dies kann Auswirkungen auf die Geschwindigkeit der Anzeige haben.</string>
  <string name="pref_contacts_account_title">Konto-Daten</string>
  <string name="pref_contacts_account_summary">Anzeige der Kontakte von: %s</string>
  <string name="all_account">Alle Konten</string>
  <string name="pref_show_account_name_title">Kontoname anzeigen</string>
  <string name="pref_show_account_name_summary">Kontonamen unterhalb der Gruppennamen anzeigen.</string>
  <string name="select_account">Konto auswählen</string>
  <string name="pref_register_code_title">Registrierungscode eingeben</string>
  <string name="pref_register_code_summary">Sie müssen den Registrierungscode aus Ihrer Zahlungsbestätigungs-E-Mail eingeben. (Es ist keine Internetverbindung erforderlich.)</string>
  <!-- A setting item, click it to open, buy the software license key dialog box. -->
  <string name="pref_get_register_code_title">Registrierte Version kaufen</string>
  <string name="pref_get_register_code_summary">Bitte registrieren Sie unsere Anwendung um die volle Funktionalität zu nutzen. Wir brauchen Ihre Spendenünterstützung für die nachhaltige  Software-Entwicklung.</string>
  <string name="buying_tips">Zwei Auswahlmöglichkeiten stehen zur Verfügung (beide haben die gleiche Auswirkung): Registrierung auf die Seriennummer des Gerätes (PayPal oder Kreditkarte) oder auf den Google-Account (Google Play - Installation der Pro-Version)</string>
  <string-array name="purchase_channels">
    <item>Google Play</item>
    <item>PayPal oder Kreditkarte</item>
    <item>Freunden empfehlen</item>
  </string-array>
  <string-array name="purchase_channels_summary">
    <item>Registriere diese Software auf dein Google Konto (kaufe und installiere die Pro Version über Google Play). Nach der Installation der Pro Version entferne bitte die kostenlose Version.</item>
    <item>Registriere diese Software auf die Geräte-Seriennummer: %s.
Nach dem Zahlungsvorgang erhältst du eine Bestätigungs-E-Mail mit dem Registrierungscode. Prüfe anschließend die Registrierung mit einen Klick auf [Onlineprüfung der Registrierung].</item>
    <item>Holen Sie sich damit einen kostenlosen Registrierungscode</item>
  </string-array>
  <string name="menu_delete_all">Alle löschen</string>
  <!-- Menu title the user can use for trying to resend a message. -->
  <string name="menu_retry_sending">Erneut senden</string>
  <string name="message">Nachricht</string>
  <string name="failed">Fehlgeschlagen</string>
  <string name="queued">Warteschlange</string>
  <string name="outbox">Ausgang</string>
  <string name="sent">Gesendet</string>
  <string name="auto_replace_to_name">Automatische Ersetzung von "???" wird mit dem vollen Kontaktnamen ersetzt; "??F" mit dem Familiennamen; "??G" mit dem Vornamen; "??N" mit dem Nickname.</string>
  <string name="example_message">Hallo ???,</string>
  <string name="sms_preview">Vorschau:</string>
  <string name="message_send_state_successfully">Erfolgreich gesendet.</string>
  <string name="message_send_state_failed">Senden fehlgeschlagen.</string>
  <string name="message_send_unknown_error">Unbekannter Fehler. %d Nachricht wurde nicht gesendet.</string>
  <string name="message_send_no_signal">Kein Signal oder Flugmodus aktiviert. %d Nachricht wurde nicht gesendet.</string>
  <string name="message_send_successfully">Alle Nachrichten wurden erfolgreich gesendet.</string>
  <string name="need_the_paid_version">Nur in der kostenpflichtigen Version verfügbar</string>
  <!-- As a "contact group"on the phone the main screen to create a shortcut. -->
  <string name="create_shortcut">Verknüpfung auf Home erstellen</string>
  <string name="menu_move_to_group">In Gruppe verschieben</string>
  <string name="pref_tabs_title">Aktivieren &amp; Sortieren</string>
  <string name="pref_tabs_summary">Sie können jene Registerkarten aktivieren und sortieren, welche Sie verwenden möchten</string>
  <!--pref theme -->
  <string name="pref_theme_title">Design-Basis</string>
  <!-- Change the software interface look. -->
  <string name="pref_theme_summary">Festlegen der Grundeinstellung des Designs</string>
  <string name="search">Suche</string>
  <string name="pref_services_title">Hintergrund-Dienst-Einstellungen</string>
  <!-- Settings screen, section heading for SMS-specific settings -->
  <string name="pref_sms_settings_title">"SMS/MMS-Einstellungen"</string>
  <!-- Settings screen, section heading for EMAIL-specific settings -->
  <string name="pref_email_settings_title">"E-Mail-Einstellungen"</string>
  <!-- Settings item for boolean option to enable/disable SMS delivery reports -->
  <string name="pref_title_sms_delivery_reports">SMS-Zustellbericht</string>
  <!-- Settings item description for boolean SMS delivery report setting -->
  <string name="pref_summary_sms_delivery_reports">Zustellbericht für jede Nachricht anfordern.</string>
  <string name="pref_contact_sort_order_title">Sortierung der Kontaktliste nach</string>
  <string name="pref_contact_sort_order_summary">Sortierreihenfolge der Kontaktliste einstellen. Dies kann sich auf die Anzeige-Geschwindigkeit auswirken.</string>
  <!-- CHANGED ORDER -->
  <string name="contact_sort_order_FamilynameAlternate">Nachname - Alternativ</string>
  <string name="contact_sort_order_RecentContacted">Kürzlich kontaktiert</string>
  <string name="contact_sort_order_LongTimeNotContacted">Lange Zeit nicht kontaktiert</string>
  <string name="contact_sort_order_CreationTime">Erstellungszeit</string>
  <string name="contact_sort_order_DefaultAlternate">Standard - Alternativ</string>
  <!-- An automatic group, it shows all the contacts included telephone numbers. -->
  <string name="has_phone_number_contacts">Kontakt hat Telefonnummer</string>
  <string name="exit_prompt">Dücken sie erneut \"Zurück\" zum Beenden.</string>
  <string name="pref_exit_prompt_title">Hinweis vor dem Beenden</string>
  <string name="pref_exit_prompt_summary">Zeigt eine zusätzliche Warnung vor dem Beenden</string>
  <string name="pref_language_title">Sprache</string>
  <string name="load_license_success">Laden der Lizenz vom Netzwerk war erfolgreich.</string>
  <string name="load_license_failed">Laden der Lizenz vom Netzwerk fehlgeschlagen!</string>
  <string name="license_check_success">Lizenzprüfung war erfolgreich.</string>
  <string name="license_check_failed">Lizenzprüfung fehlgeschlagen!</string>
  <string name="load_license_unregistered">Sie haben sich noch nicht registriert.</string>
  <string name="sending">Sende gerade ...</string>
  <string name="error">Fehler</string>
  <string name="clear_data_or_uninstall_app">Daten löschen oder deinstallieren der Applikation</string>
  <string name="database_update_error_message">"Sorry! Fehler beim Aktualisieren der Datenbank-Struktur. Dieser Fehler tritt wegen eines Berechtigungsfehlers beim Zugriff auf die Datenbank auf. Dieses Problem könnte aufgrund einer Datensicherungssoftware passiert sein.
Es gibt drei Möglichkeiten, um das Problem zu beheben. Bitte versuchen Sie eins nach dem anderen, bis das Problem behoben ist.
1. Neustart des Gerätes;
2. Löschen der Progammdaten im Anwendungsmanager;
3. Deinstallieren und Neuinstallieren der Software."</string>
  <!-- It shows the contact event to the present time. -->
  <string name="one_day_after">Morgen</string>
  <string name="one_month_after">In 1 Monat</string>
  <string name="one_day_ago">Gestern</string>
  <string name="one_month_ago">War vor 1 Monat</string>
  <string name="menu_edit_event">Ereignis von Kontakt bearbeiten</string>
  <string name="menu_add_to_calendar">Ereignis zu Kalender hinzufügen</string>
  <string name="menu_delete_event">Lösche Ereignis von Kontakt</string>
  <string name="menu_duplicate_contact">Kontakt duplizieren</string>
  <string name="mes_sendSmsSystemLimit">Wegen Systembegrenzung können nur %2$s SMS pro %1$s Stunde(n) gesendet werden. Automatisch wiederholen nach %1$s Stunde(n).</string>
  <string name="sendInBatches">Stapelverarbeitung</string>
  <string name="sendInSingle">Einzeln</string>
  <string name="sendInBatchesMessage">Anzahl der Empfänger ist größer als die \"Maximale Anzahl der Empfänger\" in den Einstellungen. Geben Sie die Nachricht in das Textfeld ein und starten Sie die \"Stapelverarbeitung\" oder wählen Sie \"Einzeln\" für das Übermitteln als Einzelsendung.</string>
  <string name="pref_title_eventNotification">Ereignis-Benachrichtigung-Einstellungen</string>
  <string name="pref_title_notificationTime">Benachrichtigungszeit</string>
  <string name="pref_title_notificationRingtone">Klingelton für Benachrichtigung </string>
  <string name="pref_summary_notificationTime">Anpassen des Zeitpunkt wenn Benachrichtigung geschehen soll</string>
  <string name="pref_title_notificationBeforeHappen">Benachrichtigung bevor Ereignis stattfindet</string>
  <string name="pref_summary_notificationBeforeHappen">Benachrichtigung %s Tage(n) bevor Ereignis stattfindet</string>
  <string name="pref_title_notification">Benachrichtigung</string>
  <string name="pref_title_reminder">Erinnerung</string>
  <string name="pref_summary_reminder">%s vorher</string>
  <string name="pref_title_ringtone">Klingelton</string>
  <string name="pref_title_alarm">Alarm</string>
  <string name="pref_title_mergeSubgroup">Untergruppe zusammenführen</string>
  <string name="pref_summary_mergeSubgroup">Untergruppen von Kontakten in der übergeordneten Gruppe angezeigen.</string>
  <string-array name="pref_entries_notificationTime">
    <item>1 Minute</item>
    <item>5 Minuten</item>
    <item>5 Minuten</item>
    <item>15 Minuten</item>
    <item>20 Minuten</item>
    <item>25 Minuten</item>
    <item>30 Minuten</item>
    <item>45 Minuten</item>
    <item>1 Stunde</item>
    <item>2 Stunden</item>
    <item>3 Stunden</item>
    <item>12 Stunden</item>
    <item>24 Stunden</item>
    <item>2 Tage</item>
    <item>1 Woche</item>
  </string-array>
  <!-- Not in phone book contacts. -->
  <string name="unknown_contacts">Unbekannte Kontakte</string>
  <string name="not_in_phone_book_contacts">Nicht im Telefonbuch Kontakte.</string>
  <string name="eventNotification">Benachrichtigung für Ereignis</string>
  <string name="eventNotificationMessage">"%s Geburtstag/Ereignis erfolgt in Kürze."</string>
  <!-- When using the "Firstname first" show name, "Firstname" and "Lastname" split between the symbols. Most language is a space. -->
  <string name="givenNameFirstSeparator">" "</string>
  <!-- When using the "Lastname first" show name, "Firstname" and "Lastname" split between the symbols. -->
  <string name="familyNameFirstSeparator">", "</string>
  <string name="vCard">vCard</string>
  <string name="text">Text</string>
  <string name="pref_title_likeTheSoftware">Unterstützen Sie unsere Software</string>
  <string name="pref_title_rating">Bewertung</string>
  <string name="pref_summary_rating">Geben Sie eine gute Market-Bewertung.</string>
  <string name="pref_title_share">Weiterleiten</string>
  <string name="pref_summary_share">Empfehlen Sie diese Software an Ihre Freunde.</string>
  <string name="contact_group">Gruppen</string>
  <!-- Set the time to send text messages in the future. -->
  <string name="regularlySent">Regelmäßig gesendet</string>
  <string name="time">Zeit</string>
  <string name="pref_title_EmailProgram">E-Mail-Programm</string>
  <string name="pref_summary_on_EmailProgram">Verwende das Standard-E-Mail-Programm.</string>
  <string name="pref_summary_off_EmailProgram">Aufforderung beim Senden von Nachrichten.</string>
  <string name="toolbox">Werkzeuge</string>
  <string name="pref_title_SMSSendInterval">Sende-Intervall</string>
  <string name="pref_summary_SMSSendInterval">Sende eine SMS innerhalb jedes Zeitintervalls (in Sekunden).</string>
  <string name="app_dialer_name">DW Telefon</string>
  <string name="menu_sort">Sortierreihenfolge</string>
  <string name="license_check_failed_message">Fehler beim Lizenzcheck! Bitten stellen sie den Zugriff auf Google Play sicher.</string>
  <string name="menu_unselectAll">Alle abwählen</string>
  <string name="pref_title_themeCustomize">Design-Einstellungen</string>
  <string name="pref_title_backgroundColor">Hintergrundfarbe</string>
  <string name="pref_title_backgroundColorForTitles">Titel Hintergrundfarbe</string>
  <string name="pref_title_textColorForTitles">Titel Textfarbe</string>
  <string name="pref_title_textColorMarked">Text markierte Farbe</string>
  <string name="pref_title_hideTheTitle">Titelleiste ausblenden</string>
  <string name="pref_title_hideTheStatusbar">Statusleiste ausblenden</string>
  <string name="pref_title_hideTabLabel">Registerkartenbezeichnung ausblenden</string>
  <string name="pref_title_autoHideTab">Registerkarten-Leiste ausblenden</string>
  <string name="pref_summary_autoHideTab">Bei Automatisch, wird die Registerkarte-Leiste nach dem Umschalten versteckt</string>
  <string name="reset">Reset</string>
  <string name="pref_title_automaticRotation">Automatische Drehung</string>
  <string name="pref_summary_automaticRotation">Automatische Drehung des Bildschirms kann ein-oder ausgeschaltet werden</string>
  <string name="menu_editNotes">Notizen bearbeiten</string>
  <string name="addSelectedContactsToFavorites">Kontakte zu Favoriten hinzufügen</string>
  <string name="removeSelectedContactsFormFavorites">Kontakte aus Favoriten entfernen</string>
  <string name="deleteSelectedContacts">Kontakte löschen</string>
  <string name="duplicateSelectedContacts">Kontakte duplizieren</string>
  <string name="setGroupForSelectedContacts">Gruppe für Kontakte einstellen</string>
  <string name="forSelectedContacts">Für ausgewählte Kontakte</string>
  <string name="searchAnything">Suche nach irgendwas</string>
  <string name="quickDialManager">Kurzwahl-Manager</string>
  <string name="menu_shareNumber">Nummer weitergeben</string>
  <string name="menu_setGroupForContact">Gruppe für Kontakt einstellen</string>
  <string name="pref_title_tabSettings">Registerkarten-Einstellungen</string>
  <string name="sendSMStoShownContacts">Sende SMS/MMS an angezeigte Kontakte</string>
  <string name="sendEmailtoShownContacts">Sende E-Mail an angezeigte Kontakte</string>
  <string name="setRingtoneForShownContacts">Klingelton für angezeigte Kontakte einstellen</string>
  <string name="pref_title_enableEventNotification">Ereignis-Benachrichtigung aktivieren</string>
  <string name="forSelectedGroups">Für ausgewählte Gruppen</string>
  <string name="menu_send_group_message">Sende SMS/MMS an Gruppe</string>
  <string name="menu_delete_group">Gruppe löschen</string>
  <string name="menu_deleteGroups">Gruppen löschen</string>
  <!-- 	<string name="forSelectedOrgs">For selected companies</string> -->
  <!-- 	<string name="menu_editOrg">Edit company</string> -->
  <!-- 	<string name="forSelectedTitles">For selected titles</string> -->
  <!-- 	<string name="menu_editTitle">Edit title</string> -->
  <string name="menu_editContactFromEvent">Kontakt von Ereignis bearbeiten</string>
  <string name="menu_focus2Today">Fokus auf Heute</string>
  <string name="generalDeleteConfirmation">Sind Sie sicher, dass Sie löschen möchten?</string>
  <string name="addContactTo">Kontakt hinzufügen zu %s</string>
  <string name="removeContactFrom">Kontakt von %s entfernen</string>
  <string name="pref_title_showTabAtTop">Zeige Registerkarten oben</string>
  <!-- Within the group "contact list" label -->
  <string name="labelWithinGroupContactsList">Kontakte</string>
  <string name="multipleChoicePrompt">Mehrfachauswahl ist in der kostenlosen Version auf %d Elemente pro Aktion begrenzt. Wenn Sie eine Nachricht an die Gruppe senden möchten, verwenden Sie das Menü (drücken und festhalten) in der Gruppenliste.</string>
  <string name="pref_title_dialerPadTone">Ton bei Berührung der Wähltastatur</string>
  <string name="recentChanges">Letzte Änderungen</string>
  <string name="more">Mehr</string>
  <string name="selectAll">Alles auswählen</string>
  <string name="pref_title_alwaysToDefTab">Starte immer mit Standard-Registerkarte</string>
  <string name="pref_summary_alwaysToDefTab">Telefon-Taste startet App mit Standard-Registerkarte</string>
  <string name="pref_title_showMostContactedBelowFavorites">Zeige häufig Kontaktierte unterhalb der Favoriten</string>
  <string name="pref_title_showEventsFromToday">Zeige Ereignisse ab heute</string>
  <string name="pref_title_YPositionOfInfoWindow">Y-Position des Info-Fensters</string>
  <string name="pref_summary_YPositionOfInfoWindow">Vertikale Position des PopUp-Fensters. Position kann auch bei Anrufeingang geändert werden.</string>
  <string name="pref_title_backupRestore">Sicherung &amp; Wiederherstellung</string>
  <string name="pref_title_backupAllSettings">Sicherung aller Einstellungen</string>
  <string name="pref_title_restoreAllSettings">Wiederherstellen aller Einstellungen</string>
  <string name="pref_title_restoreDefaultSettings">Wiederherstellen der Standardeinstellungen</string>
  <string name="pref_title_showMyContactsInUngrouped">Ignorieren der System-Gruppe \"Meine Kontakte\"</string>
  <string name="pref_title_startDialerWithoutDialerPad">Starte Telefon ohne Wähltastatur</string>
  <string name="pref_summary_showMyContactsInUngrouped">Zeige Kontakte (die nur in System-Gruppe \"Meine Kontakte\" sind") unter \"Ungruppierte Kontakte\".</string>
  <string name="toast_allSettingsToDefault">Alle Einstellungen wurden auf den Standardwert zurück gestellt.</string>
  <string name="toast_settingsBackedSuccessfully">Einstellungen wurden auf %s gesichert</string>
  <string name="toast_settingsBackedFailed">Sicherung fehlgeschlagen. Stellen Sie sicher, dass Sie einen gültigen Sicherungspfad eingestellt haben.</string>
  <string name="toast_settingsRestorSuccessfully">Die Einstellungen wurden erfolgreich von %s wiederhergestellt.</string>
  <string name="toast_settingsRestorFailed">Wiederherstellung fehlgeschlagen. Stellen Sie sicher, dass Sie den richtigen Pfad eingestellt haben, wo die Einstellungen gespeichert sind.</string>
  <string name="menu_newOrg">Neue Organisation</string>
  <string name="menu_newTitle">Neuer Titel</string>
  <string name="enterAName">Geben Sie einen Namen ein</string>
  <string name="pref_title_t9Search">T9-Suche-Einstellungen</string>
  <string name="pref_summary_t9Search">Dies sind erweiterte Optionen, welche für die Registerkarte "Telefon" Auswirkungen haben, und die Art und Weise der T9-Suche definiert</string>
  <string name="pref_title_matchingAnywhere">Übereinstimmung der Wörter irgendwo</string>
  <string name="pref_summary_matchingAnywhere">\"WTT\" stimmt überein mit \"dW konTakTe\"</string>
  <string name="pref_title_matchingPart">Übereinstimmung mit genauen Teil der Wort-Phrase</string>
  <string name="pref_summary_matchingPart">\"NTA\" stimmt überein mit \"dw koNTAkte\"</string>
  <string name="pref_title_matchingFirstLetter">Übereinstimmung bei ersten Buchstaben</string>
  <string name="pref_summary_matchingFirstLetter">\"DKO\" stimmt überein mit \"Dw KOntakte\"</string>
  <string name="pref_title_sortByDegreeOfMatch">Sortiert nach den Grad der Übereinstimmung</string>
  <string name="menu_copyToClipboard">Kopiere in Zwischenablage</string>
  <string name="menu_createEvent">Termin erstellen</string>
  <string name="useLimitFeaturePrompt">In der FREE-Version können Sie diese Funktion nur %d Mal nutzen.</string>
  <string name="pref_title_appointmentSettings">Termin-Einstellungen</string>
  <string name="pref_title_defaultAppointmentText">Standard Termin-Text</string>
  <string name="pref_summary_defaultAppointmentText">Hinzufügen von einen Text, der vor dem Namen + Nummer eingefügt wird</string>
  <string name="pref_default_defaultAppointmentText">"Anruf mit "</string>
  <string name="titlesList">Titel</string>
  <string name="eventsList">Ereignisse</string>
  <string name="pref_title_showInContactList">Ansichtselemente</string>
  <string-array name="pref_entries_showInContactList">
    <item>Nummern</item>
    <item>Unternehmen</item>
    <item>Titel</item>
    <item>Gruppen</item>
    <item>Konto Symbol</item>
    <item>Kontaktbilder</item>
    <item>E-Mail-Taste</item>
    <item>SMS Taste</item>
    <item>Wähl Taste</item>
    <item>Notizen</item>
  </string-array>
  <string name="pref_title_showNotesLines">Notizen-Limit auf x Zeilen</string>
  <string name="tips_clickToSeeAllText">Beim Anklicken eines Listenelementes wird der ganze Text angezeigt</string>
  <string name="pref_title_colorForGroups">Hintergrundfarbe für Gruppen</string>
  <string name="pref_title_colorForOrganization">Hintergrundfarbe für Organisationen</string>
  <string name="pref_title_colorForTitle">Hintergrundfarbe für Titel</string>
  <string name="pref_title_fontSize2">Schriftgröße (2. Zeile)</string>
  <string name="pref_title_fontSize3">Schriftgröße (3. Zeile)</string>
  <string name="pref_title_useNumberSearch">Nummern in der Suche verwenden</string>
  <string name="pref_summary_useNumberSearch">Wenn aktiviert, sucht auch nach Nummern</string>
  <string name="noEmailAddress">Keine E-Mail-Adresse</string>
  <string name="pref_title_showCallLogOnPhone">Anrufliste anzeigen</string>
  <string name="listTotalCallHistory">%1$d Anrufe werden angezeigt / %2$s Dauer</string>
  <string name="pref_title_showContactsOnPhoneStart">Zeige Kontakte beim Start </string>
  <string name="pref_summary_showContactsOnPhoneStart">Wenn aktiviert, werden alle Kontakte in der Liste angezeigt</string>
  <string name="listTotalCallLog">%d verschiedene Anrufnummern werden angezeigt</string>
  <string name="upcoming">Bevorstehend</string>
  <string name="pref_title_phoneSettings">Telefon-Einstellungen</string>
  <string name="pref_title_mergeCallLog">Anrufliste zusammenführen</string>
  <string name="pref_title_showCounterOnMergedCallLog">Zeige Zähler bei zusammengeführter Anrufliste</string>
  <string name="pref_summary_showCounterOnMergedCallLog">Wenn aktiviert, wird auf der rechten Seite vom Kontaktnamen ein Zähler angezeigt, welcher die zusammengeführte Anzahl der Anrufe darstellt</string>
  <string name="pref_title_groupCallLogByDate">Zeige Anrufliste gruppiert nach Datum</string>
  <string name="pref_summary_groupCallLogByDate">Wenn aktiviert, wird die Anrufliste nach Datum gruppiert.</string>
  <string name="pref_title_limitCallLogOnXDays">Einschränken der Anrufliste auf %s Tage</string>
  <string name="pref_summary_limitCallLogOnXDays">Einschränken der Anrufliste auf %s Tage (0 = Alle anzeigen)</string>
  <string name="pref_message_0toShowAllDays">0 für alle Tage</string>
  <string name="pref_message_0toShowAllItems">0 für alle Meldungen</string>
  <string name="pref_title_useOrgSearch">Verwende Organisation in der Suche</string>
  <string name="pref_title_matchingSkipWord">Überspringen von Wörtern erlauben</string>
  <string name="pref_summary_matchingSkipWord">\"DTE\" stimmt überein mit \"Dw kontakte &amp; TElefon\"</string>
  <string name="pref_title_matchingSkipSpace">Leer-/Sonderzeichen im Suchergebnis ignorieren</string>
  <string name="pref_summary_matchingSkipSpace">\"TETE\" stimmt überein mit \"DW KontakTE &amp; TElefon\"</string>
  <string name="pref_title_globalSettings">Globale Einstellungen</string>
  <string name="pref_title_registrationStates">Status: %s</string>
  <string name="pref_summary_registrationStates">Diese Version ist %1$s für Geräte-Seriennummer: %2$s</string>
  <string name="registered">Registriert</string>
  <string name="unregistered">Nicht registriert</string>
  <string name="pref_title_onlineRegistrationCheck">Online-Registrierüberprüfung</string>
  <string name="pref_summary_onlineRegistrationCheck">Es wird überprüft, wenn  Ihr Gerät nicht registriert ist (Internetverbindung erforderlich).</string>
  <string name="pref_title_registration">Registrierung</string>
  <string name="pref_summary_registration">Entsperren der erweiterten Funktionen und entfernen der Werbung</string>
  <string name="pref_summary_showContactsWithPhoneNumber">Wenn abgewählt, wird standardmäßig [Kontakt Anzeigefilter] benutzt. Diesen können Sie unter [Globale Einstellungen] konfigurieren</string>
  <string name="pref_title_historyViewSettings">Verlauf-Ansicht-Einstellung</string>
  <string-array name="pref_entries_dialerPadTone">
    <item>DTMF-Ton</item>
    <item>Tastenton</item>
    <item>Aus</item>
  </string-array>
  <string name="pref_title_limitNumberTitleToXChar">Länge des Telefonnummer-Titels</string>
  <string name="pref_summary_limitNumberTitleToXChar">Bei 0 wird der gesamte Titel der Telefonnummer angezeigt</string>
  <string name="pref_title_supportForum">Support-Forum</string>
  <string name="pref_title_textColor">Text Farbe</string>
  <string name="historyList">Verlauf</string>
  <string name="startProVerPrompt">Pro Version erkannt. Soll Diese gestartet werden?</string>
  <string name="pref_title_selectedBackgroundColor">Hintergrundfarbe der gedrückten Taste</string>
  <string name="pref_title_dialpadThemeSettings">Telefon-Wähltastatur-Einstellungen</string>
  <string name="pref_title_globalThemeSettings">Globale Design-Einstellungen</string>
  <string name="pref_title_showAlwaysAddIcon">*Hinzufügen* Symbol immer anzeigen</string>
  <string name="pref_summary_showAlwaysAddIcon">Wenn aktiviert, wird in der erste Zeile der Liste das \"+\"-Symbol gezeigt, um einen Kontakt hinzufügen zu können</string>
  <string name="pref_title_eventGreetingText">Ereignis-Grußtext</string>
  <string name="pref_default_eventGreetingText">Hallo ???, Ich wünsche Ihnen alles Gute zum ??A\. ??E</string>
  <string name="pref_title_eventGreetingSubject">Ereignis-Gruß Betreff</string>
  <string name="pref_summary_eventGreetingSubject">Wird nur verwendet, wenn via E-Mail gesendet wird</string>
  <string name="pref_message_eventGreetingText">Sie können auch Variablen verwenden "???" ist der vollständige Name; "??F" ist der Familienname; "??G" ist der Vorname; "??N" ist der Spitzname; "??A" für das Alter; "??E" für den Ereignis-Typ</string>
  <string name="pref_default_eventGreetingSubject">Liebe Grüße zu deinen ??A\. ??E</string>
  <string name="menu_sendGreetingSMSToContact">Sende SMS/MMS an Ereignis-Kontakt</string>
  <string name="menu_sendGreetingEmailToContact">Sende E-Mail an Ereignis-Kontakt</string>
  <string name="pref_title_storeSendSMSToSystemDB">Gesendete SMS/MMS in Datenbank speichern</string>
  <string name="pref_summary_storeSendSMSToSystemDB">Wenn aktiviert, werden verschickte SMS/MMS in der System-Datenbank gespeichert.</string>
  <!-- 	<string name="pref_title_backgroundImage">Background image</string> -->
  <!-- 	<string name="pref_summary_backgroundImageEn">If you use background image, the background color can be used simultaneously as color filter</string> -->
  <string name="pref_title_textColorSecond">Text Farbe 2. + 3. Zeile</string>
  <string name="pref_title_textColorLabel">Textfarbe für beschriftete 3. Zeile</string>
  <string name="pref_summary_textColorLabel">Dies ist für die Textfarbe der etikettierten Gruppen, Organisationen und Titel</string>
  <string name="pref_title_backgroundListSectionColor">Hintergrundfarbe für Listen-Abschnitt</string>
  <string name="pref_title_textListSectionColor">Textfarbe für Listen-Abschnitt</string>
  <string name="pref_title_showAlphabetListSection">Zeige alphabetischen Listen-Abschnitt</string>
  <string name="pref_title_fontSizeforDigits">Schriftgröße für Ziffern</string>
  <string name="pref_title_fontSizeforLetters">Schriftgröße für Buchstaben</string>
  <string name="pref_title_dialpadIconsArrangement">Wähltasten Symbol-Anordnung</string>
  <string-array name="pref_entries_dialpadIconsArrangement">
    <item>Wählen/Eingabe/Löschen</item>
    <item>Löschen/Eingabe/Wählen</item>
    <item>Eingabe/Löschen/Wählen</item>
  </string-array>
  <!-- 	quick jump to alphabetic listcreate new contact -->
  <string name="menu_quickJump">Schnell-Sprung</string>
  <string-array name="pref_entries_hideTab">
    <item>Ein</item>
    <item>Aus</item>
    <item>Auto</item>
  </string-array>
  <string name="pref_title_backgroundColorQuickJump">Hintergrundfarbe Schnell-Sprung-Leiste</string>
  <string name="pref_title_textColorQuickJump">Textfarbe Schnell-Sprung</string>
  <string name="pref_title_disableSlideSwitchingTabs">Deaktiviere gleiten für Registerkartenwechseln</string>
  <string name="pref_title_showNumberKeyboardOnDialpad">Zeige Nummern auf Wähltastatur</string>
  <string name="pref_summary_showNumberKeyboardOnDialpad">Wenn deaktiviert, wird nur das Eingabefeld und Symbol für Wählen und Löschen angezeigt (nützlich, wenn Sie immer über Ihre Hardwaretasten wählen möchten)</string>
  <string name="pref_title_dialpadToFullWidth">Wähltastatur auf voller Bildschirmbreite</string>
  <string name="pref_summary_dialpadToFullWidth">Wenn aktiviert, zeigt es im Querformat-Modus die Wähltastatur auf der vollen Bildschirmbreite (sonst ist es auf der rechten Seite)</string>
  <string name="pref_title_smsSignature">SMS/MMS Unterschrift</string>
  <string name="pref_summary_smsSignature">Unterschrift, wird immer am Ende der SMS/MMS hinzugefügt</string>
  <string name="currentOrderNotSupportFastJump">Die aktuelle Sortierung unterstützt keine Schnell-Sprung-Funktion.</string>
  <!-- 2.0.7 -->
  <string name="pref_title_languageForT9">Sprache für T9-Suche</string>
  <string name="pref_summary_languageForT9">Sie können zusätzliche Sprachen hinzufügen, welche bei der T9-Suche verwendet werden sollen</string>
  <string name="pref_title_quickJumpAlignment">Ausrichtung Schnell-Sprung-Leiste</string>
  <string-array name="pref_entries_quickJumpAlignment">
    <item>Oben</item>
    <item>Mitte</item>
    <item>Unten</item>
  </string-array>
  <string name="menu_gridView">Gitter-Ansicht</string>
  <string name="menu_listView">Listen-Ansicht</string>
  <string name="pref_title_gridViewSettings">Gitter-Ansicht-Einstellungen</string>
  <string name="pref_title_gridViewSize">Gittergröße</string>
  <string name="pref_title_lockGridSize">Gittergröße sperren</string>
  <string name="pref_summary_lockGridSize">Wenn es gesperrt ist, kann die Schnell-Sprung-Funktion wieder über 2-Finger-Streichen verwendet werden</string>
  <string name="pref_title_phoneDialpadHeight">Telefon-Wähltasten Höhe</string>
  <string name="pref_title_moreSettings">Detailierte Ansicht-Einstellungen</string>
  <string name="pref_summary_moreSettings">Weitere detaillierte Einstellungen für jede Registerkarten-Ansicht</string>
  <string name="pref_title_displayNameBelowThePicture">Namen unterhalb vom Bild anzeigen</string>
  <string name="menu_exportContactPicture">Kontaktbild exportieren</string>
  <string name="toast_saveFailed">Speichern fehlgeschlagen!</string>
  <string name="toast_saveSuccessfully">Erfolgreich gespeichert zu: %s</string>
  <string name="callConfirm">Wähl-Bestätigung</string>
  <string name="pref_summary_callConfirm">Wenn aktiviert, zeigt es Ihnen vor dem Wählen ein Fenster mit der Aufforderung zur Bestätigung an</string>
  <string name="pref_title_automaticConfirmationDelay">Automatische Wähl-Bestätigung</string>
  <!-- It is an option to set a time for the control [Dialing confirmation] dialog.
     At the end of the counter automatically close [Dialing confirmation] dialog. -->
  <string name="pref_title_automaticCancelDelay">Abbruchverzögerung</string>
  <string name="pref_summary_automaticConfirmationDelay">Sie können das Display an jeder Stelle berühren, um den Timer abzubrechen.</string>
  <string name="pref_title_picturePositionOnRight">Bildposition auf rechter Seite</string>
  <string name="updateCheck">Update-Prüfung</string>
  <string name="noUpdates">Es stehen keine Updates zur Verfügung</string>
  <string name="download">Download</string>
  <string name="pref_title_globalIconSize">Globale Symbolgröße</string>
  <string name="pref_summary_globalIconSize">Diese Größe definiert die Breite aller Symbole bei: Anwahl bei Wahltastatur, Zurück-Taste bei Wahltastatur, Anwahl, SMS, E-Mail, Bild</string>
  <string name="pref_title_backKeyHideDailpad">Zurück-Taste versteckt Wahltastatur</string>
  <string name="pref_summary_backKeyHideDailpad">Wenn deaktiviert, erster Klick auf Hardware-Taste "Zurück" schließt die Anwendung. Andernfalls wird die Wahltastatur ausgeblendet, bevor die Anwendung geschlossen wird</string>
  <string name="pref_title_hapticFeedbackVibration">Haptisches Feedback (Vibration)</string>
  <string name="pref_title_hapticFeedbackStrength">Haptisches Feedback (Vibrationsstärke)</string>
  <string name="pref_title_limitCallLogOnXitems">Anrufliste begrenzen auf %s Einträge</string>
  <string name="pref_summary_limitCallLogOnXitems">Anrufliste auf %s Einträge begrenzen. (0 = alle)</string>
  <string name="pref_title_dividerLineColor">Teilung-Linienfarbe</string>
  <string name="menu_quickDial">Kurzwahl</string>
  <string name="buying_tips_in_free">Sie können "Google-Play" benutzen um die Pro-Version zu kaufen. Wenn Sie in einem Gebiet wohnen, in dem "Google-Play" nicht zum Kauf von Anwendungen zur Verfügung steht, können die REG-Version herunterladen und sich anschließend registrieren. Beide Versionen haben die gleichen Funktionsumfang.</string>
  <string name="buying_channel_registration">Download der REG-Version</string>
  <string name="buying_channel_registration_summary">Nachdem Sie den Link geklickt haben, wird die Anwendung runtergeladen, danach anklicken um mit der Installation zu beginnen. Nach der Installtion starten sie die Applikation und folgen sie den Registrierunganweisungen.</string>
  <string name="pref_title_buyAdvancedVersion">Kaufen der erweiterten Version</string>
  <string name="freeVersionFound">FREE Version auf Ihrem System gefunden.</string>
  <string name="uninstallFreeVersionPrompt">Wir empfehlen die kostenlose Version zu deinstallieren und stattdessen die Zahlungspflichtige zu verwenden. Vor dem Deinstallieren sollten Sie in der kostenlosen Version Ihre Daten sichern und anschließend in der zahlungspflichtigen wiederherstellen.
Soll die kostenlose Version jetzt deinstalliert werden?</string>
  <string name="pref_title_copySerialNum">Geräteseriennummer in Zwischenablage kopieren</string>
  <string name="askToCheckRegistrationCode">Registrierungs-Schlüssel nicht gültig oder nicht registriert. Möchten sie die Registrierung jetzt überprüfen?</string>
  <string name="deleteContactConfirmation">Kontakt \"%s\" wird gelöscht.</string>
  <string name="enable">Aktivieren</string>
  <string name="allIncomingCalls">Alle eingehenden Anrufe</string>
  <string name="anonymousIncomingCalls">Anonyme eingehende Anrufe</string>
  <string name="anonymousIncomingCallsSummary">Wenn Aufrufe keine Telefonnummer mitsenden</string>
  <string name="automaticGroups">Automatische Gruppen</string>
  <string name="pref_title_dialPrefix">Anwahl-Präfix</string>
  <string name="pref_summary_dialPrefix">Wenn Präfix angegeben ist, wird eine zusätzliche Optionen im Klick-und-Halten Menü angezeigt, wo man mit Präfix anrufen kann.</string>
  <string name="pref_title_dialSuffix">Anwahl-Suffix</string>
  <string name="pref_summary_dialSuffix">Wenn Suffix angegeben ist, wird eine zusätzliche Optionen im Klick-und-Halten Menü angezeigt, wo man mit Suffix anrufen kann.</string>
  <string name="pref_title_quickDialLimit">Obergrenze Kurzwahl-Einträge</string>
  <string name="pref_title_languageForT9Keyboard">Sprache für T9-Tastatur</string>
  <string name="pref_summary_languageForT9Keyboard">Wählen Sie die Sprache, die Sie in dem T9-Wähltastenfeld anzeigen möchten.</string>
  <string name="callFilterAction">Aktion</string>
  <string-array name="callFilterActions">
    <item>Filtern</item>
    <item>Erlauben</item>
    <item>Lautlos</item>
  </string-array>
  <string name="callFilterActionIntercept">Unterbrechen</string>
  <string name="callFilterActionInterceptAndNotify">Unterbrechen und benachrichtigen</string>
  <string name="callFilterActionAllows">Zulassen</string>
  <string name="callFilterActionSilence">Lautlos</string>
  <string name="callFilterType">Filtertyp</string>
  <string-array name="callFilterTypes">
    <item>Gruppen-Filter</item>
    <item>Nummern-Filter</item>
    <item>Kürzlich kontaktierte Telefonnummer</item>
  </string-array>
  <string-array name="callFilterTypesHint">
    <item>Wähle Gruppen für Filterung</item>
    <item>Einganbe der Nummer für Filterung</item>
    <item>Wähle die Gültigkeitsdauer</item>
  </string-array>
  <string name="ruleEditor">Regel Editor</string>
  <string name="label">Bezeichnung</string>
  <string name="numberFilterExplain">* = Beliebige Zeichenfolge, ? = 1 beliebiges Zeichen</string>
  <string name="effectiveTimeOfTheRule">"Aktivität von %1$s bis %2$s"</string>
  <string name="menu_viewRelatedContacts">Verbundene Kontakte anzeigen</string>
  <string name="title_selectNumbers">Bitte Nummer auswählen</string>
  <string name="title_selectEmailAddresses">Bitte E-Mail-Adressen auswählen</string>
  <string name="pref_title_lockView">Änderungen der Ansichtselemente sperren</string>
  <string name="pref_summary_lockView">Änderungen der Ansichtselemente durch 2-Finger wischen sperren</string>
  <string name="selectedNumberOfContacts">%d Kontakte ausgewählt</string>
  <string name="selectedNumberOfEmailAddresses">%d Adressen ausgewählt. Klicken Sie, um die Auswahl in die Zwischenablage zu kopieren.</string>
  <string name="selectedNumberOfPhoneNumbers">%d Telefonnummern ausgewählt</string>
  <!-- 2.1.1 -->
  <string name="pref_title_nameFieldToShow">Anzeige der Namensfelder wählen</string>
  <string name="pref_summary_nameFieldToShow">Effektiv nur bei Einstellung \"Zeige Kontakte als\" nicht der Standardkonfiguration.</string>
  <string-array name="pref_entries_nameField">
    <item>Vorname</item>
    <item>Nachname</item>
    <item>weitere Vornamen</item>
    <item>Ehrentitel Präfix</item>
    <item>Ehrentitel Zusatz</item>
    <item>phonetischer Vorname</item>
    <item>phonetischer Familienname</item>
    <item>phonetischer mittlerer Name</item>
  </string-array>
  <string name="pref_title_showMatchFirstLetterResultsFirst">Zeige \"Finde ersten Buchstaben\" Ergebnisse zuerst</string>
  <string name="pref_title_clickTheActions">Listen-Aktionen beim Anklicken</string>
  <string name="pref_summary_clickTheActions">Aktion, wenn Sie auf den List-Eintrag klicken.</string>
  <string name="pref_summary_clickListIconActions">Aktion beim Klick auf das Kontaktbild in der Listenansicht.</string>
  <string name="action_viewItemAuto">Element anzeigen (Auto-Kontakt und Verlauf)</string>
  <string name="action_viewContactDetails">Zeige Kontaktdetails</string>
  <string name="action_selectNumberToCall">Wählen Sie die zu wählende Nummer</string>
  <string name="action_viewContactHistory">Zeige Kontaktverlauf</string>
  <string name="action_viewQuickContactBadge">Zeige kurze Kontaktvorschau</string>
  <string name="action_callCurrentNumber">Wähle aktuelle Nummer</string>
  <string name="action_callDefaultNumber">Wähle Standardnummer</string>
  <string name="action_callUsingSIP">Anruf mit SIP ausführen</string>
  <string name="action_sendMessageToCurrentNumber">Sende SMS/MMS an aktuelle Nummer</string>
  <string name="action_sendMessageToDefaultNumber">Sende SMS/MMS an Standardnummer</string>
  <string name="pref_title_clickIconActions">Symbol-Aktionen beim Anklicken</string>
  <string name="pref_summary_clickIconActions">Aktion, wenn Kontakt in Rasteransicht geklickt wird.</string>
  <string name="pref_title_lockWindowPosition">Sperren der Fenster-Position</string>
  <string name="pref_summary_lockWindowPosition">Wenn Sie es nicht mit ziehen verschieben möchten.</string>
  <string name="pref_title_showCallerLocation">Standort des Anrufers zeigen</string>
  <string name="downloadPluginPrompt">Plug-ins müssen installiert werden. Jetzt laden?</string>
  <string name="Default">Standard</string>
  <string name="pref_title_searchCallLog">Durchsuche Anrufliste</string>
  <string name="pref_summary_searchCallLog">Die Option \"Anrufliste anzeigen\" muss aktiviert sein</string>
  <string name="menu_shareContacts">Kontakte teilen</string>
  <string name="font_size">Schriftgröße</string>
  <string name="show_call_log_filter">Anruflistenfilter anzeigen</string>
  <string name="hide_call_log_filter">Anruflistenfilter verbergen</string>
  <string name="prompt_in_sms_tab">Zeige die zur Gruppe gesendeten SMS von DW Kontakte.</string>
  <string name="pref_title_exitWhenCallEnds">Schließen wenn Anruf beendet</string>
  <string name="pref_title_residesInMemory">Befindet sich im Speicher</string>
  <string name="pref_summary_residesInMemory">Die Option "Hintergrund-Dienste aktivieren" hilft der Anwendung im Hintergrund zu laufen.</string>
  <!-- Header that expands to list all of the types of settings -->
  <string name="optionsLabelsGroup">Optionen</string>
  <string name="pref_summary_textColorForSecondT9Languare">Die Farbe der zweiten T9 Sprache</string>
  <string name="pref_title_enableDualcardSuppout">Dual-SIM unterstützen</string>
  <!-- 联系人详细信息 -->
  <string name="detailsList">Details</string>
  <string name="pref_title_minimumHeightOfListItem">Minimalhöhe der Listen-Elemente</string>
  <string name="loading">Lädt...</string>
  <string name="pref_title_displayWhenDialing">Beim Wählen anzeigen</string>
  <string name="pref_title_usingMoreDetailedListSection">Liste mit mehr Details verwenden</string>
  <string name="pref_summary_usingMoreDetailedListSection">Ermöglicht schnellen Sprung zu Buchstaben</string>
  <string name="desktop_widget_limit_messages">Mit der kostenlosen Version können Sie nur ein Widget erstellen.</string>
  <string name="label_customField">Angepasste Felder</string>
  <string name="menu_otherContactViewer">Anderer Kontakte-Betrachter</string>
  <string name="pref_title_hideStatistics">Statistiken verstecken</string>
  <string name="pref_title_backupTheme">Backup der Design-Einstellungen</string>
  <string name="pref_title_restoreTheme">Design-Einstellungen wiederherstellen</string>
  <string name="appwidget_titleText">Titel</string>
  <string name="appwidget_summary_selectGroup">Bitte wählen Sie eine Kontakte-Gruppe aus.</string>
  <string name="iconSize">Symbolgröße</string>
  <string name="widgetConfiguration">Widget Konfiguration</string>
  <string name="pref_title_iconNumberOfColumns">Anzahl Symbole pro Spalte</string>
  <string name="pref_summary_iconNumberOfColumns">0 für automatisches Anpassen</string>
  <string name="tips_contactAppWidget">Berühren des Widget-Titels öffnet die Einstellungen</string>
  <string name="pref_title_nameLines">Anzahl Linien pro Name</string>
  <string name="pref_summary_nameLines">0 versteckt Namen</string>
  <string name="menu_deleteTheShownCallLog">Angezeigte Anrufliste löschen</string>
  <string-array name="pref_entries_contactListSearchOptions">
    <item>Alle Felder durchsuchen</item>
    <item>Alle Kontakte durchsuchen</item>
    <item>Suche in globaler Adressliste</item>
  </string-array>
  <string name="pref_title_defaultContactIcon">Standard Kontaktsymbol</string>
  <string name="pref_title_defaultGroupIcon">Standard Gruppensymbol</string>
  <string name="prompt_restoreDefaultSettings">Es ist empfehlenswert zuerst ein Backup zu erstellen. Jetzt alle Einstellungen wiederherstellen?</string>
  <string name="pref_title_interceptCallsEvenDuringCall">Anrufe auch während eines laufenden Gesprächs unterbrechen</string>
  <string name="pref_summary_interceptCallsEvenDuringCall">Dies führt zum Ende des laufenden Gesprächs.</string>
  <string name="pref_title_displayPromptWhenCallBlocked">Nachricht anzeigen, wenn ein Anruf abgelehnt wurde.</string>
  <!-- Call Statistics -->
  <string name="call_statistics">Anrufstatistiken</string>
  <string name="freeNumbersManager">Verwaltung der kostenlosen Rufnummern</string>
  <string name="tab_call_statistics">Statistiken</string>
  <string name="call_type_incoming">Eingehend</string>
  <string name="call_type_outgoing">Ausgehend</string>
  <string name="call_type_missed">Verpasst</string>
  <string name="call_type_blocked">Blockiert</string>
  <string name="call_type_all">Alle</string>
  <string name="call_duration">Dauer</string>
  <string name="call_duration_minute">Min. Kosten</string>
  <string name="call_count">Anzahl</string>
  <string name="call_statistics_time_billingCycle">Abrechnungszeitraum</string>
  <string name="call_statistics_time_thisMonth">Dieser Monat</string>
  <string name="call_statistics_time_thisWeek">Diese Woche</string>
  <string name="call_statistics_time_all">Immer</string>
  <string name="pref_title_startDayOfBillingCycle">Erster Tag des Abrechnungszeitraums</string>
  <string name="pref_title_missedCallsTextColor">Farbe der verpassten Anrufe</string>
  <string name="pref_summary_unansweredOutgoingCallsTextColor">Verpasste ausgehende Anrufe</string>
  <string name="pref_title_freeMonthlyTalkTime">Monatliche kostenlose Sprechzeit</string>
  <string name="pref_title_freeIncomingCalls">Kostenlose eingehende Anrufe</string>
  <string name="pref_title_costWarning">Kostenwarnung</string>
  <string name="pref_summary_costWarning">Zeigt gegen Ende der kostenlosen Sprechzeit eine Erinnerung</string>
  <string name="prompt_freeTalkTimeIsOver">Ihre kostenlose Sprechzeit ist vorbei.</string>
  <string name="prompt_remainingFreeTalkTimer">Übrige kostenlose Sprechzeit: %1$d Min.; täglich %2$d Min.</string>
  <string name="pref_title_showGroupSContactsCount">Zeige Anzahl der Kontakte in der Gruppe</string>
  <string name="pref_summary_showGroupSContactsCount">Kann die Ladegeschwindigkeit der Kontakte beeinflussen.</string>
  <string name="pref_title_contactPictureZoomMode">Kontaktbild-Zoom Modus</string>
  <string-array name="pref_entries_contactPictureZoomMode">
    <item>Zentrieren</item>
    <item>Mitte ausschneiden</item>
    <item>Zentrieren</item>
    <item>Zentrum adjustieren</item>
    <item>Mittig ausrichten</item>
  </string-array>
  <string name="get_online_help">Online Hilfe</string>
  <string name="error_report">Fehlerbericht</string>
  <string name="hasNoPhoneNumberContacts">Kontakt ohne Telefonnummer</string>
  <string name="pref_title_minimumBillableTime">Minimale verrechenbare Zeit</string>
  <string name="pref_summary_minimumBillableTime">Die aktuelle Einstellung beträgt %s Sekunden. Wenn die Gesprächszeit 01:15 beträgt. Wenn die Einstellung auf 30 Sekunden ist, beträgt die Ladezeit 01:30; Wenn die Einstellung auf 60 Sekunden ist, beträgt die Ladezeit 02:00.</string>
  <string name="menu_showSidebar">Sidebar anzeigen</string>
  <string name="menu_hidesidebar">Sidebar verstecken</string>
  <string name="SIMCard1">SIM-Karte 1</string>
  <string name="SIMCard2">SIM-Karte 2</string>
  <string name="sim_card_office">Büro</string>
  <string name="sim_card_home">Zu Hause</string>
  <string name="sim_card_call">Anruf</string>
  <string name="sim_card_internet">Internet</string>
  <string name="sim_card_heart">Freund(in)</string>
  <string name="lable_sim_card_name">Name:</string>
  <string name="lable_sim_card_icon">Icon:</string>
  <string name="defaultSIMcard">Standard SIM-Karte</string>
  <string name="prompt_inFirstUseDialer">Ob man einen Notruf tätigen kann, hängt von der Bedienoberfläche des Systems ab. Versichern Sie sich, dass es funktioniert.</string>
  <string name="pref_title_enableBackgroundDataLoading">Aktiviere das Laden von Daten im Hintergrund</string>
  <string name="pref_summary_enableBackgroundDataLoading">Aktivieren, um die Antwortzeiten der Software zu verbessern.
Beachten Sie, dass dadurch der Batterieverbrauch erhöht wird. Die Kontakt-Datenbank wird häufig aktualisiert.</string>
  <string name="pref_title_scaleToFitTheScreen">An den Bildschirm anpassen</string>
  <string name="pref_summary_scaleToFitTheScreen">Raster automatisch der Bildschirmgröße anpassen</string>
  <string name="pref_summary_whenPortraitMode">Hochformat</string>
  <string name="pref_summary_whenTheSidebarIsOpen">Hochformat mit Sidebar</string>
  <string name="pref_summary_whenInLandscapeMode">Querformat</string>
  <string name="pref_summary_whenInLandscapeModeAndTheSidebarIsOpen">Querformat mit Sidebar</string>
  <string name="pref_title_usingMoreDetailedFastScroller">Verwende erweiterte Sprung-Liste</string>
  <string name="pref_title_contactFields">Kontaktfelder</string>
  <string name="pref_summary_informationNeedSendToCalendar">Wähle die Informationen, die an den Kalender übergeben werden müssen</string>
  <string-array name="pref_entriesNeedSendToCalendar">
    <item>Organisation</item>
    <item>Adresse</item>
    <item>Telefon</item>
    <item>E-Mail</item>
    <item>Notizen</item>
  </string-array>
  <string name="menu_addConsecutiveNumbers">Fortlaufende Nummern hinzufügen</string>
  <string name="startingNumber">Startnummer</string>
  <string name="endingNumber">Endnummer</string>
  <string name="prompt_ALotOfNumbersToAddToContact">Die %d neuen Zahlen werden dem Kontakt hinzugefügt. Dies wird einen Augenblick in Anspruch nehmen.</string>
  <string name="prompt_numberParsingErrorInaddConsecutiveNumbers">Fehler bei der Überprüfung der Nummer! Bitte keine formatierten Nummern eingeben.</string>
  <string name="prompt_needToAddNumbersTooMuch">Dadurch werden %d Nummern zum Kontakt hinzugefügt. Das Hinzufügen zu vieler Nummern bewirkt, dass das Telefon langsamer wird.</string>
  <string name="prompt_addConsecutiveNumbers_accountDoesNotSupport">Kontaktkonto unterstützt das Hinzufügen so vieler Telefonnummern nicht.</string>
  <string name="pref_title_usingHDContactPicture">HD Kontaktbild verwenden</string>
  <string name="pref_title_linksInNotes">Verknüpfungen in den Notizen</string>
  <string name="pref_summary_linksInNotes">Wenn aktiviert, werden Web-URLs, E-Mails, Adressen und Telefonnummern in den Notizen anklickbar.</string>
  <string name="pref_title_enableInCallWidget">Aktiviere In-Call-Widget</string>
  <string name="pref_title_delayToClose">Verzögertes Schließen</string>
  <string name="pref_summary_delayToCloseInCallWidget">Schließen des \"In-Call-Widgets\" um %d s nach Ende des Anrufes verzögern.</string>
  <string name="pref_title_closeWhenOffhook">Schließe wenn besetzt</string>
  <string name="pref_summary_closeWhenOffhook">Schließe das \"In-Call-Widget\" beim Annehmen des Anrufes.</string>
  <string name="pref_summary_informationNeedShowInInCallWidget">Wähle die Informationen, die im \"In-Call-Widget\" angezeigt werden.</string>
  <string name="phoneNumberLabel">Telefonnummer Bezeichnung</string>
  <string name="last_contact_time">Letzte Kontaktzeit</string>
  <string name="contact_pictures">Kontaktbilder</string>
  <string name="menu_importToQuickdialList">In Kurzwahl-Liste importieren</string>
  <string name="confirm_importToQuickdialList">Beachten Sie, dass die zu importierenden Daten die vorhandenen Daten überschreiben werden.</string>
  <string name="toast_importToQuickdialListSuccessfully">%d Nummern wurden importiert</string>
  <string name="pref_title_frameColor">Rahmenfarbe</string>
  <string name="pref_title_hideDefaultIcon">Standard-Symbol verstecken</string>
  <string name="pref_summary_hideDefaultIcon">Standard-Symbol in der Listenansicht verstecken.</string>
  <string name="pref_title_showInTheSidebar">In der Sidebar anzeigen</string>
  <string name="pref_summary_showInTheSidebar">Ausgewählte Objekte die in der Sidebar angezeigt werden</string>
  <string-array name="pref_entries_showInTheSidebar">
    <item>Gruppen</item>
    <item>Unternehmen</item>
    <item>Titel</item>
  </string-array>
  <string name="menu_addToQuickdialList">Zur Kurzwahl-Liste hinzufügen</string>
  <string name="toast_theNumberHasNeenAdded">Die Nummer wurde hinzugefügt.</string>
  <string name="pref_title_fontSizeSidebar">Schriftgröße (Sidebar)</string>
  <!-- 	<string name="hour">Hour</string> -->
  <string name="contactedLastXHours">In den letzten %s Stunden kontaktiert</string>
  <!-- 	选中的邮件地址已经复制到剪贴板。您可以将它粘贴到邮件程序的地址字段 -->
  <string name="toast_selectedEmailAddressCopied">Die ausgewählte E-Mail-Adresse wurde in die Zwischenablage kopiert. Sie kann nun ins Adressfeld des E-Mail-Programmes eingefügt werden.</string>
  <string name="pref_title_backUpAllData">Backup aller Daten</string>
  <!-- 	由于数据库的更新。还原数据可能导致组铃声、组图片和防火墙工作不正常。请检查它们在恢复数据后。 -->
  <string name="pref_summary_backUpAllData">Seit dem Datenbank-Update kann das Wiederherstellen von Daten dazu führen, dass Gruppen-Klingeltöne, Bilder und Anruffilter nicht mehr richtig funktionieren. Bitte prüfen Sie die wiederhergestellten Daten.</string>
  <!-- 	注意这不会备份联系人数据库。 -->
  <string name="warning_notBackUpContactsDatabase">Beachten Sie, dass dadurch keine Sicherung der Kontakt-Datenbank erfolgt.</string>
  <string name="pref_title_restoreAllData">Alle Daten wiederherstellen</string>
  <string name="toast_backedSuccessfully">Erfolgreiche Sicherung nach %s.</string>
  <string name="toast_backedFailed">Sicherung fehlgeschlagen. Vergewissern Sie sich, dass der Sicherungspfad existiert.</string>
  <string name="toast_restorSuccessfully">Erfolgreiche Wiederherstellung von %s.</string>
  <string name="toast_restorFailed">Wiederherstellung fehlgeschlagen. Vergewissern Sie sich, dass der Pfad existiert.</string>
  <string name="close">Schließen</string>
  <string name="minimize">Minimieren</string>
  <string name="maximize">Maximieren</string>
  <string name="call">Anruf</string>
  <string name="toast_notSuppouteditingNotes">Dieser Kontakt unterstützt keine Notizbearbeitung.</string>
  <!-- An option in the event notification settings, open it automatically sends the blessing SMS comes in contact events. -->
  <string name="pref_title_automaticallySendGreetingsSMS">Sende automatische SMS Grüße</string>
  <!-- 	注意发送消息时您不会得到通知，发送时间为事件当天的[通知时间]。 -->
  <string name="pref_summary_automaticallySendGreetingsSMS">Beachten Sie, dass beim Senden einer Mitteilung keine Benachrichtigung erfolgt. Die Sendezeit für das Ereignis wird die Benachrichtigungszeit sein</string>
  <!-- Prompt message before you delete a call log. -->
  <string name="prompt_deleteCallLog">Beachten Sie, dass die Löschung von Anrufeinträgen Einfluss auf die Anrufstatistik hat.</string>
  <!--
    Dispaly in [In call Widget]
    Example:
    The last contact time: 5 days ago。 -->
  <string name="in_call_lastContactTime">Letzter Kontakt: %s</string>
  <string name="recommendToFriends">Freunden empfehlen</string>
  <string name="filterMode">Filter-Modus</string>
  <!-- 	Show contacts filter Details Grp = Group; Com = Company; Tit = Title -->
  <string name="contactsFilterSummary">Filter: Grp: %1$s Org: %2$s Tit: %3$s</string>
  <string name="pref_title_largeDialButton">Große Wählen-Schaltfläche</string>
  <!-- 	显示在联系人组编辑器，为编辑的组设置父组 -->
  <string name="parentGroup">Übergeordnete Gruppe</string>
  <string name="pref_title_formatPhoneNumber">Telefonnummer Format</string>
  <string name="menu_viewSelectedContacts">Ausgewählte Kontakte anzeigen</string>
  <string name="filter_status_all">ALLE</string>
  <string name="pref_title_enableSlidingAction">Aktiviere Aktion beim Wischen</string>
  <!-- 	启用滑动拨号等等，关闭它以便使用滑动切换号码。 -->
  <string name="pref_summary_enableSlidingAction">Aktiviere Wischbewegung zum Anrufen etc.
Sie können es deaktivieren um stattdessen die Nummern über die Wischbewegung durchzublättern.</string>
  <!-- Click Open browser to select files or other data -->
  <string name="browse">durchsuchen</string>
  <string name="companies">Unternehmen</string>
  <string name="company">Unternehmen</string>
  <string name="clear">Eingabe löschen</string>
  <string name="other">Andere</string>
  <string name="voice_input">Spracheingabe</string>
  <string name="app_widget_name_dialer_3_3">DW Dialer 3 × 3</string>
  <string name="app_widget_name_dialer_2_3">DW Dialer 2 × 3</string>
  <string name="app_widget_name_dialer_4_4">DW Dialer 4 × 4</string>
  <string name="app_widget_name_agenda">DW Agenda</string>
  <!-- 	A menu item is used to select mode grouping contacts. -->
  <string name="menu_groupBy">gruppieren nach</string>
  <string name="menu_showHistory">Verlauf anzeigen</string>
  <string name="menu_sendMessage">SMS/MMS senden</string>
  <string name="menu_sendMail">E-Mail senden</string>
  <string name="menu_setRingtone">Klingelton wählen</string>
  <string name="menu_insert">Einfügen</string>
  <string name="pref_title_disableAutomaticUpdates">Automatische Updates deaktivieren.</string>
  <string name="pref_title_showsLinkToContactList">Link in der Kontaktliste zeigen</string>
  <!-- A number label, recently contacted number，It shows in the contact details SMS TAB. Number selection drop-down list. For example: Recent:12345678 -->
  <string name="recent">Zuletzt</string>
  <string name="dialog_title_selectFieldsToShare">Zu teilende Felder wählen</string>
  <string name="pref_title_showSIMCardNumber">SIM-Kartennummer zeigen</string>
  <string name="pref_title_swapSIMCardNumber">SIM-Kartennummer wechseln</string>
  <string name="pref_summary_selectNeedToDisplayTabs">Einstellung, welche Registerkarten in den Kontaktdetails sichtbar sein sollen</string>
  <!-- 	检测到您正使用屏幕阅读程序。是否显示“电话号码选择对话框”在拨号前？ -->
  <string name="prompt_usePhoneNumberSelectionDialogWhenUseScreenReader">Es wurde ein Bildschirmleseprogramm erkannt. Soll der \"Rufnummern-Auswahl\"-Dialog vor dem Anruf angezeigt werden?</string>
  <string name="neverShowAgain">Nicht wieder zeigen</string>
  <!-- 	选择[确定]，“通话中小部件”将不会再次显示。 -->
  <string name="prompt_neverShowAgain">Drücken Sie [%1$s], damit \"%2$s\" nicht wieder angezeigt wird.</string>
  <string name="dualSIMCardConfiguration">Dual SIM konfigurieren</string>
  <!-- 	如果SIM卡编号显示不正确，请先通过两个SIM卡各拨打一个电话，然后点击[重新检测]按钮。 -->
  <string name="prompt_retestSIMCardNumber">Wenn die SIM-Kartennummer nicht korrekt angezeigt wird, führen Sie bitte mit jeder SIM-Karte einen Anruf aus und drücken anschließend die [Erneut testen]-Taste.</string>
  <!-- 	重新检测 -->
  <string name="retest">Erneut testen</string>
  <!-- 	检测已完成 -->
  <string name="toast_retestSIMCardNumberCompleted">Test abgeschlossen.</string>
  <string name="toast_settingsHaveBeenSaved">Einstellungen wurden gespeichert.</string>
  <!-- 	如果双卡功能不工作在您的设备。请尝试选择设备列表中的每一个设备，然后单击[拨号]按钮。当两个拨号按钮使用正确SIM卡拨号时，单击[保存]按钮。 -->
  <string name="prompt_dualSIMDialTest">Arbeitet die Dual-SIM-Funktion nicht richtig, so testen Sie alle Geräte in der Geräteliste mit den Anwahl-Tasten 1und 2. Wenn beide Tasten die richtige SIM-Karte verwenden, so drücken Sie die [Speichern]-Taste.</string>
  <string name="lable_device">Gerät:</string>
  <string name="lable_testNumber">Test-Rufnummer:</string>
  <!-- 	 An option. When you enable the exchange of the SIM card used when making calls. When the dial buttons 1 and 2 do not correspond correct SIM card to select it. -->
  <string name="swapTheDialSIMcard">SIM-Karten-Zuordnung tauschen</string>
  <string name="shareMySettings">Meine Einstellungen teilen</string>
  <!-- 	已添加前缀/后缀（%s） -->
  <string name="toast_prefixOrSuffixHasBeenAdded">Prefix/Suffix wurde hinzugefügt (%s)</string>
  <string name="pref_title_downloadGeocoderPlugin">Geocoder-Plugin herunterladen</string>
  <string name="menu_bindTo">Rufnummer mit %s verknüpfen</string>
  <string name="menu_clearBind">SIM-Karten-Verknüpfung entfernen</string>
  <string name="pref_title_twoDialOnTheDialpad">Zwei Wähltasten in der Wähltastatur anzeigen</string>
  <string name="pref_title_twoDialInTheContactList">Zwei Wähltasten in der Kontaktliste anzeigen</string>
  <!-- 	call using SIM card 1 -->
  <string name="description_dial_button_using">Anruf mit %s</string>
  <string name="menu_shareAsText">Alle Details als Text teilen</string>
  <string name="menu_shareAsvCard">Als vCard speichern</string>
  <string name="noItmeSelected">Kein Punkt ausgewählt</string>
  <string name="pref_title_leftHandedOperation">Linkshändige Bedienung</string>
  <string name="description_goToSubGroups_button">Gehe zur Untergruppenliste</string>
  <!-- 一个选项，当打开备注会优先保存到联系人，而不是通话记录备注 -->
  <string name="pref_title_saveNotesToContacts">Notizen zu den Kontakten speichern</string>
  <string name="export_to_single_vcard_file">Export in einer einzigen vCard-Datei</string>
  <string name="export_to_multiple_vcard_files">Export in getrennte vCard-Dateien</string>
  <string name="confirm_export_contacts_to_folder_message">Verzeichnis der exportierten Kontakte: %s</string>
  <!-- 读出来电显示号码 -->
  <string name="pref_title_speakCallerID">Anrufer ansagen</string>
  <string name="pref_title_speakOrganization">Organisation ansagen</string>
  <string name="pref_title_speakNumber">Rufnummer ansagen</string>
  <string name="pref_summary_speakNumber">Wenn der Anrufer nicht in den Kontakten vorkommt</string>
  <string name="pref_title_repeatCount">Anzahl der Wiederholungen</string>
  <string name="pref_title_repeatInterval">Wiederholungsintervall</string>
  <string name="pref_title_reverseList">Listen-Reihenfolge umkehren</string>
  <string name="pref_title_openQuickJumpOnStartup">Schnell-Sprung-Leiste beim Start öffnen</string>
  <!-- 搜索历史记录 - 一个开关确定是否显示搜索历史记录 -->
  <string name="pref_title_searchHistory">Verlauf durchsuchen</string>
  <string name="menu_add_event">Ereignis hinzufügen</string>
  <string name="notification_dataLoaderIsRunning">Das Laden von Daten im Hintergrund läuft</string>
  <string name="clickToGetMoreInformation">Drücken Sie hier, um mehr zu erfahren</string>
  <!-- 	您好，试用期限将结束在5天后。现在要购买吗？ -->
  <string name="remind_trialPeriodWillEnd">Hallo, die Test-Periode endet in %d Tagen. Möchten Sie das Programm jetzt kaufen?</string>
  <string name="menu_addToBlockList">Zur Sperrliste hinzufügen</string>
  <string name="menu_removeFromBlockList">Von der Sperrliste entfernen</string>
  <string name="blockList">Sperrliste</string>
  <string name="font">Schriftart</string>
  <string name="needToUpdate">Update erforderlich</string>
  <string name="disable">Deaktivieren</string>
  <string name="pref_title_hideContactPicture">Kontaktfoto verbergen</string>
  <string name="event_info_links_label">Verknüpfungen</string>
  <string name="pref_title_calllogFilterAtTop">Anruflistenfilter am oberen Rand anzeigen</string>
  <!-- A menu, click the call methods available to display. For example: SIM card 2; Video call; Skype; SIP -->
  <string name="menu_callUsing">Anruf mit …</string>
  <string name="video_call">Video-Anruf</string>
  <string name="automatic_redial">Automatische Wahlwiederholung</string>
  <!-- Automatic redial after 3 seconds. -->
  <string name="automatic_redial_after">Automatische Wahlwiederholung in %s.</string>
  <!-- Enter "Arrange mode", you can drag to sort items. -->
  <string name="menu_arrangeMode">Sortiermodus</string>
  <string name="summary_arrangeMode">Ziehe Elemente zum Sortieren</string>
  <string name="recommend_template">"Hallo mein(e) Freund(in)!\nIch nutze seit einiger Zeit %1$s. Das ist eine geniale Kontakt-Software, welche Du auch haben solltest. Du kannst sie hier herunterladen: %2$s"</string>
  <string name="recommend_id_template">"Bitte nicht vergessen meine ID (%s) in [Werkzeuge] -&gt; [Freunden empfehlen] einzutragen.\nDanke!"</string>
  <!-- An option to choose what to hide in the contact details -->
  <string name="pref_title_hideSection">Details ausblenden</string>
  <string name="pref_title_automaticBackup">Automatische Datensicherung</string>
  <string name="pref_title_backupTime">Datensicherungszeit</string>
  <string name="pref_title_backupCycle">Datensicherungszyklus</string>
  <string-array name="pref_entries_backupCycle">
    <item>Jeden Tag</item>
    <item>Jeden 2. Tag</item>
    <item>Jeden 3. Tag</item>
    <item>Jeden 4. Tag</item>
    <item>Jeden 5. Tag</item>
    <item>Jeden 6. Tag</item>
    <item>Wöchentlich</item>
    <item>Monatlich</item>
  </string-array>
  <string name="pref_title_contactsBackup">Datensicherung-Kontakte</string>
  <string name="pref_summary_contactsBackup">Wählen Sie die zu sichernde Gruppe aus</string>
  <string name="pref_title_backupNow">Datensicherung sofort</string>
  <string name="pref_title_disableInCarMode">Im Fahrzeugmodus deaktivieren</string>
  <string name="pref_summary_disableInCarMode">Wähl-Bestätigung vorübergehend deaktivieren, wenn Sie im Fahrzeug sind</string>
  <!-- An alert message when adding a shortcut to the HomePage request has been sent. -->
  <string name="toast_requestHasBeenSent">Anforderung wurde gesendet</string>
  <string name="pref_title_hideMenuButton">Menü-Button verbergen</string>
  <string name="pref_summary_hideMenuButton">Wenn Ihr Gerät keine Menü-Taste hat, ist der Zugriff auf das Menü nicht mehr möglich!</string>
  <string name="pref_title_deleteOldCallLogs">Alte Einträge der Anrufliste löschen</string>
  <string name="pref_summary_deleteOldCallLogs">Alte Einträge löschen, wenn die Anrufliste %s Einträge erreicht</string>
  <string name="menu_setContactPhoto">Kontaktfoto einstellen</string>
  <!-- OPTION: When you restart the app. Restore the state when last used. -->
  <string name="pref_title_restoreStateWhenRestarted">Zustand nach Neustart wiederherstellen</string>
  <string name="websiteTypeHomepage">Homepage</string>
  <string name="websiteTypeBlog">Blog</string>
  <string name="websiteTypeProfile">Profil</string>
  <string name="websiteTypeHome">Zu Hause</string>
  <string name="websiteTypeWork">Arbeit</string>
  <string name="websiteTypeFTP">FTP</string>
  <!--     <string name="description">Description</string> -->
  <!--     <string name="menu_add_link">Add link</string> -->
  <string name="pref_title_excludeNumbers">Nummern ausschließen</string>
  <string name="pref_summary_excludeNumbers">Diese Nummern werden nicht im Wähl-Bestätigungsdialog angezeigt</string>
  <!-- Menu item used to add custom field to contact -->
  <string name="menu_addCustomField">Benutzerdefiniertes Feld hinzufügen</string>
  <!-- An automatic group name, which contains all has photo contacts -->
  <string name="hasPhotoContacts">Foto-Kontakte</string>
  <!-- Selectable menu item used to controls whether display "contacts events" in the "agenda list". -->
  <string name="menu_showContactsEvents">Kontakt-Ereignisse anzeigen</string>
  <!-- An option to define accent color. The color applied to framework controls in their activated (ex. checked) state. -->
  <string name="pref_title_accentColor">Akzentfarbe</string>
  <!-- An option to define whether the appointment is created automatically send the invitation email.-->
  <string name="pref_title_sendInvitation">Einladung senden</string>
  <!-- An option to define whether the appointment is created automatically send the invitation email.-->
  <string name="pref_summary_sendInvitation">Kontakt-E-Mail-Adresse zu den Teilnehmern hinzufügen</string>
  <!-- An option to define whether use circle icon.-->
  <string name="pref_title_circleIcon">Runde Symbole</string>
  <string name="on">Ein</string>
  <string name="off">Aus</string>
  <!-- Determined by the theme -->
  <string name="byTheme">Vom Design</string>
  <!-- An option to define color -->
  <string name="pref_title_callLogFilterBackground">Anruflistenfilter-Hintergrund</string>
  <!-- An option to define whether use colorful icon.-->
  <string name="pref_title_colorfulIcon">Farbiges Symbol</string>
  <!-- Select this option to Reduce the ring volume when reading the caller information. -->
  <string name="pref_title_reduceRingerVolume">Klingeltonlautstärke verringern</string>
  <!-- Select this option to Reduce the ring volume when reading the caller information. -->
  <string name="pref_summary_reduceRingerVolume">Verringern der Klingeltonlautstärke während des Lesens der Anruferinformation</string>
  <!-- Menu item used to Go to the "Calendar" App -->
  <string name="menu_goToCalendar">Zum Kalender</string>
  <!-- Menu item used to add selected item to the Tab bar -->
  <string name="menu_addToTabBar">Zum Tab-Bar hinzufügen</string>
  <!-- Menu item used to remove selected item from the Tab bar -->
  <string name="menu_removeFromTabBar">Von Registerkarte entfernen</string>
  <!-- Menu item used to browse and restore data -->
  <string name="menu_restoreFrom">Wiederherstellen von…</string>
  <!-- Menu item used to open [Backup Manager] -->
  <string name="menu_backupManager">Datensicherung verwalten</string>
  <string name="typeface_bold">Fett</string>
  <string name="typeface_italic">Kursiv</string>
  <!-- A contact group option. Open it will automatically delete call logs, contacts belong to this group. -->
  <string name="pref_title_automaticallyDeleteCallLogs">Anrufliste automatisch löschen</string>
  <!-- An option to control whether to display the contact's local time -->
  <string name="pref_title_showContactsLocalTime">Lokale Zeit der Kontakte anzeigen</string>
  <!-- An option -->
  <string name="pref_title_replaceMissedCallNotification">Rückstellen \"Benachrichtigung der verpassten Anrufe\"</string>
  <!-- An option summary -->
  <string name="pref_summary_replaceMissedCallNotification">Anzeige des Dialoges \"App auswählen\" verhindern</string>
  <!-- An option in the dialog box to delete call records. Controls whether delete call log notes -->
  <string name="deleteNotes">Notizen löschen</string>
  <string name="offset">Offset</string>
  <!-- Label above username EditText -->
  <string name="username">Benutzername</string>
  <!-- Button to sign in after entering username and password -->
  <string name="signIn">Anmelden</string>
  <string name="message_createLocalContactAccount">Ein lokales Kontakt-Konto erstellen.
         Die in diesem Konto gespeicherten Kontakte werden nicht synchronisiert.
         \n<b>Hinweis:</b> Das Deinstallieren von \"DW Kontakte\" führt zum Verlust der in diesem Konto befindlichen Kontakte.
          Wenn die Kontaktsynchronisation aktiviert ist, werden die Kontakt im Verzeichnis \"<b>SD-Karte</b>/DW/contacts/\" synchronisiert.</string>
  <!-- "By number" merge call records, etc. -->
  <string name="byNumber">Nach Rufnummer</string>
  <!-- "By contact" merge call records, etc. -->
  <string name="byContact">Nach Kontakt</string>
  <string name="toast_switchToIntersectionMode">Erneut klicken, um den <b>Schnittmengen-Modus</b> einzuschalten</string>
  <!-- An option to control whether to display the message log in History -->
  <string name="pref_title_showMessageLog">Nachrichtenprotokoll anzeigen</string>
  <!-- Menu item used to add data (E-mail address, etc.)  to contacts -->
  <string name="addToContact">Zu Kontakten hinzufügen</string>
  <!-- An option When you open it will maintain a fixed height In call widget. -->
  <string name="fixedHeight">Feste Höhe</string>
  <!-- ****************************** Descriptions *********************************** -->
  <!--
         String describing the Keyboard switch ImageButton
         Used by AccessibilityService to announce the purpose of the button.
         [CHAR LIMIT=NONE]
    -->
  <string name="description_switch_keyboard">Tastatur umschalten</string>
  <string name="description_pick_contact">Kontakt auswählen</string>
  <!-- String describing the text for photo of a item(group, title, company，etc.). -->
  <string name="description_icon_for">Icon für <xliff:g id="name">%1$s</xliff:g></string>
  <!--An option. When opened, will use list long press menu.-->
  <string name="pref_title_useListMenu">Listenmenü verwenden</string>
  <!--An option in Accessibility. When opened, Enter the number need to double click to confirm.-->
  <string name="pref_title_doubleClickEnterNumber">Doppelklick zur Eingabe der Nummer</string>
  <!--A item of list, control information needs to be displayed in the "In call widget"-->
  <string name="positionInQuickDial">Position in der Kurzwahl-Liste</string>
  <string name="prompt_requiresPermission">Benötigt Genehmigung <b>%1$s</b>.</string>
  <string name="pause">Pause</string>
  <string name="description_add_voice_tag">Anrufname hinzufügen</string>
  <string name="pref_color_schemes">Farbschema</string>
  <string name="navigation_drawer_open">Öffne Navigationsleiste</string>
  <string name="navigation_drawer_close">Schließe Navigationsleiste</string>
  <string name="toast_adjustColors">Dort klicken, wo Sie Farben anpassen wollen</string>
  <string name="auto_close">Automatisch schließen</string>
  <string name="voice_tag">Anrufname</string>
  <!--An option title in [Contact Details]. When opened, Will merge items,When just labels different.-->
  <string name="pref_title_mergeItemsJustDiffLabel">Einträge zusammenführen</string>
  <!--An option summary in [Contact Details]. When opened, Will merge items,When just labels different.-->
  <string name="pref_summary_mergeItemsJustDiffLabel">Wenn nur Bezeichnungen abweichen</string>
  <string name="todoList">To-do-Liste</string>
  <string name="menu_add_todo">To-do hinzufügen</string>
  <!-- Notification message when adding a number to the blacklist, but the call filter did not open. -->
  <string name="needEnableCallFilter">Sie müssen auch den [Anruf-Filter] aktivieren</string>
  <!--An option title in [Events]. Define which events need to display. It filter events based on contact groups-->
  <string name="pref_title_eventsToDisplay">Anzuzeigende Ereignisse</string>
  <!--An option title in [Color schemes]. Used to define the "List section" Text Size -->
  <string name="section_header">Abschnittsüberschrift</string>
  <!--An option. When open: The starred contacts are displayed at the top of the list. -->
  <string name="showStarredAtTheTop">Zeige Favoriten oben</string>
</resources>
