<?xml version="1.0" encoding="utf-8"?>
<!--Generated by crowdin.com-->
<resources xmlns:xliff="urn:oasis:names:tc:xliff:document:1.2">
  <string name="label_ringtone">"Toque"</string>
  <string name="default_ringtone">"Padrão"</string>
  <string name="menu_sendEmail">"Enviar e-mail"</string>
  <string name="showFilterPhones">"Apenas contatos com telefones"</string>
  <string name="showFilterPhonesDescrip">"Exibir apenas os contatos com números de telefone"</string>
  <string name="headerContactGroups">"Escolha os contatos para exibir"</string>
</resources>
