<?xml version="1.0" encoding="utf-8" standalone="no"?>
<!--Generated by crowdin.com-->
<resources xmlns:xliff="urn:oasis:names:tc:xliff:document:1.2">
  <string name="app_name">Contactos e telefone DW</string>
  <string name="app_contacts_name">Contactos DW</string>
  <string name="starred">Favoritos</string>
  <string name="coworkers">Colaboradores</string>
  <string name="family">Família</string>
  <string name="friends">Amigos</string>
  <string name="myContacts">Meus contactos</string>
  <string name="no_item_to_display">Sem itens a exibir</string>
  <string name="allContact">Todos os contactos</string>
  <string name="no_phone_numbers">Sem n.ºs de telefone</string>
  <string name="menu_edit">Editar</string>
  <string name="menu_edit_group">Editar grupo</string>
  <string name="menu_add_contact_to_group">Adicionar contactos ao grupo</string>
  <string name="menu_remove_contact_from_group">Remover contactos do grupo</string>
  <string name="groupNameLabel">Nome do grupo</string>
  <string name="add">Adicionar</string>
  <string name="message_del_system_group">Este é um grupo do sistema. Se o remover, poderá ser criado novamente e gerar erros. Tem a certeza?</string>
  <string name="menu_select_mode">Seleção múltipla</string>
  <string name="menu_inverse_select">Inverso</string>
  <!--<string name="noContact">This group has no contact</string> -->
  <string name="pleaseWait">Aguarde</string>
  <string name="pref_send_title">Definições de SMS e Email</string>
  <string name="pref_title_sms_mms_send">SMS/MMS</string>
  <string name="pref_title_email_send">Email</string>
  <string name="pref_send_to">Enviar para %s</string>
  <!--Recipients location -->
  <string name="pref_title_recipients_location">Destinatário anónimo</string>
  <string name="pref_recipients_location_summary">Os endereços estarão no campo %s</string>
  <string-array name="pref_entries_recipients_location">
    <item>Bcc</item>
    <item>Cc</item>
    <item>Para</item>
  </string-array>
  <string name="menu_preferences">Definições</string>
  <string name="preferences_title">Definições</string>
  <string name="error_report_email_explain">Ocorreu um erro. Ajude-nos a solucionar o problema enviando um relatório de erro. O relatório incluirá as mensagens do erro e algumas informações do sistema. A sua privacidade será respeitada.</string>
  <string name="no_contact_selected">Nenhum contacto selecionado</string>
  <!--Firewall -->
  <string name="firewell_add_item">Adicionar filtro</string>
  <string name="lable_week">Dias da semana</string>
  <string name="select_group_title">Escolha o grupo</string>
  <!-- %s = call number-->
  <string name="call_blocking_message">%s foi bloqueado</string>
  <string name="pref_firewall_title">Definições do filtro</string>
  <string name="pref_title_firewall_enable">Ativar filtro</string>
  <string name="firewall_service_started">Filtro de chamadas iniciado</string>
  <string name="firewall_state_label">Filtro de chamadas DW</string>
  <!-- The status bar at the top of the screen display a notification message. -->
  <string name="pref_title_firewall_allways_show_stat_notify">Mostrar ícone na barra de estado</string>
  <string name="pref_firewall_allways_show_stat_notify_summary">Mostrar barra de estado</string>
  <string name="menu_week_view">Vista semanal</string>
  <string name="menu_time_view">Vista horária</string>
  <string name="menu_view">Vista</string>
  <string name="from">De</string>
  <string name="to">Para</string>
  <string-array name="days">
    <item>domingo</item>
    <item>segunda</item>
    <item>terça</item>
    <item>quarta</item>
    <item>quinta</item>
    <item>sexta</item>
    <item>sábado</item>
  </string-array>
  <string-array name="days_short">
    <item>dom</item>
    <item>seg</item>
    <item>ter</item>
    <item>qua</item>
    <item>qui</item>
    <item>sex</item>
    <item>sáb</item>
  </string-array>
  <string name="firewall_label">Filtro de chamadas</string>
  <string name="everyday">Todos os dias</string>
  <string name="never">Nunca</string>
  <string name="pref_title_display_system_group">Mostrar grupos do sistema</string>
  <!-- Gmail the default, including the group. (Starred, Coworkers, Family, Friends, My Contacts) -->
  <string name="pref_display_system_group_summary">Mostrar grupo do sistema</string>
  <string name="pref_title_merge_same_name_group">Unir grupos</string>
  <string name="pref_merge_same_name_group_summary">Unir grupos com nome parecido</string>
  <string name="pref_font_size_title">Tamanho de letra (1.ª linha)</string>
  <string name="pref_font_size_summary">Tamanho: %s</string>
  <string name="removePicture">Remover imagem</string>
  <string name="changePicture">Alterar imagem</string>
  <string name="attachToGroup">Imagem do grupo</string>
  <string name="use_photo_as_primary">Utilizar esta</string>
  <string name="photoPickerNotFoundText">Ferramenta não encontrada</string>
  <string name="SMS">SMS</string>
  <string name="Email">Email</string>
  <string name="_null">""</string>
  <!-- It shows the contact event to the present time. -->
  <string name="days_after">em %d dias</string>
  <string name="months_after">em %d meses</string>
  <string name="days_ago">%d dias atrás</string>
  <string name="months_ago">%d meses atrás</string>
  <string name="today">hoje</string>
  <string name="show_group_icon">Mostrar imagem do grupo</string>
  <!-- According to user feedback that I might in the new version, use it again. -->
  <string name="send">Enviar</string>
  <!-- For example, Tablet PC does not support sending text messages. However, click the SMS icon.
    I will call the SMS program. The system will report an exception. Then display this prompt. -->
  <string name="ungrouped_contacts">Contactos desagrupados</string>
  <!--pref default view -->
  <!--pref show auto groups -->
  <string name="label_hide">Ocultar</string>
  <string name="hide_group_summary">Não mostrar este grupo</string>
  <string name="fast_scroll_alphabet">\u0020ABCDEFGHIJKLMNOPQRSTUVWXYZ</string>
  <string name="fast_scroll_numeric_alphabet">\u00200123456789ABCDEFGHIJKLMNOPQRSTUVWXYZ</string>
  <!-- Because the different SMS programs. When I provide a phone number to the SMS program,
    some require the use of a semicolon to separate the numbers, and some require a comma. Therefore, this option provides. -->
  <string name="sms_compatibility_mode_title">Modo de envio de SMS/MMS</string>
  <string name="menu_sort_hide">Ordenar e ocultar</string>
  <string name="menu_sort_alphabetically">Alfabeticamente</string>
  <string name="pref_help_title">Ajuda</string>
  <string name="pref_online_help_title">Ajuda na web</string>
  <string name="menu_cancel_send_to_voicemail">Desbloquear chamadas dos contactos mostrados</string>
  <string name="pref_feedback_title">Comentário por email</string>
  <string name="pref_about_title">Sobre</string>
  <string name="version">Versão</string>
  <string name="pref_contacts_account_title">Dados da conta</string>
  <string name="pref_contacts_account_summary">Mostrar contactos de %s</string>
  <string name="all_account">Todas as contas</string>
  <string name="pref_show_account_name_title">Mostrar nome da conta</string>
  <string name="pref_show_account_name_summary">Mostrar nome das contas abaixo do nome dos grupos.</string>
  <string name="select_account">Escolha a conta</string>
  <string name="pref_register_code_title">Introduza o código de registo</string>
  <!-- A setting item, click it to open, buy the software license key dialog box. -->
  <string name="pref_get_register_code_title">Comprar versão registada</string>
  <string name="menu_delete_all">Eliminar tudo</string>
  <!-- Menu title the user can use for trying to resend a message. -->
  <string name="menu_retry_sending">Tentar novamente</string>
  <string name="message">Mensagem</string>
  <string name="failed">Erro</string>
  <string name="queued">Na fila</string>
  <string name="outbox">Caixa de saída</string>
  <string name="sent">Enviadas</string>
  <string name="example_message">Olá ???</string>
  <string name="sms_preview">Pré-visualização:</string>
  <string name="message_send_state_successfully">Enviada com sucesso.</string>
  <string name="message_send_state_failed">Erro ao enviar.</string>
  <string name="message_send_unknown_error">Erro desconhecido. %d mensagem não enviada.</string>
  <!-- As a "contact group"on the phone the main screen to create a shortcut. -->
  <string name="create_shortcut">Criar atalho no ecrã</string>
  <string name="menu_move_to_group">Mover para grupo</string>
  <!--pref theme -->
  <string name="pref_theme_title">Base do tema</string>
  <!-- Change the software interface look. -->
  <string name="pref_theme_summary">Definir base do tema</string>
  <string name="search">Procura</string>
  <!-- Settings screen, section heading for SMS-specific settings -->
  <!-- Settings screen, section heading for EMAIL-specific settings -->
  <!-- Settings item for boolean option to enable/disable SMS delivery reports -->
  <!-- Settings item description for boolean SMS delivery report setting -->
  <!-- CHANGED ORDER -->
  <!-- An automatic group, it shows all the contacts included telephone numbers. -->
  <string name="pref_language_title">Idioma</string>
  <string name="error">Erro</string>
  <!-- It shows the contact event to the present time. -->
  <string name="sendInBatches">Lote</string>
  <string name="sendInSingle">Único</string>
  <string name="pref_title_notification">Notificação</string>
  <string name="pref_title_reminder">Lembrete</string>
  <string name="pref_summary_reminder">%s antes</string>
  <string name="pref_title_ringtone">Toque</string>
  <string name="pref_title_alarm">Alarme</string>
  <string-array name="pref_entries_notificationTime">
    <item>1 minuto</item>
    <item>5 minutos</item>
    <item>10 minutos</item>
    <item>15 minutes</item>
    <item>20 minutes</item>
    <item>25 minutes</item>
    <item>30 minutes</item>
    <item>45 minutes</item>
    <item>1 hour</item>
    <item>2 hours</item>
    <item>3 hours</item>
    <item>12 hours</item>
    <item>24 hours</item>
    <item>2 days</item>
    <item>1 week</item>
  </string-array>
  <!-- Not in phone book contacts. -->
  <!-- When using the "Firstname first" show name, "Firstname" and "Lastname" split between the symbols. Most language is a space. -->
  <string name="givenNameFirstSeparator">" "</string>
  <!-- When using the "Lastname first" show name, "Firstname" and "Lastname" split between the symbols. -->
  <string name="familyNameFirstSeparator">", "</string>
  <string name="vCard">vCard</string>
  <string name="text">Texto</string>
  <string name="pref_title_rating">Avaliação</string>
  <string name="pref_title_share">Partilhar</string>
  <string name="contact_group">Grupos</string>
  <!-- Set the time to send text messages in the future. -->
  <string name="time">Hora</string>
  <string name="toolbox">Ferramentas</string>
  <string name="app_dialer_name">Marcador DW</string>
  <string name="menu_sort">Ordem</string>
  <string name="menu_unselectAll">Desmarcar tudo</string>
  <string name="pref_title_themeCustomize">Definições do tema</string>
  <string name="pref_title_backgroundColor">Cor de fundo</string>
  <string name="pref_title_backgroundColorForTitles">Cor de fundo do título</string>
  <string name="pref_title_textColorForTitles">Cor de texto do título</string>
  <string name="pref_title_hideTheTitle">Ocultar barra de título</string>
  <string name="pref_title_hideTheStatusbar">Ocultar barra de estado</string>
  <string name="pref_title_autoHideTab">Ocultar separadores</string>
  <string name="reset">Redefinir</string>
  <string name="pref_title_automaticRotation">Rotação automática</string>
  <string name="pref_summary_automaticRotation">Pode ativar ou desativar a rotação automática</string>
  <string name="menu_editNotes">Editar notas</string>
  <string name="addSelectedContactsToFavorites">Adicionar contactos aos favoritos</string>
  <string name="removeSelectedContactsFormFavorites">Retirar contactos dos favoritos</string>
  <string name="deleteSelectedContacts">Eliminar contactos</string>
  <string name="menu_deleteGroups">Eliminar grupos</string>
  <!-- 	<string name="forSelectedOrgs">For selected companies</string> -->
  <!-- 	<string name="menu_editOrg">Edit company</string> -->
  <!-- 	<string name="forSelectedTitles">For selected titles</string> -->
  <!-- 	<string name="menu_editTitle">Edit title</string> -->
  <string name="addContactTo">Adicionar contacto a %s</string>
  <string name="removeContactFrom">Remover contacto de %s</string>
  <string name="pref_title_showTabAtTop">Mostrar separadores no topo</string>
  <!-- Within the group "contact list" label -->
  <string name="labelWithinGroupContactsList">Contactos</string>
  <string name="recentChanges">Alterações recentes</string>
  <string name="more">Mais</string>
  <string name="selectAll">Selecionar tudo</string>
  <string name="pref_title_backupRestore">Cópia de segurança</string>
  <string name="pref_title_backupAllSettings">Copiar todas as definições</string>
  <string name="pref_title_restoreAllSettings">Restaurar todas as definições</string>
  <string name="pref_title_restoreDefaultSettings">Restaurar definições padrão</string>
  <string name="menu_newTitle">Novo título</string>
  <string name="enterAName">Digite um nome</string>
  <string name="pref_title_t9Search">Definições de pesquisa T9</string>
  <string name="menu_createEvent">Criar compromisso</string>
  <string name="titlesList">Títulos</string>
  <string name="eventsList">Eventos</string>
  <string name="pref_title_showInContactList">Itens a mostrar</string>
  <string name="pref_title_registrationStates">Estado: %s</string>
  <string name="registered">Registada</string>
  <string name="unregistered">Não registada</string>
  <string name="pref_title_registration">Registo</string>
  <string-array name="pref_entries_dialerPadTone">
    <item>Tom DTMF</item>
    <item>Click Tone</item>
    <item>OFF</item>
  </string-array>
  <string name="pref_title_supportForum">Fórum de ajuda</string>
  <string name="pref_title_textColor">Cor do texto</string>
  <string name="historyList">Histórico</string>
  <!-- 	<string name="pref_title_backgroundImage">Background image</string> -->
  <!-- 	<string name="pref_summary_backgroundImageEn">If you use background image, the background color can be used simultaneously as color filter</string> -->
  <!-- 	quick jump to alphabetic listcreate new contact -->
  <string-array name="pref_entries_hideTab">
    <item>Ligado</item>
    <item>Desligado</item>
    <item>Auto</item>
  </string-array>
  <string name="pref_title_smsSignature">Assinatura para SMS/MMS</string>
  <!-- 2.0.7 -->
  <string-array name="pref_entries_quickJumpAlignment">
    <item>Cima</item>
    <item>Centro</item>
    <item>Baixo</item>
  </string-array>
  <string name="menu_gridView">Grelha</string>
  <string name="menu_listView">Lista</string>
  <string name="pref_title_gridViewSettings">definições da vista em grelha</string>
  <string name="pref_title_gridViewSize">Tamanho da grelha</string>
  <string name="toast_saveFailed">Erro ao guardar!</string>
  <string name="toast_saveSuccessfully">Guardado com sucesso em: %s</string>
  <string name="callConfirm">Confirmação de marcação</string>
  <!-- It is an option to set a time for the control [Dialing confirmation] dialog.
     At the end of the counter automatically close [Dialing confirmation] dialog. -->
  <string name="download">Transferir</string>
  <string name="menu_quickDial">Ligação rápida</string>
  <string name="enable">Ativar</string>
  <string name="allIncomingCalls">Todas as chamadas recebidas</string>
  <string name="anonymousIncomingCalls">Chamadas anónimas recebidas</string>
  <string name="automaticGroups">Grupos automáticos</string>
  <string name="pref_title_dialPrefix">Prefixo de marcação</string>
  <string name="pref_title_dialSuffix">Sufixo de marcação</string>
  <string name="callFilterAction">Ação</string>
  <string-array name="callFilterActions">
    <item>Intercetar</item>
    <item>Permite</item>
    <item>Silence</item>
  </string-array>
  <string name="callFilterType">Tipo de filtro</string>
  <string-array name="callFilterTypes">
    <item>Filtro de grupo</item>
    <item>Filtro de número</item>
    <item>Recently contacted phone number</item>
  </string-array>
  <string name="ruleEditor">Editor de regras</string>
  <string name="label">Etiqueta</string>
  <string name="numberFilterExplain">* = qualquer linha, ? = qualquer carácter</string>
  <string name="effectiveTimeOfTheRule">Atividade de %1$s para %2$s</string>
  <string name="menu_viewRelatedContacts">Ver contactos relacionados</string>
  <string name="title_selectNumbers">Escolha os números</string>
  <string name="title_selectEmailAddresses">Escolha os endereços eletrónicos</string>
  <!-- 2.1.1 -->
  <!-- Header that expands to list all of the types of settings -->
  <!-- 联系人详细信息 -->
  <string name="detailsList">Detalhes</string>
  <string name="loading">A carregar</string>
  <string name="pref_title_displayWhenDialing">Mostrar ao marcar</string>
  <string name="label_customField">Campos personalizados</string>
  <string name="appwidget_titleText">Título</string>
  <!-- Call Statistics -->
  <string name="call_type_incoming">Recebidas</string>
  <string name="call_type_outgoing">Efetuadas</string>
  <string name="call_type_missed">Perdidas</string>
  <string name="call_type_all">Todas</string>
  <string name="call_duration">Duração</string>
  <string name="call_statistics_time_thisMonth">Este mês</string>
  <string name="call_statistics_time_all">Sempre</string>
  <string name="error_report">Relatório de erro</string>
  <string name="contact_pictures">Imagens dos contactos</string>
  <string-array name="pref_entries_showInTheSidebar">
    <item>Grupos</item>
    <item>Organizações</item>
    <item>Títulos</item>
  </string-array>
  <!-- 	<string name="hour">Hour</string> -->
  <!-- 	选中的邮件地址已经复制到剪贴板。您可以将它粘贴到邮件程序的地址字段 -->
  <!-- 	由于数据库的更新。还原数据可能导致组铃声、组图片和防火墙工作不正常。请检查它们在恢复数据后。 -->
  <!-- 	注意这不会备份联系人数据库。 -->
  <string name="close">Fechar</string>
  <string name="minimize">Minimizar</string>
  <!-- An option in the event notification settings, open it automatically sends the blessing SMS comes in contact events. -->
  <!-- 	注意发送消息时您不会得到通知，发送时间为事件当天的[通知时间]。 -->
  <!-- Prompt message before you delete a call log. -->
  <!--
    Dispaly in [In call Widget]
    Example:
    The last contact time: 5 days ago。 -->
  <!-- 	Show contacts filter Details Grp = Group; Com = Company; Tit = Title -->
  <!-- 	显示在联系人组编辑器，为编辑的组设置父组 -->
  <!-- 	启用滑动拨号等等，关闭它以便使用滑动切换号码。 -->
  <!-- Click Open browser to select files or other data -->
  <!-- 	A menu item is used to select mode grouping contacts. -->
  <!-- A number label, recently contacted number，It shows in the contact details SMS TAB. Number selection drop-down list. For example: Recent:12345678 -->
  <!-- 	检测到您正使用屏幕阅读程序。是否显示“电话号码选择对话框”在拨号前？ -->
  <!-- 	选择[确定]，“通话中小部件”将不会再次显示。 -->
  <!-- 	如果SIM卡编号显示不正确，请先通过两个SIM卡各拨打一个电话，然后点击[重新检测]按钮。 -->
  <!-- 	重新检测 -->
  <!-- 	检测已完成 -->
  <!-- 	如果双卡功能不工作在您的设备。请尝试选择设备列表中的每一个设备，然后单击[拨号]按钮。当两个拨号按钮使用正确SIM卡拨号时，单击[保存]按钮。 -->
  <!-- 	 An option. When you enable the exchange of the SIM card used when making calls. When the dial buttons 1 and 2 do not correspond correct SIM card to select it. -->
  <!-- 	已添加前缀/后缀（%s） -->
  <!-- 	call using SIM card 1 -->
  <!-- 一个选项，当打开备注会优先保存到联系人，而不是通话记录备注 -->
  <!-- 读出来电显示号码 -->
  <!-- 搜索历史记录 - 一个开关确定是否显示搜索历史记录 -->
  <!-- 	您好，试用期限将结束在5天后。现在要购买吗？ -->
  <!-- A menu, click the call methods available to display. For example: SIM card 2; Video call; Skype; SIP -->
  <!-- Automatic redial after 3 seconds. -->
  <!-- Enter "Arrange mode", you can drag to sort items. -->
  <!-- An option to choose what to hide in the contact details -->
  <!-- An alert message when adding a shortcut to the HomePage request has been sent. -->
  <!-- OPTION: When you restart the app. Restore the state when last used. -->
  <!--     <string name="description">Description</string> -->
  <!--     <string name="menu_add_link">Add link</string> -->
  <!-- Menu item used to add custom field to contact -->
  <!-- An automatic group name, which contains all has photo contacts -->
  <!-- Selectable menu item used to controls whether display "contacts events" in the "agenda list". -->
  <!-- An option to define accent color. The color applied to framework controls in their activated (ex. checked) state. -->
  <!-- An option to define whether the appointment is created automatically send the invitation email.-->
  <!-- An option to define whether the appointment is created automatically send the invitation email.-->
  <!-- An option to define whether use circle icon.-->
  <!-- Determined by the theme -->
  <!-- An option to define color -->
  <!-- An option to define whether use colorful icon.-->
  <!-- Select this option to Reduce the ring volume when reading the caller information. -->
  <!-- Select this option to Reduce the ring volume when reading the caller information. -->
  <!-- Menu item used to Go to the "Calendar" App -->
  <!-- Menu item used to add selected item to the Tab bar -->
  <!-- Menu item used to remove selected item from the Tab bar -->
  <!-- Menu item used to browse and restore data -->
  <!-- Menu item used to open [Backup Manager] -->
  <!-- A contact group option. Open it will automatically delete call logs, contacts belong to this group. -->
  <!-- An option to control whether to display the contact's local time -->
  <!-- An option -->
  <!-- An option summary -->
  <!-- An option in the dialog box to delete call records. Controls whether delete call log notes -->
  <!-- Label above username EditText -->
  <!-- Button to sign in after entering username and password -->
  <!-- "By number" merge call records, etc. -->
  <!-- "By contact" merge call records, etc. -->
  <!-- An option to control whether to display the message log in History -->
  <!-- Menu item used to add data (E-mail address, etc.)  to contacts -->
  <!-- An option When you open it will maintain a fixed height In call widget. -->
  <!-- ****************************** Descriptions *********************************** -->
  <!--
         String describing the Keyboard switch ImageButton
         Used by AccessibilityService to announce the purpose of the button.
         [CHAR LIMIT=NONE]
    -->
  <!-- String describing the text for photo of a item(group, title, company，etc.). -->
  <!--An option. When opened, will use list long press menu.-->
  <!--An option in Accessibility. When opened, Enter the number need to double click to confirm.-->
  <!--A item of list, control information needs to be displayed in the "In call widget"-->
  <!--An option title in [Contact Details]. When opened, Will merge items,When just labels different.-->
  <!--An option summary in [Contact Details]. When opened, Will merge items,When just labels different.-->
  <!-- Notification message when adding a number to the blacklist, but the call filter did not open. -->
  <!--An option title in [Events]. Define which events need to display. It filter events based on contact groups-->
  <!--An option title in [Color schemes]. Used to define the "List section" Text Size -->
  <!--An option. When open: The starred contacts are displayed at the top of the list. -->
</resources>
