<?xml version="1.0" encoding="utf-8"?>
<!--Generated by crowdin.net-->
<resources>
  <string name="label_ringtone">Zvana tonis</string>
  <string name="default_ringtone">Standarta</string>
  <string name="menu_sendEmail">Sūtīt e-pasta vēstuli</string>
  <string name="showFilterPhones">Tikai kontakti ar tālruņiem</string>
  <string name="showFilterPhonesDescrip">Rādīt tikai kontaktus ar tālruņa numuriem</string>
  <string name="headerContactGroups">Izvēlēties rādāmos kontaktus</string>
</resources>
