<?xml version="1.0" encoding="utf-8" standalone="no"?>
<!--Generated by crowdin.com-->
<resources xmlns:xliff="urn:oasis:names:tc:xliff:document:1.2">
  <string name="app_name">DW Kontakti &amp; Tālrunis</string>
  <string name="app_contacts_name">DW kontakti</string>
  <string name="starred">Ar zvaigzni</string>
  <string name="coworkers">Kolēģi</string>
  <string name="family">Ģimene</string>
  <string name="friends">Draugi</string>
  <string name="myContacts">Mani kontakti</string>
  <string name="no_item_to_display">Nav rādāmu vienumu</string>
  <string name="allContact">Visi kontakti</string>
  <string name="no_phone_numbers">Nav tālruņu numuru</string>
  <string name="menu_edit">Rediģēt</string>
  <string name="menu_edit_group">Rediģēt grupu</string>
  <string name="menu_add_contact_to_group">Pievienot kontaktu grupai</string>
  <string name="menu_remove_contact_from_group">Dzēst kontaktu no grupas</string>
  <string name="groupNameLabel">Grupas nosaukums</string>
  <string name="add">Pievienot</string>
  <string name="message_del_system_group">Šis ir sistēmas kontaktu grupa. Pēc tās izdzēšanas, tā var automātiski atjaunoties, kas var radīt citas problēmas. Vai tiešām vēlaties to darīt?</string>
  <string name="menu_select_mode">Izvēlēties vairākus</string>
  <string name="menu_inverse_select">Apgrieztais</string>
  <!--<string name="noContact">This group has no contact</string> -->
  <string name="pleaseWait">Lūdzu, uzgaidiet</string>
  <string name="pref_send_title">SMS &amp; e-pasta iestatījumi</string>
  <string name="pref_title_sms_mms_send">SMS/MMS</string>
  <string name="pref_title_email_send">E-pasts</string>
  <string name="pref_send_to">Nosūtīt %s</string>
  <!--Recipients location -->
  <string name="pref_title_recipients_location">Saņēmēja anonimitāte</string>
  <string name="pref_recipients_location_summary">Visas adreses būs laukā %s</string>
  <string name="menu_preferences">Iestatījumi</string>
  <string name="preferences_title">Iestatījumi</string>
  <string name="error_report_email_explain">Mums ir žēl, bet ir radusies kļūda. Jūs varat palīdzēt mums uzlabot šo programmatūru, nosūtot ziņojumu, kurā ir ietverts kļūdu ziņojums un daža sistēmas informācija. Konfidencialitāti tiks ievērota.</string>
  <string name="no_contact_selected">Nav atlasīts kontakts</string>
  <!--Firewall -->
  <string name="firewell_add_item">Pievienot zvanu filtru</string>
  <string name="lable_week">Darba dienās</string>
  <string name="select_group_title">Atlasiet grupu</string>
  <!-- %s = call number-->
  <string name="call_blocking_message">%s tika bloķēts</string>
  <string name="pref_firewall_title">Zvanu filtra iestatījumi</string>
  <string name="pref_title_firewall_enable">Ieslēgt zvanu filtru</string>
  <string name="firewall_service_started">Zvanu filtra pakalpojuma sākšana</string>
  <string name="firewall_state_label">DW zvanu filtrs</string>
  <!-- The status bar at the top of the screen display a notification message. -->
  <!-- Gmail the default, including the group. (Starred, Coworkers, Family, Friends, My Contacts) -->
  <!-- It shows the contact event to the present time. -->
  <!-- According to user feedback that I might in the new version, use it again. -->
  <!-- For example, Tablet PC does not support sending text messages. However, click the SMS icon.
    I will call the SMS program. The system will report an exception. Then display this prompt. -->
  <!--pref default view -->
  <!--pref show auto groups -->
  <string name="fast_scroll_numeric_alphabet">\u00200123456789ABCDEFGHIJKLMNOPQRSTUVWXYZ</string>
  <!-- Because the different SMS programs. When I provide a phone number to the SMS program,
    some require the use of a semicolon to separate the numbers, and some require a comma. Therefore, this option provides. -->
  <string name="sms_compatibility_mode_title">SMS/MMS nosūtīšanas režīms</string>
  <string name="sms_compatibility_mode_summary">Izvēlieties šo, ja jūsu "SMS programma" nepareizi attēlo saņemtos telefona numurus. Piemēram: XT800</string>
  <string name="menu_sort_hide">Kārtot &amp; Paslēpt</string>
  <string name="menu_sort_alphabetically">Alfabētiskā secībā</string>
  <string name="pref_in_call_widget_title">Zvanu ekrānrīks</string>
  <string name="pref_help_title">Palīdzība</string>
  <string name="pref_online_help_title">Tiešsaistes palīdzība</string>
  <string name="menu_cancel_send_to_voicemail">Atbloķēt zvanus no norādītiem kontaktiem</string>
  <string name="pref_feedback_title">Atsauksmes pa e-pastu</string>
  <string name="pref_about_title">Par</string>
  <string name="version">Versija</string>
  <string name="pref_name_display_order_summary">Mainīt vārdu attēlošanas secību. Tas var ietekmēt attēlošanas ātrumu.</string>
  <string name="pref_contacts_account_title">Konta dati</string>
  <string name="pref_contacts_account_summary">Rādīt kontaktus no: %s</string>
  <string name="all_account">Visi konti</string>
  <string name="pref_show_account_name_title">Parādīt konta nosaukumu</string>
  <string name="pref_show_account_name_summary">Parādīt kontu nosaukumus zem grupu nosaukumiem.</string>
  <string name="select_account">Atlasiet kontu</string>
  <string name="pref_register_code_title">Ievadiet reģistrācijas kodu</string>
  <string name="pref_register_code_summary">Jums jāievada reģistrācijas kods (interneta pieslēgums nav nepieciešams), kuru jūs saņēmāt maksājuma apstiprinājuma e-pastā</string>
  <!-- A setting item, click it to open, buy the software license key dialog box. -->
  <string name="pref_get_register_code_title">Pirkt reģistrēto versiju</string>
  <string name="pref_get_register_code_summary">
Lūdzu reģistrēt mūsu aplikāciju, lai izmantotu pilnu funkcionalitāti. Mums vajag jūsu ziedojumus, lai atbalstītu ilgtspējīgu attīstību šai programmatūru.</string>
  <string name="buying_tips">
Šeit jums ir 2 iespējas (funkcionalitāte vienāda): Jūs varat reģistrēt pēc savas ierīces sērijas numura (Paypal vai kredītkarti) vai arī izmantojot savu google kontu (Google Play - uzstādot Pro versija)</string>
  <string name="menu_delete_all">Dzēst visu</string>
  <!-- Menu title the user can use for trying to resend a message. -->
  <string name="menu_retry_sending">Sūtīt vēlreiz</string>
  <string name="message">Ziņa</string>
  <string name="failed">Neizdevās</string>
  <string name="queued">Rindā iekļautais</string>
  <string name="outbox">Izsūtne</string>
  <string name="sent">Nosūtīts</string>
  <string name="auto_replace_to_name">Automātiski aizstāt "???" ar kontakta pilno vārdu; "??F" ar uzvārdu; "??G" ar doto vārdu; "??N" ar iesauku.</string>
  <string name="example_message">Labdien, ???</string>
  <string name="sms_preview">Priekšskatījums:</string>
  <string name="message_send_state_successfully">Veiksmīgi nosūtīts.</string>
  <string name="message_send_state_failed">Neizdevās nosūtīt.</string>
  <string name="message_send_unknown_error">Nezināma kļūda. %d ziņojums netika nosūtīts.</string>
  <string name="message_send_no_signal">Nav signāla vai lidmašīnas režīms ir aktīvs. %d ziņojums netika nosūtīts.</string>
  <string name="message_send_successfully">Visi ziņojumi tika veiksmīgi nosūtīti.</string>
  <string name="need_the_paid_version">Pieejams tikai maksas versijā</string>
  <!-- As a "contact group"on the phone the main screen to create a shortcut. -->
  <string name="create_shortcut">Izveidot saīsni uz mājām</string>
  <string name="menu_move_to_group">Pārvietot uz grupu</string>
  <string name="pref_tabs_title">Aktivizēt &amp; Kārtot</string>
  <string name="pref_tabs_summary">Varat aktivizēt un sakārtot, kuras cilnes izmantosiet</string>
  <!--pref theme -->
  <string name="pref_theme_title">Pamatmotīvs</string>
  <!-- Change the software interface look. -->
  <string name="pref_theme_summary">Pamatmotīva bāze</string>
  <string name="search">Meklēt</string>
  <!-- Settings screen, section heading for SMS-specific settings -->
  <!-- Settings screen, section heading for EMAIL-specific settings -->
  <!-- Settings item for boolean option to enable/disable SMS delivery reports -->
  <!-- Settings item description for boolean SMS delivery report setting -->
  <!-- CHANGED ORDER -->
  <!-- An automatic group, it shows all the contacts included telephone numbers. -->
  <!-- It shows the contact event to the present time. -->
  <!-- Not in phone book contacts. -->
  <!-- When using the "Firstname first" show name, "Firstname" and "Lastname" split between the symbols. Most language is a space. -->
  <!-- When using the "Lastname first" show name, "Firstname" and "Lastname" split between the symbols. -->
  <!-- Set the time to send text messages in the future. -->
  <!-- 	<string name="forSelectedOrgs">For selected companies</string> -->
  <!-- 	<string name="menu_editOrg">Edit company</string> -->
  <!-- 	<string name="forSelectedTitles">For selected titles</string> -->
  <!-- 	<string name="menu_editTitle">Edit title</string> -->
  <!-- Within the group "contact list" label -->
  <!-- 	<string name="pref_title_backgroundImage">Background image</string> -->
  <!-- 	<string name="pref_summary_backgroundImageEn">If you use background image, the background color can be used simultaneously as color filter</string> -->
  <!-- 	quick jump to alphabetic listcreate new contact -->
  <string name="pref_summary_dialpadToFullWidth">Ja šī funkcija ir aktivizēta, zvanītājs tiks rādīts ainavas režīmā visa ekrāna platumā (citādi labajā pusē)</string>
  <string name="pref_title_smsSignature">SMS/MMS paraksts</string>
  <!-- 2.0.7 -->
  <!-- It is an option to set a time for the control [Dialing confirmation] dialog.
     At the end of the counter automatically close [Dialing confirmation] dialog. -->
  <!-- 2.1.1 -->
  <!-- Header that expands to list all of the types of settings -->
  <!-- 联系人详细信息 -->
  <!-- Call Statistics -->
  <!-- 	<string name="hour">Hour</string> -->
  <!-- 	选中的邮件地址已经复制到剪贴板。您可以将它粘贴到邮件程序的地址字段 -->
  <!-- 	由于数据库的更新。还原数据可能导致组铃声、组图片和防火墙工作不正常。请检查它们在恢复数据后。 -->
  <!-- 	注意这不会备份联系人数据库。 -->
  <!-- An option in the event notification settings, open it automatically sends the blessing SMS comes in contact events. -->
  <!-- 	注意发送消息时您不会得到通知，发送时间为事件当天的[通知时间]。 -->
  <!-- Prompt message before you delete a call log. -->
  <!--
    Dispaly in [In call Widget]
    Example:
    The last contact time: 5 days ago。 -->
  <!-- 	Show contacts filter Details Grp = Group; Com = Company; Tit = Title -->
  <!-- 	显示在联系人组编辑器，为编辑的组设置父组 -->
  <!-- 	启用滑动拨号等等，关闭它以便使用滑动切换号码。 -->
  <!-- Click Open browser to select files or other data -->
  <!-- 	A menu item is used to select mode grouping contacts. -->
  <!-- A number label, recently contacted number，It shows in the contact details SMS TAB. Number selection drop-down list. For example: Recent:12345678 -->
  <!-- 	检测到您正使用屏幕阅读程序。是否显示“电话号码选择对话框”在拨号前？ -->
  <!-- 	选择[确定]，“通话中小部件”将不会再次显示。 -->
  <!-- 	如果SIM卡编号显示不正确，请先通过两个SIM卡各拨打一个电话，然后点击[重新检测]按钮。 -->
  <!-- 	重新检测 -->
  <!-- 	检测已完成 -->
  <!-- 	如果双卡功能不工作在您的设备。请尝试选择设备列表中的每一个设备，然后单击[拨号]按钮。当两个拨号按钮使用正确SIM卡拨号时，单击[保存]按钮。 -->
  <!-- 	 An option. When you enable the exchange of the SIM card used when making calls. When the dial buttons 1 and 2 do not correspond correct SIM card to select it. -->
  <!-- 	已添加前缀/后缀（%s） -->
  <!-- 	call using SIM card 1 -->
  <!-- 一个选项，当打开备注会优先保存到联系人，而不是通话记录备注 -->
  <!-- 读出来电显示号码 -->
  <!-- 搜索历史记录 - 一个开关确定是否显示搜索历史记录 -->
  <!-- 	您好，试用期限将结束在5天后。现在要购买吗？ -->
  <!-- A menu, click the call methods available to display. For example: SIM card 2; Video call; Skype; SIP -->
  <!-- Automatic redial after 3 seconds. -->
  <!-- Enter "Arrange mode", you can drag to sort items. -->
  <!-- An option to choose what to hide in the contact details -->
  <!-- An alert message when adding a shortcut to the HomePage request has been sent. -->
  <!-- OPTION: When you restart the app. Restore the state when last used. -->
  <!--     <string name="description">Description</string> -->
  <!--     <string name="menu_add_link">Add link</string> -->
  <!-- Menu item used to add custom field to contact -->
  <!-- An automatic group name, which contains all has photo contacts -->
  <!-- Selectable menu item used to controls whether display "contacts events" in the "agenda list". -->
  <!-- An option to define accent color. The color applied to framework controls in their activated (ex. checked) state. -->
  <!-- An option to define whether the appointment is created automatically send the invitation email.-->
  <!-- An option to define whether the appointment is created automatically send the invitation email.-->
  <!-- An option to define whether use circle icon.-->
  <!-- Determined by the theme -->
  <!-- An option to define color -->
  <!-- An option to define whether use colorful icon.-->
  <!-- Select this option to Reduce the ring volume when reading the caller information. -->
  <!-- Select this option to Reduce the ring volume when reading the caller information. -->
  <!-- Menu item used to Go to the "Calendar" App -->
  <!-- Menu item used to add selected item to the Tab bar -->
  <!-- Menu item used to remove selected item from the Tab bar -->
  <!-- Menu item used to browse and restore data -->
  <!-- Menu item used to open [Backup Manager] -->
  <!-- A contact group option. Open it will automatically delete call logs, contacts belong to this group. -->
  <!-- An option to control whether to display the contact's local time -->
  <!-- An option -->
  <!-- An option summary -->
  <!-- An option in the dialog box to delete call records. Controls whether delete call log notes -->
  <!-- Label above username EditText -->
  <!-- Button to sign in after entering username and password -->
  <!-- "By number" merge call records, etc. -->
  <!-- "By contact" merge call records, etc. -->
  <!-- An option to control whether to display the message log in History -->
  <!-- Menu item used to add data (E-mail address, etc.)  to contacts -->
  <!-- An option When you open it will maintain a fixed height In call widget. -->
  <!-- ****************************** Descriptions *********************************** -->
  <!--
         String describing the Keyboard switch ImageButton
         Used by AccessibilityService to announce the purpose of the button.
         [CHAR LIMIT=NONE]
    -->
  <!-- String describing the text for photo of a item(group, title, company，etc.). -->
  <!--An option. When opened, will use list long press menu.-->
  <!--An option in Accessibility. When opened, Enter the number need to double click to confirm.-->
  <!--A item of list, control information needs to be displayed in the "In call widget"-->
  <!--An option title in [Contact Details]. When opened, Will merge items,When just labels different.-->
  <!--An option summary in [Contact Details]. When opened, Will merge items,When just labels different.-->
  <!-- Notification message when adding a number to the blacklist, but the call filter did not open. -->
  <!--An option title in [Events]. Define which events need to display. It filter events based on contact groups-->
  <!--An option title in [Color schemes]. Used to define the "List section" Text Size -->
  <!--An option. When open: The starred contacts are displayed at the top of the list. -->
</resources>
