<?xml version="1.0" encoding="utf-8"?>
<!--Generated by crowdin.net-->
<resources>
  <string-array name="t9_search">
    <item>0+</item>
    <item>1\'.,</item>
    <item>2AĀBCČ</item>
    <item>3DEĒF</item>
    <item>4GĢHIĪ</item>
    <item>5JKĶLĻ</item>
    <item>6MNŅO</item>
    <item>7PQRSŠ</item>
    <item>8TUŪV</item>
    <item>9WXYZŽ</item>
  </string-array>
  <string-array name="t9_keyboard">
    <item>+</item>
    <item>\'.,</item>
    <item>AĀBCČ</item>
    <item>DEĒF</item>
    <item>GĢHIĪ</item>
    <item>JKĶLĻ</item>
    <item>MNŅO</item>
    <item>PQRSŠ</item>
    <item>TUŪV</item>
    <item>WXYZŽ</item>
  </string-array>
</resources>
