<?xml version="1.0" encoding="utf-8" standalone="no"?>
<!--Generated by crowdin.com-->
<resources xmlns:xliff="urn:oasis:names:tc:xliff:document:1.2">
  <string name="app_name">DW Contacts &amp; Phone</string>
  <string name="app_contacts_name">DW אנשי קשר של</string>
  <string name="starred">עם כוכב</string>
  <string name="coworkers">עמיתים לעבודה</string>
  <string name="family">משפחה</string>
  <string name="friends">חברים</string>
  <string name="myContacts">אנשי הקשר שלי</string>
  <string name="mergedContacts">אנשי קשר שמוזגו.</string>
  <string name="no_item_to_display">אין פריטים להציג</string>
  <string name="allContact">כל אנשי הקשר</string>
  <string name="no_phone_numbers">אין מספרי טלפון</string>
  <string name="menu_edit">ערוך</string>
  <string name="menu_edit_group">עריכת קבוצה</string>
  <string name="menu_add_contact_to_group">הוסף אנשי קשר לקבוצה</string>
  <string name="menu_remove_contact_from_group">הסרת אנשי קשר מהקבוצה</string>
  <string name="groupNameLabel">שם הקבוצה</string>
  <string name="add">הוספה</string>
  <string name="message_del_system_group">קבוצה זו היא קבוצת מערכת. לאחר ההסרה, קבוצה זו עשויה להבנות מחדש באופן אוטומטי אשר עשוי ליצור בעיות אחרות. האם אתה בטוח שאתה רוצה לעשות את זה?</string>
  <string name="menu_select_mode">בחירה מרובה</string>
  <string name="menu_inverse_select">הפוך</string>
  <!--<string name="noContact">This group has no contact</string> -->
  <string name="pleaseWait">אנא המתן</string>
  <string name="pref_send_title">SMS &amp; Email הגדרות</string>
  <string name="pref_title_sms_mms_send">SMS/MMS</string>
  <string name="pref_title_email_send">דוא"ל</string>
  <string name="pref_send_to">לשלוח ל- %s</string>
  <string-array name="prefEntries_sms_mms_to">
    <item>ברירת מחדל או מספר טלפון נייד ראשון</item>
    <item>כל מספרי טלפון נייד</item>
    <item>כל המספרים</item>
  </string-array>
  <string-array name="prefEntries_email_to">
    <item>כתובת דוא"ל ברירת מחדל</item>
    <item>כל כתובות דואל</item>
  </string-array>
  <!--Recipients location -->
  <string name="pref_title_recipients_location">נמען אנונימי</string>
  <string name="pref_recipients_location_summary">כל כתובות תהינה בשדה %s</string>
  <string-array name="pref_entries_recipients_location">
    <item>BCC עותק מוסתר</item>
    <item>CC עותק</item>
    <item>אל</item>
  </string-array>
  <string name="menu_preferences">הגדרות</string>
  <string name="preferences_title">הגדרות</string>
  <string name="error_report_email_explain">אנו מצטערים, אירעה שגיאה. אתה יכול לעזור לנו להפוך את תוכנה זו טובה יותר על-ידי שליחת דוח כולל הודעות שגיאה ומידע מערכת מסוימים. הפרטיות שלך תכובד. תודה</string>
  <string name="no_contact_selected">אין איש קשר שנבחר</string>
  <!--Firewall -->
  <string name="firewell_add_item">הוספת מסנן שיחה</string>
  <string name="lable_week">ימי השבוע</string>
  <string name="select_group_title">בחר קבוצה</string>
  <!-- %s = call number-->
  <string name="call_blocking_message">%s נחסם</string>
  <string name="stat_notify_incoming_calls_were_intercepted">%d שיחות התקבלו</string>
  <string name="pref_firewall_title">הגדרות מסנן שיחה</string>
  <string name="pref_title_firewall_enable">הפעל סינון שיחה</string>
  <string name="firewall_service_started">שירות סינון שיחות הופעל</string>
  <string name="firewall_state_label">DW סינון שיחות של</string>
  <!-- The status bar at the top of the screen display a notification message. -->
  <string name="pref_title_firewall_allways_show_stat_notify">הצגת סמל בשורת המצב</string>
  <string name="pref_firewall_allways_show_stat_notify_summary"> הצג תמיד הודעת שורת מצב</string>
  <string name="menu_week_view">תצוגת שבוע</string>
  <string name="menu_time_view">תצוגת זמן</string>
  <string name="menu_view">תצוגה</string>
  <string name="from">מאת</string>
  <string name="to">אל</string>
  <string-array name="days">
    <item>יום ראשון</item>
    <item>יום שני</item>
    <item>יום שלישי</item>
    <item>יום רביעי</item>
    <item>יום חמישי</item>
    <item>יום שישי</item>
    <item>שבת</item>
  </string-array>
  <string-array name="days_short">
    <item>ראשון</item>
    <item>שני</item>
    <item>יום שלישי</item>
    <item>רביעי</item>
    <item>ה</item>
    <item>שישי</item>
    <item>שבת</item>
  </string-array>
  <string name="firewall_label">סינון שיחות</string>
  <string name="everyday">כל יום</string>
  <string name="never">אף פעם</string>
  <string name="search_hint">יש להקליד כדי להתחיל לחפש</string>
  <string name="pref_title_display_system_group">הצגת קבוצות מערכת</string>
  <!-- Gmail the default, including the group. (Starred, Coworkers, Family, Friends, My Contacts) -->
  <string name="pref_display_system_group_summary">הצג קבוצת מערכת</string>
  <string name="pref_title_merge_same_name_group">מיזוג קבוצות</string>
  <string name="pref_merge_same_name_group_summary">מיזוג קבוצות בשם דומה</string>
  <string name="pref_font_size_title">גודל גופן שורה ראשונה</string>
  <string name="pref_font_size_summary">גודל: %s</string>
  <string name="removePicture">הסר תמונה</string>
  <string name="changePicture">שנה תמונה</string>
  <string name="attachToGroup">תמונת הקבוצה</string>
  <string name="use_photo_as_primary">השתמש בתמונה זו</string>
  <string name="photoPickerNotFoundText">בוחר תמונה לא נמצא</string>
  <string name="SMS">SMS-סמס</string>
  <string name="Email">דוא"ל</string>
  <string name="_null">""</string>
  <!-- It shows the contact event to the present time. -->
  <string name="days_after">בעוד- %d ימים</string>
  <string name="months_after">בעוד %d חודשים</string>
  <string name="days_ago">לפני %d ימים</string>
  <string name="months_ago">לפני %d חודשים</string>
  <string name="today">היום</string>
  <string name="show_group_icon">הצגת תמונת הקבוצה</string>
  <string name="show_group_icon_summary">הצג סמל  לכל קבוצה</string>
  <string name="using_system_sms_program">SMS השתמש בתוכנית ברירת המחדל של ה</string>
  <!-- According to user feedback that I might in the new version, use it again. -->
  <string name="using_system_sms_program_summary">SMS בטת את האפשרות שהתוכנה תשלח</string>
  <string name="recipients_limit">מגבלת מספר הנמענים</string>
  <string name="recipients_limit_summary">כאשר מספר הנמענים גדול יותר מערך זה, לשלוח בקבוצות באופן אוטומטי</string>
  <string name="send">שלח</string>
  <string name="confirm_send_message">"?להמשיך לשלוח הודעות אל אנשי הקשר הנותרים"</string>
  <!-- For example, Tablet PC does not support sending text messages. However, click the SMS icon.
    I will call the SMS program. The system will report an exception. Then display this prompt. -->
  <string name="system_does_not_support">המערכת אינה תומכת!</string>
  <string name="ungrouped_contacts">אנשי קשר ללא קבוצה</string>
  <string name="multipleContactsDeleteConfirmation">אנשי הקשר הנבחרים יימחקו.</string>
  <!--pref default view -->
  <string name="pref_title_default_view">לשונית ברירת מחדל</string>
  <string name="pref_default_view_summary">הכרטיסיה ברירת המחדל בעת האתחול: %s</string>
  <!--pref show auto groups -->
  <string name="pref_title_display_auto_group">הצג קבוצות אוטומטיות</string>
  <string name="pref_display_auto_group_summary">כולל את \"כל אניש הקשר"
 וגם את אלה שלא בקבוצה</string>
  <string name="label_hide">הסתר</string>
  <string name="hide_group_summary">אל תציג קבוצה זו</string>
  <string name="fast_scroll_alphabet">\u0020אבגדהוזחטיכלמנסעפצקרשת</string>
  <string name="fast_scroll_numeric_alphabet">\u00200123456789אבגדהוזחטיכלמנסעפצקרשת</string>
  <!-- Because the different SMS programs. When I provide a phone number to the SMS program,
    some require the use of a semicolon to separate the numbers, and some require a comma. Therefore, this option provides. -->
  <string name="sms_compatibility_mode_title">SMS / MMS לשלוח מצב</string>
  <string name="sms_compatibility_mode_summary">בחר באופציה זו אם תוכנת המסרונים שלך לא עובדת עם מספרי הטלפוטן הרגילים. זה קורה למשל ב XT800</string>
  <string name="menu_sort_hide">מיין והסתר</string>
  <string name="menu_sort_alphabetically">לפי סדר אלפביתי</string>
  <string name="pref_in_call_widget_title">יישומון שיחה</string>
  <string name="pref_help_title">עזרה</string>
  <string name="pref_online_help_title">עזרה מקוונת</string>
  <string name="menu_cancel_send_to_voicemail">חסום שיחות מאנשי הקשר המוצגים</string>
  <string name="pref_feedback_title">משוב בדוא"ל</string>
  <string name="pref_about_title">אודות</string>
  <string name="version">גרסה</string>
  <string name="pref_name_display_order_summary">שנה את סדר המיון של שם תצוגה. זה יכול להשפיע על מהירות התצוגה.</string>
  <string name="pref_contacts_account_title">נתוני החשבון</string>
  <string name="pref_contacts_account_summary">%s:הצג אנשי קשר מ</string>
  <string name="all_account">כל החשבונות</string>
  <string name="pref_show_account_name_title">הצג את שם החשבון</string>
  <string name="pref_show_account_name_summary">הצג שמות חשבונות מתחת לשמות הקבוצות.</string>
  <string name="select_account">בחר חשבון</string>
  <string name="pref_register_code_title">הזן קוד רישום</string>
  <string name="pref_register_code_summary">עליך להריד את קוד הרישום שקיבלת במייל</string>
  <!-- A setting item, click it to open, buy the software license key dialog box. -->
  <string name="pref_get_register_code_title">רכישת הגירסה שבתשלום</string>
  <string name="pref_get_register_code_summary">אנא הרשם וגרסה המלאה. אנו זקוקים לתרומתך הכספית כדי שנוכל להמשיך ולפתח מוצר נהדר זה</string>
  <string name="buying_tips">ניתן לרשום את המכשיר לפי מספרו הסידורי על ידי תשלום בפייפאל או בכרטיס אשראי, או לרשום אותו לחשבון הגוגל שלך ולשלם גרך הגוגל פליי</string>
  <string-array name="purchase_channels">
    <item>חנות גוגל</item>
    <item>PayPal או כרטיס אשראי</item>
    <item>המלץ לחברים</item>
  </string-array>
  <string-array name="purchase_channels_summary">
    <item>רישום התוכנה לפי החשבון שלך בגוגל.
יש לרכוש את גירסת הפרו בחנות של גוגל , להתקיה ולהסיר את הגרסה החינמית</item>
    <item>%s : רשום את התוכנה למספר הסידורי שלל המכשיר
לאחר התשלום יתקבל אצלך מייל עם קוד הרישום
מיד אחרכך, בדוק את הרישום על ידי הקלקה בודדת על כפתור הרישום המקוון</item>
    <item>לקבל קוד הרשמה חינם</item>
  </string-array>
  <string name="menu_delete_all">מחק את כל</string>
  <!-- Menu title the user can use for trying to resend a message. -->
  <string name="menu_retry_sending">נסה שוב לשלוח</string>
  <string name="message">הודעה</string>
  <string name="failed">נכשל</string>
  <string name="queued">בתוך תור</string>
  <string name="outbox">תיבת דואר יוצא</string>
  <string name="sent">שנשלחו</string>
  <string name="auto_replace_to_name">החלף אוטומטית "???" עם שמו המלא של איש הקשר; "??F" עם שם משפחה; "??G" עם הפרטי ; "??N" עם הכינוי.</string>
  <string name="example_message">שלום???</string>
  <string name="sms_preview">תצוגה מקדימה:</string>
  <string name="message_send_state_successfully">נשלח בהצלחה.</string>
  <string name="message_send_state_failed">שליחה נכשלה.</string>
  <string name="message_send_unknown_error">שגיאה לא ידועה. %d ההודעה לא נשלחה.</string>
  <string name="message_send_no_signal">אין אות, או מצב מטוס פעיל.  ההודעה %d לא נשלחה.</string>
  <string name="message_send_successfully">כל ההודעות שנשלחו בהצלחה.</string>
  <string name="need_the_paid_version">זמין רק בגירסה בתשלום</string>
  <!-- As a "contact group"on the phone the main screen to create a shortcut. -->
  <string name="create_shortcut">צור קיצור דרך אל דף הבית</string>
  <string name="menu_move_to_group">העבר לקבוצה</string>
  <string name="pref_tabs_title">מיין והפעל</string>
  <string name="pref_tabs_summary">באפשרותך להפעיל ולמיין, באילו כרטיסיות ניתן להשתמש</string>
  <!--pref theme -->
  <string name="pref_theme_title">ערכת נושא התחלתית</string>
  <!-- Change the software interface look. -->
  <string name="pref_theme_summary">בחר את ערכת נושא בסיס</string>
  <string name="search">חיפוש</string>
  <string name="pref_services_title">הגדרות שירות רקע</string>
  <!-- Settings screen, section heading for SMS-specific settings -->
  <string name="pref_sms_settings_title">"הודעת טקסט (SMS) הגדרות"</string>
  <!-- Settings screen, section heading for EMAIL-specific settings -->
  <string name="pref_email_settings_title">"הגדרות דואר אלקטרוני"</string>
  <!-- Settings item for boolean option to enable/disable SMS delivery reports -->
  <string name="pref_title_sms_delivery_reports">דוחות מסירה</string>
  <!-- Settings item description for boolean SMS delivery report setting -->
  <string name="pref_summary_sms_delivery_reports">בקש דוח מסירה עבור כל הודעה.</string>
  <string name="pref_contact_sort_order_title">מיין רשימה לפי</string>
  <string name="pref_contact_sort_order_summary">שנה את סדר המיון של רשימת אנשי קשר. זה יכול להשפיע על מהירות התצוגה.</string>
  <!-- CHANGED ORDER -->
  <string name="contact_sort_order_FamilynameAlternate">שם משפחה - חלופי</string>
  <string name="contact_sort_order_RecentContacted">אנשי קשר בשימוש לאחרונה</string>
  <string name="contact_sort_order_LongTimeNotContacted">זמן רב לא יצר קשר</string>
  <string name="contact_sort_order_CreationTime">זמן יצירה</string>
  <string name="contact_sort_order_DefaultAlternate">ברירת מחדל - חלופי</string>
  <!-- An automatic group, it shows all the contacts included telephone numbers. -->
  <string name="has_phone_number_contacts">אנשי קשר עם מספר טלפון</string>
  <string name="exit_prompt">לחץ אנטר שוב כדי לצאת.</string>
  <string name="pref_exit_prompt_title">הצג בקשה לפני יציאה</string>
  <string name="pref_exit_prompt_summary">הצג אזהרה נוספת לפני יציאה</string>
  <string name="pref_language_title">שפה</string>
  <string name="load_license_success">טעינת הרישיון מהרשת הצליחה לך</string>
  <string name="load_license_failed">טעינת הרשיון מהרשת נכשלה!</string>
  <string name="license_check_success">בדיקת הרישיון הצליחה</string>
  <string name="license_check_failed">בדיקת הרישיון נכשלה!</string>
  <string name="load_license_unregistered">טרם נרשמת</string>
  <string name="sending">שולח ...</string>
  <string name="error">שגיאה</string>
  <string name="clear_data_or_uninstall_app">נקה את הנתונים או להסיר את ההתקנה של היישום</string>
  <string name="database_update_error_message">"צר לי ! חלה שגיאה בעת עדכון מבנה מסד הנתונים. שגיאה זו התרחשה מכיוון שההרשאות לקובץ מסד הנתונים לא מתאימות. אין להתעלם מהבעיה, כי תוכנת הגיבוי לא עובדת. להלן שלוש דרכים לתיקון הבעיה. נסה אחד אחד עד לתיקון הבעיה. 1. הפעל מחדש את הטלפון; 2. נקה את נתוני היישום בממשק הניהול של המכשיר; 3. להסיר את התוכנה ולהתקינה מחדש."</string>
  <!-- It shows the contact event to the present time. -->
  <string name="one_day_after">מחר</string>
  <string name="one_month_after">בחודש הבא</string>
  <string name="one_day_ago">אתמול</string>
  <string name="one_month_ago">בחודש האחרון</string>
  <string name="menu_edit_event">עריכת אירוע עבור איש הקשר</string>
  <string name="menu_add_to_calendar">הוסף ללוח שנה</string>
  <string name="menu_delete_event">מחיקת אירוע מאיש קשר</string>
  <string name="menu_duplicate_contact">שכפל איש קשר</string>
  <string name="mes_sendSmsSystemLimit">עקב מגבלת מערכת ניתן לשלוח ב, %1$s שעות רק  %2$s סמסים. נסה בעוד כמה זמן.</string>
  <string name="sendInBatches">אצוות</string>
  <string name="sendInSingle">יחיד</string>
  <string name="sendInBatchesMessage">מספר הנמענים גדול מ- "מספר הנמענים המקסימלי" המוגדר. הזן את ההודעה בתיבת הטקסט, התחל אצוות משלוח או בחר משלוח "יחיד" ושלח אחד אחד.</string>
  <string name="pref_title_eventNotification">הגדרות דיווח אירוע</string>
  <string name="pref_title_notificationTime">זמן ההתראה</string>
  <string name="pref_title_notificationRingtone">רינגטון להודעה</string>
  <string name="pref_summary_notificationTime">מתי להודיע לך על אירועים</string>
  <string name="pref_title_notificationBeforeHappen">דיווח לפני התרחשות</string>
  <string name="pref_summary_notificationBeforeHappen">%s ימים לפני שירחש הדיווח</string>
  <string name="pref_title_notification">הודעות</string>
  <string name="pref_title_reminder">תזכורת</string>
  <string name="pref_summary_reminder">%s לפני</string>
  <string name="pref_title_ringtone">רינגטון</string>
  <string name="pref_title_alarm">אזעקה</string>
  <string name="pref_title_mergeSubgroup">מזג תת קבוצת</string>
  <string name="pref_summary_mergeSubgroup">אנשים בתת הקבוצות יוצגו גם ברבוצת האב</string>
  <string-array name="pref_entries_notificationTime">
    <item>דקה</item>
    <item>חמש דקות</item>
    <item>עשר דקות</item>
    <item>15 דקות</item>
    <item>20 דקות</item>
    <item>25 דקות</item>
    <item>30 דקות</item>
    <item>45 דקות</item>
    <item>שעה אחת</item>
    <item>שעתיים</item>
    <item>שלוש שעות</item>
    <item>12 שעות</item>
    <item>יממה</item>
    <item>יומיים</item>
    <item>שבוע אחד</item>
  </string-array>
  <!-- Not in phone book contacts. -->
  <string name="unknown_contacts">איש קשר לא מוכר</string>
  <string name="not_in_phone_book_contacts">לא ברשימת אנשי הקשר של פנקס הטלפונים.</string>
  <string name="eventNotification">הודעות על אירועים</string>
  <string name="eventNotificationMessage">"האירוע/היום הולדת של %s מגיע בקרוב."</string>
  <!-- When using the "Firstname first" show name, "Firstname" and "Lastname" split between the symbols. Most language is a space. -->
  <string name="givenNameFirstSeparator">" "</string>
  <!-- When using the "Lastname first" show name, "Firstname" and "Lastname" split between the symbols. -->
  <string name="familyNameFirstSeparator">" "</string>
  <string name="vCard">vCard</string>
  <string name="text">טקסט</string>
  <string name="pref_title_likeTheSoftware">תמוך בתוכנה שלנו בבקשה</string>
  <string name="pref_title_rating">דירוג</string>
  <string name="pref_summary_rating">תן לנו בשוק דירוג טוב.</string>
  <string name="pref_title_share">שתף</string>
  <string name="pref_summary_share">המלץ על תוכנה זו לחברים שלך</string>
  <string name="contact_group">קבוצות</string>
  <!-- Set the time to send text messages in the future. -->
  <string name="regularlySent">נשלח באופן קבוע</string>
  <string name="time">זמן</string>
  <string name="pref_title_EmailProgram">תוכנית דואר אלקטרוני</string>
  <string name="pref_summary_on_EmailProgram">השתמש בתוכנת הדוא"ל המוגדרת כברירת מחדל.</string>
  <string name="pref_summary_off_EmailProgram">תתבקש לבחור מתי לשלוח את ההודעות.</string>
  <string name="toolbox">ארגז כלים</string>
  <string name="pref_title_SMSSendInterval">מרווח בין משלוחים</string>
  <string name="pref_summary_SMSSendInterval">שלח הודעת טקסט בכל מרווח זמן קבוע (בשניות).</string>
  <string name="app_dialer_name">חייגן DW</string>
  <string name="menu_sort">סדר מיון</string>
  <string name="license_check_failed_message">"?שגיאה בבדיקת הרישיון. יש לך גישה לגוגל פליי"</string>
  <string name="menu_unselectAll">בטל בחירה של הכל</string>
  <string name="pref_title_themeCustomize">הגדרות ערכת הנושא</string>
  <string name="pref_title_backgroundColor">צבע הרקע</string>
  <string name="pref_title_backgroundColorForTitles">צבע הרקע של הכותרת</string>
  <string name="pref_title_textColorForTitles">צבע הטקסט של הכותרת</string>
  <string name="pref_title_textColorMarked">צבע טקסט מסומן</string>
  <string name="pref_title_hideTheTitle">הסתר פס כותרת</string>
  <string name="pref_title_hideTheStatusbar">﻿הסתר את שורת המצב</string>
  <string name="pref_title_hideTabLabel">הסתר תוית הכרטיסיה</string>
  <string name="pref_title_autoHideTab">הסתר סרגל הלשוניות</string>
  <string name="pref_summary_autoHideTab">אוטומטי, יסתיר את הכרטיסיות לאחר מעבר לכרטיסיה אחרת</string>
  <string name="reset">איפוס</string>
  <string name="pref_title_automaticRotation">סיבוב אוטומטי</string>
  <string name="pref_summary_automaticRotation">ניתן להפעיל או לכבות סיבוב מסך אוטומטי</string>
  <string name="menu_editNotes">ערוך הערות</string>
  <string name="addSelectedContactsToFavorites">הוסף אנשי קשר למועדפים</string>
  <string name="removeSelectedContactsFormFavorites">הסרת אנשי הקשר מהמועדפים</string>
  <string name="deleteSelectedContacts">מחיקת אנשי קשר</string>
  <string name="duplicateSelectedContacts">שכפל קשר</string>
  <string name="setGroupForSelectedContacts">הגדר קבוצה לאנשי קשר</string>
  <string name="forSelectedContacts">עבור אנשי הקשר הנבחרים</string>
  <string name="searchAnything">חפש בכל השדות</string>
  <string name="quickDialManager">מנהל החיוג המהיר</string>
  <string name="menu_shareNumber">שיתוף המספר</string>
  <string name="menu_setGroupForContact">הגדרת קבוצה עבור איש הקשר</string>
  <string name="pref_title_tabSettings">הגדרות לשונית</string>
  <string name="sendSMStoShownContacts">SMS/MMS לכל מי שרואים שלח</string>
  <string name="sendEmailtoShownContacts">שליחת דוא"ל לאנשי הקשר המוצגים</string>
  <string name="setRingtoneForShownContacts">הגדרת צלצול עבור אנשי הקשר המוצגים</string>
  <string name="pref_title_enableEventNotification">הפעלת דיווח אירוע</string>
  <string name="forSelectedGroups">עבור הקבוצות שנבחרו</string>
  <string name="menu_send_group_message">שלח SMS/MMS לקבוצה</string>
  <string name="menu_delete_group">מחיקת קבוצה</string>
  <string name="menu_deleteGroups">מחיקת קבוצות</string>
  <!-- 	<string name="forSelectedOrgs">For selected companies</string> -->
  <!-- 	<string name="menu_editOrg">Edit company</string> -->
  <!-- 	<string name="forSelectedTitles">For selected titles</string> -->
  <!-- 	<string name="menu_editTitle">Edit title</string> -->
  <string name="menu_editContactFromEvent">עריכת איש קשר מתוך האירוע</string>
  <string name="menu_focus2Today">מתמקד היום</string>
  <string name="generalDeleteConfirmation">﻿האם אתה בטוח שברצונך למחוק?</string>
  <string name="addContactTo">להוסיף איש קשר אל %s</string>
  <string name="removeContactFrom">הסרת איש קשר מתוך %s</string>
  <string name="pref_title_showTabAtTop">הצג את הכרטיסיה בחלק העליון</string>
  <!-- Within the group "contact list" label -->
  <string name="labelWithinGroupContactsList">אנשי קשר</string>
  <string name="multipleChoicePrompt">בחירה מרובה מוגבלת בגרסא החינמית ל-%d פריטים לפעולה. אם ברצונך לשלוח הודעה לקבוצה, השתמש בתפריט רשימת הקבוצות.</string>
  <string name="pref_title_dialerPadTone">צליל בעת הקשה על החייגן</string>
  <string name="recentChanges">שינויים אחרונים</string>
  <string name="more">עוד</string>
  <string name="selectAll">בחר הכל</string>
  <string name="pref_title_alwaysToDefTab">התחל תמיד עם לשונית ברירת המחדל</string>
  <string name="pref_summary_alwaysToDefTab">כפתור החיוג לפתיחת היישום עדיין פותח את לשונית ברירת המחדל</string>
  <string name="pref_title_showMostContactedBelowFavorites">הצג את האנשים שמרבים להתקשר אליהם כראשונים במועדפים</string>
  <string name="pref_title_showEventsFromToday">הצגת אירועים מהיום</string>
  <string name="pref_title_YPositionOfInfoWindow">Y מיקום חלון המידע בציר</string>
  <string name="pref_summary_YPositionOfInfoWindow">מיקום למעלה/למטה של חלון המידע.ניתן למקם זאת ישירות בזמן ששיחה נכנסת</string>
  <string name="pref_title_backupRestore">גיבוי ושיחזור</string>
  <string name="pref_title_backupAllSettings">גיבוי כל ההגדרות</string>
  <string name="pref_title_restoreAllSettings">שחזור כל ההגדרות מקובץ</string>
  <string name="pref_title_restoreDefaultSettings">שחזור הגדרות ברירת מחדל</string>
  <string name="pref_title_showMyContactsInUngrouped">התעלם מהקבוצה הראשית \"My Contacts\"</string>
  <string name="pref_title_startDialerWithoutDialerPad">התחל חייגן ללא לוח חיוג</string>
  <string name="pref_summary_showMyContactsInUngrouped">הראה אנשי קשר (הנמצאים בקבוצת אנשי הקשר שלי) תחת הקטגוריה אנשי קשר ללא קבוצה</string>
  <string name="toast_allSettingsToDefault">ההגדרות שוחזרו להגדרות ברירת המחדל.</string>
  <string name="toast_settingsBackedSuccessfully">הגדרות נשמרו ב-%s</string>
  <string name="toast_settingsBackedFailed">הגיבוי נכשל. אנא ודא כי הגדרת נתיב גיבוי חוקי.</string>
  <string name="toast_settingsRestorSuccessfully">ההגדרות שוחזרו מ %s.</string>
  <string name="toast_settingsRestorFailed">שחזור נכשל. אנא ודא כי הגדרת את הנתיב הנכון בו נשמרו ההגדרות.</string>
  <string name="menu_newOrg">ארגון חדש</string>
  <string name="menu_newTitle">כותרת חדשה</string>
  <string name="enterAName">הזן שם</string>
  <string name="pref_title_t9Search">T9 הגדרות חיפוש</string>
  <string name="pref_summary_t9Search">אלו הן אפשרויות מתקדמות הקשורות ללשונית "טלפון" ואיך חיפוש ב-T9 יעבוד שם</string>
  <string name="pref_title_matchingAnywhere">התאם מילים בכל מקום</string>
  <string name="pref_summary_matchingAnywhere">\"WTT\" ימצא את \"dW conTacTs\"</string>
  <string name="pref_title_matchingPart">התאמת חלק המדויק של המילה בביטוי</string>
  <string name="pref_summary_matchingPart">\"NTA\" ימצא את \"dw coNTActs\"</string>
  <string name="pref_title_matchingFirstLetter">התאם את האות הראשונה</string>
  <string name="pref_summary_matchingFirstLetter">\"DCO\" ימצא את \"Dw COntacts\"</string>
  <string name="pref_title_sortByDegreeOfMatch">ממוין לפי מידת ההתאמה</string>
  <string name="menu_copyToClipboard">CLIPBOARD העתק ל</string>
  <string name="menu_createEvent">יצירת פגישה</string>
  <string name="useLimitFeaturePrompt">%d פעמים נוספות תוכל להשתמש באופציה זו</string>
  <string name="pref_title_appointmentSettings">הגדרות פגישה</string>
  <string name="pref_title_defaultAppointmentText">טקסט ברירת מחדל לפגישה</string>
  <string name="pref_summary_defaultAppointmentText">הוספת טקסט, אשר יוכנס לפני הוספת שם + מספר</string>
  <string name="pref_default_defaultAppointmentText">"התקשר עם"</string>
  <string name="titlesList">כותרות</string>
  <string name="eventsList">אירועים</string>
  <string name="pref_title_showInContactList">פריטים להצגה</string>
  <string-array name="pref_entries_showInContactList">
    <item>מספרים</item>
    <item>ארגון</item>
    <item>תואר</item>
    <item>קבוצות</item>
    <item>סמל חשבון</item>
    <item>תמונת איש קשר</item>
    <item>לחצן דואר אלקטרוני</item>
    <item>SMS לחצן</item>
    <item>לחצן חיוג</item>
    <item>הערות</item>
  </string-array>
  <string name="pref_title_showNotesLines">הגבל הערות לאיקס שורות</string>
  <string name="pref_title_colorForGroups">צבע רקע - קבוצות</string>
  <string name="pref_title_colorForOrganization">צבע רקע - ארגונים</string>
  <string name="pref_title_colorForTitle">צבע רקע - כותרות</string>
  <string name="pref_title_fontSize2">גודל גופן שורה שנייה</string>
  <string name="pref_title_fontSize3">(גודל גופן (שורה 3</string>
  <string name="pref_title_useNumberSearch">חיפוש גם במספרי הטלפון</string>
  <string name="pref_summary_useNumberSearch">אם מופעל, החיפוש יעבוד גם על מספרים</string>
  <string name="noEmailAddress">אין כתובת דואר אלקטרוני</string>
  <string name="pref_title_showCallLogOnPhone">הצגת יומן שיחות בטלפון</string>
  <string name="listTotalCallHistory">Displaying %1$d calls / duration %2$s</string>
  <string name="pref_title_showContactsOnPhoneStart">הצג אנשי קשר בהתחלה</string>
  <string name="pref_summary_showContactsOnPhoneStart">אאם מאופשר מוצגים ברשימה כל אנשי הקשר</string>
  <string name="listTotalCallLog">מציג %d מספרי טלפון שונים</string>
  <string name="upcoming">עתידיים</string>
  <string name="pref_title_phoneSettings">הגדרות טלפון</string>
  <string name="pref_title_mergeCallLog">מזג יומן שיחות</string>
  <string name="pref_title_showCounterOnMergedCallLog">הצג מונה על פריטי יומן קריאה ממוזגים</string>
  <string name="pref_summary_showCounterOnMergedCallLog">אם מאופשר, יציג ליד איש הקשר כמה שיחות מוזגו לשורה זו</string>
  <string name="pref_title_groupCallLogByDate">הצג את הקבוצה יומן קריאה לפי תאריך</string>
  <string name="pref_summary_groupCallLogByDate">אם מופעל, הוא יקבץ קריאות לפי תאריך</string>
  <string name="pref_title_limitCallLogOnXDays">מגבלת יומן השיחות ב- %s ימים</string>
  <string name="pref_summary_limitCallLogOnXDays">הגבל את יומן השיחות ל %s ימים (0 = הראה הכל)</string>
  <string name="pref_message_0toShowAllDays">הקש 0 כדי להציג את כל הימים</string>
  <string name="pref_message_0toShowAllItems">הקש 0 כדי להציג את כל הפריטים</string>
  <string name="pref_title_useOrgSearch">חפ גם בשמות האירגונים</string>
  <string name="pref_title_matchingSkipWord">מאפשר קפיצה על מילה</string>
  <string name="pref_summary_matchingSkipWord">\"DPH\" match \"Dw contacts &amp; PHone\"</string>
  <string name="pref_title_matchingSkipSpace">מאפשר דילוג על רווח</string>
  <string name="pref_summary_matchingSkipSpace">\"TSPH\" match \"dw contacTS &amp; PHone\"</string>
  <string name="pref_title_globalSettings">הגדרות כלליות</string>
  <string name="pref_title_registrationStates">סטאטוס: %s</string>
  <string name="pref_summary_registrationStates">זוהי גירסה %1$s עבור מכשיר שמספרו: %2$s</string>
  <string name="registered">רשום</string>
  <string name="unregistered">לא רשום</string>
  <string name="pref_title_onlineRegistrationCheck">בדיקה מקוונת של הרישום</string>
  <string name="pref_summary_onlineRegistrationCheck">התוכנה תבדוק, אם המכשיר לא רשום (דרוש חיבור לאינטרנט).</string>
  <string name="pref_title_registration">רישום</string>
  <string name="pref_summary_registration">ביטול הנעילה של התכונות המתקדמות, הסרת המודעות</string>
  <string name="pref_summary_showContactsWithPhoneNumber">אם האפשרות מנוטרלת, התוכנה תשתמש בהגדרות המערכת [הגדרות סינון לאנשי קשר], אשר ניתן להתאימן תחת [הגדרות כלליות]</string>
  <string name="pref_title_historyViewSettings">הגדרות התצוגה של ההיסטוריה</string>
  <string-array name="pref_entries_dialerPadTone">
    <item>DTMF צליל</item>
    <item>צליל הקליק</item>
    <item>כבוי</item>
  </string-array>
  <string name="pref_title_limitNumberTitleToXChar">אורך כותרת מספר טלפון</string>
  <string name="pref_summary_limitNumberTitleToXChar">אפס יעשה שימוש באורך המלא של הכותרת</string>
  <string name="pref_title_supportForum">פורום תמיכה</string>
  <string name="pref_title_textColor">צבע הטקסט</string>
  <string name="historyList">היסטוריה</string>
  <string name="startProVerPrompt">"?זוהתה גרסה פרו.להתחיל עכשיו"</string>
  <string name="pref_title_selectedBackgroundColor">צבע רקע לכפתור שנלחץ</string>
  <string name="pref_title_dialpadThemeSettings">הדגרות לוח החיוג</string>
  <string name="pref_title_globalThemeSettings">הגדרות כלליות של ערכת הנושא</string>
  <string name="pref_title_showAlwaysAddIcon">הצג תמיד את אייקון ההוספה</string>
  <string name="pref_summary_showAlwaysAddIcon">אם אפשרות זו זמינה, התוכנה תראה בשורה הראשונה ברשימה את הסימן "+", איתן ניתן להוסיף איש קשר</string>
  <string name="pref_title_eventGreetingText">טקסט הברכה של אירוע</string>
  <string name="pref_default_eventGreetingText">שלום ???, אני מאחל/ת לך כל טוב לכבוד המאורע ה??A\</string>
  <string name="pref_title_eventGreetingSubject">נושא הברכה של אירוע</string>
  <string name="pref_summary_eventGreetingSubject">להשתמש רק אם שליחה באמצעות דואל</string>
  <string name="pref_message_eventGreetingText">ניתן להשתמש במשתנים כך
??? - שם מלא
??F שם משפחה
??G שפ פרטי
??N כינוי
??A גיל
??E סוג הארוע</string>
  <string name="pref_default_eventGreetingSubject">ברכות ל ??A\' ??</string>
  <string name="menu_sendGreetingSMSToContact">שלח אירוע SMS/MMS לאיש הקשר</string>
  <string name="menu_sendGreetingEmailToContact">לשלוח את הארוע לדואר אלקטרוני</string>
  <string name="pref_title_storeSendSMSToSystemDB">שמור סמסים לבסיס הנתונים</string>
  <string name="pref_summary_storeSendSMSToSystemDB">אם מופעל, סמסים שנשלחו ישמרו במערכת</string>
  <!-- 	<string name="pref_title_backgroundImage">Background image</string> -->
  <!-- 	<string name="pref_summary_backgroundImageEn">If you use background image, the background color can be used simultaneously as color filter</string> -->
  <string name="pref_title_textColorSecond">צבע הטקסט לשורה שניה ושלישית</string>
  <string name="pref_title_textColorLabel">צבע הטקסט של תוויות השורה השלישית</string>
  <string name="pref_summary_textColorLabel">זהו צבע טקסט לתווית הקבוצות, ארגונים וכותרות</string>
  <string name="pref_title_backgroundListSectionColor">צבע רקע לרשימה</string>
  <string name="pref_title_textListSectionColor">צבע הרשימה הטקסטואלית</string>
  <string name="pref_title_showAlphabetListSection">הראה את הרשימת האלף בית</string>
  <string name="pref_title_fontSizeforDigits">גודל הגופן עבור ספרות</string>
  <string name="pref_title_fontSizeforLetters">גודל גופן לאותיות</string>
  <string name="pref_title_dialpadIconsArrangement">סידור סמלים ללוח המקשים</string>
  <string-array name="pref_entries_dialpadIconsArrangement">
    <item>חיוג/הקלדה/מחיקה</item>
    <item>מחיקה/הקלדה/חיוג</item>
    <item>הקלדה/מחיקה/חיוג</item>
  </string-array>
  <!-- 	quick jump to alphabetic listcreate new contact -->
  <string name="menu_quickJump">קפיצה מהירה</string>
  <string-array name="pref_entries_hideTab">
    <item>דלוק</item>
    <item>כבוי</item>
    <item>אוטומטי</item>
  </string-array>
  <string name="pref_title_backgroundColorQuickJump">צבע רקע לקפיצה-מהירה</string>
  <string name="pref_title_textColorQuickJump">צבע טקסט לקפיצה מהירה</string>
  <string name="pref_title_disableSlideSwitchingTabs">בטל לשוניות העברת שקופיות</string>
  <string name="pref_title_showNumberKeyboardOnDialpad">הצג מקשי מספרים על לוח החיוג</string>
  <string name="pref_summary_showNumberKeyboardOnDialpad">אם האפשרות מנוטרלת, תוצג רק תיבת קלט, כפתור חייג, וכפתור מחק (שימושי, אם ברצונך לחייג תמיד באמצעות מקשי החומרה שלך)</string>
  <string name="pref_title_dialpadToFullWidth">לוח חיוג על כל המסך</string>
  <string name="pref_summary_dialpadToFullWidth">אם מופעל,המסך יוצג לרוחב, ולכל רוחב המסך.אחרת יוצג מצד ימין</string>
  <string name="pref_title_smsSignature">חתימת SMS/MMS</string>
  <string name="pref_summary_smsSignature">חתימה, שתמיד תתווסף בסוף SMS/MMS</string>
  <!-- 2.0.7 -->
  <string name="pref_title_languageForT9">שפה עבור חיפוש T9</string>
  <string name="pref_summary_languageForT9">באפשרותך להוסיף שפות נוספות, שבהן יש להשתמש עבור T9 חיפוש</string>
  <string name="pref_title_quickJumpAlignment">יישור קפיצה-מהיר</string>
  <string-array name="pref_entries_quickJumpAlignment">
    <item>עליון</item>
    <item>מרכז</item>
    <item>תחתון</item>
  </string-array>
  <string name="menu_gridView">תצוגת רשת</string>
  <string name="menu_listView">תצוגת רשימה</string>
  <string name="pref_title_gridViewSettings">הגדרות תצוגת רשת</string>
  <string name="pref_title_gridViewSize">גודל רשת</string>
  <string name="pref_title_lockGridSize">נעל גודל רשת</string>
  <string name="pref_summary_lockGridSize">אם הוא נעול, ואז קפיצה מהירה ניתן לשימוש שוב באמצעות שימוש בשתי אצבעות</string>
  <string name="pref_title_phoneDialpadHeight">גובה לוח המקשים</string>
  <string name="pref_title_moreSettings">פירוט הגדרות תצוגה</string>
  <string name="pref_summary_moreSettings">יותר הגדרות עבור כל לשונית בכרטיסיה</string>
  <string name="pref_title_displayNameBelowThePicture">הצג שם מתחת לתמונה</string>
  <string name="menu_exportContactPicture">ייצוא התמונה של איש הקשר</string>
  <string name="toast_saveFailed">השמירה נכשלה!</string>
  <string name="toast_saveSuccessfully">נשמר בהצלחה ל: %s</string>
  <string name="callConfirm">אישור חיוג</string>
  <string name="pref_summary_callConfirm">אם אפשרות זו זמינה, זה יראה לך חלונות מוקפצים עם בקשה לאישור לפני חיוג</string>
  <string name="pref_title_automaticConfirmationDelay">אישור עיכוב אוטומטי</string>
  <!-- It is an option to set a time for the control [Dialing confirmation] dialog.
     At the end of the counter automatically close [Dialing confirmation] dialog. -->
  <string name="pref_title_automaticCancelDelay">השהיית הביטול האוטומטי</string>
  <string name="pref_summary_automaticConfirmationDelay">. אתה יכול לגעת בכל מקום על המסך כדי לעצור את שעון העצר</string>
  <string name="pref_title_picturePositionOnRight">מיקום תמונה בצד ימין</string>
  <string name="updateCheck">בדיקת עדכונים</string>
  <string name="noUpdates">אין עדכונים זמינים</string>
  <string name="download">הורדה</string>
  <string name="pref_title_globalIconSize">גודל הסמל הכללי</string>
  <string name="pref_summary_globalIconSize">גודל זה מגדיר את הרוחב של הסמלים: ל"חייג" בחייגן, "חזרה" בחייגן, חייג, sms, דואר אלקטרוני ותמונה</string>
  <string name="pref_title_backKeyHideDailpad">כפתור המחיקה יסתיר את לוח החיוג</string>
  <string name="pref_summary_backKeyHideDailpad">אם האפשרות מנוטרלת, שימוש ב "חזרה" ייסגור את היישום. אחרת "חזרה" יסתיר את החייגן לפני יציאה.</string>
  <string name="pref_title_hapticFeedbackVibration">רטט משוב</string>
  <string name="pref_title_hapticFeedbackStrength">עוצמת המשוב</string>
  <string name="pref_title_limitCallLogOnXitems">%s הגבל פריטי היסטוריית שיחות ל</string>
  <string name="pref_summary_limitCallLogOnXitems">הגבל יומן למקסימום %s פריטים. הקש 0 ללא הגבלה</string>
  <string name="pref_title_dividerLineColor">צבע קו מפריד</string>
  <string name="menu_quickDial">חיוג מהיר</string>
  <string name="buying_tips_in_free">You can use the "Google Play" to buy the Pro version. If you live in the area can not use "Google Play" to buy applications. You can download the REG version and then register it. Both versions have the same functionality.</string>
  <string name="buying_channel_registration">הורד גירסה רשומה</string>
  <string name="buying_channel_registration_summary">"אחרי הקלקה על הקישור, היישום יורד, וניתן יהיה להתקינו. לאחר ההתקנה יש להפעיל את היישום ולעקוב אחר הוראות הרישום. בהצלחה מציון לוי"</string>
  <string name="pref_title_buyAdvancedVersion">רכישת הגרסא בתשלום</string>
  <string name="freeVersionFound">גירסה חופשית נמצאה במערכת שלך.</string>
  <string name="uninstallFreeVersionPrompt">מומלץ כי תסיר את הגירסת החינם ותתקין מחדש את הגרסה המלאה. לפני הסרת ההתקנה, עליך לגבות את הנתונים שלך מהגירסה החינמית, ואחרכך  לשחזר את הנתונים לגרסה המלאה. האם להסיר עכשיו הגרסה החינמית?</string>
  <string name="pref_title_copySerialNum">העתק ללוח את המספר סידורי של ההתקן </string>
  <string name="askToCheckRegistrationCode">"קוד הרישום לא חוקי או שאינך רשום. האם ברצונך לבדוק קוד רישום עכשיו?"</string>
  <string name="deleteContactConfirmation">איש  קשר \"%s\" יימחק.</string>
  <string name="enable">אפשר</string>
  <string name="allIncomingCalls">כל השיחות הנכנסות</string>
  <string name="anonymousIncomingCalls">שיחות נכנסות בלתי מזוהות</string>
  <string name="anonymousIncomingCallsSummary">כאשר מתקשר אל מספר זה, התקשר כחסוי</string>
  <string name="automaticGroups">קבוצות אוטומטיות</string>
  <string name="pref_title_dialPrefix">קידומת חיוג</string>
  <string name="pref_summary_dialPrefix">אם רושמים קידומת, תהיינה אפשרויות נוספות לחייג דרך החיוג המהיר</string>
  <string name="pref_title_dialSuffix">סיומת חיוג</string>
  <string name="pref_summary_dialSuffix">אם תהיה סיומת למספר, תינתנה אפשרויות נוספות להתקשרות על ידי לחיצה ארוכה</string>
  <string name="pref_title_quickDialLimit">מגבלת חיוג מהיר</string>
  <string name="pref_title_languageForT9Keyboard">שפה עבור מקלדת T9</string>
  <string name="pref_summary_languageForT9Keyboard">בחר את השפה שברצונך להציג עם לוח המקשים של T9.</string>
  <string name="callFilterAction">פעולה</string>
  <string-array name="callFilterActions">
    <item>תפוס את השיחה</item>
    <item>מאפשר</item>
    <item>השתק</item>
  </string-array>
  <string name="callFilterType">סוג מסנן</string>
  <string-array name="callFilterTypes">
    <item>סינון קבוצה</item>
    <item>סינון מספר</item>
    <item>מספרים שהתקשרת להם לאחרונה</item>
  </string-array>
  <string-array name="callFilterTypesHint">
    <item>בחר קבוצות לסינון</item>
    <item>הכנס מספר לסינון</item>
    <item>בחר את משך זמן חוקי</item>
  </string-array>
  <string name="ruleEditor">עורך כללים</string>
  <string name="label">תווית</string>
  <string name="numberFilterExplain">כוכבית-כל מחרוזת . סימן שאלה-תו בודד</string>
  <string name="effectiveTimeOfTheRule">פעילות מ- %1$s ל- %2$s</string>
  <string name="menu_viewRelatedContacts">הצג אנשי קשר קשורים</string>
  <string name="title_selectNumbers">אנא בחר מספרים</string>
  <string name="title_selectEmailAddresses">אנא בחר כתובת דוא"ל</string>
  <string name="pref_title_lockView">נעל שינויים ברשימת הפריטים</string>
  <string name="pref_summary_lockView">נעל את תצוגת פריטים כך ששינוי יעשה רק על ידי הזזה בשתי אצבעות</string>
  <string name="selectedNumberOfContacts">אנשי קשר נבחרים %d</string>
  <string name="selectedNumberOfEmailAddresses">%d כתובות נבחרו, הקלק כדי להעתיק ללוח.</string>
  <string name="selectedNumberOfPhoneNumbers">%d מספרי הטלפון נבחרו</string>
  <!-- 2.1.1 -->
  <string name="pref_title_nameFieldToShow">בחר שם שדה כדי להציג</string>
  <string name="pref_summary_nameFieldToShow">יעיל רק כאשר מוגדר \"הצג איש קשר כ\" אינו מגדר כברירת מחדל.</string>
  <string-array name="pref_entries_nameField">
    <item>שם פרטי</item>
    <item>שם משפחה</item>
    <item>שם פרטי שני</item>
    <item>קידומת תואר</item>
    <item>סיומת תואר</item>
    <item>שם פרטי פונטי</item>
    <item>שם משפחה פונטי</item>
    <item>שם אמצעי פונטי</item>
  </string-array>
  <string name="pref_title_showMatchFirstLetterResultsFirst">הראה את תוצאות \"התאם קודם את האות הראשונה\" קודם</string>
  <string name="pref_title_clickTheActions">פעולה בעת הקשה על הרשימה</string>
  <string name="pref_summary_clickTheActions">פעולה בעת לחיצה על הרשימה.</string>
  <string name="pref_summary_clickListIconActions">פעולה בעת הקלקה על איש קשר שנמצא במבט רשימה</string>
  <string name="action_viewItemAuto">הצג פריט-איש קשר או הסטוריה</string>
  <string name="action_viewContactDetails">הצג פרטי איש קשר</string>
  <string name="action_selectNumberToCall">בחר מספר כדי להתקשר</string>
  <string name="action_viewContactHistory">הצג היסטוריית איש הקשר</string>
  <string name="action_viewQuickContactBadge">הצג תג חיוג מקוצר</string>
  <string name="action_callCurrentNumber">חייג למספר הנוכחי</string>
  <string name="action_callDefaultNumber">חייג למספר ברירת מחדל</string>
  <string name="action_callUsingSIP">התקשרות תוך שימוש ב SIP</string>
  <string name="action_sendMessageToCurrentNumber">שלח SMS/MMS למספר הנוכחי</string>
  <string name="action_sendMessageToDefaultNumber">שלח SMS/MMS למספר ברירת המחדל</string>
  <string name="pref_title_clickIconActions">פעולה בעת הקלקה על האיקון</string>
  <string name="pref_summary_clickIconActions">פעולה בעת הקלקה על איש קשר שנמצא במבט רשת</string>
  <string name="pref_title_lockWindowPosition">נעל מיקום החלון</string>
  <string name="pref_summary_lockWindowPosition">אם אין ברצונך להזיז אותה על-ידי גרירה.</string>
  <string name="pref_title_showCallerLocation">הצג את מיקום המתקשר</string>
  <string name="downloadPluginPrompt">Need to install plug-ins. Download Now?</string>
  <string name="Default">ברירת מחדל</string>
  <string name="pref_title_searchCallLog">חיפוש ביומן שיחות</string>
  <string name="pref_summary_searchCallLog">צריך לפתוח את \"הראה את יומן השיחות בטלפון\"</string>
  <string name="menu_shareContacts">שיתוף אנשי קשר</string>
  <string name="font_size">גודל גופן</string>
  <string name="show_call_log_filter">הצג סינון יומן רישום שיחה</string>
  <string name="hide_call_log_filter">הסתר מסנן יומן קריאה</string>
  <string name="prompt_in_sms_tab">להציג את ה-SMS שנשלחו לקבוצה של אנשי קשר DW.</string>
  <string name="pref_title_exitWhenCallEnds">יציאה עם סיום השיחה</string>
  <string name="pref_title_residesInMemory">נמצא בזיכרון</string>
  <string name="pref_summary_residesInMemory">איפשור שרותים ברקע מאפשר לשמור ארת התוכנה יותר זמן בזכרון</string>
  <!-- Header that expands to list all of the types of settings -->
  <string name="optionsLabelsGroup">אפשרויות</string>
  <string name="pref_summary_textColorForSecondT9Languare">צבע המילון השני</string>
  <string name="pref_title_enableDualcardSuppout">אפשר תמיכה בכרטיס כפול</string>
  <!-- 联系人详细信息 -->
  <string name="detailsList">פרטים</string>
  <string name="pref_title_minimumHeightOfListItem">גובה מינימלי של פריט רשימה</string>
  <string name="loading">טוען...</string>
  <string name="pref_title_displayWhenDialing">הצג בעת חיוג</string>
  <string name="pref_title_usingMoreDetailedListSection">שימוש ברשימה מפורטת יותר</string>
  <string name="pref_summary_usingMoreDetailedListSection">זה ישמש לקפוץ במהירות מעל תו</string>
  <string name="desktop_widget_limit_messages">בגרסה החיממית ניתן רק ליצור ישומון.</string>
  <string name="label_customField">שדות מותאמים אישית</string>
  <string name="menu_otherContactViewer">תוכנת אנשי קשר אחרת</string>
  <string name="pref_title_hideStatistics">הסתר נתונים סטטיסטיים</string>
  <string name="pref_title_backupTheme">הגדרות גיבוי ערכת נושא</string>
  <string name="pref_title_restoreTheme">שחזור הגדרות ערכת נושא</string>
  <string name="appwidget_titleText">תואר</string>
  <string name="appwidget_summary_selectGroup">בחר את הקבוצה להצגה עם איש זה</string>
  <string name="iconSize">גודל אייקון</string>
  <string name="widgetConfiguration">widget הגדרות</string>
  <string name="pref_title_iconNumberOfColumns">מספר העמודות לאיקון</string>
  <string name="pref_summary_iconNumberOfColumns">0 עבור התאמה אוטומטית</string>
  <string name="tips_contactAppWidget">הקלקה על צכותרת היישומון תעביר להגדרות</string>
  <string name="pref_title_nameLines">כמה שורות לכל שם</string>
  <string name="pref_summary_nameLines">אפס אם ברצונך להסתיר את השם</string>
  <string name="menu_deleteTheShownCallLog">מחיקת יומן שיחות המוצגות</string>
  <string-array name="pref_entries_contactListSearchOptions">
    <item>לחפש בכל השדות</item>
    <item>חפש בכל אנשי הקשר</item>
    <item>חפש ב רשימת הכתובות הכללית</item>
  </string-array>
  <string name="pref_title_defaultContactIcon">איקון ברירת המחדל</string>
  <string name="pref_title_defaultGroupIcon">סמל קבוצת ברירת המחדל</string>
  <string name="prompt_restoreDefaultSettings">"?עדיף לבצע גיבוי קודם. האם ברצונך לחזור להגדרות הראשוניות של התוכנה"</string>
  <string name="pref_title_interceptCallsEvenDuringCall">ענה לשיחות גם תוך כדי שיחה</string>
  <string name="pref_summary_interceptCallsEvenDuringCall">זה יכול לסגור לך את השיחה תוך כדי דיבור</string>
  <string name="pref_title_displayPromptWhenCallBlocked">הצג בקשה אם השיחה חסומה.</string>
  <!-- Call Statistics -->
  <string name="call_statistics">סטטיסיקת שיחות</string>
  <string name="freeNumbersManager">מנהל המספרים החינמיים</string>
  <string name="tab_call_statistics">סטטיסטיקה</string>
  <string name="call_type_incoming">נכנסות</string>
  <string name="call_type_outgoing">יוצאות</string>
  <string name="call_type_missed">לא נענו</string>
  <string name="call_type_blocked">חסום</string>
  <string name="call_type_all">הכל</string>
  <string name="call_duration">משך</string>
  <string name="call_duration_minute">עלות מינימום</string>
  <string name="call_count">כמה</string>
  <string name="call_statistics_time_billingCycle">מחזור חיוב</string>
  <string name="call_statistics_time_thisMonth">חודש זה</string>
  <string name="call_statistics_time_thisWeek">השבוע</string>
  <string name="call_statistics_time_all">בכל הזמן</string>
  <string name="pref_title_startDayOfBillingCycle">היום בחודש בו מתחיל מחזור החיוב</string>
  <string name="pref_title_missedCallsTextColor">צבע אותיות לשיחות שלא נענו</string>
  <string name="pref_summary_unansweredOutgoingCallsTextColor">שיחות יוצאות ללא מענה</string>
  <string name="pref_title_freeMonthlyTalkTime">זמן חינם בכל חודש</string>
  <string name="pref_title_freeIncomingCalls">שיחות נכנסות בחינם</string>
  <string name="pref_title_costWarning">אתראת עלות</string>
  <string name="pref_summary_costWarning">הצג תזכורת אם הזמן החינמי נגמר</string>
  <string name="prompt_freeTalkTimeIsOver">שיחות החינם הסתיימו. מעתה משלמים</string>
  <string name="prompt_remainingFreeTalkTimer">זמן נותר ללא חיוב: %1$d דקות;יומית %2$d דקות</string>
  <string name="pref_title_showGroupSContactsCount">הצג כמה א.קשר בקבוצה</string>
  <string name="pref_summary_showGroupSContactsCount">פתיחה של זה תשפיע על מהירות טעינת אנשי קשר.</string>
  <string name="pref_title_contactPictureZoomMode">מצב הזום של תמונת איש הקשר</string>
  <string-array name="pref_entries_contactPictureZoomMode">
    <item>מרכז</item>
    <item>מרכז וחתוך</item>
    <item>מרכז מבפנים</item>
    <item>התאם למרכז</item>
    <item>XY התאם ל</item>
  </string-array>
  <string name="get_online_help">קבל עזרה מקוונת</string>
  <string name="error_report">דוח שגיאות</string>
  <string name="hasNoPhoneNumberContacts">אנשי הקשר ללא מספרי טלפון</string>
  <string name="pref_title_minimumBillableTime">מינימום זמו חיוב</string>
  <string name="pref_summary_minimumBillableTime">כרגע יחידת מניה היא  %s שניות. ניתן לשנות את יחידת המדידה לזמני החיוג. אם רושמים למשל 30 שיחה של דקה ועשרים תחושב כדקה וחצי.</string>
  <string name="menu_showSidebar">הצג סרגל צידי</string>
  <string name="menu_hidesidebar">הסתר סרגל צידי</string>
  <string name="SIMCard1">כרטיס סים ראשון</string>
  <string name="SIMCard2">כרטיס סים שני</string>
  <string name="sim_card_office">משרד</string>
  <string name="sim_card_home">בית</string>
  <string name="sim_card_call">שיחה</string>
  <string name="sim_card_internet">אינטרנט</string>
  <string name="sim_card_heart">חירום</string>
  <string name="lable_sim_card_name">שם:</string>
  <string name="lable_sim_card_icon">סמל:</string>
  <string name="defaultSIMcard">כרטיס סים ברירת מחדל</string>
  <string name="prompt_inFirstUseDialer">ביצוע שיחת חירום תלוי במערכת כדי לספק תוכנת החיוג. נא ודא כי זה עובד.</string>
  <string name="pref_title_enableBackgroundDataLoading">אפשר טעינת נתונים ברקע</string>
  <string name="pref_summary_enableBackgroundDataLoading">אפשר כדי לשפר את מהירות התגובה של התוכנה.  אנא שימו לב כי זה יגדיל את צריכת הסוללה, כי מסד נתונים של אנשי קשר מתעדכן לעתים קרובות.</string>
  <string name="pref_title_scaleToFitTheScreen">התאם ממסך</string>
  <string name="pref_summary_scaleToFitTheScreen">הגדל את הרשת אוטומטית כך שתתאים למסך</string>
  <string name="pref_summary_whenPortraitMode">מצב לאורך</string>
  <string name="pref_summary_whenTheSidebarIsOpen">מצב סרגל הצידי אורכי</string>
  <string name="pref_summary_whenInLandscapeMode">מצב לרוחב</string>
  <string name="pref_summary_whenInLandscapeModeAndTheSidebarIsOpen">מצב סרגל הצידי רוחבי</string>
  <string name="pref_title_usingMoreDetailedFastScroller">שימוש בגלילה מהירה מפורטת</string>
  <string name="pref_title_contactFields">שדות לאיש הקשר</string>
  <string name="pref_summary_informationNeedSendToCalendar">בחר את המידע שצריך להישלח אל לוח השנה</string>
  <string-array name="pref_entriesNeedSendToCalendar">
    <item>ארגון</item>
    <item>כתובת</item>
    <item>מס\' טלפון</item>
    <item>דוא"ל</item>
    <item>הערות</item>
  </string-array>
  <string name="menu_addConsecutiveNumbers">הוספת מספרים עוקבים</string>
  <string name="startingNumber">ראשית המספר</string>
  <string name="endingNumber">סיומת מספר</string>
  <string name="prompt_ALotOfNumbersToAddToContact">%d פריטים יוספו. זה עשוי לקחת קצת זמן.</string>
  <string name="prompt_numberParsingErrorInaddConsecutiveNumbers">לא הצלחתי להפיק מספר ממה שכתבת.</string>
  <string name="prompt_needToAddNumbersTooMuch">זה יביא להוספת - %d אנשי הקשר. הוספת מספרים רבים מדי תגרום לטלפון להאט.</string>
  <string name="prompt_addConsecutiveNumbers_accountDoesNotSupport">המכישר שלך אינו תומך בכל כך הרבה אנשי קשר.</string>
  <string name="pref_title_usingHDContactPicture">HD תמונת איש הקשר באיכות</string>
  <string name="pref_title_linksInNotes">קישורים בהערות</string>
  <string name="pref_summary_linksInNotes">כאשר מופעל, כתובות אינטרנט, דואל, כתובות ומספרי טלפון בהערות,  יהיו ניתנים ללחיצה.</string>
  <string name="pref_title_enableInCallWidget">אפשר יישומון שיחה</string>
  <string name="pref_title_delayToClose">השהיית סגירה</string>
  <string name="pref_summary_delayToCloseInCallWidget">השהה את יישומות השיחה לאחר סיום השיחה %ds</string>
  <string name="pref_title_closeWhenOffhook">סגור כאשר הטלפון לא פעיל</string>
  <string name="pref_summary_closeWhenOffhook">סגור את יישומון השיחה כאשר עונים על שיחה</string>
  <string name="pref_summary_informationNeedShowInInCallWidget">בחר במידע המוצג ביישומון השיחה</string>
  <string name="last_contact_time">זמן ההתקשרות האחרונה</string>
  <string name="contact_pictures">תמונות אנשי קשר</string>
  <string name="menu_importToQuickdialList">ייבא את רשימת החיוג המהירה</string>
  <string name="confirm_importToQuickdialList">לתשומת לב: המידע המיובא ידרוס את המידע הקיים</string>
  <string name="toast_importToQuickdialListSuccessfully">%d מספרים יובאו</string>
  <string name="pref_title_frameColor">צבע מסגרת</string>
  <string name="pref_title_hideDefaultIcon">להסתיר את סמל ברירת המחדל</string>
  <string name="pref_summary_hideDefaultIcon">להסתיר את סמל ברירת מחדל בתצוגת רשימה.</string>
  <string name="pref_title_showInTheSidebar">הצג בסרגל הצדדי</string>
  <string name="pref_summary_showInTheSidebar">בחר פריטים צריך להציג בסרגל הצדדי</string>
  <string-array name="pref_entries_showInTheSidebar">
    <item>קבוצות</item>
    <item>ארגונים</item>
    <item>כותרות</item>
  </string-array>
  <string name="menu_addToQuickdialList">הוסף לרשימת חיוג מהיר</string>
  <string name="toast_theNumberHasNeenAdded">המספר הוסף.</string>
  <string name="pref_title_fontSizeSidebar">גודל הגופן (הסרגל הצידי)</string>
  <!-- 	<string name="hour">Hour</string> -->
  <string name="contactedLastXHours">היו בקשר ב %s השעות האחרונות</string>
  <!-- 	选中的邮件地址已经复制到剪贴板。您可以将它粘贴到邮件程序的地址字段 -->
  <string name="toast_selectedEmailAddressCopied">כתובת הדואר האלקטרוני שנבחרה הועתקה ללוח. באפשרותך להדביק אותה לתוך שדה הכתובת של תוכנית הדואר האלקטרוני.</string>
  <string name="pref_title_backUpAllData">לגבות את כל הנתונים</string>
  <!-- 	由于数据库的更新。还原数据可能导致组铃声、组图片和防火墙工作不正常。请检查它们在恢复数据后。 -->
  <string name="pref_summary_backUpAllData">Since the update of the database. When the data is restored may lead group ringtones group pictures and call filter is not working properly. Please check them in the recovery data.</string>
  <!-- 	注意这不会备份联系人数据库。 -->
  <string name="warning_notBackUpContactsDatabase">שים לב כי זה לא גיבה את מסד הנתונים של אנשי הקשר.</string>
  <string name="pref_title_restoreAllData">לשחזר את כל הנתונים</string>
  <string name="toast_backedSuccessfully">גובה בהצלחה ל- %s.</string>
  <string name="toast_backedFailed">הגיבוי נכשל. ודא כי הגדרת נתיב גיבוי חוקי.</string>
  <string name="toast_restorSuccessfully">שוחזר בהצלחה מ- %s</string>
  <string name="toast_restorFailed">השחזור נכשל. ודא כי הגדרת הנתיב הנכוbv.</string>
  <string name="close">סגור</string>
  <string name="minimize">מזעור</string>
  <string name="maximize">למקסם</string>
  <string name="call">"חייג"</string>
  <string name="toast_notSuppouteditingNotes">איש קשר זה אינו תומך בעריכת הערות.</string>
  <!-- An option in the event notification settings, open it automatically sends the blessing SMS comes in contact events. -->
  <string name="pref_title_automaticallySendGreetingsSMS">שלח ברכות סמס באופן אוטומטי</string>
  <!-- 	注意发送消息时您不会得到通知，发送时间为事件当天的[通知时间]。 -->
  <string name="pref_summary_automaticallySendGreetingsSMS">שים לב שלא תקבל אישור על משלוח ההודעה</string>
  <!-- Prompt message before you delete a call log. -->
  <string name="prompt_deleteCallLog">יש לשים לב, שמחיקת ההודעות תשפיע על הסטטיסטיקה שהמערכת מייצרת</string>
  <!--
    Dispaly in [In call Widget]
    Example:
    The last contact time: 5 days ago。 -->
  <string name="in_call_lastContactTime">זמן עם איש הקשר האחרון:  %s</string>
  <string name="recommendToFriends">המלץ לחברים</string>
  <string name="filterMode">מצב מסנן</string>
  <!-- 	Show contacts filter Details Grp = Group; Com = Company; Tit = Title -->
  <string name="contactsFilterSummary">סינון: GRP: %1$s Com: %2$s Tit: %3$s</string>
  <string name="pref_title_largeDialButton">לחצן חיוג גדול</string>
  <!-- 	显示在联系人组编辑器，为编辑的组设置父组 -->
  <string name="parentGroup">אב הקבוצה</string>
  <string name="pref_title_formatPhoneNumber">עצב את מס\' הטלפון</string>
  <string name="menu_viewSelectedContacts">הצג את אנשי הקשר הנבחרים</string>
  <string name="filter_status_all">הכל</string>
  <string name="pref_title_enableSlidingAction">אפשר פעולה בהזזת אצבע</string>
  <!-- 	启用滑动拨号等等，关闭它以便使用滑动切换号码。 -->
  <string name="pref_summary_enableSlidingAction">לאפשר חיוג הזזה ועוד.
באפשרותך לבטל אותו כדי להשתמש בכפתורי מספרים בהזזה.</string>
  <!-- Click Open browser to select files or other data -->
  <string name="browse">עיון</string>
  <string name="companies">חברות</string>
  <string name="company">חברה</string>
  <string name="clear">נקה</string>
  <string name="other">אחר</string>
  <string name="voice_input">קלט קולי</string>
  <string name="app_widget_name_dialer_3_3">DW חייגן 3 × 3</string>
  <string name="app_widget_name_dialer_2_3">DW חייגן 3 × 2</string>
  <string name="app_widget_name_dialer_4_4">DW חייגן 4 × 4</string>
  <string name="app_widget_name_agenda">סדר היום של DW</string>
  <!-- 	A menu item is used to select mode grouping contacts. -->
  <string name="menu_groupBy">קבץ לפי</string>
  <string name="menu_showHistory">הצג הסטוריה</string>
  <string name="menu_sendMessage">שליחת SMS/MMS</string>
  <string name="menu_sendMail">שלח דואל</string>
  <string name="menu_setRingtone">הגדרת צלצול</string>
  <string name="menu_insert">הוספה</string>
  <string name="pref_title_disableAutomaticUpdates">ביטול עדכונים אוטומטיים.</string>
  <string name="pref_title_showsLinkToContactList">הצג קישור לרשימת אנשי הקשר</string>
  <!-- A number label, recently contacted number，It shows in the contact details SMS TAB. Number selection drop-down list. For example: Recent:12345678 -->
  <string name="recent">אחרונים</string>
  <string name="dialog_title_selectFieldsToShare">בחר שדות לשיתוף</string>
  <string name="pref_title_showSIMCardNumber">הצג את מספר כרטיס ה-SIM</string>
  <string name="pref_title_swapSIMCardNumber">החלף את מספר כרטיס ה-SIM</string>
  <string name="pref_summary_selectNeedToDisplayTabs">בחר את: צריך להציג כרטיסיות</string>
  <!-- 	检测到您正使用屏幕阅读程序。是否显示“电话号码选择对话框”在拨号前？ -->
  <string name="prompt_usePhoneNumberSelectionDialogWhenUseScreenReader">מזהה שאתה משתמש בתוכנית קורא מסך. האם להציג את מסך  \"Phone number selection dialog\"  לפני החיוג?</string>
  <string name="neverShowAgain">לעולם לא תראה שוב</string>
  <!-- 	选择[确定]，“通话中小部件”将不会再次显示。 -->
  <string name="prompt_neverShowAgain">בחר את [%2$s], . [%1$s] לא יבחר שוב.</string>
  <string name="dualSIMCardConfiguration">קביעת התצורה של כרטיס SIM כפול</string>
  <!-- 	如果SIM卡编号显示不正确，请先通过两个SIM卡各拨打一个电话，然后点击[重新检测]按钮。 -->
  <string name="prompt_retestSIMCardNumber">אם המספר של הסים לא הופיע נכון,בצע חיוג דרך שני הכרטיסים,ואחרכך בחר שוב בבדיקה.</string>
  <!-- 	重新检测 -->
  <string name="retest">בדוק מחדש</string>
  <!-- 	检测已完成 -->
  <string name="toast_retestSIMCardNumberCompleted">הבדיקות הושלמו.</string>
  <string name="toast_settingsHaveBeenSaved">הגדרות נשמרו.</string>
  <!-- 	如果双卡功能不工作在您的设备。请尝试选择设备列表中的每一个设备，然后单击[拨号]按钮。当两个拨号按钮使用正确SIM卡拨号时，单击[保存]按钮。 -->
  <string name="prompt_dualSIMDialTest">כרטיס הסים הכפול לא עובד במכשיר שלך. נסה לבחור כל מכשיר לבד, וכאשר זה יעבוד יש לבצע שמירה.</string>
  <string name="lable_device">התקן:</string>
  <string name="lable_testNumber">בחן מספר:</string>
  <!-- 	 An option. When you enable the exchange of the SIM card used when making calls. When the dial buttons 1 and 2 do not correspond correct SIM card to select it. -->
  <string name="swapTheDialSIMcard">שחלף את כרטיס ה-SIM </string>
  <string name="shareMySettings">שתף את ההגדרות שלי</string>
  <!-- 	已添加前缀/后缀（%s） -->
  <string name="toast_prefixOrSuffixHasBeenAdded">קידומת / הסיומת נוספה (%s)</string>
  <string name="pref_title_downloadGeocoderPlugin">הורד תוסף Geocoder</string>
  <string name="menu_bindTo">מחובר אל %s</string>
  <string name="menu_clearBind">בטל חיבור</string>
  <string name="pref_title_twoDialOnTheDialpad">הראה שני כפתורי חיוג במסך החיוג</string>
  <string name="pref_title_twoDialInTheContactList">הראה שני כפתורי חיוג ברשימת א.הקשר</string>
  <!-- 	call using SIM card 1 -->
  <string name="description_dial_button_using">חייג באמצעות %s</string>
  <string name="menu_shareAsText">שתף את כל הפרטים כטקסט</string>
  <string name="menu_shareAsvCard">שתף כ- vCard</string>
  <string name="noItmeSelected">לא נבחר פריט</string>
  <string name="pref_title_leftHandedOperation">התאמה לשמאליים</string>
  <string name="description_goToSubGroups_button">לך לרשימת קבוצות המשנה</string>
  <!-- 一个选项，当打开备注会优先保存到联系人，而不是通话记录备注 -->
  <string name="pref_title_saveNotesToContacts">שמור את ההערות אצל אנשי הקשר</string>
  <string name="export_to_single_vcard_file">ייצוא אל קובץ vCard יחיד</string>
  <string name="export_to_multiple_vcard_files">ייצוא לקבצי - vCard מרובים</string>
  <string name="confirm_export_contacts_to_folder_message">רשימת אנשי הקשר שלך ייצואו לתיקיית : %s.</string>
  <!-- 读出来电显示号码 -->
  <string name="pref_title_speakCallerID">השמע את זיהוי המתקשר</string>
  <string name="pref_title_speakOrganization">הקרא את שם האירגון</string>
  <string name="pref_title_speakNumber">אמור מספר</string>
  <string name="pref_summary_speakNumber">אם המתקשר אינו ברשימה</string>
  <string name="pref_title_repeatCount">מונה חזרות</string>
  <string name="pref_title_repeatInterval">מרווח בין חזרות</string>
  <string name="pref_title_reverseList">רשימה שמורה</string>
  <string name="pref_title_openQuickJumpOnStartup">פתח  קפיצה מהירה בפתיחה</string>
  <!-- 搜索历史记录 - 一个开关确定是否显示搜索历史记录 -->
  <string name="pref_title_searchHistory">היסטוריית חיפוש</string>
  <string name="menu_add_event">הוסף ארוע</string>
  <string name="notification_dataLoaderIsRunning">טוען המידע עובד</string>
  <string name="clickToGetMoreInformation">לחץ כדי לקבל מידע נוסף</string>
  <!-- 	您好，试用期限将结束在5天后。现在要购买吗？ -->
  <string name="remind_trialPeriodWillEnd">. שלום, תקופת הניסיון תסתיים בעוד  %d ימים. אולי תקנה סוף סוף?</string>
  <string name="menu_addToBlockList">הוסף לחסומים</string>
  <string name="menu_removeFromBlockList">בטל חסימה</string>
  <string name="blockList">רשימת חסומים</string>
  <string name="font">גופן</string>
  <string name="needToUpdate">מצריך עידכון</string>
  <string name="disable">השבת</string>
  <string name="pref_title_hideContactPicture">הסתר את תמונת איש הקשר</string>
  <string name="event_info_links_label">קישורים</string>
  <string name="pref_title_calllogFilterAtTop">הצג \"Call log filter\" בראש המסך</string>
  <!-- A menu, click the call methods available to display. For example: SIM card 2; Video call; Skype; SIP -->
  <string name="menu_callUsing">שיחה באמצעות...</string>
  <string name="video_call">שיחת וידאו</string>
  <string name="automatic_redial">חיוג חוזר אוטומטי</string>
  <!-- Automatic redial after 3 seconds. -->
  <string name="automatic_redial_after">חיוג חוזר אוטומטי לאחר %s שניות.</string>
  <!-- Enter "Arrange mode", you can drag to sort items. -->
  <string name="menu_arrangeMode">מצב אירגון מחדש</string>
  <string name="summary_arrangeMode">גרור פריט כדי למיין</string>
  <string name="recommend_template">חבר/ה יקר/ה שלי. אני משתמש באפליקציה זו ששמה %1$s ונהנה ממנה מאד. האפליקציה מומלצת עלי יד. ניתן להורידה מכאן : %2$s</string>
  <string name="recommend_id_template">"Do not forget to enter my ID (%s) to the (Toolbox TAB -&gt; Recommend to friends).\nThanks!"</string>
  <!-- An option to choose what to hide in the contact details -->
  <string name="pref_title_hideSection">הסתר מקטע</string>
  <string name="pref_title_automaticBackup">גיבוי אוטומטי</string>
  <string name="pref_title_backupTime">מועד הגיבוי</string>
  <string name="pref_title_backupCycle">מחזור הגיבוי</string>
  <string-array name="pref_entries_backupCycle">
    <item>כל יום</item>
    <item>בכל יומיים</item>
    <item>כל שלושה ימים</item>
    <item>כל ארבעה ימים</item>
    <item>כל חמישה ימים</item>
    <item>כל שישה ימים</item>
    <item>שבועית</item>
    <item>חודשית</item>
  </string-array>
  <string name="pref_title_contactsBackup">גיבוי אנשי קשר</string>
  <string name="pref_summary_contactsBackup">בחר את הקבוצה שתגובה</string>
  <string name="pref_title_backupNow">גיבוי עכשיו</string>
  <string name="pref_title_disableInCarMode">בטל במצב מכונית</string>
  <string name="pref_summary_disableInCarMode">השבת באופן זמני את האישור חיוג, מתי שנמצאים במצב מכונית</string>
  <!-- An alert message when adding a shortcut to the HomePage request has been sent. -->
  <string name="toast_requestHasBeenSent">הבקשה נשלחה</string>
  <string name="pref_title_hideMenuButton">הסתר לחצן תפריט</string>
  <string name="pref_summary_hideMenuButton">אם למכשיר שלך אין לחצן תפריט לחצן, הסתרה של הכפתור תגרוםלאיבוד גישה לתפריטים</string>
  <string name="pref_title_deleteOldCallLogs">מחיקת את היסטוריית השיחות</string>
  <string name="pref_summary_deleteOldCallLogs">כאשר המספר מגיע ל- %s, מחק את רישומי השיחות הישנות</string>
  <string name="menu_setContactPhoto">הגדר תמונת איש קשר</string>
  <!-- OPTION: When you restart the app. Restore the state when last used. -->
  <string name="pref_title_restoreStateWhenRestarted">חזור לאותו מצב אחרי איתחול</string>
  <string name="websiteTypeHomepage">דף הבית</string>
  <string name="websiteTypeBlog">בלוג</string>
  <string name="websiteTypeProfile">פרופיל</string>
  <string name="websiteTypeHome">הבית</string>
  <string name="websiteTypeWork">עבודה</string>
  <string name="websiteTypeFTP">FTP</string>
  <!--     <string name="description">Description</string> -->
  <!--     <string name="menu_add_link">Add link</string> -->
  <string name="pref_title_excludeNumbers">מספרים לא כלולים</string>
  <string name="pref_summary_excludeNumbers">חיוג למספרים אלה לא יציג את מסך האישור</string>
  <!-- Menu item used to add custom field to contact -->
  <string name="menu_addCustomField">הוסף שדה מותאם אישית</string>
  <!-- An automatic group name, which contains all has photo contacts -->
  <string name="hasPhotoContacts">תמונות אנשי קשר קיימות</string>
  <!-- Selectable menu item used to controls whether display "contacts events" in the "agenda list". -->
  <string name="menu_showContactsEvents">הצג ארועים הקשורים לאיש הקשר</string>
  <!-- An option to define accent color. The color applied to framework controls in their activated (ex. checked) state. -->
  <string name="pref_title_accentColor">צבע הדגשה</string>
  <!-- An option to define whether the appointment is created automatically send the invitation email.-->
  <string name="pref_title_sendInvitation">שלח הזמנה</string>
  <!-- An option to define whether the appointment is created automatically send the invitation email.-->
  <string name="pref_summary_sendInvitation">הוסף את כתובת אנשי קשר דואר אלקטרוני למשתתפים</string>
  <!-- An option to define whether use circle icon.-->
  <string name="pref_title_circleIcon">סמל עיגול</string>
  <string name="on">מופעל</string>
  <string name="off">מושבת</string>
  <!-- Determined by the theme -->
  <string name="byTheme">לפי סגנון</string>
  <!-- An option to define color -->
  <string name="pref_title_callLogFilterBackground">צבע רקע להיסטריית השיחות</string>
  <!-- An option to define whether use colorful icon.-->
  <string name="pref_title_colorfulIcon">סמל צבעוני</string>
  <!-- Select this option to Reduce the ring volume when reading the caller information. -->
  <string name="pref_title_reduceRingerVolume">להפחית את עוצמת צלצול</string>
  <!-- Select this option to Reduce the ring volume when reading the caller information. -->
  <string name="pref_summary_reduceRingerVolume">הפחת את עוצמת הצלצול בעת קריאה של מידע המתקשר</string>
  <!-- Menu item used to Go to the "Calendar" App -->
  <string name="menu_goToCalendar">מעבר ללוח השנה</string>
  <!-- Menu item used to add selected item to the Tab bar -->
  <string name="menu_addToTabBar">להוסיף סרגל הלשוניות</string>
  <!-- Menu item used to remove selected item from the Tab bar -->
  <!-- Menu item used to browse and restore data -->
  <string name="menu_restoreFrom">לשחזר מ...</string>
  <!-- Menu item used to open [Backup Manager] -->
  <string name="menu_backupManager">מנהל הגיבויים</string>
  <string name="typeface_bold">מודגש</string>
  <string name="typeface_italic">נטוי</string>
  <!-- A contact group option. Open it will automatically delete call logs, contacts belong to this group. -->
  <string name="pref_title_automaticallyDeleteCallLogs">למחוק באופן אוטומטי רישומי שיחות</string>
  <!-- An option to control whether to display the contact's local time -->
  <string name="pref_title_showContactsLocalTime">הצג את בזמן המקומי של איש הקשר</string>
  <!-- An option -->
  <string name="pref_title_replaceMissedCallNotification">Replace \"Missed call notification\"</string>
  <!-- An option summary -->
  <string name="pref_summary_replaceMissedCallNotification">Avoid displaying \"Choose an app\" dialog</string>
  <!-- An option in the dialog box to delete call records. Controls whether delete call log notes -->
  <string name="deleteNotes">מחק הערות</string>
  <string name="offset">היסט</string>
  <!-- Label above username EditText -->
  <string name="username">שם משתמש</string>
  <!-- Button to sign in after entering username and password -->
  <string name="signIn">הכנס</string>
  <string name="message_createLocalContactAccount">Create a local contact account.
         Saved in this account of the contacts are not synchronized to the network.
         \n<b>Note:</b> Uninstall \"DW Contacts\" will lead to belong in this account contacts automatically removed.
          If you enable contacts sync, contacts will sync to the \"<b>SD Card</b>/DW/contacts/\" folder.</string>
  <!-- "By number" merge call records, etc. -->
  <string name="byNumber">לפי מספר טלפון</string>
  <!-- "By contact" merge call records, etc. -->
  <string name="byContact">לפי איש קשר</string>
  <string name="toast_switchToIntersectionMode">הקלק שוב כדי לעבור למצב  <b>ריבוי קבוצות</b></string>
  <!-- An option to control whether to display the message log in History -->
  <string name="pref_title_showMessageLog">הצג רשימת הודעות לוג</string>
  <!-- Menu item used to add data (E-mail address, etc.)  to contacts -->
  <string name="addToContact">הוסף לאנשי הקשר</string>
  <!-- An option When you open it will maintain a fixed height In call widget. -->
  <!-- ****************************** Descriptions *********************************** -->
  <!--
         String describing the Keyboard switch ImageButton
         Used by AccessibilityService to announce the purpose of the button.
         [CHAR LIMIT=NONE]
    -->
  <string name="description_switch_keyboard">החלף מקלדת</string>
  <string name="description_pick_contact">בחר איש קשר</string>
  <!-- String describing the text for photo of a item(group, title, company，etc.). -->
  <string name="description_icon_for">אייקון עבור <xliff:g id="name">%1$s</xliff:g></string>
  <!--An option. When opened, will use list long press menu.-->
  <!--An option in Accessibility. When opened, Enter the number need to double click to confirm.-->
  <!--A item of list, control information needs to be displayed in the "In call widget"-->
  <!--An option title in [Contact Details]. When opened, Will merge items,When just labels different.-->
  <!--An option summary in [Contact Details]. When opened, Will merge items,When just labels different.-->
  <!-- Notification message when adding a number to the blacklist, but the call filter did not open. -->
  <!--An option title in [Events]. Define which events need to display. It filter events based on contact groups-->
  <!--An option title in [Color schemes]. Used to define the "List section" Text Size -->
  <!--An option. When open: The starred contacts are displayed at the top of the list. -->
</resources>
