<?xml version="1.0" encoding="utf-8"?>
<!--Generated by crowdin.com-->
<resources>
  <string-array name="t9_search">
    <item>"0"</item>
    <item>"1\'.,"</item>
    <item>"2דהו"</item>
    <item>"3אבג"</item>
    <item>"4מםנן"</item>
    <item>"5יכךל"</item>
    <item>"6זחט"</item>
    <item>"7רשת"</item>
    <item>"8צץק"</item>
    <item>"9סעפף"</item>
  </string-array>
  <string-array name="t9_keyboard">
    <item>"+"</item>
    <item>".,"</item>
    <item>"דהו"</item>
    <item>"אבג"</item>
    <item>"מנ"</item>
    <item>"יכל"</item>
    <item>"זחט"</item>
    <item>"רשת"</item>
    <item>"צק"</item>
    <item>"סעפ"</item>
  </string-array>
</resources>
