<?xml version="1.0" encoding="utf-8"?>
<!--Generated by crowdin.com-->
<resources xmlns:xliff="urn:oasis:names:tc:xliff:document:1.2">
  <string name="label_ringtone">Ton de apel</string>
  <string name="default_ringtone">Implicit</string>
  <string name="menu_sendEmail">Trimite mesaj e-mail</string>
  <string name="showFilterPhones">Numai contacte cu telefoane</string>
  <string name="showFilterPhonesDescrip">Afişează numai contacte cu numere de telefon</string>
  <string name="headerContactGroups">Selectaţi contacte de afişat</string>
</resources>
