<?xml version="1.0" encoding="utf-8" standalone="no"?>
<!--Generated by crowdin.com-->
<resources>
  <string name="market_title">Contacte DW &amp; taste apelare &amp; telefon</string>
  <string name="market_description_s1">Este o extensie puternica (NECESARA) pentru ferestra apelare,
aplicatie management telefon si contacte</string>
  <!-- max is 27 -->
  <string name="market_description_key_features_001">+ Cautare contacte dupa orice rubrica</string>
  <string name="market_description_key_features_002">*Scrie notite in jurnal apel</string>
  <string name="market_description_key_features_003">*Creaza si manipuleaza memento pentru contacte</string>
  <string name="market_description_key_features_004">+Pronunta ID apelant</string>
  <string name="market_description_key_features_005">+ Arata ora \"Apeluri pierdute\"</string>
  <string name="market_description_key_features_027">* Jurnal apeluri nelimitat</string>
  <string name="market_description_key_features_006">* Accepta VoIP: System SIP, Viber, Skype, Fring, GrooVe IP Lite, MobileVOIP, BT SmartTalk&#8230;</string>
  <string name="market_description_key_features_007">+ Distribuie contacte (text, vCard) prin SMS, email&#8230;</string>
  <string name="market_description_key_features_008">* Mod pachet pentru livrare cu SMS, MMS, email pentru selectie multipla sau singulara (contacte, grupuri, prganizatii, titluri)</string>
  <string name="market_description_key_features_009">+ Widget in convorbire: vedere extinsa pentru apel primit (arata organizatie, grup, notite, editare notita in apel)</string>
  <string name="market_description_key_features_010">+ Filtru apel: blocare apel intrare definibil pe data si zona de timp</string>
  <string name="market_description_key_features_011">+ Filtru contact: In functie de grup contacte, functie, contacte filtrare companie</string>
  <string name="market_description_key_features_012">+ Statistici apel: Arata durata convorbire. Notificare la sfarsitul duratei de minute gratuite.</string>
  <string name="market_description_key_features_013">+ Detalii contacte: Afiseaza toate informatiile despre contact (sms, jurnal apel, statistici apel, evenimente)</string>
  <string name="market_description_key_features_014">+ Manipuleaza contactele in functie de adresa contactelor</string>
  <string name="market_description_key_features_015">* Foarte flexibil la configurarea aspectului fiecarei ferestre (aranjare dupa, dimensiune font, culoare, transparenta)</string>
  <string name="market_description_key_features_016">+ Lista contacte configurabila, cum ar trebui sa arate lista (prenume, nume, porecla, organizatie, titlu, numar, notite&#8230;)</string>
  <string name="market_description_key_features_017">+ Accepta grupuri in straturi, sub-grupuri (sub-grup via Busines/VIP = Business -&gt; VIP)</string>
  <string name="market_description_key_features_018">+ Setare tonuri apel prin multiselectie (contacte, grupuri, organizatii, titluri)</string>
  <string name="market_description_key_features_019">* Notificare eveniment contact si management eveniment contact (zi de nastere, aniversare)</string>
  <string name="market_description_key_features_020">+ Fereastra apel (telefon) cu T9-cautare- are multe optiuni pentru a-l face dupa plac</string>
  <string name="market_description_key_features_021">+ Fereastra apel si tastatura dimensionabila, fundal, culoare, dimensiune font pot fi modificate</string>
  <string name="market_description_key_features_028">* Reapelare automata</string>
  <string name="market_description_key_features_022">+ Accepta apelare dual SIM (nu toate aparatele, pentru ca nu este API deschis)</string>
  <string name="market_description_key_features_023">+ Manager apelare rapida: Accepta pana la 1000 de numere rapide. Formand numarul 100 prin introducere 100#</string>
  <string name="market_description_key_features_024">+ Copie de rezerva si restaurare contacte in vCard, contine grup contacte</string>
  <string name="market_description_key_features_025">+ Majoritatea functiilor sunt accesibile folosind *APASARE LUNGA*(atinge si tine) pe orice obiect sau foloseste tasta *MENIU*</string>
  <string name="market_description_key_features_026">+ Suport multilingvistic (Multumiri tuturor entuziastilor care furnizeaza traduceri pentru DWC)</string>
  <string name="market_description_s2">Va rugam sa onorati munca noastra prin cumpararea versiunii PRO, care este favorabila prin prisma functionalitatii! Va rugam sa încercati produsul nostru si sa-l recomanzi prietenilor tai. Sugestii: Daca aveti orice sugestie pentru imbunatatiri -&gt; va rugam sa scrieti pe forum: http://forum.dw-p.net sau prin optiunea * Opinii prin e-mail * în meniul de setari.  Daca treci la  o versiune mai noua si pornirea esueaza (daca descarcarea sau instalarea nu este posibila), va rugam sa incercati sa dezinstalati versiunea anterioara înainte.  Perntru alte sfaturi &amp; trucuri vedeti http://wiki.dw-p.net/DWC:Tips_%26_Tricks
</string>
  <string name="market_description_limitation">Versiunea gratuita are unele functii limitate:
  - reclame
  - personalizare tema limitata
  - selectie multipla limitata la 5 obiecte per actiune</string>
  <string name="market_description_keywords">contactati contact Adresa cadran dialect apelare apel apelantului telefon telefon ton de apel voce grup grupuri de asteptare titlul de compania organizaţie adrese carte sms mms e-mail manager de gestionare managementul istoria jurnal mai bun drum liber</string>
  <!-- A brief description of the Google play, If you have a better description, please use your. Thank you! [CHAR LIMIT=80] -->
  <string name="market_brief_description">Este o aplicatie puternica pentru contacte. Telul nostru este sa imbunatatim eficienta lucrului tau</string>
</resources>
