<?xml version="1.0" encoding="utf-8" standalone="no"?>
<!--Generated by crowdin.com-->
<resources xmlns:xliff="urn:oasis:names:tc:xliff:document:1.2">
  <string name="app_name">DW contacte &amp; telefon</string>
  <string name="app_contacts_name">DW contacte</string>
  <string name="starred">cu steluță</string>
  <string name="coworkers">Colegii de serviciu</string>
  <string name="family">Familia</string>
  <string name="friends">Prieteni</string>
  <string name="myContacts">Persoanele mele de contact</string>
  <string name="mergedContacts">Contacte fuzionate</string>
  <string name="no_item_to_display">Niciun element de afișat</string>
  <string name="allContact">Toate persoanele de contact</string>
  <string name="no_phone_numbers">Fără numere de telefon</string>
  <string name="menu_edit">Editare</string>
  <string name="menu_edit_group">Editare grup</string>
  <string name="menu_add_contact_to_group">Adaugati contacte la grup</string>
  <string name="menu_remove_contact_from_group">Eliminaţi contacte din grup</string>
  <string name="groupNameLabel">Nume grup</string>
  <string name="add">Adauga</string>
  <string name="message_del_system_group">Acesta este un grup de contact pentru sistem. După îndepărtare, acesta poate fi automat reconstruit fapt care poate crea alte probleme. Sunteţi sigur că doriţi să faceţi acest lucru?</string>
  <string name="menu_select_mode">Selectare multiplă</string>
  <string name="menu_inverse_select">Inverseaza</string>
  <!--<string name="noContact">This group has no contact</string> -->
  <string name="pleaseWait">Va rog asteptati</string>
  <string name="pref_send_title">Setări SMS &amp; E-mail</string>
  <string name="pref_title_sms_mms_send">SMS/MMS</string>
  <string name="pref_title_email_send">E-mail</string>
  <string name="pref_send_to">Trimite la %s</string>
  <string-array name="prefEntries_sms_mms_to">
    <item>Inplicit sau primul număr mobil</item>
    <item>Toate numerele de mobil</item>
    <item>Toate numerele</item>
  </string-array>
  <string-array name="prefEntries_email_to">
    <item>Adresa de Email implicita</item>
    <item>Toate adresele de E-mail</item>
  </string-array>
  <!--Recipients location -->
  <string name="pref_title_recipients_location">Anonimat destinatar</string>
  <string name="pref_recipients_location_summary">Toate adresele vor fi în câmpul %s</string>
  <string-array name="pref_entries_recipients_location">
    <item>BCC</item>
    <item>CC</item>
    <item>La</item>
  </string-array>
  <string name="menu_preferences">Setări</string>
  <string name="preferences_title">Setări</string>
  <string name="error_report_email_explain">Ne cerem scuze, a apărut o eroare. Ne puteti ajuta să facem acest software mai bun prin trimiterea unui raport care include mesajele de eroare şi unele informaţii de sistem. Intimitatea dumneavoastra va fi respectata.</string>
  <string name="no_contact_selected">Nici o persoană de contact selectată</string>
  <!--Firewall -->
  <string name="firewell_add_item">Adauga filtru apel</string>
  <string name="lable_week">Zilele săptămânii</string>
  <string name="select_group_title">Selectaţi grupul</string>
  <!-- %s = call number-->
  <string name="call_blocking_message">%s a fost blocat</string>
  <string name="stat_notify_incoming_calls_were_intercepted">%d au fost interceptate apeluri intrare</string>
  <string name="pref_firewall_title">Setări filtru apel</string>
  <string name="pref_title_firewall_enable">Activează filtrul apel</string>
  <string name="firewall_service_started">Serviciul filtru apel pornit</string>
  <string name="firewall_state_label">DW filtru apel</string>
  <!-- The status bar at the top of the screen display a notification message. -->
  <string name="pref_title_firewall_allways_show_stat_notify">Afișare icoana în bara de stare</string>
  <string name="pref_firewall_allways_show_stat_notify_summary">Întotdeauna arată mesajul in bara de stare</string>
  <string name="menu_week_view">Vizualizarea săptămână</string>
  <string name="menu_time_view">Vizualizare timp</string>
  <string name="menu_view">Vizualizare</string>
  <string name="from">De la</string>
  <string name="to">Catre</string>
  <string-array name="days">
    <item>Duminica</item>
    <item>Luni</item>
    <item>Marţi</item>
    <item>Miercuri</item>
    <item>Joi</item>
    <item>Vineri</item>
    <item>Sâmbătă</item>
  </string-array>
  <string-array name="days_short">
    <item>Duminica</item>
    <item>Lu</item>
    <item>Ma</item>
    <item>Mie</item>
    <item>Jo</item>
    <item>Vin</item>
    <item>Sam</item>
  </string-array>
  <string name="firewall_label">Filtru apel</string>
  <string name="everyday">In fiecare zi</string>
  <string name="never">Niciodată</string>
  <string name="search_hint">Scrie pentru a incepe cautarea</string>
  <string name="pref_title_display_system_group">Se afișează grupurile de sistem</string>
  <!-- Gmail the default, including the group. (Starred, Coworkers, Family, Friends, My Contacts) -->
  <string name="pref_display_system_group_summary">Afişare grup sistem</string>
  <string name="pref_title_merge_same_name_group">Îmbinare grupuri</string>
  <string name="pref_merge_same_name_group_summary">Îmbinare grupuri similare</string>
  <string name="pref_font_size_title">Dimensiune font (linie 1)</string>
  <string name="pref_font_size_summary">Dimensiune: %s</string>
  <string name="removePicture">Eliminare imagine</string>
  <string name="changePicture">Schimba imagine</string>
  <string name="attachToGroup">Imagine grup</string>
  <string name="use_photo_as_primary">Utilizaţi această imagine</string>
  <string name="photoPickerNotFoundText">Selector imagine nu a fost găsit</string>
  <string name="SMS">SMS</string>
  <string name="Email">E-mail</string>
  <string name="_null">""</string>
  <!-- It shows the contact event to the present time. -->
  <string name="days_after">în %d zile</string>
  <string name="months_after">în %d luni</string>
  <string name="days_ago">acum %d zile</string>
  <string name="months_ago">%d luni în urmă</string>
  <string name="today">astăzi</string>
  <string name="show_group_icon">Arată imagine grup</string>
  <string name="show_group_icon_summary">Arata fiecare icoana de grup</string>
  <string name="using_system_sms_program">Foloseste program SMS implicit</string>
  <!-- According to user feedback that I might in the new version, use it again. -->
  <string name="using_system_sms_program_summary">Dezactivaţi functia de trimis SMS din software</string>
  <string name="recipients_limit">Limiteaza numărul de destinatari</string>
  <string name="recipients_limit_summary">Atunci când numărul de destinatari este mai mare decât această valoare, trimite în loturi automat</string>
  <string name="send">Trimite</string>
  <string name="confirm_send_message">Continua trimiterea de mesaje catre contactele rămase?</string>
  <!-- For example, Tablet PC does not support sending text messages. However, click the SMS icon.
    I will call the SMS program. The system will report an exception. Then display this prompt. -->
  <string name="system_does_not_support">Sistemul nu acceptă!</string>
  <string name="ungrouped_contacts">Contacte negrupate</string>
  <string name="multipleContactsDeleteConfirmation">Contactele selectate vor fi șterse.</string>
  <!--pref default view -->
  <string name="pref_title_default_view">Fila implicita</string>
  <string name="pref_default_view_summary">Fila implicita la pornire: %s</string>
  <!--pref show auto groups -->
  <string name="pref_title_display_auto_group">Arata grupurile automate</string>
  <string name="pref_display_auto_group_summary">Include \"Toate contactele\", \"Contactele negrupate\".</string>
  <string name="label_hide">Ascunde</string>
  <string name="hide_group_summary">Nu arata acest grup</string>
  <string name="fast_scroll_alphabet">\u0020ABCDEFGHIJKLMNOPQRSTUVWXYZ</string>
  <string name="fast_scroll_numeric_alphabet">\u00200123456789ABCDEFGHIJKLMNOPQRSTUVWXYZ</string>
  <!-- Because the different SMS programs. When I provide a phone number to the SMS program,
    some require the use of a semicolon to separate the numbers, and some require a comma. Therefore, this option provides. -->
  <string name="sms_compatibility_mode_title">Mod de trimitere SMS/MMS</string>
  <string name="sms_compatibility_mode_summary">Selectaţi asta dacă  "programul de SMS," nu primirea normala de numere de telefon. De exemplu: XT800</string>
  <string name="menu_sort_hide">Sortare &amp; ascundere</string>
  <string name="menu_sort_alphabetically">În ordine alfabetică</string>
  <string name="pref_in_call_widget_title">Widget in apel</string>
  <string name="pref_help_title">Ajutor</string>
  <string name="pref_online_help_title">Ajutor online</string>
  <string name="menu_cancel_send_to_voicemail">Deblocare apeluri de la contactele afişate</string>
  <string name="pref_feedback_title">Feedback prin e-mail</string>
  <string name="pref_about_title">Despre</string>
  <string name="version">Versiune</string>
  <string name="pref_name_display_order_summary">Schimba ordinea de sortare a numelui. Acest lucru poate afecta viteza de afişare.</string>
  <string name="pref_contacts_account_title">Date cont</string>
  <string name="pref_contacts_account_summary">Afișează contactele de la: %s</string>
  <string name="all_account">Toate conturile</string>
  <string name="pref_show_account_name_title">Arată numele contului</string>
  <string name="pref_show_account_name_summary">Afișare nume cont sub numele de grup.</string>
  <string name="select_account">Selectaţi contul</string>
  <string name="pref_register_code_title">Introduceţi codul de înregistrare</string>
  <string name="pref_register_code_summary">Trebuie să introduceţi codul de înregistrare (conexiune internet nu este necesară), primit în mailul de confirmare de plată</string>
  <!-- A setting item, click it to open, buy the software license key dialog box. -->
  <string name="pref_get_register_code_title">Cumpara versiunea înregistrată</string>
  <string name="pref_get_register_code_summary">   Vă rugăm să înregistraţi aplicatia noastra pentru a utiliza funcţionalitatea completă. Avem nevoie de donatia ta pentru a sprijini dezvoltarea durabila a acestui software.  </string>
  <string name="buying_tips">   Aici aveti 2 posibilitati (ambele au aceeaşi funcţionalitate): puteţi înregistra dispozitivul pe baza numărului de serie (Paypal sau Card de Credit) sau pe contul google (Google Play - instaland versiunea Pro)</string>
  <string-array name="purchase_channels">
    <item>Magazin Google</item>
    <item>PayPal sau Card de Credit</item>
    <item>Recomanda prietenilor</item>
  </string-array>
  <string-array name="purchase_channels_summary">
    <item>Inregistreaza aceasta aplicatie pe contul tau google (cumpara si instaleaza versiunea Pro prin intermediul Google Play). După instalarea versiunii Pro, dezinstalaţi versiunea gratuită.</item>
    <item>Inregistrati aceasta aplicatie la numarul serial al aparatului %s.
Dupa plata, veti primi un email de confirmare cu codul de inregistrare.
Dupa aceea verificati inregistrarea prin simplu clic pe (Verificare inregistrare online).</item>
    <item>Obtineti un cod de inregistrare gratuit</item>
  </string-array>
  <string name="menu_delete_all">Şterge toate</string>
  <!-- Menu title the user can use for trying to resend a message. -->
  <string name="menu_retry_sending">Încercați din nou trimiterea</string>
  <string name="message">Mesaj</string>
  <string name="failed">Nereușit</string>
  <string name="queued">În lista de aşteptare</string>
  <string name="outbox">Outbox</string>
  <string name="sent">Trimis</string>
  <string name="auto_replace_to_name">Înlocuiti automat "???" cu numele complet al contactului\; "??F"cu numele de familie;   "??G"cu numele dat; "??N"cu poecla.</string>
  <string name="example_message">Bună???</string>
  <string name="sms_preview">Previzualizare:</string>
  <string name="message_send_state_successfully">Trimis cu succes.</string>
  <string name="message_send_state_failed">Trimitere nereuşita.</string>
  <string name="message_send_unknown_error">Eroare necunoscută. %d mesajul nu a fost trimis.</string>
  <string name="message_send_no_signal">Fara semnal sau modul avion este activ. %d mesajul nu a fost trimis.</string>
  <string name="message_send_successfully">Toate mesajele au fost trimise cu succes.</string>
  <string name="need_the_paid_version">Disponibil numai în versiunea plătita</string>
  <!-- As a "contact group"on the phone the main screen to create a shortcut. -->
  <string name="create_shortcut">Creați comenda rapida pe homescreen</string>
  <string name="menu_move_to_group">Mutare la grup</string>
  <string name="pref_tabs_title">Activare &amp; sortare</string>
  <string name="pref_tabs_summary">Puteţi activa şi sorta, care file ar putea fi utilizate</string>
  <!--pref theme -->
  <string name="pref_theme_title">Tema de bază</string>
  <!-- Change the software interface look. -->
  <string name="pref_theme_summary">Setaţi baza pentru tema</string>
  <string name="search">Căutare</string>
  <string name="pref_services_title">Setări serviciu de fundal</string>
  <!-- Settings screen, section heading for SMS-specific settings -->
  <string name="pref_sms_settings_title">"Setari mesaje text (SMS)"</string>
  <!-- Settings screen, section heading for EMAIL-specific settings -->
  <string name="pref_email_settings_title">"Setări e-mail"</string>
  <!-- Settings item for boolean option to enable/disable SMS delivery reports -->
  <string name="pref_title_sms_delivery_reports">Rapoarte livrare</string>
  <!-- Settings item description for boolean SMS delivery report setting -->
  <string name="pref_summary_sms_delivery_reports">Solicitaţi un raport de livrare pentru fiecare mesaj.</string>
  <string name="pref_contact_sort_order_title">Sortare listă dupa</string>
  <string name="pref_contact_sort_order_summary">Schimba ordinea de sortare a listei de contacte. Acest lucru poate afecta viteza de afişare.</string>
  <!-- CHANGED ORDER -->
  <string name="contact_sort_order_FamilynameAlternate">Alterneaza nume</string>
  <string name="contact_sort_order_RecentContacted">Contactat recent</string>
  <string name="contact_sort_order_LongTimeNotContacted">Necontactat de mult timp</string>
  <string name="contact_sort_order_CreationTime">Momentul creării</string>
  <string name="contact_sort_order_DefaultAlternate">Implicit - alternativa</string>
  <!-- An automatic group, it shows all the contacts included telephone numbers. -->
  <string name="has_phone_number_contacts">Contacte cu numar de telefon</string>
  <string name="exit_prompt">Apăsaţi revenire din nou pentru a ieşi.</string>
  <string name="pref_exit_prompt_title">Cere confirmare la ieşire</string>
  <string name="pref_exit_prompt_summary">Arată o avertizare suplimentara la ieşire</string>
  <string name="pref_language_title">Limba</string>
  <string name="load_license_success">Incărcarea licentei din reţea a reusit.</string>
  <string name="load_license_failed">Încărcarea licenţei din rețea nu a reușit!</string>
  <string name="license_check_success">Verificarea licentei a reusit.</string>
  <string name="license_check_failed">Verificarea licenței nu a reuşit!</string>
  <string name="load_license_unregistered">Nu sunteti încă înregistrat.</string>
  <string name="sending">Trimitere...</string>
  <string name="error">Eroare</string>
  <string name="clear_data_or_uninstall_app">Stergeti datele sau dezinstalati aplicatia.</string>
  <string name="database_update_error_message">"Ne cerem scuze!
Eroare la actualizare structura baza de date.
Aceasta eroare a aparut din cauza nepermisiunii accesului la fisierul de baza de date. Posibila cauza, backup software defectuos.
Aveti aici trei moduri de corectare a problemei. Incercati una cate una pana la rezolvarea problemei.
1. Reporniti telefonul;
2. In sectiunea setari/aplicatii/.. stergeti datele aplicatiei;
3. Dezinstalati si reinstalati aplicatia."</string>
  <!-- It shows the contact event to the present time. -->
  <string name="one_day_after">Mâine</string>
  <string name="one_month_after">Intr-o luna</string>
  <string name="one_day_ago">Ieri</string>
  <string name="one_month_ago">Luna trecută</string>
  <string name="menu_edit_event">Editare eveniment pentru contact</string>
  <string name="menu_add_to_calendar">Adauga eveniment la calendar</string>
  <string name="menu_delete_event">Ştergeţi eveniment pentru contact</string>
  <string name="menu_duplicate_contact">Dublare contact</string>
  <string name="mes_sendSmsSystemLimit">Din cauza limitei de sistem, %1$s ora se pot trimite doar %2$s SMS. Se reîncearcă automat după %1$s oră.</string>
  <string name="sendInBatches">Loturi</string>
  <string name="sendInSingle">Unul singur</string>
  <string name="sendInBatchesMessage">Numãr destinatari mai mare decât "Limita numărului de destinatari" din setări. Introduceţi mesajul în fereastra si porniti trimitere lot sau alegeţi "Unul singur" pentru a trimite unul singur.</string>
  <string name="pref_title_eventNotification">Setări notificare eveniment</string>
  <string name="pref_title_notificationTime">Timp notificare</string>
  <string name="pref_title_notificationRingtone">Ton de apel notificare</string>
  <string name="pref_summary_notificationTime">Setare timp in care notificarea este functioneaza</string>
  <string name="pref_title_notificationBeforeHappen">Notificare înainte de a se întâmpla</string>
  <string name="pref_summary_notificationBeforeHappen">%s zile înainte ca notificarea să se întâmple</string>
  <string name="pref_title_notification">Notificare</string>
  <string name="pref_title_reminder">Memento</string>
  <string name="pref_summary_reminder">%s înainte</string>
  <string name="pref_title_ringtone">Ton de apel</string>
  <string name="pref_title_alarm">Alarmă</string>
  <string name="pref_title_mergeSubgroup">Îmbinare subgrup</string>
  <string name="pref_summary_mergeSubgroup">Sub-grupuri de contacte afișate în grupul părinte.</string>
  <string-array name="pref_entries_notificationTime">
    <item>1 minut</item>
    <item>5 minute</item>
    <item>10 minute</item>
    <item>15 minute</item>
    <item>20 de minute</item>
    <item>25 minute</item>
    <item>30 de minute</item>
    <item>45 de minute</item>
    <item>1 oră</item>
    <item>2 ore</item>
    <item>3 ore</item>
    <item>12 ore</item>
    <item>24 de ore</item>
    <item>2 zile</item>
    <item>1 săptămână</item>
  </string-array>
  <!-- Not in phone book contacts. -->
  <string name="unknown_contacts">Contacte necunoscute</string>
  <string name="not_in_phone_book_contacts">Contacte in afara cartii de telefon.</string>
  <string name="eventNotification">Notificare eveniment</string>
  <string name="eventNotificationMessage">"%s\'s ziua de naştere/eveniment în curând."</string>
  <!-- When using the "Firstname first" show name, "Firstname" and "Lastname" split between the symbols. Most language is a space. -->
  <string name="givenNameFirstSeparator">" "</string>
  <!-- When using the "Lastname first" show name, "Firstname" and "Lastname" split between the symbols. -->
  <string name="familyNameFirstSeparator">", "</string>
  <string name="vCard">vCard</string>
  <string name="text">Textul</string>
  <string name="pref_title_likeTheSoftware">Sprijiniti software-ul nostru</string>
  <string name="pref_title_rating">Evaluare</string>
  <string name="pref_summary_rating">Pune o evaluare buna in Gogle Play.</string>
  <string name="pref_title_share">Distribuie</string>
  <string name="pref_summary_share">Recomanda acest software prietenilor tăi.</string>
  <string name="contact_group">Grupuri</string>
  <!-- Set the time to send text messages in the future. -->
  <string name="regularlySent">Trimis în mod regulat</string>
  <string name="time">Timp</string>
  <string name="pref_title_EmailProgram">Program de poştă electronică</string>
  <string name="pref_summary_on_EmailProgram">Utilizaţi programul implicit de e-mail</string>
  <string name="pref_summary_off_EmailProgram">Alegeti când trimiteti mesajele.</string>
  <string name="toolbox">Instrumente</string>
  <string name="pref_title_SMSSendInterval">Interval trimitere</string>
  <string name="pref_summary_SMSSendInterval">Trimite un SMS la interval de timp (în secunde).</string>
  <string name="app_dialer_name">DW Dialer</string>
  <string name="menu_sort">Ordinea de sortare</string>
  <string name="license_check_failed_message">Erore verificare licenta aplicatie! Asiguraţi-vă că puteţi accesa Google play.</string>
  <string name="menu_unselectAll">Deselectare totală</string>
  <string name="pref_title_themeCustomize">Setari tema</string>
  <string name="pref_title_backgroundColor">Culoare de fundal</string>
  <string name="pref_title_backgroundColorForTitles">Culoare titlu fundal</string>
  <string name="pref_title_textColorForTitles">Culoare text titlu</string>
  <string name="pref_title_textColorMarked">Culoare marcaj text</string>
  <string name="pref_title_hideTheTitle">Ascunde bara de titlu</string>
  <string name="pref_title_hideTheStatusbar">Ascundere bară de stare</string>
  <string name="pref_title_hideTabLabel">Ascundeţi eticheta filei din bara</string>
  <string name="pref_title_autoHideTab">Ascunde bara de file</string>
  <string name="pref_summary_autoHideTab">Automat, va ascunde filele după trecerea la o altă filă</string>
  <string name="reset">Resetare</string>
  <string name="pref_title_automaticRotation">Rotire automată</string>
  <string name="pref_summary_automaticRotation">Rotirea automată a ecranului poate fi pornită sau oprită</string>
  <string name="menu_editNotes">Editare note</string>
  <string name="addSelectedContactsToFavorites">Adãuga contacte la favorite</string>
  <string name="removeSelectedContactsFormFavorites">Eliminare contacte din favorite</string>
  <string name="deleteSelectedContacts">Şterge contacte</string>
  <string name="duplicateSelectedContacts">Dublare contacte</string>
  <string name="setGroupForSelectedContacts">Seteaza grup pentru contacte</string>
  <string name="forSelectedContacts">Pentru contactele selectate</string>
  <string name="searchAnything">Căutaţi orice</string>
  <string name="quickDialManager">Manager apelare rapidă</string>
  <string name="menu_shareNumber">Partajare numar</string>
  <string name="menu_setGroupForContact">Seteaza grup pentru contact</string>
  <string name="pref_title_tabSettings">Setări fila</string>
  <string name="sendSMStoShownContacts">Trimite SMS/MMS la contactele afişate</string>
  <string name="sendEmailtoShownContacts">Trimite email la contactele afişate</string>
  <string name="setRingtoneForShownContacts">Setare ton de apel pentru contactele afişate</string>
  <string name="pref_title_enableEventNotification">Activeaza notificare eveniment</string>
  <string name="forSelectedGroups">Pentru grupurile selectate</string>
  <string name="menu_send_group_message">Trimite SMS/MMS la grup</string>
  <string name="menu_delete_group">Șterge grup</string>
  <string name="menu_deleteGroups">Ștergeți grupurile</string>
  <!-- 	<string name="forSelectedOrgs">For selected companies</string> -->
  <!-- 	<string name="menu_editOrg">Edit company</string> -->
  <!-- 	<string name="forSelectedTitles">For selected titles</string> -->
  <!-- 	<string name="menu_editTitle">Edit title</string> -->
  <string name="menu_editContactFromEvent">Editare contact din eveniment</string>
  <string name="menu_focus2Today">Concentrat la ziua de astazi</string>
  <string name="generalDeleteConfirmation">Sigur ștergeți?</string>
  <string name="addContactTo">Adauga contact la %s</string>
  <string name="removeContactFrom">Elimina contactul din %s</string>
  <string name="pref_title_showTabAtTop">Afișați bara de fila sus</string>
  <!-- Within the group "contact list" label -->
  <string name="labelWithinGroupContactsList">Contacte</string>
  <string name="multipleChoicePrompt">  Selectare multiplă este limitată în versiunea gratuită la %d elemente pe acţiune. Dacă doriti sa trimiteti un mesaj grupului, utilizaţi meniul grup lista de presă.</string>
  <string name="pref_title_dialerPadTone">Ton la apăsare  taste apelare</string>
  <string name="recentChanges">Modificări recente</string>
  <string name="more">Mai mult</string>
  <string name="selectAll">Selectează tot</string>
  <string name="pref_title_alwaysToDefTab">Întotdeauna începe cu fila implicită</string>
  <string name="pref_summary_alwaysToDefTab">Butonul de apelare folosit pentru a porni aplicatia deschide si fila implicita.</string>
  <string name="pref_title_showMostContactedBelowFavorites">Arată cel mai frecvent contactate sub favorite</string>
  <string name="pref_title_showEventsFromToday">Arată evenimentele de azi</string>
  <string name="pref_title_YPositionOfInfoWindow">Pozitia-Y pentru fereastră informaţii</string>
  <string name="pref_summary_YPositionOfInfoWindow">Poziţia sus/jos pentru fereastra informaţii. De asemenea, poziţia poate fi mutata direct in timpul unui apel intrat .</string>
  <string name="pref_title_backupRestore">Copie de rezerva &amp; Restaurare</string>
  <string name="pref_title_backupAllSettings">Copie de rezervă a tuturor setărilor</string>
  <string name="pref_title_restoreAllSettings">Restaurare toate setările</string>
  <string name="pref_title_restoreDefaultSettings">Restaurare setări implicite</string>
  <string name="pref_title_showMyContactsInUngrouped">Ignora grup sistem \"Contactele Mele\"</string>
  <string name="pref_title_startDialerWithoutDialerPad">Porneste dialer fără taste numerice</string>
  <string name="pref_summary_showMyContactsInUngrouped">Arată contacte (numai cele din grup sistem \"Contactle mele\") sub \"Contacte negrupate\".</string>
  <string name="toast_allSettingsToDefault">Toate setările au fost restaurate la implicit.</string>
  <string name="toast_settingsBackedSuccessfully">Setările au fost salvate in %s</string>
  <string name="toast_settingsBackedFailed">Copie de rezervă nereușita. Asiguraţi-vă că aţi setat o cale validă pentru rezervă.</string>
  <string name="toast_settingsRestorSuccessfully">Setările au fost restaurate cu succes din %s.</string>
  <string name="toast_settingsRestorFailed">Restaurarea nu a reușit. Asiguraţi-vă că aţi setat calea corectă, pentru locul în care se salvează setările.</string>
  <string name="menu_newOrg">Organizaţie noua</string>
  <string name="menu_newTitle">Titlu nou</string>
  <string name="enterAName">Introduceţi un nume</string>
  <string name="pref_title_t9Search">Setări de căutare T9</string>
  <string name="pref_summary_t9Search">Acestea sunt opţiuni avansate, care sunt legate de fila "telefon" şi de cum cautarea-T9  va functiona acolo</string>
  <string name="pref_title_matchingAnywhere">Potriveste cuvinte oriunde</string>
  <string name="pref_summary_matchingAnywhere">\"WTT\" corespunde \"conTacTe dW\"</string>
  <string name="pref_title_matchingPart">Potrivire exactă parte din cuvânt fraza</string>
  <string name="pref_summary_matchingPart">\"NTA\" corespunde \"coNTActe dw\"</string>
  <string name="pref_title_matchingFirstLetter">Potriveste prima literă</string>
  <string name="pref_summary_matchingFirstLetter">\"DCO\" corespunde \"COntacte Dw\"</string>
  <string name="pref_title_sortByDegreeOfMatch">Sortate în funcţie de gradul de potrivire</string>
  <string name="menu_copyToClipboard">Copiere în clipboard</string>
  <string name="menu_createEvent">Creare intalnire</string>
  <string name="useLimitFeaturePrompt">Puteţi utiliza această optiune de numai %d ori în versiunea gratuită.</string>
  <string name="pref_title_appointmentSettings">Setari intalnire</string>
  <string name="pref_title_defaultAppointmentText">Text implicit intalnire</string>
  <string name="pref_summary_defaultAppointmentText">Adauga un text, care va fi inserat înainte de a adăuga nume + număr</string>
  <string name="pref_default_defaultAppointmentText">"Apel cu"</string>
  <string name="titlesList">Titluri</string>
  <string name="eventsList">Evenimente</string>
  <string name="pref_title_showInContactList">Elemente de afișat</string>
  <string-array name="pref_entries_showInContactList">
    <item>Numere</item>
    <item>Organizatie</item>
    <item>Titlu</item>
    <item>Grupuri</item>
    <item>Icoana cont</item>
    <item>Poza contact</item>
    <item>Buton e-mail</item>
    <item>Buton SMS</item>
    <item>Buton apel</item>
    <item>Note</item>
  </string-array>
  <string name="pref_title_showNotesLines">Limitare note la x linii</string>
  <string name="tips_clickToSeeAllText">Apăsând un obiect din listă, poți vedea tot textul</string>
  <string name="pref_title_colorForGroups">Culoare de fundal - grupuri</string>
  <string name="pref_title_colorForOrganization">Culoare de fundal - organizatii</string>
  <string name="pref_title_colorForTitle">Culoare de fundal - titluri</string>
  <string name="pref_title_fontSize2">Dimensiune font (linia 2)</string>
  <string name="pref_title_fontSize3">Dimensiune font (linia 3)</string>
  <string name="pref_title_useNumberSearch">Utilizarea număr în căutare</string>
  <string name="pref_summary_useNumberSearch">Dacă e activat, va căuta si numere</string>
  <string name="noEmailAddress">Fara adresă de E-mail</string>
  <string name="pref_title_showCallLogOnPhone">Arată Jurnal apeluri pe telefon</string>
  <string name="listTotalCallHistory">Afişeaza %1$d apeluri / durata %2$s</string>
  <string name="pref_title_showContactsOnPhoneStart">Arata contactele la pornire</string>
  <string name="pref_summary_showContactsOnPhoneStart">Dacă este activată, toate contactele vor fi afisate si în lista</string>
  <string name="listTotalCallLog">Afişeaza diferite numere de apel %d</string>
  <string name="upcoming">Următoare</string>
  <string name="pref_title_phoneSettings">Setări telefon</string>
  <string name="pref_title_mergeCallLog">Îmbinare Jurnal apeluri</string>
  <string name="pref_title_showCounterOnMergedCallLog">Arata counter pentru apelurile imbinate din jurnal</string>
  <string name="pref_summary_showCounterOnMergedCallLog">Dacă este activat, va arăta in partea dreapta a contactului numarul de apeluri imbinate</string>
  <string name="pref_title_groupCallLogByDate">Arată jurnal grupat dupa data</string>
  <string name="pref_summary_groupCallLogByDate">Dacă este activat, va grupa jurnalele după dată</string>
  <string name="pref_title_limitCallLogOnXDays">Limitare jurnal apeluri la %s zile</string>
  <string name="pref_summary_limitCallLogOnXDays">Limitare jurnal apeluri la %s zile (0 = Arată toate)</string>
  <string name="pref_message_0toShowAllDays">0 pentru a arata toate zilele</string>
  <string name="pref_message_0toShowAllItems">0 pentru a arata toate obiectele</string>
  <string name="pref_title_useOrgSearch">Utilizaţi organizaţia în căutare</string>
  <string name="pref_title_matchingSkipWord">Permite salt peste cuvant</string>
  <string name="pref_summary_matchingSkipWord">\"DPH\" potrivire \"contaxte Dw &amp; PHone\"</string>
  <string name="pref_title_matchingSkipSpace">Permite salt peste spatiu</string>
  <string name="pref_summary_matchingSkipSpace">\"TSPH\" match \"dw contacTS &amp; PHone\"</string>
  <string name="pref_title_globalSettings">Setări globale</string>
  <string name="pref_title_registrationStates">Stare: %s</string>
  <string name="pref_summary_registrationStates">Această versiune este %1$s pentru numărul de serie dispozitiv: %2$s</string>
  <string name="registered">Înregistrat</string>
  <string name="unregistered">Neînregistrat</string>
  <string name="pref_title_onlineRegistrationCheck">Verificare înregistrare online</string>
  <string name="pref_summary_onlineRegistrationCheck">Se va verifica, daca aparatul nu este înregistrat (conexiune la internet necesară).</string>
  <string name="pref_title_registration">Înregistrare</string>
  <string name="pref_summary_registration">Deblocare funcţii extinse, elimina reclame</string>
  <string name="pref_summary_showContactsWithPhoneNumber">Dacă este dezactivat, va folosi [filtrare afisare contact] din sistem, care poate fi ajustat in [setări globale]</string>
  <string name="pref_title_historyViewSettings">Setări vizualizare istorie</string>
  <string-array name="pref_entries_dialerPadTone">
    <item>Ton DTMF</item>
    <item>Ton clic</item>
    <item>Oprit</item>
  </string-array>
  <string name="pref_title_limitNumberTitleToXChar">Lungime titlu numar de telefon</string>
  <string name="pref_summary_limitNumberTitleToXChar">Setat la 0 va arăta toată lungimea titlului numarului de telefon</string>
  <string name="pref_title_supportForum">Forum suport</string>
  <string name="pref_title_textColor">Culoare text</string>
  <string name="historyList">Istoric</string>
  <string name="startProVerPrompt">Versiunea pro detectata. Ruleaza acum?</string>
  <string name="pref_title_selectedBackgroundColor">Culoare fundal tasta utilizata</string>
  <string name="pref_title_dialpadThemeSettings">Setar taste apel</string>
  <string name="pref_title_globalThemeSettings">Setari globale tema</string>
  <string name="pref_title_showAlwaysAddIcon">Arată întotdeauna icoana * adăuga *</string>
  <string name="pref_summary_showAlwaysAddIcon">Dacă este activată, va afişa în listă pe prima linie icoana "+", unde puteţi adăuga o persoană de contact</string>
  <string name="pref_title_eventGreetingText">Text felicitare eveniment</string>
  <string name="pref_default_eventGreetingText">Bună ???, vă doresc toate cele bune pentru dumneavoastră?A\'th??E</string>
  <string name="pref_title_eventGreetingSubject">Subiect de salut eveniment</string>
  <string name="pref_summary_eventGreetingSubject">Folosit numai în cazul în care se trimite e-mail</string>
  <string name="pref_message_eventGreetingText">Puteti folosi si varianta "???" cu numele intreg al contactului; "??F" cu prenume; "??G" cu numele dat;
"??N" cu porecla; "??A" pentru varsta; "??E" pentru tip eveniment</string>
  <string name="pref_default_eventGreetingSubject">Salutări  pentru ?A\'th??E</string>
  <string name="menu_sendGreetingSMSToContact">Trimite SMS/MMS eveniment la contact</string>
  <string name="menu_sendGreetingEmailToContact">Trimite e-mail eveniment la contact</string>
  <string name="pref_title_storeSendSMSToSystemDB">Salvare SMS/MMS trimis la baza de date</string>
  <string name="pref_summary_storeSendSMSToSystemDB">Daca este activat, va stoca SMS/MMS trimise la sistemul de date.</string>
  <!-- 	<string name="pref_title_backgroundImage">Background image</string> -->
  <!-- 	<string name="pref_summary_backgroundImageEn">If you use background image, the background color can be used simultaneously as color filter</string> -->
  <string name="pref_title_textColorSecond">Culoare text linia 2 + 3</string>
  <string name="pref_title_textColorLabel">Culoarea textului pentru linia 3 etichetata</string>
  <string name="pref_summary_textColorLabel">Aceasta este culoarea textului pentru grupurile etichetate, organizaţii şi titluri</string>
  <string name="pref_title_backgroundListSectionColor">Culoare sectiune lista fundal</string>
  <string name="pref_title_textListSectionColor">Culoare secţiune ista text</string>
  <string name="pref_title_showAlphabetListSection">Arată secţiune lista alfabet</string>
  <string name="pref_title_fontSizeforDigits">Dimensiune font pentru cifre</string>
  <string name="pref_title_fontSizeforLetters">Dimensiune font  litere</string>
  <string name="pref_title_dialpadIconsArrangement">Aranjament icoane fereastra apel</string>
  <string-array name="pref_entries_dialpadIconsArrangement">
    <item>Apel/input/sterge</item>
    <item>Sterge/input/apel</item>
    <item>Input/sterge/apel</item>
  </string-array>
  <!-- 	quick jump to alphabetic listcreate new contact -->
  <string name="menu_quickJump">Salt rapid</string>
  <string-array name="pref_entries_hideTab">
    <item>Pornit</item>
    <item>Oprit</item>
    <item>Auto</item>
  </string-array>
  <string name="pref_title_backgroundColorQuickJump">Culoare fundal salt rapid</string>
  <string name="pref_title_textColorQuickJump">Culoare text salt rapid</string>
  <string name="pref_title_disableSlideSwitchingTabs">Dezactivare comutare file prin glisare</string>
  <string name="pref_title_showNumberKeyboardOnDialpad">Arată tastatura numerică in fereastra apel</string>
  <string name="pref_summary_showNumberKeyboardOnDialpad">Daca este dezactivat, va afisa doar rubrica de introducere, icoana apel si sterge ( util daca vreti sa apelati intotdeauna cu ajutorul tastelor fizice\')</string>
  <string name="pref_title_dialpadToFullWidth">Fereastra apel pe latimea ecranului</string>
  <string name="pref_summary_dialpadToFullWidth">Dacă activat, afişază taste telefon în mod peisaj pe toată lăţimea ecranului  (în caz contrar este pe partea dreaptă)</string>
  <string name="pref_title_smsSignature">Semnătura SMS/MMS</string>
  <string name="pref_summary_smsSignature">Semnătura va fi adaugata intotdeauna la sfarsit de SMS/MMS</string>
  <string name="currentOrderNotSupportFastJump">Ordinea actuală nu permite salt rapid.</string>
  <!-- 2.0.7 -->
  <string name="pref_title_languageForT9">Limba de căutare cu T9</string>
  <string name="pref_summary_languageForT9">Puteţi adăuga limbi suplimentare, care ar putea fi utilizate pentru căutare  cu T9</string>
  <string name="pref_title_quickJumpAlignment">Aliniere salt rapid</string>
  <string-array name="pref_entries_quickJumpAlignment">
    <item>Sus</item>
    <item>Central</item>
    <item>Jos</item>
  </string-array>
  <string name="menu_gridView">Vizualizare grilă</string>
  <string name="menu_listView">Vedere lista</string>
  <string name="pref_title_gridViewSettings">Setări vizualizare grilă</string>
  <string name="pref_title_gridViewSize">Dimensiune grila</string>
  <string name="pref_title_lockGridSize">Dimensiune grilă de blocare</string>
  <string name="pref_summary_lockGridSize">Daca este blocat, salt rapid poate fi folosit din nou prin intermediul glisarii a 2 degete</string>
  <string name="pref_title_phoneDialpadHeight">Înălţime fereastră apel</string>
  <string name="pref_title_moreSettings">Setări vizualizare detalii</string>
  <string name="pref_summary_moreSettings">Setari mai detaliate pentru aspectul fiecarei file</string>
  <string name="pref_title_displayNameBelowThePicture">Nume afişat sub imagine</string>
  <string name="menu_exportContactPicture">Exportare poza contact</string>
  <string name="toast_saveFailed">Salvare esuată!</string>
  <string name="toast_saveSuccessfully">Salvat cu succes in: %s</string>
  <string name="callConfirm">Confirmare apelare</string>
  <string name="pref_summary_callConfirm">Dacă este activat, va arăta o fereastra pop-up cu o cerere de confirmare înainte de apelare</string>
  <string name="pref_title_automaticConfirmationDelay">Intarziere confirmare automata</string>
  <!-- It is an option to set a time for the control [Dialing confirmation] dialog.
     At the end of the counter automatically close [Dialing confirmation] dialog. -->
  <string name="pref_title_automaticCancelDelay">Intarziere anulare automata</string>
  <string name="pref_summary_automaticConfirmationDelay">Poti atinge oriunde pe ecran pentru a opri temporizatorul</string>
  <string name="pref_title_picturePositionOnRight">Poziţia imaginii pe dreapta</string>
  <string name="updateCheck">Verificare actualizare</string>
  <string name="noUpdates">Nu sunt actualizari disponibile</string>
  <string name="download">Descarca</string>
  <string name="pref_title_globalIconSize">Dimensiune icoana globala</string>
  <string name="pref_summary_globalIconSize">Această dimensiune defineste lăţimea tuturor icoanelor: apel in fereastra apel, tasta inapoi in fereastra apel, apel, sms, e-mail, poza</string>
  <string name="pref_title_backKeyHideDailpad">Tasta inapoi ascunde fereastra apel</string>
  <string name="pref_summary_backKeyHideDailpad">Dacă este dezactivat, primul clic pe butonul fizic "inapoi" va inchide aplicatia. În caz contrar acesta va ascunde fereastra apel înainte de a ieşi</string>
  <string name="pref_title_hapticFeedbackVibration">Raspuns vibrant haptic</string>
  <string name="pref_title_hapticFeedbackStrength">Putere impuls vibratii</string>
  <string name="pref_title_limitCallLogOnXitems">Jurnal apeluri limitat la maxim %s articole</string>
  <string name="pref_summary_limitCallLogOnXitems">Limiteaza jurnal apeluri la maxim %s obiecte (0=nelimitat)</string>
  <string name="pref_title_dividerLineColor">Separator culoare linie</string>
  <string name="menu_quickDial">Apelare rapidă</string>
  <string name="buying_tips_in_free">Puteţi utiliza "Google Play" pentru a cumpara versiunea pro. Dacă locuiţi în zona nu puteti utiliza "Google Play" pentru a cumpara aplicatii. Puteţi descărca versiunea REG şi apoi sa o inregistrati. Ambele versiuni au aceleaşi funcţionalitati.</string>
  <string name="buying_channel_registration">Descărcaţi versiunea REG</string>
  <string name="buying_channel_registration_summary">"După ce aţi făcut clic pe link, acesta va descărca aplicaţia şi facand clic pe acel fişier se va instala. După ce instalarea începe urmaţi instrucţiunile de înregistrare." </string>
  <string name="pref_title_buyAdvancedVersion">Cumpara versiunea avansată</string>
  <string name="freeVersionFound">S-a gasit versiunea gratuita in sistemul dvs.</string>
  <string name="uninstallFreeVersionPrompt">Va recomandam sa dezinstalati versiunea gratuita si sa folositi versiunea inregistrata. Inainte de a dezinstala, ar trebui sa faceti o copie de siguranta a datelor in versiunea gratuita. Dupa aceea sa restaurati in versiunea Pro.
Sa dezinstalez acum versiunea gratuita?</string>
  <string name="pref_title_copySerialNum">Copiati numarul de serie al dispozitivului în clipboard</string>
  <string name="askToCheckRegistrationCode">"Cheie inregistare nu este valid sau nu e înregistrata. Doriţi să verificaţi codul de înregistrare acum?"</string>
  <string name="deleteContactConfirmation">Contactul \"%s\" va fi şters.</string>
  <string name="enable">Activeaza</string>
  <string name="allIncomingCalls">Toate apelurile primite</string>
  <string name="anonymousIncomingCalls">Apeluri primite anonime</string>
  <string name="anonymousIncomingCallsSummary">Când apelurile nu trimit numarul de telefon</string>
  <string name="automaticGroups">Grupuri automate</string>
  <string name="pref_title_dialPrefix">Prefix la apelare</string>
  <string name="pref_summary_dialPrefix">Dacă prefixul este dat, va exista o opţiune suplimentara pentru a le apela prin meniul apasare lunga</string>
  <string name="pref_title_dialSuffix">Sufix apelare</string>
  <string name="pref_summary_dialSuffix">Dacă prefixul este dat, va exista o opţiune suplimentara pentru a le apela prin meniul apasare lunga</string>
  <string name="pref_title_quickDialLimit">Limita apelare rapidă</string>
  <string name="pref_title_languageForT9Keyboard">Limba tastatura T9</string>
  <string name="pref_summary_languageForT9Keyboard">Selectaţi limba care va fi afişata în fereastra T9.</string>
  <string name="callFilterAction">Acţiune</string>
  <string-array name="callFilterActions">
    <item>Interceptare</item>
    <item>Permite</item>
    <item>Silentios</item>
  </string-array>
  <string name="callFilterActionIntercept">Interceptare</string>
  <string name="callFilterActionInterceptAndNotify">Interceptează și notifică</string>
  <string name="callFilterActionAllows">Permite</string>
  <string name="callFilterActionSilence">Liniște</string>
  <string name="callFilterType">Tip filtru</string>
  <string-array name="callFilterTypes">
    <item>Filtru grup</item>
    <item>Filtru numar</item>
    <item>Numar de telefon contactat recent</item>
  </string-array>
  <string-array name="callFilterTypesHint">
    <item>Selectati grupuri de filtrat</item>
    <item>Introduceti numar de filtrat</item>
    <item>Selectaţi durata de valabilitate</item>
  </string-array>
  <string name="ruleEditor">Editor reguli</string>
  <string name="label">Etichetă</string>
  <string name="numberFilterExplain">* = orice şir? = orice caracter</string>
  <string name="effectiveTimeOfTheRule">"Activitatea de la %1$s pana la %2$s"</string>
  <string name="menu_viewRelatedContacts">Vezi contacte conexe</string>
  <string name="title_selectNumbers">Vă rugăm selectaţi numere</string>
  <string name="title_selectEmailAddresses">Vă rugăm selectaţi adrese email</string>
  <string name="pref_title_lockView">Blocare modificare aspect obiecte</string>
  <string name="pref_summary_lockView">Blocare aspect obiecte pentru a modifica obiect prin glisare cu 2 degete</string>
  <string name="selectedNumberOfContacts">Contacte %d selectate</string>
  <string name="selectedNumberOfEmailAddresses">Adrese %d selectate, faceţi clic pentru a copia în clipboard.</string>
  <string name="selectedNumberOfPhoneNumbers">Numere de telefon %d selectate</string>
  <!-- 2.1.1 -->
  <string name="pref_title_nameFieldToShow">Selectaţi câmpul de nume de afisat</string>
  <string name="pref_summary_nameFieldToShow">Eficient numai când setaţi \"Arata contact ca\" nu este implicit.</string>
  <string-array name="pref_entries_nameField">
    <item>Prenume</item>
    <item>Nume</item>
    <item>Prenume 2</item>
    <item>Prefix onorific</item>
    <item>Sufix onorific</item>
    <item>Fonetica prenume</item>
    <item>Fonetica nume</item>
    <item>Fonetica prenume 2</item>
  </string-array>
  <string name="pref_title_showMatchFirstLetterResultsFirst">Arată \'rezultate lista\"Potriveste prima litera</string>
  <string name="pref_title_clickTheActions">Faceţi clic pe acţiuni intrare listă</string>
  <string name="pref_summary_clickTheActions">Actiune la clic pe intrare listă.</string>
  <string name="pref_summary_clickListIconActions">Acţiune atunci când faceţi clic pe icoana contact în modul listă.</string>
  <string name="action_viewItemAuto">Vezi element (auto contactare sau istoric)</string>
  <string name="action_viewContactDetails">Vezi detalii contact</string>
  <string name="action_selectNumberToCall">Selectare numar de apelat</string>
  <string name="action_viewContactHistory">Vezi istoric contact</string>
  <string name="action_viewQuickContactBadge">Vezi insigna contact rapid</string>
  <string name="action_callCurrentNumber">Apeleaza numar curent</string>
  <string name="action_callDefaultNumber">Apeleaza numar implicit</string>
  <string name="action_callUsingSIP">Apel prin SIP</string>
  <string name="action_sendMessageToCurrentNumber">Trimite SMS/MMS la numarul curent</string>
  <string name="action_sendMessageToDefaultNumber">Trimite SMS/MMS la numar implicit</string>
  <string name="pref_title_clickIconActions">Actiuni la clic pe icoana</string>
  <string name="pref_summary_clickIconActions">Acţiune atunci când faceţi clic pe icoana contact în modul grila.</string>
  <string name="pref_title_lockWindowPosition">Blocare pozitie fereastra</string>
  <string name="pref_summary_lockWindowPosition">Dacă nu doriţi să mutaţi prin tragere.</string>
  <string name="pref_title_showCallerLocation">Arată locaţia apelantului</string>
  <string name="downloadPluginPrompt">Trebuie sa instalati plug-in-uri Descarca acum?</string>
  <string name="Default">Implicit</string>
  <string name="pref_title_searchCallLog">Cautare in Jurnal apeluri</string>
  <string name="pref_summary_searchCallLog">Doriti sa deschideti \"Arata jurnal apeluri in telefon\"</string>
  <string name="menu_shareContacts">Distribuie contacte</string>
  <string name="font_size">Dimensiune font</string>
  <string name="show_call_log_filter">Arata filtru jurnal apel</string>
  <string name="hide_call_log_filter">Ascunde filtru jurnal apel</string>
  <string name="prompt_in_sms_tab">Afişează SMS trimis la grup de DW contacts.</string>
  <string name="pref_title_exitWhenCallEnds">Ieşire după terminare apel</string>
  <string name="pref_title_residesInMemory">Exista în memorie</string>
  <string name="pref_summary_residesInMemory">Deschise in acelaşi timp  "Activeaza servicii fundal" pot fi pastrate in memorie mai mult timp.</string>
  <!-- Header that expands to list all of the types of settings -->
  <string name="optionsLabelsGroup">Opţiuni</string>
  <string name="pref_summary_textColorForSecondT9Languare">Culoare pentru a doua limbă T9</string>
  <string name="pref_title_enableDualcardSuppout">Activaţi suportul dual-card</string>
  <!-- 联系人详细信息 -->
  <string name="detailsList">Detalii</string>
  <string name="pref_title_minimumHeightOfListItem">Înălțimea minimă pentru element listă</string>
  <string name="loading">Incarcare...</string>
  <string name="pref_title_displayWhenDialing">Arata când apeleaza</string>
  <string name="pref_title_usingMoreDetailedListSection">Foloseste secţiune mai detaliată pentru listă</string>
  <string name="pref_summary_usingMoreDetailedListSection">Acesta va fi utilizat pentru salt rapid la caracter</string>
  <string name="desktop_widget_limit_messages">În versiunea gratuită puteţi crea doar un widget pentru ecran pornire.</string>
  <string name="label_customField">Câmpuri particularizate</string>
  <string name="menu_otherContactViewer">Vizualizare alte contacte</string>
  <string name="pref_title_hideStatistics">Ascunde statistici</string>
  <string name="pref_title_backupTheme">Setari copie de rezerva tema</string>
  <string name="pref_title_restoreTheme">Restaurare setări tema</string>
  <string name="appwidget_titleText">Titlu</string>
  <string name="appwidget_summary_selectGroup">Vă rugăm selectaţi grup contacte de afişat.</string>
  <string name="iconSize">Marime icoana</string>
  <string name="widgetConfiguration">Configurare widget</string>
  <string name="pref_title_iconNumberOfColumns">Numar icoane la coloane</string>
  <string name="pref_summary_iconNumberOfColumns">0 pentru potrivire automata</string>
  <string name="tips_contactAppWidget">Facand clic pe titlul widget-ului puteţi intra in setări</string>
  <string name="pref_title_nameLines">Linii pentru nume</string>
  <string name="pref_summary_nameLines">0 pentru a ascunde numele</string>
  <string name="menu_deleteTheShownCallLog">Ştergeţi jurnal apel afisat</string>
  <string-array name="pref_entries_contactListSearchOptions">
    <item>Cauta in toate campurile</item>
    <item>Cauta in toate contactele</item>
    <item>Cauta in lista intreaga de adrese</item>
  </string-array>
  <string name="pref_title_defaultContactIcon">Icoana implicita contact</string>
  <string name="pref_title_defaultGroupIcon">Icoana implicita grup</string>
  <string name="prompt_restoreDefaultSettings">Este recomandat sa faceti o copie de rezerva a setarilor intai. Restabilire setări implicite acum?</string>
  <string name="pref_title_interceptCallsEvenDuringCall">Interceptare apeluri chiar şi în timpul unui apel</string>
  <string name="pref_summary_interceptCallsEvenDuringCall">Acest lucru poate duce la incheierea apelului în curs.</string>
  <string name="pref_title_displayPromptWhenCallBlocked">Afişează o atentionare atunci când apelul este blocat.</string>
  <!-- Call Statistics -->
  <string name="call_statistics">Statistici apel</string>
  <string name="freeNumbersManager">Manager numere gratuite</string>
  <string name="tab_call_statistics">Statistici</string>
  <string name="call_type_incoming">Intrare</string>
  <string name="call_type_outgoing">Ieşire</string>
  <string name="call_type_missed">Nepreluate</string>
  <string name="call_type_blocked">Blocat</string>
  <string name="call_type_all">Toate</string>
  <string name="call_duration">Durata</string>
  <string name="call_duration_minute">Cost.Min</string>
  <string name="call_count">Numaratoare</string>
  <string name="call_statistics_time_billingCycle">Ciclu de facturare</string>
  <string name="call_statistics_time_thisMonth">Luna aceasta</string>
  <string name="call_statistics_time_thisWeek">Saptamana aceasta</string>
  <string name="call_statistics_time_all">Dintotdeauna</string>
  <string name="pref_title_startDayOfBillingCycle">Ziua de începere a ciclului de facturare</string>
  <string name="pref_title_missedCallsTextColor">Culoare text apeluri nepreluate</string>
  <string name="pref_summary_unansweredOutgoingCallsTextColor">Apeluri fara raspuns iesite</string>
  <string name="pref_title_freeMonthlyTalkTime">Timp de vorbire gratuit lunar</string>
  <string name="pref_title_freeIncomingCalls">Apeluri primite gratuite</string>
  <string name="pref_title_costWarning">Avertizare cost</string>
  <string name="pref_summary_costWarning">Afişează un memento când se atinge limita minutelor de vorbit gratuite.</string>
  <string name="prompt_freeTalkTimeIsOver">Limita minutelor gratuite de vorbit a fost atinsa.</string>
  <string name="prompt_remainingFreeTalkTimer">Minute gratuite ramase: %1$d minute; zilnic: %2$d minute.</string>
  <string name="pref_title_showGroupSContactsCount">Arată durată convorbire pt. contactele din grup</string>
  <string name="pref_summary_showGroupSContactsCount">Daca e deschis va afecta viteza de încărcare a contactului.</string>
  <string name="pref_title_contactPictureZoomMode">Modul de panoramare pentru poze contacte</string>
  <string-array name="pref_entries_contactPictureZoomMode">
    <item>Central</item>
    <item>Taiat central</item>
    <item>Mod centrat</item>
    <item>Potriveste central</item>
    <item>Potrivire XY</item>
  </string-array>
  <string name="get_online_help">Obţineti ajutor online</string>
  <string name="error_report">Raport eroare</string>
  <string name="hasNoPhoneNumberContacts">Contacte fara numar de telefon</string>
  <string name="pref_title_minimumBillableTime">Timp minim taxabil</string>
  <string name="pref_summary_minimumBillableTime">Setarea curentă este %s secunde. În timp convorbire este 01:15. Setarea este de 30 de secunde, timp taxabil va fi 01:30 minute; setare este 60 de secunde, timp taxabil va fi 02:00 minute.</string>
  <string name="menu_showSidebar">Arată bara laterală</string>
  <string name="menu_hidesidebar">Ascunde bara laterală</string>
  <string name="SIMCard1">Cartela SIM 1</string>
  <string name="SIMCard2">Cartela SIM 2</string>
  <string name="sim_card_office">Birou</string>
  <string name="sim_card_home">Acasa</string>
  <string name="sim_card_call">Apel</string>
  <string name="sim_card_internet">Internet</string>
  <string name="sim_card_heart">Inima</string>
  <string name="lable_sim_card_name">Nume:</string>
  <string name="lable_sim_card_icon">Icoana:</string>
  <string name="defaultSIMcard">Cartela SIM implicita</string>
  <string name="prompt_inFirstUseDialer">Pentru a efectua un apel de urgentã sistemul ar trebui sa aiba o aplicatie dial-up. Asigurați-vă că funcţionează.</string>
  <string name="pref_title_enableBackgroundDataLoading">Permite încărcare de date in fundal</string>
  <string name="pref_summary_enableBackgroundDataLoading">Activati pentru a imbunatati viteza de raspuns a aplicatiei.  Vă rugăm să reţineţi că acest lucru va creşte consumul de baterie, agenda de contacte este actualizată frecvent.</string>
  <string name="pref_title_scaleToFitTheScreen">Scalare pentru a se potrivi ecranului</string>
  <string name="pref_summary_scaleToFitTheScreen">Scalare automata dimensiune grilă pentru a se potrivi ecranului</string>
  <string name="pref_summary_whenPortraitMode">Mod portret</string>
  <string name="pref_summary_whenTheSidebarIsOpen">Mod portret bara laterala</string>
  <string name="pref_summary_whenInLandscapeMode">Mod vedere</string>
  <string name="pref_summary_whenInLandscapeModeAndTheSidebarIsOpen">Mod vedere bara laterala</string>
  <string name="pref_title_usingMoreDetailedFastScroller">Utilizare derulator mai detaliat</string>
  <string name="pref_title_contactFields">Rubrici contact</string>
  <string name="pref_summary_informationNeedSendToCalendar">Selectaţi informaţiile de trimis către calendar</string>
  <string-array name="pref_entriesNeedSendToCalendar">
    <item>Firma</item>
    <item>Adresa</item>
    <item>Telefon</item>
    <item>E-mail</item>
    <item>Note</item>
  </string-array>
  <string name="menu_addConsecutiveNumbers">Adauga numere consecutive</string>
  <string name="startingNumber">Numărul de început</string>
  <string name="endingNumber">Număr de sfârşit</string>
  <string name="prompt_ALotOfNumbersToAddToContact">%d numerele noi vor fi adăugate la contact. Aceasta va dura ceva timp.</string>
  <string name="prompt_numberParsingErrorInaddConsecutiveNumbers">Eroare parsing număr! Vă rugăm nu introduceţi numărul formatat.</string>
  <string name="prompt_needToAddNumbersTooMuch">Acest lucru va duce la %d adăugare număr la persoana de contact. Adăugarea de prea multe numere va incetini telefonul.</string>
  <string name="prompt_addConsecutiveNumbers_accountDoesNotSupport">Cont de contacte nu acceptă adăugarea de atât de multe numere de telefon.</string>
  <string name="pref_title_usingHDContactPicture">Folosire poza HD pentru contacte</string>
  <string name="pref_title_linksInNotes">Link-uri în note</string>
  <string name="pref_summary_linksInNotes">Când este activată, URL-uri, e-mailuri, adrese şi numere de telefon din note vor fi clicable.</string>
  <string name="pref_title_enableInCallWidget">Activează în widget apel</string>
  <string name="pref_title_delayToClose">Întârziere închidere</string>
  <string name="pref_summary_delayToCloseInCallWidget">Întârziere %ds închidere \"widget in apel\" la terminare apel.</string>
  <string name="pref_title_closeWhenOffhook">Închide atunci când este Off-hook</string>
  <string name="pref_summary_closeWhenOffhook">Inchide \"In apel widget\" când răspundeti la apel.</string>
  <string name="pref_summary_informationNeedShowInInCallWidget">Selectați informațiile care apar in \"In apel widget\".</string>
  <string name="phoneNumberLabel">Etichetă număr telefon</string>
  <string name="last_contact_time">Ora ultimului contact</string>
  <string name="contact_pictures">Poza contact</string>
  <string name="menu_importToQuickdialList">Importa în lista de apelare rapidă</string>
  <string name="confirm_importToQuickdialList">Reţineţi că datele importate vor suprascrie datele existente.</string>
  <string name="toast_importToQuickdialListSuccessfully">%d numărul a fost importat</string>
  <string name="pref_title_frameColor">Culoare cadru</string>
  <string name="pref_title_hideDefaultIcon">Ascunde icoana implicita</string>
  <string name="pref_summary_hideDefaultIcon">Ascunde icoana implicita în vizualizare listă.</string>
  <string name="pref_title_showInTheSidebar">Arată în bara laterală</string>
  <string name="pref_summary_showInTheSidebar">Selectati articole de afisat în bara laterală</string>
  <string-array name="pref_entries_showInTheSidebar">
    <item>Grupuri</item>
    <item>Organizatii</item>
    <item>Titluri</item>
  </string-array>
  <string name="menu_addToQuickdialList">Adauga la lista de apelare rapidă</string>
  <string name="toast_theNumberHasNeenAdded">Numărul a fost adăugat.</string>
  <string name="pref_title_fontSizeSidebar">Dimensiune font (bara laterală)</string>
  <!-- 	<string name="hour">Hour</string> -->
  <string name="contactedLastXHours">Apelate in ultimele %s ore</string>
  <!-- 	选中的邮件地址已经复制到剪贴板。您可以将它粘贴到邮件程序的地址字段 -->
  <string name="toast_selectedEmailAddressCopied">Adresa de e-mail selectată a fost copiată în clipboard. O puteti insera in câmpul de adresă din programul de e-mail.</string>
  <string name="pref_title_backUpAllData">Creare copie de rezerva pentru toate datele</string>
  <!-- 	由于数据库的更新。还原数据可能导致组铃声、组图片和防火墙工作不正常。请检查它们在恢复数据后。 -->
  <string name="pref_summary_backUpAllData">De la ultima actualizare a bazei de date. Când se restabilesc datele este posibil ca ton apel grup, poza grup şi filtru apel sa nu functioneze corect. Vă rugăm să le verificaţi în date de recuperat.</string>
  <!-- 	注意这不会备份联系人数据库。 -->
  <string name="warning_notBackUpContactsDatabase">Reţineţi că acest lucru nu crează copie de rezervă pentru  baza de date contacte.</string>
  <string name="pref_title_restoreAllData">Restaurare toate datele</string>
  <string name="toast_backedSuccessfully">Copie de rezerva reusita la %s.</string>
  <string name="toast_backedFailed">Copie de rezervă nereușita. Asiguraţi-vă că aţi setat o cale validă pentru rezervă.</string>
  <string name="toast_restorSuccessfully">Restaurat cu succes din %s.</string>
  <string name="toast_restorFailed">Restaurare nereușita. Asiguraţi-vă că aţi setat calea corectă.</string>
  <string name="close">Închide</string>
  <string name="minimize">Minimizare</string>
  <string name="maximize">Maximizare</string>
  <string name="call">"Apelaţi"</string>
  <string name="toast_notSuppouteditingNotes">Acest contact nu acceptă editare note.</string>
  <!-- An option in the event notification settings, open it automatically sends the blessing SMS comes in contact events. -->
  <string name="pref_title_automaticallySendGreetingsSMS">Trimite autonat SMS cu multumiri</string>
  <!-- 	注意发送消息时您不会得到通知，发送时间为事件当天的[通知时间]。 -->
  <string name="pref_summary_automaticallySendGreetingsSMS">Retineti ca șa trimiterea mesajului  nu veti primi notificare, ora trimiterii pentru evenimentul in ziua [Timp notificare]</string>
  <!-- Prompt message before you delete a call log. -->
  <string name="prompt_deleteCallLog">Retineti: stergerea registrului apeluri va afecta statistica apeluri.</string>
  <!--
    Dispaly in [In call Widget]
    Example:
    The last contact time: 5 days ago。 -->
  <string name="in_call_lastContactTime">Ora ultimului contact: %s</string>
  <string name="recommendToFriends">Recomanda prietenilor</string>
  <string name="filterMode">Mod filtru</string>
  <!-- 	Show contacts filter Details Grp = Group; Com = Company; Tit = Title -->
  <string name="contactsFilterSummary">Filtrare: Grp: %1$s Com: %2$s Tit: %3$s</string>
  <string name="pref_title_largeDialButton">Buton apelare mare</string>
  <!-- 	显示在联系人组编辑器，为编辑的组设置父组 -->
  <string name="parentGroup">Grup primar</string>
  <string name="pref_title_formatPhoneNumber">Format numar telefon</string>
  <string name="menu_viewSelectedContacts">Ezi contactele selectate</string>
  <string name="filter_status_all">Toate</string>
  <string name="pref_title_enableSlidingAction">Activare actiune culisare</string>
  <!-- 	启用滑动拨号等等，关闭它以便使用滑动切换号码。 -->
  <string name="pref_summary_enableSlidingAction">Activare apel prin culisare etc. Poate fi oprit pentru a folosi culisare schimbare numere.</string>
  <!-- Click Open browser to select files or other data -->
  <string name="browse">Cautare</string>
  <string name="companies">Companii</string>
  <string name="company">Companie</string>
  <string name="clear">Curata</string>
  <string name="other">Altele</string>
  <string name="voice_input">Input vocal</string>
  <string name="app_widget_name_dialer_3_3">DW taste apelare 3 x 3</string>
  <string name="app_widget_name_dialer_2_3">DW taste apelare 2 x 3</string>
  <string name="app_widget_name_dialer_4_4">DW taste apelare 4 x 4</string>
  <string name="app_widget_name_agenda">Agenda DW</string>
  <!-- 	A menu item is used to select mode grouping contacts. -->
  <string name="menu_groupBy">Grupare dupa</string>
  <string name="menu_showHistory">Arata istoric</string>
  <string name="menu_sendMessage">Trimite SMS/MMS</string>
  <string name="menu_sendMail">Trimite email</string>
  <string name="menu_setRingtone">Setare ton apel</string>
  <string name="menu_insert">Insereaza</string>
  <string name="pref_title_disableAutomaticUpdates">Dezactivare actualizare automata.</string>
  <string name="pref_title_showsLinkToContactList">Arata un link in lista contacte</string>
  <!-- A number label, recently contacted number，It shows in the contact details SMS TAB. Number selection drop-down list. For example: Recent:12345678 -->
  <string name="recent">Recente</string>
  <string name="dialog_title_selectFieldsToShare">Selectare campuri de distribuit</string>
  <string name="pref_title_showSIMCardNumber">Arata numar cartela SIM</string>
  <string name="pref_title_swapSIMCardNumber">Interschimba numar SIM</string>
  <string name="pref_summary_selectNeedToDisplayTabs">Selectare dorinta afisare file</string>
  <!-- 	检测到您正使用屏幕阅读程序。是否显示“电话号码选择对话框”在拨号前？ -->
  <string name="prompt_usePhoneNumberSelectionDialogWhenUseScreenReader">Detecteaza folosirea unui program de citit ecran. Afiseaza ori \"Fereastra selectare numar\" inaintea apelarii?</string>
  <string name="neverShowAgain">Nu mai arata niciodata</string>
  <!-- 	选择[确定]，“通话中小部件”将不会再次显示。 -->
  <string name="prompt_neverShowAgain">Selecteaza [%1$s], Cel \"%2$s\" nu va mai fi afisat.</string>
  <string name="dualSIMCardConfiguration">Setari Dual SIM</string>
  <!-- 	如果SIM卡编号显示不正确，请先通过两个SIM卡各拨打一个电话，然后点击[重新检测]按钮。 -->
  <string name="prompt_retestSIMCardNumber">Daca numarul de pe SIM nu este corect, efectueaza cate un apel de pe ambele SIM-uri si apoi fa clic pe butonul [Retestare].</string>
  <!-- 	重新检测 -->
  <string name="retest">Retestare</string>
  <!-- 	检测已完成 -->
  <string name="toast_retestSIMCardNumberCompleted">Testarea a luat sfarsit.</string>
  <string name="toast_settingsHaveBeenSaved">Setarile au fost salvate.</string>
  <!-- 	如果双卡功能不工作在您的设备。请尝试选择设备列表中的每一个设备，然后单击[拨号]按钮。当两个拨号按钮使用正确SIM卡拨号时，单击[保存]按钮。 -->
  <string name="prompt_dualSIMDialTest">Daca functia dual SIM nu functioneaza pe aparatul tau incearca selectarea fiecarui aparat din lista si apoi fa clic pe butonul [Apelare]. Cand cele doua butoane de apelare folosesc SIM-urile corecte fa clic pe butonul [Salvare].</string>
  <string name="lable_device">Aparat:</string>
  <string name="lable_testNumber">Testeaza numarul:</string>
  <!-- 	 An option. When you enable the exchange of the SIM card used when making calls. When the dial buttons 1 and 2 do not correspond correct SIM card to select it. -->
  <string name="swapTheDialSIMcard">Schimbati SIM-ul pentru apel</string>
  <string name="shareMySettings">Imparte Setarile mele</string>
  <!-- 	已添加前缀/后缀（%s） -->
  <string name="toast_prefixOrSuffixHasBeenAdded">Prefixul / Sufixul a fost adaugat(%s)</string>
  <string name="pref_title_downloadGeocoderPlugin">Descarca pluginul Geocoder</string>
  <string name="menu_bindTo">Adauga la %s</string>
  <string name="menu_clearBind">Sterge adaugarea</string>
  <string name="pref_title_twoDialOnTheDialpad">Afiseaza doua butoane de apel in fereastra apel</string>
  <string name="pref_title_twoDialInTheContactList">Afiseaza doua butoane de apel in lista contacte</string>
  <!-- 	call using SIM card 1 -->
  <string name="description_dial_button_using">Apeleaza folosind %s</string>
  <string name="menu_shareAsText">Distribuie toate detaliile ca text</string>
  <string name="menu_shareAsvCard">Distribuie ca vCard</string>
  <string name="noItmeSelected">Niciun obiect selectat</string>
  <string name="pref_title_leftHandedOperation">Operatiune cu mana stanga</string>
  <string name="description_goToSubGroups_button">Mergi la lista sub grupuri</string>
  <!-- 一个选项，当打开备注会优先保存到联系人，而不是通话记录备注 -->
  <string name="pref_title_saveNotesToContacts">Salveaza notite la contact</string>
  <string name="export_to_single_vcard_file">Exporta intr-un singur fisier vCard</string>
  <string name="export_to_multiple_vcard_files">Export in mai multe fisiere vCard</string>
  <string name="confirm_export_contacts_to_folder_message">Contactul tau va fi exportat in dosarul: %s.</string>
  <!-- 读出来电显示号码 -->
  <string name="pref_title_speakCallerID">Pronunta ID apelant</string>
  <string name="pref_title_speakOrganization">Pronunta Organizatie</string>
  <string name="pref_title_speakNumber">Pronunta numar</string>
  <string name="pref_summary_speakNumber">Daca apelantul nu este in contacte</string>
  <string name="pref_title_repeatCount">Repeta numaratoare</string>
  <string name="pref_title_repeatInterval">Interval repetare</string>
  <string name="pref_title_reverseList">Inverseaza lista</string>
  <string name="pref_title_openQuickJumpOnStartup">Deschide salt rapid la pornire</string>
  <!-- 搜索历史记录 - 一个开关确定是否显示搜索历史记录 -->
  <string name="pref_title_searchHistory">Istoric cautare</string>
  <string name="menu_add_event">Adauga eveniment</string>
  <string name="notification_dataLoaderIsRunning">Incarcare date este pornit</string>
  <string name="clickToGetMoreInformation">Clic pentru mai multe iinformatii</string>
  <!-- 	您好，试用期限将结束在5天后。现在要购买吗？ -->
  <string name="remind_trialPeriodWillEnd">Buna, perioada de proba se va termina in %d zile. Vrei sa cumperi acum?</string>
  <string name="menu_addToBlockList">Adauga la lista blocare</string>
  <string name="menu_removeFromBlockList">Inlatura din lista blocare</string>
  <string name="blockList">Lista blocare</string>
  <string name="font">Font</string>
  <string name="needToUpdate">Este necesara actualizare</string>
  <string name="disable">Dezactiveaza</string>
  <string name="pref_title_hideContactPicture">Ascunde poza contact</string>
  <string name="event_info_links_label">Adrese</string>
  <string name="pref_title_calllogFilterAtTop">Afisare \"Filtru jurnal apel\" in partea de sus a ecranului</string>
  <!-- A menu, click the call methods available to display. For example: SIM card 2; Video call; Skype; SIP -->
  <string name="menu_callUsing">Apel folosind…</string>
  <string name="video_call">Apel video</string>
  <string name="automatic_redial">Reapelare automata</string>
  <!-- Automatic redial after 3 seconds. -->
  <string name="automatic_redial_after">Reapelare automat dupa %s.</string>
  <!-- Enter "Arrange mode", you can drag to sort items. -->
  <string name="menu_arrangeMode">Mod aranjare</string>
  <string name="summary_arrangeMode">Trage obiect pentru sortare</string>
  <string name="recommend_template">"Draga prietene!\nAm folosit %1$s. Este o aplicatie de nelipsit pentru contacte. Poti folosi aceasta adresa pentru descarcare:%2$s</string>
  <string name="recommend_id_template">"Nu uita sa introduci ID-ul meu (%s) in (FILA instrumente -&gt;
Recomanda prietenilor).\nMultumim!"</string>
  <!-- An option to choose what to hide in the contact details -->
  <string name="pref_title_hideSection">Ascunde sectiune</string>
  <string name="pref_title_automaticBackup">Copie rezerva automat</string>
  <string name="pref_title_backupTime">Timp copie rezerva</string>
  <string name="pref_title_backupCycle">Ciclu copie rezerva</string>
  <string-array name="pref_entries_backupCycle">
    <item>Zilnic</item>
    <item>La doua zile</item>
    <item>La trei zile</item>
    <item>La patru zile</item>
    <item>La cinci zile</item>
    <item>La sase zile</item>
    <item>Saptamanal</item>
    <item>Lunar</item>
  </string-array>
  <string name="pref_title_contactsBackup">Copie rezerva contacte</string>
  <string name="pref_summary_contactsBackup">Alege grupul pentru copie rezerva</string>
  <string name="pref_title_backupNow">Copie rezerva acum</string>
  <string name="pref_title_disableInCarMode">Dezactiveaza in modul masina</string>
  <string name="pref_summary_disableInCarMode">Dezactiveaza temporar confirmare formare, cand esti in masina</string>
  <!-- An alert message when adding a shortcut to the HomePage request has been sent. -->
  <string name="toast_requestHasBeenSent">Cererea a fost trimisa</string>
  <string name="pref_title_hideMenuButton">Ascunde buton meniu</string>
  <string name="pref_summary_hideMenuButton">Daca aparatul tau nu are buton meniu, daca ascunzi vei pierde accesul la meniuri</string>
  <string name="pref_title_deleteOldCallLogs">Sterge jurnal apeluri vechi</string>
  <string name="pref_summary_deleteOldCallLogs">Cand numarul atinge %s, sterge jurnal apel vechi</string>
  <string name="menu_setContactPhoto">Seteaza poza contact</string>
  <!-- OPTION: When you restart the app. Restore the state when last used. -->
  <string name="pref_title_restoreStateWhenRestarted">Restaureaza stadiu la repornire</string>
  <string name="websiteTypeHomepage">Pagina vatra</string>
  <string name="websiteTypeBlog">Blog</string>
  <string name="websiteTypeProfile">Profil</string>
  <string name="websiteTypeHome">Acasa</string>
  <string name="websiteTypeWork">Lucru</string>
  <string name="websiteTypeFTP">FTP</string>
  <!--     <string name="description">Description</string> -->
  <!--     <string name="menu_add_link">Add link</string> -->
  <string name="pref_title_excludeNumbers">Exclude numere</string>
  <string name="pref_summary_excludeNumbers">Formeaza aceste numere si nu va aparea textul [Confirmare formare]</string>
  <!-- Menu item used to add custom field to contact -->
  <string name="menu_addCustomField">Adauga camp personal</string>
  <!-- An automatic group name, which contains all has photo contacts -->
  <string name="hasPhotoContacts">Contacte cu poza</string>
  <!-- Selectable menu item used to controls whether display "contacts events" in the "agenda list". -->
  <string name="menu_showContactsEvents">Arata evenimente contacte</string>
  <!-- An option to define accent color. The color applied to framework controls in their activated (ex. checked) state. -->
  <string name="pref_title_accentColor">Accent culoare</string>
  <!-- An option to define whether the appointment is created automatically send the invitation email.-->
  <string name="pref_title_sendInvitation">Trimite invitatie</string>
  <!-- An option to define whether the appointment is created automatically send the invitation email.-->
  <string name="pref_summary_sendInvitation">Adauga adresa de email contact la participanti</string>
  <!-- An option to define whether use circle icon.-->
  <string name="pref_title_circleIcon">Icoana rotunda</string>
  <string name="on">Pornit</string>
  <string name="off">Oprit</string>
  <!-- Determined by the theme -->
  <string name="byTheme">Dupa tema</string>
  <!-- An option to define color -->
  <string name="pref_title_callLogFilterBackground">Fundal filtru jurnal apeluri</string>
  <!-- An option to define whether use colorful icon.-->
  <string name="pref_title_colorfulIcon">Icoana colorata</string>
  <!-- Select this option to Reduce the ring volume when reading the caller information. -->
  <string name="pref_title_reduceRingerVolume">Reduce volum sonerie</string>
  <!-- Select this option to Reduce the ring volume when reading the caller information. -->
  <string name="pref_summary_reduceRingerVolume">Reduce volume sonerie cand se citesc informatii apelant</string>
  <!-- Menu item used to Go to the "Calendar" App -->
  <string name="menu_goToCalendar">Mergi la calendar</string>
  <!-- Menu item used to add selected item to the Tab bar -->
  <string name="menu_addToTabBar">Adauga la bara file</string>
  <!-- Menu item used to remove selected item from the Tab bar -->
  <string name="menu_removeFromTabBar">Elimină din bară file</string>
  <!-- Menu item used to browse and restore data -->
  <string name="menu_restoreFrom">Restaureaza din …</string>
  <!-- Menu item used to open [Backup Manager] -->
  <string name="menu_backupManager">Manager salvari</string>
  <string name="typeface_bold">Ingrosat</string>
  <string name="typeface_italic">Inclinat</string>
  <!-- A contact group option. Open it will automatically delete call logs, contacts belong to this group. -->
  <string name="pref_title_automaticallyDeleteCallLogs">Sterge automat jurnal apeluri</string>
  <!-- An option to control whether to display the contact's local time -->
  <string name="pref_title_showContactsLocalTime">Arata ora locala pentru contacte</string>
  <!-- An option -->
  <string name="pref_title_replaceMissedCallNotification">Inlocuieste \"Notificare apel ratat\"</string>
  <!-- An option summary -->
  <string name="pref_summary_replaceMissedCallNotification">Evita afisare dialog \"Alege o aplicatie\"</string>
  <!-- An option in the dialog box to delete call records. Controls whether delete call log notes -->
  <string name="deleteNotes">Sterge notite</string>
  <string name="offset">Deplasat</string>
  <!-- Label above username EditText -->
  <string name="username">Nume utilizator</string>
  <!-- Button to sign in after entering username and password -->
  <string name="signIn">Logare</string>
  <string name="message_createLocalContactAccount">Creaza un cont pentru contact local.
         Salvat in acest cont al contactelor nu se va sincroniza cu reteaua.
          \n<b>Note:</b> Uninstall \"DW Contacts\" va duce la a aparține în acest cont contacte eliminate automat.
          Daca activezi sincronizare contacte, contactele se vor sincroniza in dosar \"<b>SD Card</b>/DW/contacts/\".</string>
  <!-- "By number" merge call records, etc. -->
  <string name="byNumber">Dupa numar</string>
  <!-- "By contact" merge call records, etc. -->
  <string name="byContact">Dupa contact</string>
  <string name="toast_switchToIntersectionMode">Clic din nou pentru a schimba cu <b>Mod intersectie</b></string>
  <!-- An option to control whether to display the message log in History -->
  <string name="pref_title_showMessageLog">Arata jurnal mesaje</string>
  <!-- Menu item used to add data (E-mail address, etc.)  to contacts -->
  <string name="addToContact">Adauga la contacte</string>
  <!-- An option When you open it will maintain a fixed height In call widget. -->
  <string name="fixedHeight">Înălțime fixă</string>
  <!-- ****************************** Descriptions *********************************** -->
  <!--
         String describing the Keyboard switch ImageButton
         Used by AccessibilityService to announce the purpose of the button.
         [CHAR LIMIT=NONE]
    -->
  <string name="description_switch_keyboard">Schimba tastatura</string>
  <string name="description_pick_contact">Alege contact</string>
  <!-- String describing the text for photo of a item(group, title, company，etc.). -->
  <string name="description_icon_for">Icoana pentru <xliff:g id="name">%1$s</xliff:g></string>
  <!--An option. When opened, will use list long press menu.-->
  <string name="pref_title_useListMenu">Folosește meniu listă</string>
  <!--An option in Accessibility. When opened, Enter the number need to double click to confirm.-->
  <string name="pref_title_doubleClickEnterNumber">Dublu clic pentru a introduce număr</string>
  <!--A item of list, control information needs to be displayed in the "In call widget"-->
  <string name="positionInQuickDial">Poziție în apelare rapidă</string>
  <string name="prompt_requiresPermission">Necesită permisiune <b>%1$s</b>.</string>
  <string name="pause">Pauză</string>
  <string name="description_add_voice_tag">Adaugă etichetă vocală</string>
  <string name="pref_color_schemes">Scheme coloristice</string>
  <string name="navigation_drawer_open">Deschide sertar navigare</string>
  <string name="navigation_drawer_close">Închide sertar navigare</string>
  <string name="toast_adjustColors">Atinge unde vrei pentru a ajusta culorile</string>
  <string name="auto_close">Auto închide</string>
  <string name="voice_tag">Etichetă vocală</string>
  <!--An option title in [Contact Details]. When opened, Will merge items,When just labels different.-->
  <string name="pref_title_mergeItemsJustDiffLabel">Unește elemente</string>
  <!--An option summary in [Contact Details]. When opened, Will merge items,When just labels different.-->
  <string name="pref_summary_mergeItemsJustDiffLabel">Atunci când numai etichetele diferă</string>
  <string name="todoList">De făcut</string>
  <string name="menu_add_todo">Adaugă sarcină</string>
  <!-- Notification message when adding a number to the blacklist, but the call filter did not open. -->
  <string name="needEnableCallFilter">Trebuie deasemenea să activezi [Filtru apel]</string>
  <!--An option title in [Events]. Define which events need to display. It filter events based on contact groups-->
  <string name="pref_title_eventsToDisplay">Evenimente de afișat</string>
  <!--An option title in [Color schemes]. Used to define the "List section" Text Size -->
  <string name="section_header">Antet secțiune</string>
  <!--An option. When open: The starred contacts are displayed at the top of the list. -->
  <string name="showStarredAtTheTop">Afișează contracte cu stea în partea de sus</string>
</resources>
