<?xml version="1.0" encoding="utf-8"?>
<!--Generated by crowdin.com-->
<resources xmlns:xliff="urn:oasis:names:tc:xliff:document:1.2">
  <string name="label_ringtone">"To de trucada"</string>
  <string name="default_ringtone">"Predeterminat"</string>
  <string name="menu_sendEmail">"Envia un correu electrònic"</string>
  <string name="showFilterPhones">"Només els contactes amb telèfons"</string>
  <string name="showFilterPhonesDescrip">"Mostra només els contactes que tenen números de telèfon"</string>
  <string name="headerContactGroups">"Trieu els contactes que voleu mostrar"</string>
</resources>
