<?xml version="1.0" encoding="utf-8" standalone="no"?>
<!--Generated by crowdin.com-->
<resources xmlns:xliff="urn:oasis:names:tc:xliff:document:1.2">
  <string name="app_name">DW Contacts &amp; Phone</string>
  <string name="app_contacts_name">DW Contacts</string>
  <string name="starred">Favoris</string>
  <string name="coworkers">Collaborateurs</string>
  <string name="family">Famille</string>
  <string name="friends">Amis</string>
  <string name="myContacts">Mes contacts</string>
  <string name="mergedContacts">Contacts fusionnés</string>
  <string name="no_item_to_display">Aucun élément à afficher</string>
  <string name="allContact">Tous les contacts</string>
  <string name="no_phone_numbers">Aucun numéro de téléphone</string>
  <string name="menu_edit">Modifier le contact</string>
  <string name="menu_edit_group">Modifier le groupe</string>
  <string name="menu_add_contact_to_group">Ajouter à un groupe</string>
  <string name="menu_remove_contact_from_group">Retirer du groupe</string>
  <string name="groupNameLabel">Nom du groupe</string>
  <string name="add">Ajouter</string>
  <string name="message_del_system_group">Il s\'agit d\'un groupe de contact système. Après la suppression, il peut être recréer automatiquement et générer des problèmes. Voulez-vous vraiment continuer ?</string>
  <string name="menu_select_mode">Multi sélection</string>
  <string name="menu_inverse_select">Inverser</string>
  <!--<string name="noContact">This group has no contact</string> -->
  <string name="pleaseWait">Veuillez patienter</string>
  <string name="pref_send_title">SMS et e-mails</string>
  <string name="pref_title_sms_mms_send">SMS / MMS</string>
  <string name="pref_title_email_send">E-mail</string>
  <string name="pref_send_to">Envoyer à : %s</string>
  <string-array name="prefEntries_sms_mms_to">
    <item>Premier numéro de mobile ou par défaut</item>
    <item>Tous les numéros de mobile</item>
    <item>Tous les numéros</item>
  </string-array>
  <string-array name="prefEntries_email_to">
    <item>Adresse de messagerie par défaut</item>
    <item>Toutes les adresses</item>
  </string-array>
  <!--Recipients location -->
  <string name="pref_title_recipients_location">Anonymat destinataire</string>
  <string name="pref_recipients_location_summary">Adresses ajoutées dans le champ %s</string>
  <string-array name="pref_entries_recipients_location">
    <item>Cci</item>
    <item>Cc</item>
    <item>A</item>
  </string-array>
  <string name="menu_preferences">Paramètres</string>
  <string name="preferences_title">Paramètres</string>
  <string name="error_report_email_explain">Nous sommes désolés, une erreur s\'est produite. Vous pouvez nous aider à améliorer cette application par l\'envoi d\'un rapport qui comprend des messages d\'erreur et des informations système. Votre vie privée sera respectée.</string>
  <string name="no_contact_selected">Aucun contact sélectionné</string>
  <!--Firewall -->
  <string name="firewell_add_item">Ajouter un filtre d\'appel</string>
  <string name="lable_week">Jour de la semaine</string>
  <string name="select_group_title">Sélectionnez le groupe</string>
  <!-- %s = call number-->
  <string name="call_blocking_message">%s est bloqué</string>
  <string name="stat_notify_incoming_calls_were_intercepted">%d appels entrants ont été interceptés</string>
  <string name="pref_firewall_title">Filtre d\'appel</string>
  <string name="pref_title_firewall_enable">Activer le filtre d\'appel</string>
  <string name="firewall_service_started">Filtre d\'appel activé</string>
  <string name="firewall_state_label">DW Filtre d\'appel</string>
  <!-- The status bar at the top of the screen display a notification message. -->
  <string name="pref_title_firewall_allways_show_stat_notify">Icône de barre d\'état</string>
  <string name="pref_firewall_allways_show_stat_notify_summary">Affiche l\'icône et les notifications dans la barre d\'état</string>
  <string name="menu_week_view">Vue de la semaine</string>
  <string name="menu_time_view">Affichage de l\'heure</string>
  <string name="menu_view">Affichage</string>
  <string name="from">De</string>
  <string name="to">à</string>
  <string-array name="days">
    <item>Dimanche</item>
    <item>Lundi</item>
    <item>Mardi</item>
    <item>Mercredi</item>
    <item>Jeudi</item>
    <item>Vendredi</item>
    <item>Samedi</item>
  </string-array>
  <string-array name="days_short">
    <item>Dim.</item>
    <item>Lun.</item>
    <item>Mar.</item>
    <item>Mer.</item>
    <item>Jeu.</item>
    <item>Ven.</item>
    <item>Sam.</item>
  </string-array>
  <string name="firewall_label">Filtre d\'appel</string>
  <string name="everyday">Tous les jours</string>
  <string name="never">Jamais</string>
  <string name="search_hint">Taper pour rechercher</string>
  <string name="pref_title_display_system_group">Afficher les groupes système</string>
  <!-- Gmail the default, including the group. (Starred, Coworkers, Family, Friends, My Contacts) -->
  <string name="pref_display_system_group_summary">Affiche les groupes système</string>
  <string name="pref_title_merge_same_name_group">Fusionner les groupes</string>
  <string name="pref_merge_same_name_group_summary">Fusionne les groupes de mêmes noms</string>
  <string name="pref_font_size_title">Taille de police (1ère ligne)</string>
  <string name="pref_font_size_summary">Taille : %s</string>
  <string name="removePicture">Supprimer la photo</string>
  <string name="changePicture">Modifier la photo</string>
  <string name="attachToGroup">Photo du groupe</string>
  <string name="use_photo_as_primary">Utiliser cette photo</string>
  <string name="photoPickerNotFoundText">Galerie photo introuvable</string>
  <string name="SMS">SMS</string>
  <string name="Email">E-mail</string>
  <string name="_null">""</string>
  <!-- It shows the contact event to the present time. -->
  <string name="days_after">Dans %d jours</string>
  <string name="months_after">Dans %d mois</string>
  <string name="days_ago">Il y a %d jours</string>
  <string name="months_ago">Il y a %d mois</string>
  <string name="today">Aujourd’hui</string>
  <string name="show_group_icon">Afficher les photos de groupe</string>
  <string name="show_group_icon_summary">Affiche les photos de chaque groupe</string>
  <string name="using_system_sms_program">Programme SMS par défaut</string>
  <!-- According to user feedback that I might in the new version, use it again. -->
  <string name="using_system_sms_program_summary">Désactive la fonction d\'envoi SMS de l\'application et utilise le programme par défaut</string>
  <string name="recipients_limit">Nombre de destinataires</string>
  <string name="recipients_limit_summary">Envoi automatiquement par lot quand le nombre de destinataires est supérieur à cette valeur</string>
  <string name="send">Envoyer</string>
  <string name="confirm_send_message">Continuer à envoyer des messages aux autres contacts ?</string>
  <!-- For example, Tablet PC does not support sending text messages. However, click the SMS icon.
    I will call the SMS program. The system will report an exception. Then display this prompt. -->
  <string name="system_does_not_support">Le système n\'est pas pris en charge !</string>
  <string name="ungrouped_contacts">Contacts non groupés</string>
  <string name="multipleContactsDeleteConfirmation">Les contacts sélectionnés seront supprimés.</string>
  <!--pref default view -->
  <string name="pref_title_default_view">Onglet par défaut</string>
  <string name="pref_default_view_summary">Onglet par défaut au démarrage : %s</string>
  <!--pref show auto groups -->
  <string name="pref_title_display_auto_group">Afficher les groupes automatiques</string>
  <string name="pref_display_auto_group_summary">Affiche les groupes \"Tous les contacts\", \"Contacts non groupés\", \"Contacts avec n° de téléphone\", \"Contacts sans n° de téléphone\" et \"Contacts fréquents\"</string>
  <string name="label_hide">Masquer</string>
  <string name="hide_group_summary">Ne pas afficher ce groupe</string>
  <string name="fast_scroll_alphabet">\u0020ABCDEFGHIJKLMNOPQRSTUVWXYZ</string>
  <string name="fast_scroll_numeric_alphabet">\u00200123456789ABCDEFGHIJKLMNOPQRSTUVWXYZ</string>
  <!-- Because the different SMS programs. When I provide a phone number to the SMS program,
    some require the use of a semicolon to separate the numbers, and some require a comma. Therefore, this option provides. -->
  <string name="sms_compatibility_mode_title">Mode d\'envoi des SMS/MMS</string>
  <string name="sms_compatibility_mode_summary">Sélectionnez cette option si votre "Programme SMS" n\'est pas le programme principal. Par exemple: XT800</string>
  <string name="menu_sort_hide">Trier &amp; masquer</string>
  <string name="menu_sort_alphabetically">Par ordre alphabétique</string>
  <string name="pref_in_call_widget_title">Widget d\'appel</string>
  <string name="pref_help_title">Aide</string>
  <string name="pref_online_help_title">Aide en ligne</string>
  <string name="menu_cancel_send_to_voicemail">Débloquer les contacts</string>
  <string name="pref_feedback_title">Envoyer un commentaire</string>
  <string name="pref_about_title">À propos</string>
  <string name="version">Version</string>
  <string name="pref_name_display_order_summary">Change l\'affichage des noms des contacts (peut affecter la vitesse d\'affichage)</string>
  <string name="pref_contacts_account_title">Gestionnaire de compte</string>
  <string name="pref_contacts_account_summary">Affiche les contacts de : %s</string>
  <string name="all_account">Tous les comptes</string>
  <string name="pref_show_account_name_title">Afficher les comptes</string>
  <string name="pref_show_account_name_summary">Affiche les noms des comptes sous les noms des groupes</string>
  <string name="select_account">Sélectionnez un compte</string>
  <string name="pref_register_code_title">Entrer un code d\'enregistrement</string>
  <string name="pref_register_code_summary">Vous devez saisir le code d\'enregistrement (connexion internet requise) que vous avez reçu dans l\'e-mail de confirmation de payement.</string>
  <!-- A setting item, click it to open, buy the software license key dialog box. -->
  <string name="pref_get_register_code_title">Acheter une version complète</string>
  <string name="pref_get_register_code_summary">
Merci d\'enregistrer l\'application pour avoir la version complète. Nous avons besoin de dons pour continuer le développement de l\'application.
	</string>
  <string name="buying_tips">Vous avez 2 possibilités : Vous pouvez acheter un numéro de série par Paypal ou Carte de crédit ou encore avec votre compte Google (Google Play Store - installation de la version *PRO*)</string>
  <string-array name="purchase_channels">
    <item>Google Play Store</item>
    <item>PayPal ou carte de crédit</item>
    <item>Recommander à des amis</item>
  </string-array>
  <string-array name="purchase_channels_summary">
    <item>Enregistrer ce logiciel à votre compte Google (acheter et installer la version Pro via Google Play Store). Après avoir installé la version *PRO*, veuillez désinstaller la version *FREE*.</item>
    <item>Enregistrer l\'application avec ce numéro de série: %s.
Après le paiement, vous recevrez un e-mail de confirmation avec votre code d\'enregistrement.
Ensuite, vérifier l\'enregistrement en cliquant sur *Vérifier l\'enregistrement*.</item>
    <item>Obtenir un code d\'enregistrement gratuit</item>
  </string-array>
  <string name="menu_delete_all">Tout supprimer</string>
  <!-- Menu title the user can use for trying to resend a message. -->
  <string name="menu_retry_sending">Réessayer l\'envoi</string>
  <string name="message">Message</string>
  <string name="failed">Echec</string>
  <string name="queued">En file d\'attente</string>
  <string name="outbox">Boîte d\'envoi</string>
  <string name="sent">Envoyé</string>
  <string name="auto_replace_to_name">Remplacer automatiquement "???" par le nom complet du contact; "??F" par le nom de famille; "??G" par le prénom; "??N" par le surnom.</string>
  <string name="example_message">Bonjour, ???</string>
  <string name="sms_preview">Aperçu : </string>
  <string name="message_send_state_successfully">Envoyé avec succès.</string>
  <string name="message_send_state_failed">L\'envoi a échoué.</string>
  <string name="message_send_unknown_error">Erreur inconnue. %d message n\'est pas envoyé.</string>
  <string name="message_send_no_signal">Pas de signal ou le mode Avion est actif. Le message %d n\'a pas été envoyé.</string>
  <string name="message_send_successfully">Tous les messages ont été envoyés avec succès.</string>
  <string name="need_the_paid_version">Uniquement disponible dans la version payante.</string>
  <!-- As a "contact group"on the phone the main screen to create a shortcut. -->
  <string name="create_shortcut">Créer un raccourci sur l\'accueil</string>
  <string name="menu_move_to_group">Déplacer dans un groupe</string>
  <string name="pref_tabs_title">Afficher &amp; trier les onglets</string>
  <string name="pref_tabs_summary">Affiche et tri les onglets de l\'interface principale</string>
  <!--pref theme -->
  <string name="pref_theme_title">Thème de base</string>
  <!-- Change the software interface look. -->
  <string name="pref_theme_summary">Choisir un thème de base</string>
  <string name="search">Rechercher</string>
  <string name="pref_services_title">Services en arrière plan</string>
  <!-- Settings screen, section heading for SMS-specific settings -->
  <string name="pref_sms_settings_title">Paramètres des messages (SMS)</string>
  <!-- Settings screen, section heading for EMAIL-specific settings -->
  <string name="pref_email_settings_title">Paramètres des e-mails</string>
  <!-- Settings item for boolean option to enable/disable SMS delivery reports -->
  <string name="pref_title_sms_delivery_reports">Accusés de réception</string>
  <!-- Settings item description for boolean SMS delivery report setting -->
  <string name="pref_summary_sms_delivery_reports">Demande un accusé de réception pour chaque message</string>
  <string name="pref_contact_sort_order_title">Tri des contacts</string>
  <string name="pref_contact_sort_order_summary">Change l\'ordre de tri des contacts (peut affecter la vitesse d\'affichage)</string>
  <!-- CHANGED ORDER -->
  <string name="contact_sort_order_FamilynameAlternate">Nom - alternatif</string>
  <string name="contact_sort_order_RecentContacted">Contacté récemment</string>
  <string name="contact_sort_order_LongTimeNotContacted">Contacter depuis longtemps</string>
  <string name="contact_sort_order_CreationTime">Date de création</string>
  <string name="contact_sort_order_DefaultAlternate">Par défaut - alternatif</string>
  <!-- An automatic group, it shows all the contacts included telephone numbers. -->
  <string name="has_phone_number_contacts">Contacts avec n° de téléphone</string>
  <string name="exit_prompt">Appuyez à nouveau sur \"Retour\" pour quitter.</string>
  <string name="pref_exit_prompt_title">Alerter avant de quitter</string>
  <string name="pref_exit_prompt_summary">Affiche un message d\'alerte avant de quitter</string>
  <string name="pref_language_title">Langue</string>
  <string name="load_license_success">Chargement de licence à partir du réseau a été un succès.</string>
  <string name="load_license_failed">Chargement de licence à partir du réseau a échoué!</string>
  <string name="license_check_success">Vérification de la licence a été réussie.</string>
  <string name="license_check_failed">Echec de la vérification de la licence !</string>
  <string name="load_license_unregistered">Vous n\'êtes pas encore inscrit.</string>
  <string name="sending">Envoi en cours...</string>
  <string name="error">Erreur</string>
  <string name="clear_data_or_uninstall_app">Effacer les données ou désinstaller l\'application</string>
  <string name="database_update_error_message">"Désolé!
Erreur pendant la mise à jour la structure de la base de données.
Cette erreur se produit car la base de données a besoin d\'autorisations.
Voici trois façons de corriger le problème. Merci de les essayer une à une jusqu\'à ce que le problème soit résolu:
1. Redémarrez le téléphone;
2. Dans le gestionnaire d\'application du téléphone, effacer les données d\'application;
3. désinstaller et réinstaller le logiciel.</string>
  <!-- It shows the contact event to the present time. -->
  <string name="one_day_after">Demain</string>
  <string name="one_month_after">Dans 1 mois</string>
  <string name="one_day_ago">Hier</string>
  <string name="one_month_ago">Le mois dernier</string>
  <string name="menu_edit_event">Modifier l\'évènement du contact</string>
  <string name="menu_add_to_calendar">Ajouter l\'évènement dans l\'agenda</string>
  <string name="menu_delete_event">Supprimer un évènement</string>
  <string name="menu_duplicate_contact">Dupliquer le contact</string>
  <string name="mes_sendSmsSystemLimit">A cause la limite du système, %2$s SMS peuvent être envoyés en %1$s heure. Réessayer automatiquement après %1$s heure.</string>
  <string name="sendInBatches">Par lot</string>
  <string name="sendInSingle">Unique</string>
  <string name="sendInBatchesMessage">Nombre de destinataires trop important (voir dans les paramètres). Entrez le message dans la zone de texte et envoyer par lot (\"Lot\") ou en une fois ("Unique").</string>
  <string name="pref_title_eventNotification">Notifications d\'évènements</string>
  <string name="pref_title_notificationTime">Heure de notification</string>
  <string name="pref_title_notificationRingtone">Sonnerie de notification</string>
  <string name="pref_summary_notificationTime">Défini l\'heure de notification</string>
  <string name="pref_title_notificationBeforeHappen">Alerte de notification</string>
  <string name="pref_summary_notificationBeforeHappen">%s jour(s) avant l\'évènement</string>
  <string name="pref_title_notification">Notification</string>
  <string name="pref_title_reminder">Rappel</string>
  <string name="pref_summary_reminder">%s avant</string>
  <string name="pref_title_ringtone">"Sonnerie"</string>
  <string name="pref_title_alarm">Alarme</string>
  <string name="pref_title_mergeSubgroup">Fusionner les sous-groupes</string>
  <string name="pref_summary_mergeSubgroup">Affiche les sous-groupes dans le groupe parent</string>
  <string-array name="pref_entries_notificationTime">
    <item>1 minute</item>
    <item>5 minutes</item>
    <item>10 minutes</item>
    <item>15 minutes</item>
    <item>20 minutes</item>
    <item>25 minutes</item>
    <item>30 minutes</item>
    <item>45 minutes</item>
    <item>1 heure</item>
    <item>2 heures</item>
    <item>3 heures</item>
    <item>12 heures</item>
    <item>24 heures</item>
    <item>2 jours</item>
    <item>1 semaine</item>
  </string-array>
  <!-- Not in phone book contacts. -->
  <string name="unknown_contacts">Contacts inconnus</string>
  <string name="not_in_phone_book_contacts">Non enregistrés dans le répertoire</string>
  <string name="eventNotification">Notification d\'évènement</string>
  <string name="eventNotificationMessage">Anniversaire ou fête : %s.</string>
  <!-- When using the "Firstname first" show name, "Firstname" and "Lastname" split between the symbols. Most language is a space. -->
  <string name="givenNameFirstSeparator">" "</string>
  <!-- When using the "Lastname first" show name, "Firstname" and "Lastname" split between the symbols. -->
  <string name="familyNameFirstSeparator">", "</string>
  <string name="vCard">Partager en vCard</string>
  <string name="text">Partager en Texte</string>
  <string name="pref_title_likeTheSoftware">Supporter notre application</string>
  <string name="pref_title_rating">Noter</string>
  <string name="pref_summary_rating">Donner votre avis sur Google Play Store</string>
  <string name="pref_title_share">Partager</string>
  <string name="pref_summary_share">Recommander ce programme à vos amis</string>
  <string name="contact_group">Groupes</string>
  <!-- Set the time to send text messages in the future. -->
  <string name="regularlySent">Envoyer régulièrement</string>
  <string name="time">Horaire</string>
  <string name="pref_title_EmailProgram">Programme des e-mails</string>
  <string name="pref_summary_on_EmailProgram">Utilise le programme d\'e-mail par défaut</string>
  <string name="pref_summary_off_EmailProgram">Demande quel programme d\'e-mail utiliser</string>
  <string name="toolbox">Boîte à outils</string>
  <string name="pref_title_SMSSendInterval">Intervalle d\'envoi</string>
  <string name="pref_summary_SMSSendInterval">Envoi les messages à intervalle régulier (en secondes)</string>
  <string name="app_dialer_name">DW Dialer</string>
  <string name="menu_sort">Trier</string>
  <string name="license_check_failed_message">Erreur de vérification de licence ! Assurez-vous que vous pouvez maintenant accéder au Google Play Store.</string>
  <string name="menu_unselectAll">Désélectionner</string>
  <string name="pref_title_themeCustomize">Thèmes et apparence</string>
  <string name="pref_title_backgroundColor">Arrière plan</string>
  <string name="pref_title_backgroundColorForTitles">Arrière plan de l\'entête</string>
  <string name="pref_title_textColorForTitles">Texte de l\'entête</string>
  <string name="pref_title_textColorMarked">Lettre de la barre de lettre</string>
  <string name="pref_title_hideTheTitle">Cacher l\'entête</string>
  <string name="pref_title_hideTheStatusbar">Cacher la barre d\'état</string>
  <string name="pref_title_hideTabLabel">Cacher le libellé des onglets</string>
  <string name="pref_title_autoHideTab">Masquage auto des onglets</string>
  <string name="pref_summary_autoHideTab">Cache les onglets automatiquement. "Automatique" permet de masquer les onglets après le passage à un autre onglet</string>
  <string name="reset">Par défaut</string>
  <string name="pref_title_automaticRotation">Rotation automatique</string>
  <string name="pref_summary_automaticRotation">Active la rotation automatique de l\'écran</string>
  <string name="menu_editNotes">Modifier les notes</string>
  <string name="addSelectedContactsToFavorites">Ajouter aux favoris</string>
  <string name="removeSelectedContactsFormFavorites">Retirer des favoris</string>
  <string name="deleteSelectedContacts">Supprimer les contacts</string>
  <string name="duplicateSelectedContacts">Dupliquer les contacts</string>
  <string name="setGroupForSelectedContacts">Ajouter à un groupe</string>
  <string name="forSelectedContacts">Pour les contacts sélectionnés</string>
  <string name="searchAnything">Rechercher dans tous les champs</string>
  <string name="quickDialManager">Numérotation abrégée</string>
  <string name="menu_shareNumber">Partager le numéro</string>
  <string name="menu_setGroupForContact">Ajouter à un groupe</string>
  <string name="pref_title_tabSettings">Barre d\'onglets</string>
  <string name="sendSMStoShownContacts">Envoyer un SMS/MMS</string>
  <string name="sendEmailtoShownContacts">Envoyer un e-mail</string>
  <string name="setRingtoneForShownContacts">Attribuer une sonnerie</string>
  <string name="pref_title_enableEventNotification">Activer les notifications</string>
  <string name="forSelectedGroups">Pour les groupes sélectionnés</string>
  <string name="menu_send_group_message">Envoyer un SMS/MMS au groupe</string>
  <string name="menu_delete_group">Supprimer le groupe</string>
  <string name="menu_deleteGroups">Supprimer les groupes</string>
  <!-- 	<string name="forSelectedOrgs">For selected companies</string> -->
  <!-- 	<string name="menu_editOrg">Edit company</string> -->
  <!-- 	<string name="forSelectedTitles">For selected titles</string> -->
  <!-- 	<string name="menu_editTitle">Edit title</string> -->
  <string name="menu_editContactFromEvent">Modifier le contact</string>
  <string name="menu_focus2Today">Aller à aujourd\'hui</string>
  <string name="generalDeleteConfirmation">Voulez-vous vraiment supprimer le contact ?</string>
  <string name="addContactTo">Ajouter le contact à %s</string>
  <string name="removeContactFrom">Retirer le contact de %s</string>
  <string name="pref_title_showTabAtTop">Afficher les onglets en haut</string>
  <!-- Within the group "contact list" label -->
  <string name="labelWithinGroupContactsList">Contacts</string>
  <string name="multipleChoicePrompt">
La multi sélection est limitée dans la version *FREE* à %d éléments
par action. Si vous devez envoyer un message à un groupe, utiliser
le bouton Menu.</string>
  <string name="pref_title_dialerPadTone">Tonalité des touches clavier</string>
  <string name="recentChanges">Dernières modifications</string>
  <string name="more">Plus</string>
  <string name="selectAll">Sélectionner tout</string>
  <string name="pref_title_alwaysToDefTab">Toujours l\'onglet par défaut</string>
  <string name="pref_summary_alwaysToDefTab">Ouvre l\'onglet par défaut avec le bouton \"Appeler\" au lieu du dialer</string>
  <string name="pref_title_showMostContactedBelowFavorites">Afficher les contactés fréquemment</string>
  <string name="pref_title_showEventsFromToday">Afficher à partir d\'aujourd\'hui</string>
  <string name="pref_title_YPositionOfInfoWindow">Position verticale des infos</string>
  <string name="pref_summary_YPositionOfInfoWindow">Position verticale des informations (directement déplaçable sur l\'écran d\'appels).</string>
  <string name="pref_title_backupRestore">Sauvegarde et restauration</string>
  <string name="pref_title_backupAllSettings">Sauvegarder les paramètres</string>
  <string name="pref_title_restoreAllSettings">Restaurer les paramètres</string>
  <string name="pref_title_restoreDefaultSettings">Restaurer les paramètres par défaut</string>
  <string name="pref_title_showMyContactsInUngrouped">Ignorer \"Mes Contacts\"</string>
  <string name="pref_title_startDialerWithoutDialerPad">Démarrer sans le clavier d\'appels</string>
  <string name="pref_summary_showMyContactsInUngrouped">Affiche les contacts qui sont dans le groupe système \"Mes Contacts\" sous \"Contacts non groupés\"</string>
  <string name="toast_allSettingsToDefault">Tous les paramètres par défaut ont été restaurés.</string>
  <string name="toast_settingsBackedSuccessfully">Les paramètres ont été enregistrés dans %s</string>
  <string name="toast_settingsBackedFailed">La sauvegarde a échoué. Vérifiez le répertoire du fichier de sauvegarde.</string>
  <string name="toast_settingsRestorSuccessfully">Les paramètres ont été correctement restauré à partir de %s.</string>
  <string name="toast_settingsRestorFailed">La restauration a échouée. Vérifiez qu\'il y a un bien un fichier de sauvegarde dans le répertoire.</string>
  <string name="menu_newOrg">Nouvelle organisation</string>
  <string name="menu_newTitle">Nouveau titre</string>
  <string name="enterAName">Saisir un nom</string>
  <string name="pref_title_t9Search">Recherche T9</string>
  <string name="pref_summary_t9Search">Options avancées pour la recherche T9 de l\'onglet "Téléphone"</string>
  <string name="pref_title_matchingAnywhere">Chercher partout</string>
  <string name="pref_summary_matchingAnywhere">\"WTT\" trouve \"dW conTacTs\"</string>
  <string name="pref_title_matchingPart">Chercher les parties exactes</string>
  <string name="pref_summary_matchingPart">\"NTA\" trouve \"dw coNTActs\"</string>
  <string name="pref_title_matchingFirstLetter">Chercher les 1ères lettres</string>
  <string name="pref_summary_matchingFirstLetter">\"DCO\" trouve \"Dw COntacts\"</string>
  <string name="pref_title_sortByDegreeOfMatch">Trier par pertinence</string>
  <string name="menu_copyToClipboard">Copier dans le presse-papiers</string>
  <string name="menu_createEvent">Créer un rendez-vous</string>
  <string name="useLimitFeaturePrompt">Vous pouvez utiliser cette fonctionnélité seulement %d fois dans la version *FREE*.</string>
  <string name="pref_title_appointmentSettings">Rendez-vous</string>
  <string name="pref_title_defaultAppointmentText">Texte par défaut</string>
  <string name="pref_summary_defaultAppointmentText">Ajoute un texte qui sera insérer avant le nom et le numéro</string>
  <string name="pref_default_defaultAppointmentText">"Appeler "</string>
  <string name="titlesList">Titres</string>
  <string name="eventsList">Évènements</string>
  <string name="pref_title_showInContactList">Éléments à afficher</string>
  <string-array name="pref_entries_showInContactList">
    <item>Numéros</item>
    <item>Organisation</item>
    <item>Titre</item>
    <item>Groupes</item>
    <item>Icône du compte</item>
    <item>Photos de contact</item>
    <item>Bouton e-mail</item>
    <item>Bouton SMS</item>
    <item>Bouton d\'appel</item>
    <item>Notes</item>
  </string-array>
  <string name="pref_title_showNotesLines">Nombre de lignes des notes</string>
  <string name="tips_clickToSeeAllText">Affiche tout le texte en appuyant sur l\'élément</string>
  <string name="pref_title_colorForGroups">Etiquette des groupes</string>
  <string name="pref_title_colorForOrganization">Etiquette des organisations</string>
  <string name="pref_title_colorForTitle">Etiquette des titres</string>
  <string name="pref_title_fontSize2">Taille de police (2ème ligne)</string>
  <string name="pref_title_fontSize3">Taille de police (3ème ligne)</string>
  <string name="pref_title_useNumberSearch">Chercher dans les numéros</string>
  <string name="pref_summary_useNumberSearch">Cherche également dans les numéros</string>
  <string name="noEmailAddress">Aucune adresse email</string>
  <string name="pref_title_showCallLogOnPhone">Afficher l\'historique des appels</string>
  <string name="listTotalCallHistory">%1$d appels / durée %2$s</string>
  <string name="pref_title_showContactsOnPhoneStart">Afficher tous les contacts</string>
  <string name="pref_summary_showContactsOnPhoneStart">Affiche tous les contacts en dessous de la liste d\'appels</string>
  <string name="listTotalCallLog">%d appels différents</string>
  <string name="upcoming">A venir</string>
  <string name="pref_title_phoneSettings">Téléphone</string>
  <string name="pref_title_mergeCallLog">Grouper les appels</string>
  <string name="pref_title_showCounterOnMergedCallLog">Afficher des compteurs</string>
  <string name="pref_summary_showCounterOnMergedCallLog">Affiche des compteurs pour les appels groupés</string>
  <string name="pref_title_groupCallLogByDate">Grouper par date</string>
  <string name="pref_summary_groupCallLogByDate">Groupe l\'historique des appels par date</string>
  <string name="pref_title_limitCallLogOnXDays">Limiter l\'historique des appels</string>
  <string name="pref_summary_limitCallLogOnXDays">Limite la liste des appels à %s jour(s) (0 = tous)</string>
  <string name="pref_message_0toShowAllDays">0 pour afficher tous les jours</string>
  <string name="pref_message_0toShowAllItems">0 pour afficher tous les éléments</string>
  <string name="pref_title_useOrgSearch">Chercher dans les organisations</string>
  <string name="pref_title_matchingSkipWord">Permettre le saut de mot</string>
  <string name="pref_summary_matchingSkipWord">\"DPH\" trouve \"Dw contacts &amp; PHone\"</string>
  <string name="pref_title_matchingSkipSpace">Ignorer les espaces</string>
  <string name="pref_summary_matchingSkipSpace">\"TSPH\" trouve \"dw contacTS &amp; PHone\"</string>
  <string name="pref_title_globalSettings">Général</string>
  <string name="pref_title_registrationStates">Statut : %s</string>
  <string name="pref_summary_registrationStates">Cette version est %1$s pour le numéro de série : %2$s</string>
  <string name="registered">enregistrée</string>
  <string name="unregistered">non enregistrée</string>
  <string name="pref_title_onlineRegistrationCheck">Vérifier l\'enregistrement</string>
  <string name="pref_summary_onlineRegistrationCheck">Vérifie si votre version est enregistrée (connexion internet requise).</string>
  <string name="pref_title_registration">Enregistrement</string>
  <string name="pref_summary_registration">Débloque les options avancées, supprime les pubs</string>
  <string name="pref_summary_showContactsWithPhoneNumber">Si désactivé, le filtre d\'affichage de contact système sera utilisé (dans *Général* dans les paramètres)</string>
  <string name="pref_title_historyViewSettings">Onglet \"Historique\"</string>
  <string-array name="pref_entries_dialerPadTone">
    <item>DTMF</item>
    <item>Clic</item>
    <item>Aucune</item>
  </string-array>
  <string name="pref_title_limitNumberTitleToXChar">Longueur des types de numéro</string>
  <string name="pref_summary_limitNumberTitleToXChar">Affiche les types de numéro complets avec la valeur 0</string>
  <string name="pref_title_supportForum">Support forum</string>
  <string name="pref_title_textColor">Texte</string>
  <string name="historyList">Historique</string>
  <string name="startProVerPrompt">La version Pro a été détecté. A-t-elle démarré ?</string>
  <string name="pref_title_selectedBackgroundColor">Touche appuyée</string>
  <string name="pref_title_dialpadThemeSettings">Paramètres du clavier d\'appel</string>
  <string name="pref_title_globalThemeSettings">Paramètres généraux</string>
  <string name="pref_title_showAlwaysAddIcon">Afficher le bouton \"Ajouter\"</string>
  <string name="pref_summary_showAlwaysAddIcon">Affiche le bouton \"Ajouter\" en tête de liste</string>
  <string name="pref_title_eventGreetingText">Message des évènements</string>
  <string name="pref_default_eventGreetingText">Bonjour ???, je te souhaite un très bon ??E. ??A ça se fête !!!</string>
  <string name="pref_title_eventGreetingSubject">Objet des e-mails</string>
  <string name="pref_summary_eventGreetingSubject">Ajoute un objet pour les envois par e-mail</string>
  <string name="pref_message_eventGreetingText">Vous pouvez utiliser des variables : "???" pour le nom complet, "??F" pour le nom, "??G" pour
le prénom, "??N" pour le pseudo, "??A" pour l\'âge, "??E" pour le type d\'évènement.</string>
  <string name="pref_default_eventGreetingSubject">Bon anniversaire pour tes ??A ans</string>
  <string name="menu_sendGreetingSMSToContact">Souhaiter l\'évènement par SMS/MMS</string>
  <string name="menu_sendGreetingEmailToContact">Souhaiter l\'évènement par e-mail</string>
  <string name="pref_title_storeSendSMSToSystemDB">Base de donnée SMS/MMS envoyés</string>
  <string name="pref_summary_storeSendSMSToSystemDB">Stocke les SMS/MMS envoyés dans la base système</string>
  <!-- 	<string name="pref_title_backgroundImage">Background image</string> -->
  <!-- 	<string name="pref_summary_backgroundImageEn">If you use background image, the background color can be used simultaneously as color filter</string> -->
  <string name="pref_title_textColorSecond">Texte (2/3ème ligne)</string>
  <string name="pref_title_textColorLabel">Libellés (3ème ligne)</string>
  <string name="pref_summary_textColorLabel">Couleur du texte des libellés de groupe, d\'organisations et des titres</string>
  <string name="pref_title_backgroundListSectionColor">Arrière plan des séparateurs</string>
  <string name="pref_title_textListSectionColor">Textes des séparateurs</string>
  <string name="pref_title_showAlphabetListSection">Séparateurs alphabétiques</string>
  <string name="pref_title_fontSizeforDigits">Taille de police des chiffres</string>
  <string name="pref_title_fontSizeforLetters">Taille de police des lettres</string>
  <string name="pref_title_dialpadIconsArrangement">Boutons de la zone d\'appel</string>
  <string-array name="pref_entries_dialpadIconsArrangement">
    <item>Clavier/Numéro/Supprimer</item>
    <item>Supprimer/Numéro/Clavier</item>
    <item>Numéro/Supprimer/Clavier</item>
  </string-array>
  <!-- 	quick jump to alphabetic listcreate new contact -->
  <string name="menu_quickJump">Quick-Jump</string>
  <string-array name="pref_entries_hideTab">
    <item>Oui</item>
    <item>Non</item>
    <item>Automatique</item>
  </string-array>
  <string name="pref_title_backgroundColorQuickJump">Arrière plan du Quick-Jump</string>
  <string name="pref_title_textColorQuickJump">Texte du Quick-Jump</string>
  <string name="pref_title_disableSlideSwitchingTabs">Désactiver le changement par glisser</string>
  <string name="pref_title_showNumberKeyboardOnDialpad">Afficher un clavier numérique</string>
  <string name="pref_summary_showNumberKeyboardOnDialpad">Affiche uniquement la zone de saisie et les boutons d\'appels (utile si vous composez avec les touches de l\'appareil)</string>
  <string name="pref_title_dialpadToFullWidth">Clavier d\'appel plein écran</string>
  <string name="pref_summary_dialpadToFullWidth">Affiche le clavier d\'appel en plein écran mode paysage (sinon sur le côté droit)</string>
  <string name="pref_title_smsSignature">Signature SMS/MMS</string>
  <string name="pref_summary_smsSignature">Ajoute une signature à la fin des SMS/MMS</string>
  <!-- 2.0.7 -->
  <string name="pref_title_languageForT9">Langue de recherche T9</string>
  <string name="pref_summary_languageForT9">Sélectionner les langues qui seront utilisées pour la recherche T9</string>
  <string name="pref_title_quickJumpAlignment">Position du Quick-Jump</string>
  <string-array name="pref_entries_quickJumpAlignment">
    <item>Haut</item>
    <item>Centre</item>
    <item>Bas</item>
  </string-array>
  <string name="menu_gridView">Affichage Grille</string>
  <string name="menu_listView">Affichage Liste</string>
  <string name="pref_title_gridViewSettings">Paramètres de la Grille</string>
  <string name="pref_title_gridViewSize">Taille de la Grille</string>
  <string name="pref_title_lockGridSize">Verrouiller la taille de la Grille</string>
  <string name="pref_summary_lockGridSize">Quand verrouiller, le Quick-Jump est disponible par glisser des 2 doigts</string>
  <string name="pref_title_phoneDialpadHeight">Hauteur du clavier</string>
  <string name="pref_title_moreSettings">Onglets et widget d\'appel</string>
  <string name="pref_summary_moreSettings">Paramétrage des différents onglets et du widget d\'appel</string>
  <string name="pref_title_displayNameBelowThePicture">Noms sous les photos</string>
  <string name="menu_exportContactPicture">Exporter la photo</string>
  <string name="toast_saveFailed">Echec de l\'enregistrement !</string>
  <string name="toast_saveSuccessfully">Enregistrer avec succès : %s</string>
  <string name="callConfirm">Confirmation de composition</string>
  <string name="pref_summary_callConfirm">Affiche une alerte avant de composer un numéro</string>
  <string name="pref_title_automaticConfirmationDelay">Délai de confirmation automatique</string>
  <!-- It is an option to set a time for the control [Dialing confirmation] dialog.
     At the end of the counter automatically close [Dialing confirmation] dialog. -->
  <string name="pref_title_automaticCancelDelay">Délai d\'annulation automatique</string>
  <string name="pref_summary_automaticConfirmationDelay">Appuyer sur l\'écran pour arrêter le chronomètre</string>
  <string name="pref_title_picturePositionOnRight">Photos des contacts à droite</string>
  <string name="updateCheck">Vérifier les mises à jour</string>
  <string name="noUpdates">Aucune mise à jour n\'est disponible</string>
  <string name="download">Télécharger</string>
  <string name="pref_title_globalIconSize">Taille des icônes</string>
  <string name="pref_summary_globalIconSize">Défini la taille de toutes les icônes : composer et retour du clavier d\'appel, sms, e-mail, photos</string>
  <string name="pref_title_backKeyHideDailpad">Bouton \"Retour\"</string>
  <string name="pref_summary_backKeyHideDailpad">Cache le clavier d\'appel avec le bouton \"Retour\" (sinon ferme l\'application)</string>
  <string name="pref_title_hapticFeedbackVibration">Vibration des touches</string>
  <string name="pref_title_hapticFeedbackStrength">Intensité du retour haptique</string>
  <string name="pref_title_limitCallLogOnXitems">Limiter l\'historique à %s éléments</string>
  <string name="pref_summary_limitCallLogOnXitems">Limite l\'historique à %s éléments (0 = tous les éléments)</string>
  <string name="pref_title_dividerLineColor">Séparateurs</string>
  <string name="menu_quickDial">Numéros abrégés</string>
  <string name="buying_tips_in_free">Vous pouvez utiliser le Google Play Store pour acheter la version *PRO*. Si votre zone ne permet pas d\'acheter sur le Google Play Store, télécharger la version *REG*. Les deux versions ont les mêmes fonctionnalités.</string>
  <string name="buying_channel_registration">Télécharger la version REG</string>
  <string name="buying_channel_registration_summary">Après avoir tapper sur le lien, le téléchargement va commencer et vous pourrez installer l\'application. Après l\'installation, démarrer l\'application et suivre les instructions d\'enregistrement.</string>
  <string name="pref_title_buyAdvancedVersion">Acheter la version PRO</string>
  <string name="freeVersionFound">La version FREE a été trouver sur votre appareil.</string>
  <string name="uninstallFreeVersionPrompt">Nous vous recommandons de désinstaller la version FREE et d\'utiliser la version complète. Avant de désinstaller la version FREE, n\'oubliez pas de sauvegarder vos paramètres pour les restaurer dans la version complète.
Voulez-vous lancer la désinstallation ?</string>
  <string name="pref_title_copySerialNum">Copier le numéro de série</string>
  <string name="askToCheckRegistrationCode">La clé d\'enregistrement est invalide ou non enregistrée. Voulez-vous vérifier la clé d\'enregistrement maintenant ?</string>
  <string name="deleteContactConfirmation">Le contact \"%s\" sera supprimé.</string>
  <string name="enable">Activer</string>
  <string name="allIncomingCalls">Tous les appels entrants</string>
  <string name="anonymousIncomingCalls">Appels entrants anonymes</string>
  <string name="anonymousIncomingCallsSummary">Lors de la réception d\'appels masqués</string>
  <string name="automaticGroups">Groupes automatiques</string>
  <string name="pref_title_dialPrefix">Préfixe de numérotation</string>
  <string name="pref_summary_dialPrefix">Si il y a un préfixe, il y aura une option supplémentaire disponible par appui long dans le menu</string>
  <string name="pref_title_dialSuffix">Suffixe de numérotation</string>
  <string name="pref_summary_dialSuffix">Si il y a un suffixe, il y aura une option supplémentaire disponible par appui long dans le menu</string>
  <string name="pref_title_quickDialLimit">Limitation des numéros abrégés</string>
  <string name="pref_title_languageForT9Keyboard">Langue du clavier T9</string>
  <string name="pref_summary_languageForT9Keyboard">Sélectionner la langue à afficher pour le clavier T9</string>
  <string name="callFilterAction">Action</string>
  <string-array name="callFilterActions">
    <item>Intercepter</item>
    <item>Autoriser</item>
    <item>Silencieux</item>
  </string-array>
  <string name="callFilterActionIntercept">Intercepter</string>
  <string name="callFilterActionInterceptAndNotify">Intercepter et notifier</string>
  <string name="callFilterActionAllows">Autorise</string>
  <string name="callFilterActionSilence">Silencieux</string>
  <string name="callFilterType">Type de filtre</string>
  <string-array name="callFilterTypes">
    <item>Filtre de groupe</item>
    <item>Filtre de numéro</item>
    <item>Numéros contactés récemment</item>
  </string-array>
  <string-array name="callFilterTypesHint">
    <item>Sélectionnez les groupes pour le filtre</item>
    <item>Nombre d\'entrée pour le filtre</item>
    <item>Durée de validité</item>
  </string-array>
  <string name="ruleEditor">Editeur de règle</string>
  <string name="label">Etiquette</string>
  <string name="numberFilterExplain">* = toute chaîne, ? = tout caractère</string>
  <string name="effectiveTimeOfTheRule">"Activité de %1$s à %2$s"</string>
  <string name="menu_viewRelatedContacts">Afficher les contacts liés</string>
  <string name="title_selectNumbers">Sélectionner des numéros</string>
  <string name="title_selectEmailAddresses">Sélectionner des e-mails</string>
  <string name="pref_title_lockView">Verrouillage de l\'affichage</string>
  <string name="pref_summary_lockView">Verrouille l\'affichage pour éviter les changements par glisser des 2 doigts</string>
  <string name="selectedNumberOfContacts">%d contacts sélectionnés</string>
  <string name="selectedNumberOfEmailAddresses">%d adresses sélectionnées, cliquez pour copier dans le presse-papiers.</string>
  <string name="selectedNumberOfPhoneNumbers">%d numéros sélectionnés</string>
  <!-- 2.1.1 -->
  <string name="pref_title_nameFieldToShow">Champs des noms à afficher</string>
  <string name="pref_summary_nameFieldToShow">Uniquement pour \"Affichage de contacts\" autre que \"Par défaut\"</string>
  <string-array name="pref_entries_nameField">
    <item> Prénom (affiché = "Nom donné")</item>
    <item>Nom de famille</item>
    <item> Deuxième prénom</item>
    <item>Préfixe du nom (affiché = "Prénom")</item>
    <item>Suffixe du nom (affiché = "Nom")</item>
    <item>Prénom phonétique</item>
    <item>Nom de famille phonétique</item>
    <item>Deuxième prénom phonétique</item>
  </string-array>
  <string name="pref_title_showMatchFirstLetterResultsFirst">Résultats \"1ères lettres\" au début</string>
  <string name="pref_title_clickTheActions">Action par appui sur élément</string>
  <string name="pref_summary_clickTheActions">Action à effectuer après appui sur un élément de la liste</string>
  <string name="pref_summary_clickListIconActions">Action à effectuer après appui sur une photo en affichage Liste</string>
  <string name="action_viewItemAuto">Afficher l\'élément (contact ou historique)</string>
  <string name="action_viewContactDetails">Afficher les détails du contact</string>
  <string name="action_selectNumberToCall">Sélectionner un numéro à appeler</string>
  <string name="action_viewContactHistory">Afficher l\'historique du contact</string>
  <string name="action_viewQuickContactBadge">Afficher la barre flottante</string>
  <string name="action_callCurrentNumber">Composer le numéro courant</string>
  <string name="action_callDefaultNumber">Composer le numéro par défaut</string>
  <string name="action_callUsingSIP">Appeler avec SIP</string>
  <string name="action_sendMessageToCurrentNumber">Envoyer un SMS/MMS au numéro courant</string>
  <string name="action_sendMessageToDefaultNumber">Envoyer un SMS/MMS au numéro par défaut</string>
  <string name="pref_title_clickIconActions">Action par appui sur photo</string>
  <string name="pref_summary_clickIconActions">Action à effectuer après appui sur une photo en affichage Grille</string>
  <string name="pref_title_lockWindowPosition">Verrouiller la position</string>
  <string name="pref_summary_lockWindowPosition">Empêche le déplacement des informations par glisser</string>
  <string name="pref_title_showCallerLocation">Géolocalisation</string>
  <string name="downloadPluginPrompt">Nécessite l\'installation d\'un plugins. Télécharger maintenant ?</string>
  <string name="Default">Par défaut</string>
  <string name="pref_title_searchCallLog">Chercher dans l\'historique</string>
  <string name="pref_summary_searchCallLog">L\'option "Afficher l\'historique des appels" doit être activée</string>
  <string name="menu_shareContacts">Partager les contacts</string>
  <string name="font_size">Taille de police</string>
  <string name="show_call_log_filter">Afficher les filtres</string>
  <string name="hide_call_log_filter">Cacher les filtres</string>
  <string name="prompt_in_sms_tab">Affiche les SMS envoyés au groupe par DW Contacts.</string>
  <string name="pref_title_exitWhenCallEnds">Fermer après un appel</string>
  <string name="pref_title_residesInMemory">Garder en mémoire</string>
  <string name="pref_summary_residesInMemory">Permet de garder l\'application en mémoire ainsi que les services en arrière plan</string>
  <!-- Header that expands to list all of the types of settings -->
  <string name="optionsLabelsGroup">Options</string>
  <string name="pref_summary_textColorForSecondT9Languare">Seconde langue T9</string>
  <string name="pref_title_enableDualcardSuppout">Supporter 2 cartes SIM</string>
  <!-- 联系人详细信息 -->
  <string name="detailsList">Détails</string>
  <string name="pref_title_minimumHeightOfListItem">Hauteur minimun des éléments</string>
  <string name="loading">Chargement...</string>
  <string name="pref_title_displayWhenDialing">Afficher pendant la composition</string>
  <string name="pref_title_usingMoreDetailedListSection">Afficher plus de séparateurs</string>
  <string name="pref_summary_usingMoreDetailedListSection">Permet la recherche rapide de contact</string>
  <string name="desktop_widget_limit_messages">Avec la version *FREE*, vous pouvez créer qu\'un seul widget.</string>
  <string name="label_customField">Champs personnalisés</string>
  <string name="menu_otherContactViewer">Autre afficheur de contact</string>
  <string name="pref_title_hideStatistics">Masquer les statistiques</string>
  <string name="pref_title_backupTheme">Sauvegarder les thèmes</string>
  <string name="pref_title_restoreTheme">Restaurer les thèmes</string>
  <string name="appwidget_titleText">Titre</string>
  <string name="appwidget_summary_selectGroup">Sélectionner un groupe de contact à afficher</string>
  <string name="iconSize">Taille des icônes</string>
  <string name="widgetConfiguration">Configuration du widget</string>
  <string name="pref_title_iconNumberOfColumns">Nombre d\'icône par ligne</string>
  <string name="pref_summary_iconNumberOfColumns">0 pour ajuster automatiquement</string>
  <string name="tips_contactAppWidget">Cliquer sur l\'entête du widget pour ouvrir les paramètres</string>
  <string name="pref_title_nameLines">Nombre de ligne par nom</string>
  <string name="pref_summary_nameLines">0 pour masquer les noms</string>
  <string name="menu_deleteTheShownCallLog">Vider le journal d\'appel</string>
  <string-array name="pref_entries_contactListSearchOptions">
    <item>Rechercher dans tous les champs</item>
    <item>Rechercher dans tous les contacts</item>
    <item>Rechercher dans la liste d\'adresses globale (GAL)</item>
  </string-array>
  <string name="pref_title_defaultContactIcon">Icône de contact par défaut</string>
  <string name="pref_title_defaultGroupIcon">Icône de groupe par défaut</string>
  <string name="prompt_restoreDefaultSettings">Il est recommandé de faire une sauvegarde de paramètres avant la réinitialisation. Voulez-vous restaurer tous les paramètres par défaut maintenant ?</string>
  <string name="pref_title_interceptCallsEvenDuringCall">Intercepter les appels même pendant un appel</string>
  <string name="pref_summary_interceptCallsEvenDuringCall">Peut mettre fin à l\'appel en cours</string>
  <string name="pref_title_displayPromptWhenCallBlocked">Afficher un message quand un appel est bloqué.</string>
  <!-- Call Statistics -->
  <string name="call_statistics">Statistiques d\'appels</string>
  <string name="freeNumbersManager">Gestionnaire d\'appels gratuits</string>
  <string name="tab_call_statistics">Stats</string>
  <string name="call_type_incoming">Entrant</string>
  <string name="call_type_outgoing">Sortant</string>
  <string name="call_type_missed">Manqué</string>
  <string name="call_type_blocked">Bloqué</string>
  <string name="call_type_all">Total</string>
  <string name="call_duration">Durée</string>
  <string name="call_duration_minute">Unité</string>
  <string name="call_count">Compteur</string>
  <string name="call_statistics_time_billingCycle">Forfait</string>
  <string name="call_statistics_time_thisMonth">Mois en cours</string>
  <string name="call_statistics_time_thisWeek">Cette semaine</string>
  <string name="call_statistics_time_all">Total</string>
  <string name="pref_title_startDayOfBillingCycle">Jour de départ du forfait</string>
  <string name="pref_title_missedCallsTextColor">Appels manqués</string>
  <string name="pref_summary_unansweredOutgoingCallsTextColor">Appels sans réponses</string>
  <string name="pref_title_freeMonthlyTalkTime">Appels sortants gratuits</string>
  <string name="pref_title_freeIncomingCalls">Appels entrants gratuits</string>
  <string name="pref_title_costWarning">Alerte de coût</string>
  <string name="pref_summary_costWarning">Affiche une alerte quand la durée des appels gratuits est atteinte</string>
  <string name="prompt_freeTalkTimeIsOver">La limite des appels gratuits est atteinte.</string>
  <string name="prompt_remainingFreeTalkTimer">Appel gratuit restant: %1$d min; quotidien: %2$d min.</string>
  <string name="pref_title_showGroupSContactsCount">Compteur de contacts par groupe</string>
  <string name="pref_summary_showGroupSContactsCount">Peut affecter la vitesse de chargement des contacts</string>
  <string name="pref_title_contactPictureZoomMode">Zoom des photos des contacts</string>
  <string-array name="pref_entries_contactPictureZoomMode">
    <item>Centrer</item>
    <item>Centrer rogner</item>
    <item>Centrer justifier</item>
    <item>Centrer ajuster</item>
    <item>Centrer remplir</item>
  </string-array>
  <string name="get_online_help">Obtenir de l\'aide en ligne</string>
  <string name="error_report">Rapport d\'erreur</string>
  <string name="hasNoPhoneNumberContacts">Contacts sans n° de téléphone</string>
  <string name="pref_title_minimumBillableTime">Temps minimum facturable</string>
  <string name="pref_summary_minimumBillableTime">La valeur courante est %s secondes. Pour un appel de 01:15: si la valeur est 30, 01:30 seront décomptés; si la valeur est 60; 02:00 seront décomptées.</string>
  <string name="menu_showSidebar">Afficher la barre latérale</string>
  <string name="menu_hidesidebar">Masquer la barre latérale</string>
  <string name="SIMCard1">Carte SIM 1</string>
  <string name="SIMCard2">Carte SIM 2</string>
  <string name="sim_card_office">Bureau</string>
  <string name="sim_card_home">Domicile</string>
  <string name="sim_card_call">Appel</string>
  <string name="sim_card_internet">Internet</string>
  <string name="sim_card_heart">Favori</string>
  <string name="lable_sim_card_name">Nom :</string>
  <string name="lable_sim_card_icon">Icône :</string>
  <string name="defaultSIMcard">Carte SIM par défaut</string>
  <string name="prompt_inFirstUseDialer">Passer un appel d\'urgence dépend du système. Assurez-vous qu\'il fonctionne.</string>
  <string name="pref_title_enableBackgroundDataLoading">Chargement en arrière plan</string>
  <string name="pref_summary_enableBackgroundDataLoading">Activer pour améliorer la rapidité de l\'application. Cette option augmente la consommation de la batterie, la base de donnée des contacts étant mise à jour fréquemment</string>
  <string name="pref_title_scaleToFitTheScreen">Taille automatique</string>
  <string name="pref_summary_scaleToFitTheScreen">Adapte automatiquement la taille de la Grille pour s\'adapter à l\'écran</string>
  <string name="pref_summary_whenPortraitMode">Mode portrait</string>
  <string name="pref_summary_whenTheSidebarIsOpen">Mode portrait (barre latérale)</string>
  <string name="pref_summary_whenInLandscapeMode">Mode paysage</string>
  <string name="pref_summary_whenInLandscapeModeAndTheSidebarIsOpen">Mode paysage (barre latérale)</string>
  <string name="pref_title_usingMoreDetailedFastScroller">Ascenseurs avancés</string>
  <string name="pref_title_contactFields">Champs de contact</string>
  <string name="pref_summary_informationNeedSendToCalendar">Sélectionner les informations à envoyer dans le calendrier</string>
  <string-array name="pref_entriesNeedSendToCalendar">
    <item>Organisation</item>
    <item>Adresse</item>
    <item>Téléphone</item>
    <item>E-mail</item>
    <item>Notes</item>
  </string-array>
  <string name="menu_addConsecutiveNumbers">Ajouter des numéros consécutifs</string>
  <string name="startingNumber">Numéro de départ</string>
  <string name="endingNumber">Numéro final</string>
  <string name="prompt_ALotOfNumbersToAddToContact">Le nouveau numéro %d sera ajouté au contact. Cela prendra quelque temps.</string>
  <string name="prompt_numberParsingErrorInaddConsecutiveNumbers">Erreur de numéro ! Veuillez ne pas formater le numéro.</string>
  <string name="prompt_needToAddNumbersTooMuch">Ceci va ajouter le numéro %d au contact. Ajouter trop de numéros peut ralentir l\'appareil.</string>
  <string name="prompt_addConsecutiveNumbers_accountDoesNotSupport">Votre compte ne supporte pas l\'ajout d\'autant de numéros de téléphone.</string>
  <string name="pref_title_usingHDContactPicture">Photos des contacts HD</string>
  <string name="pref_title_linksInNotes">Liens dans les Notes</string>
  <string name="pref_summary_linksInNotes">Cette option permet d\'afficher des liens cliquables dans les notes pour les adresses internet, les e-mails, les adresses postales et les numéros de téléphone.</string>
  <string name="pref_title_enableInCallWidget">Activer le widget d\'appel</string>
  <string name="pref_title_delayToClose">Fermeture au raccrochage</string>
  <string name="pref_summary_delayToCloseInCallWidget">Ferme le widget d\'appel %ds après la fin d\'un appel</string>
  <string name="pref_title_closeWhenOffhook">Fermeture au décrochage</string>
  <string name="pref_summary_closeWhenOffhook">Ferme le widget d\'appel à la prise d\'appel</string>
  <string name="pref_summary_informationNeedShowInInCallWidget">Affiche les éléments sélectionnés sur le widget d\'appel</string>
  <string name="phoneNumberLabel">Numéro de téléphone</string>
  <string name="last_contact_time">Dernier appel</string>
  <string name="contact_pictures">Photos de contact</string>
  <string name="menu_importToQuickdialList">Ajouter aux numéros abrégés</string>
  <string name="confirm_importToQuickdialList">Notez que les données importées vont écraser les données existantes.</string>
  <string name="toast_importToQuickdialListSuccessfully">%d numéros ont été importés.</string>
  <string name="pref_title_frameColor">Contour</string>
  <string name="pref_title_hideDefaultIcon">Icônes par défaut</string>
  <string name="pref_summary_hideDefaultIcon">Masque les icônes par défaut de l\'affichage Liste</string>
  <string name="pref_title_showInTheSidebar">Éléments de la barre latérale</string>
  <string name="pref_summary_showInTheSidebar">Sélectionner les éléments à afficher dans la barre latérale</string>
  <string-array name="pref_entries_showInTheSidebar">
    <item>Groupes</item>
    <item>Organisations</item>
    <item>Titres</item>
  </string-array>
  <string name="menu_addToQuickdialList">Ajouter aux numéros abrégés</string>
  <string name="toast_theNumberHasNeenAdded">Le numéro a été ajouté.</string>
  <string name="pref_title_fontSizeSidebar">Taille de la police (barre latérale)</string>
  <!-- 	<string name="hour">Hour</string> -->
  <string name="contactedLastXHours">Contacté les %s dernières heures</string>
  <!-- 	选中的邮件地址已经复制到剪贴板。您可以将它粘贴到邮件程序的地址字段 -->
  <string name="toast_selectedEmailAddressCopied">Les adresses e-mails sélectionnées ont été copiées dans le presse-papiers. Vous pouvez les coller dans le champ adresse de votre gestionnaire d\'e-mails.</string>
  <string name="pref_title_backUpAllData">Sauvegarder toutes les données</string>
  <!-- 	由于数据库的更新。还原数据可能导致组铃声、组图片和防火墙工作不正常。请检查它们在恢复数据后。 -->
  <string name="pref_summary_backUpAllData">Lorsque les données seront restaurées, les sonneries, les photos de groupe et les filtres d\'appel peuvent ne pas fonctionner correctement. Veuillez vérifier ces paramètres après la restauration.</string>
  <!-- 	注意这不会备份联系人数据库。 -->
  <string name="warning_notBackUpContactsDatabase">Notez que la base de données des contacts ne sera pas sauvegardée.</string>
  <string name="pref_title_restoreAllData">Restaurer toutes les données</string>
  <string name="toast_backedSuccessfully">Sauvegardé avec succès dans %s.</string>
  <string name="toast_backedFailed">La sauvegarde a échoué. Assurez-vous que le chemin de sauvegarde est valide.</string>
  <string name="toast_restorSuccessfully">Restauré avec succès depuis %s.</string>
  <string name="toast_restorFailed">La restauration a échoué. Assurez-vous que le chemin d\'accès est correct.</string>
  <string name="close">Fermer</string>
  <string name="minimize">Réduire</string>
  <string name="maximize">Agrandir</string>
  <string name="call">Appeler</string>
  <string name="toast_notSuppouteditingNotes">Ce contact ne supporte pas l\'édition des notes.</string>
  <!-- An option in the event notification settings, open it automatically sends the blessing SMS comes in contact events. -->
  <string name="pref_title_automaticallySendGreetingsSMS">SMS automatiques</string>
  <!-- 	注意发送消息时您不会得到通知，发送时间为事件当天的[通知时间]。 -->
  <string name="pref_summary_automaticallySendGreetingsSMS">Vous ne serez pas averti quand le message sera envoyé. Il sera envoyé suivant les paramètres "Alerte de notification" et "Heure de notification"</string>
  <!-- Prompt message before you delete a call log. -->
  <string name="prompt_deleteCallLog">Notez que la suppression de l\'historique des appels affecte les statistiques d\'appels.</string>
  <!--
    Dispaly in [In call Widget]
    Example:
    The last contact time: 5 days ago。 -->
  <string name="in_call_lastContactTime">Dernier appel : %s</string>
  <string name="recommendToFriends">Recommander à des amis</string>
  <string name="filterMode">Mode de filtre</string>
  <!-- 	Show contacts filter Details Grp = Group; Com = Company; Tit = Title -->
  <string name="contactsFilterSummary">Filtre : Grp: %1$s Org: %2$s Tit: %3$s</string>
  <string name="pref_title_largeDialButton">Bouton d\'appel large</string>
  <!-- 	显示在联系人组编辑器，为编辑的组设置父组 -->
  <string name="parentGroup">Groupe parent</string>
  <string name="pref_title_formatPhoneNumber">Formatter les n° de téléphone</string>
  <string name="menu_viewSelectedContacts">Afficher la sélection</string>
  <string name="filter_status_all">TOUT</string>
  <string name="pref_title_enableSlidingAction">Composition par glisser</string>
  <!-- 	启用滑动拨号等等，关闭它以便使用滑动切换号码。 -->
  <string name="pref_summary_enableSlidingAction">Active les appels et la composition de message par glisser</string>
  <!-- Click Open browser to select files or other data -->
  <string name="browse">Parcourir</string>
  <string name="companies">Sociétés</string>
  <string name="company">Société</string>
  <string name="clear">Effacer</string>
  <string name="other">Autre</string>
  <string name="voice_input">Saisie vocale</string>
  <string name="app_widget_name_dialer_3_3">DW Dialer 3×3</string>
  <string name="app_widget_name_dialer_2_3">DW Dialer 2×3</string>
  <string name="app_widget_name_dialer_4_4">DW Dialer 4×4</string>
  <string name="app_widget_name_agenda">DW Agenda</string>
  <!-- 	A menu item is used to select mode grouping contacts. -->
  <string name="menu_groupBy">Grouper</string>
  <string name="menu_showHistory">Afficher l\'historique</string>
  <string name="menu_sendMessage">Envoyer des SMS/MMS</string>
  <string name="menu_sendMail">Envoyer un e-mail</string>
  <string name="menu_setRingtone">Attribuer une sonnerie</string>
  <string name="menu_insert">Insérer</string>
  <string name="pref_title_disableAutomaticUpdates">Désactiver les mises à jour automatiques</string>
  <string name="pref_title_showsLinkToContactList">Icône vers la liste de contacts</string>
  <!-- A number label, recently contacted number，It shows in the contact details SMS TAB. Number selection drop-down list. For example: Recent:12345678 -->
  <string name="recent">Récent</string>
  <string name="dialog_title_selectFieldsToShare">Sélectionner les champs à partager</string>
  <string name="pref_title_showSIMCardNumber">Afficher le numéro de la carte SIM</string>
  <string name="pref_title_swapSIMCardNumber">Intervertir les n° de carte SIM</string>
  <string name="pref_summary_selectNeedToDisplayTabs">Affiche les onglets sélectionnés dans le détail des contacts</string>
  <!-- 	检测到您正使用屏幕阅读程序。是否显示“电话号码选择对话框”在拨号前？ -->
  <string name="prompt_usePhoneNumberSelectionDialogWhenUseScreenReader">Un programme de lecture d\'écran a été détecté. Faut-il afficher la fenêtre de sélection de numéro avant la numérotation ?</string>
  <string name="neverShowAgain">Ne plus afficher</string>
  <!-- 	选择[确定]，“通话中小部件”将不会再次显示。 -->
  <string name="prompt_neverShowAgain">[%1$s] sélectionné, le \"%2$s\" ne sera plus jamais afficher.</string>
  <string name="dualSIMCardConfiguration">Configuration des cartes SIM</string>
  <!-- 	如果SIM卡编号显示不正确，请先通过两个SIM卡各拨打一个电话，然后点击[重新检测]按钮。 -->
  <string name="prompt_retestSIMCardNumber">Si le numéro de la carte SIM est incorrect, vérifier que les 2 cartes SIM peuvent passer des appels, puis cliquer sur le bouton [Tester à nouveau].</string>
  <!-- 	重新检测 -->
  <string name="retest">Tester à nouveau</string>
  <!-- 	检测已完成 -->
  <string name="toast_retestSIMCardNumberCompleted">Le test est terminé.</string>
  <string name="toast_settingsHaveBeenSaved">Les paramètres ont été enregistrés.</string>
  <!-- 	如果双卡功能不工作在您的设备。请尝试选择设备列表中的每一个设备，然后单击[拨号]按钮。当两个拨号按钮使用正确SIM卡拨号时，单击[保存]按钮。 -->
  <string name="prompt_dualSIMDialTest">Si la fonction double cartes SIM ne fonctionne pas, sélectionner chaque appareil dans la liste et cliquer sur le bouton de numérotation. Si les boutons de numérotation utilisent les bons numéros de carte SIM, appuyer sur le bouton [Enregistrer].</string>
  <string name="lable_device">Appareil:</string>
  <string name="lable_testNumber">Numéro de test:</string>
  <!-- 	 An option. When you enable the exchange of the SIM card used when making calls. When the dial buttons 1 and 2 do not correspond correct SIM card to select it. -->
  <string name="swapTheDialSIMcard">Intervertir les cartes SIM</string>
  <string name="shareMySettings">Partager les paramètres</string>
  <!-- 	已添加前缀/后缀（%s） -->
  <string name="toast_prefixOrSuffixHasBeenAdded">Préfixe / suffixe a été ajouté (%s)</string>
  <string name="pref_title_downloadGeocoderPlugin">Télécharger le plugin géocodeur</string>
  <string name="menu_bindTo">Lier à %s</string>
  <string name="menu_clearBind">Supprimer le lien</string>
  <string name="pref_title_twoDialOnTheDialpad">Afficher 2 boutons d\'appel sur le clavier</string>
  <string name="pref_title_twoDialInTheContactList">Afficher 2 boutons d\'appel dans la liste des contacts</string>
  <!-- 	call using SIM card 1 -->
  <string name="description_dial_button_using">appeler en utilisant %s</string>
  <string name="menu_shareAsText">Partager en texte</string>
  <string name="menu_shareAsvCard">Partager en vCard</string>
  <string name="noItmeSelected">Aucun élément sélectionné</string>
  <string name="pref_title_leftHandedOperation">Affichage pour gaucher</string>
  <string name="description_goToSubGroups_button">Liste des sous groupes</string>
  <!-- 一个选项，当打开备注会优先保存到联系人，而不是通话记录备注 -->
  <string name="pref_title_saveNotesToContacts">Ajouter des notes aux contacts</string>
  <string name="export_to_single_vcard_file">Exporter en un seul fichier vCard</string>
  <string name="export_to_multiple_vcard_files">Exporter en plusieurs fichiers vCard</string>
  <string name="confirm_export_contacts_to_folder_message">Vos contacts seront exportés vers le dossier: %s.</string>
  <!-- 读出来电显示号码 -->
  <string name="pref_title_speakCallerID">Prononcer les noms</string>
  <string name="pref_title_speakOrganization">Prononcer les organisations</string>
  <string name="pref_title_speakNumber">Prononcer les numéros</string>
  <string name="pref_summary_speakNumber">Prononce le numéros s\'il ne fait pas parti des contacts</string>
  <string name="pref_title_repeatCount">Nombre de répétitions</string>
  <string name="pref_title_repeatInterval">Intervalle de répétition</string>
  <string name="pref_title_reverseList">Liste inversée</string>
  <string name="pref_title_openQuickJumpOnStartup">Quick-jump au démarrage</string>
  <!-- 搜索历史记录 - 一个开关确定是否显示搜索历史记录 -->
  <string name="pref_title_searchHistory">Recherche dans l\'historique</string>
  <string name="menu_add_event">Ajouter un évènement</string>
  <string name="notification_dataLoaderIsRunning">Chargement des données en arrière plan est actif</string>
  <string name="clickToGetMoreInformation">Appuyez pour obtenir plus d\'informations</string>
  <!-- 	您好，试用期限将结束在5天后。现在要购买吗？ -->
  <string name="remind_trialPeriodWillEnd">Bonjour, la période d\'essai se terminera dans %d jours. Voulez-vous acheter DW contacts ?</string>
  <string name="menu_addToBlockList">Ajouter à la liste de blocage</string>
  <string name="menu_removeFromBlockList">Retirer de la liste de blocage</string>
  <string name="blockList">Liste de blocage</string>
  <string name="font">Police</string>
  <string name="needToUpdate">Mettre à jour</string>
  <string name="disable">Désactiver</string>
  <string name="pref_title_hideContactPicture">Cacher les images des contacts</string>
  <string name="event_info_links_label">Liens</string>
  <string name="pref_title_calllogFilterAtTop">Afficher les filtres en haut</string>
  <!-- A menu, click the call methods available to display. For example: SIM card 2; Video call; Skype; SIP -->
  <string name="menu_callUsing">Appeler avec...</string>
  <string name="video_call">Appel vidéo</string>
  <string name="automatic_redial">Recomposition automatique</string>
  <!-- Automatic redial after 3 seconds. -->
  <string name="automatic_redial_after">Recomposition automatique après %s.</string>
  <!-- Enter "Arrange mode", you can drag to sort items. -->
  <string name="menu_arrangeMode">Réorganiser</string>
  <string name="summary_arrangeMode">Glisser les éléments pour les réorganiser</string>
  <string name="recommend_template">"Cher ami !\nJ\'utilise %1$s. C\'est un gestionnaire de contacts incontournable. Tu peux le télécharger ici : %2$s"</string>
  <string name="recommend_id_template">"N\'oublie pas d\'entrer mon ID (%s) dans l\'onglet Boîte à outils -&gt; Recommander à des amis.\nMerci!"</string>
  <!-- An option to choose what to hide in the contact details -->
  <string name="pref_title_hideSection">Cacher des sections</string>
  <string name="pref_title_automaticBackup">Sauvegarder automatiquement</string>
  <string name="pref_title_backupTime">Heure de sauvegarde</string>
  <string name="pref_title_backupCycle">Cycle de sauvegarde</string>
  <string-array name="pref_entries_backupCycle">
    <item>Tous les jours</item>
    <item>Tous les 2 jours</item>
    <item>Tous les 3 jours</item>
    <item>Tous les 4 jours</item>
    <item>Tous les 5 jours</item>
    <item>Tous les 6 jours</item>
    <item>Toutes les semaines</item>
    <item>Tous les mois</item>
  </string-array>
  <string name="pref_title_contactsBackup">Sauvegarder les contacts</string>
  <string name="pref_summary_contactsBackup">Sélectionner le groupe à sauvegarder</string>
  <string name="pref_title_backupNow">Sauvegarder maintenant</string>
  <string name="pref_title_disableInCarMode">Désactiver en mode voiture</string>
  <string name="pref_summary_disableInCarMode">Désactive temporairement la confirmation de la composition quand vous êtes en voiture</string>
  <!-- An alert message when adding a shortcut to the HomePage request has been sent. -->
  <string name="toast_requestHasBeenSent">Le raccourci a été créé</string>
  <string name="pref_title_hideMenuButton">Cacher le bouton Menu</string>
  <string name="pref_summary_hideMenuButton">Si votre appareil n\'a pas de bouton physique, cacher le bouton Menu vous empêchera d\'accèder aux menus</string>
  <string name="pref_title_deleteOldCallLogs">Supprimer les anciens appels</string>
  <string name="pref_summary_deleteOldCallLogs">Supprimer les anciens appels du journal quand le nombre d\'appels atteint %s</string>
  <string name="menu_setContactPhoto">Ajouter une photo</string>
  <!-- OPTION: When you restart the app. Restore the state when last used. -->
  <string name="pref_title_restoreStateWhenRestarted">Restaurer l\'état au redémarrage</string>
  <string name="websiteTypeHomepage">Page d\'accueil</string>
  <string name="websiteTypeBlog">Blog</string>
  <string name="websiteTypeProfile">Profil</string>
  <string name="websiteTypeHome">Domicile</string>
  <string name="websiteTypeWork">Travail</string>
  <string name="websiteTypeFTP">FTP</string>
  <!--     <string name="description">Description</string> -->
  <!--     <string name="menu_add_link">Add link</string> -->
  <string name="pref_title_excludeNumbers">Exclusion de numéros</string>
  <string name="pref_summary_excludeNumbers">N\'affiche pas la fenêtre [Confirmation de composition] pour ces numéros</string>
  <!-- Menu item used to add custom field to contact -->
  <string name="menu_addCustomField">Ajouter un champ personnel</string>
  <!-- An automatic group name, which contains all has photo contacts -->
  <string name="hasPhotoContacts">Contacts avec photo</string>
  <!-- Selectable menu item used to controls whether display "contacts events" in the "agenda list". -->
  <string name="menu_showContactsEvents">Afficher les événements des contacts</string>
  <!-- An option to define accent color. The color applied to framework controls in their activated (ex. checked) state. -->
  <string name="pref_title_accentColor">Mise en évidence</string>
  <!-- An option to define whether the appointment is created automatically send the invitation email.-->
  <string name="pref_title_sendInvitation">Envoyer des invitations</string>
  <!-- An option to define whether the appointment is created automatically send the invitation email.-->
  <string name="pref_summary_sendInvitation">Ajoute les adresses e-mails des participants</string>
  <!-- An option to define whether use circle icon.-->
  <string name="pref_title_circleIcon">Icône de contact arrondi</string>
  <string name="on">Activé</string>
  <string name="off">Désactivé</string>
  <!-- Determined by the theme -->
  <string name="byTheme">Défaut (thème)</string>
  <!-- An option to define color -->
  <string name="pref_title_callLogFilterBackground">Barre de filtres</string>
  <!-- An option to define whether use colorful icon.-->
  <string name="pref_title_colorfulIcon">Couleur des icônes</string>
  <!-- Select this option to Reduce the ring volume when reading the caller information. -->
  <string name="pref_title_reduceRingerVolume">Reduction du volume</string>
  <!-- Select this option to Reduce the ring volume when reading the caller information. -->
  <string name="pref_summary_reduceRingerVolume">Réduire le volume de la sonnerie à la lecture des informations de l\'appel</string>
  <!-- Menu item used to Go to the "Calendar" App -->
  <string name="menu_goToCalendar">Ouvrir l\'agenda</string>
  <!-- Menu item used to add selected item to the Tab bar -->
  <string name="menu_addToTabBar">Ouvrir la barre d\'onglets</string>
  <!-- Menu item used to remove selected item from the Tab bar -->
  <string name="menu_removeFromTabBar">Supprimer de la barre d’onglets</string>
  <!-- Menu item used to browse and restore data -->
  <string name="menu_restoreFrom">Restaurer depuis...</string>
  <!-- Menu item used to open [Backup Manager] -->
  <string name="menu_backupManager">Gestionnaire de sauvegardes</string>
  <string name="typeface_bold">Gras</string>
  <string name="typeface_italic">Italique</string>
  <!-- A contact group option. Open it will automatically delete call logs, contacts belong to this group. -->
  <string name="pref_title_automaticallyDeleteCallLogs">Supprimer auto des journaux d\'appels</string>
  <!-- An option to control whether to display the contact's local time -->
  <string name="pref_title_showContactsLocalTime">Afficher l\'heure locale des contacts</string>
  <!-- An option -->
  <string name="pref_title_replaceMissedCallNotification">Remplacer la notification \"Appel manqué\"</string>
  <!-- An option summary -->
  <string name="pref_summary_replaceMissedCallNotification">Évite l\'affichage de la fenêtre \"Choisir une application\"</string>
  <!-- An option in the dialog box to delete call records. Controls whether delete call log notes -->
  <string name="deleteNotes">Supprimer les notes</string>
  <string name="offset">Décalage</string>
  <!-- Label above username EditText -->
  <string name="username">Utilisateur</string>
  <!-- Button to sign in after entering username and password -->
  <string name="signIn">Connexion</string>
  <!-- "By number" merge call records, etc. -->
  <string name="byNumber">Par numéro</string>
  <!-- "By contact" merge call records, etc. -->
  <string name="byContact">Par contact</string>
  <string name="toast_switchToIntersectionMode">Appuyez encore pour le mode <b>Intersection</b></string>
  <!-- An option to control whether to display the message log in History -->
  <string name="pref_title_showMessageLog">Afficher le journal des messages</string>
  <!-- Menu item used to add data (E-mail address, etc.)  to contacts -->
  <string name="addToContact">Ajouter aux contacts</string>
  <!-- An option When you open it will maintain a fixed height In call widget. -->
  <string name="fixedHeight">Figer la hauteur</string>
  <!-- ****************************** Descriptions *********************************** -->
  <!--
         String describing the Keyboard switch ImageButton
         Used by AccessibilityService to announce the purpose of the button.
         [CHAR LIMIT=NONE]
    -->
  <string name="description_switch_keyboard">Changer de clavier</string>
  <string name="description_pick_contact">Choisir un contact</string>
  <!-- String describing the text for photo of a item(group, title, company，etc.). -->
  <string name="description_icon_for">Icône pour <xliff:g id="name">%1$s</xliff:g></string>
  <!--An option. When opened, will use list long press menu.-->
  <string name="pref_title_useListMenu">Afficher des menus en listes</string>
  <!--An option in Accessibility. When opened, Enter the number need to double click to confirm.-->
  <string name="pref_title_doubleClickEnterNumber">Double appui pour composer</string>
  <!--A item of list, control information needs to be displayed in the "In call widget"-->
  <string name="positionInQuickDial">Position des numéros abrégés</string>
  <string name="prompt_requiresPermission">Requiert l’autorisation <b>%1$s</b>.</string>
  <string name="pause">Pause</string>
  <string name="description_add_voice_tag">Ajouter une empreinte vocale</string>
  <string name="pref_color_schemes">Modèles de couleur</string>
  <string name="navigation_drawer_open">Ouvrir le tiroir de navigation</string>
  <string name="navigation_drawer_close">Fermer le tiroir de navigation</string>
  <string name="toast_adjustColors">Appuyez où vous voulez ajuster les couleurs</string>
  <string name="auto_close">Fermeture automatique</string>
  <string name="voice_tag">Empreinte vocale</string>
  <!--An option title in [Contact Details]. When opened, Will merge items,When just labels different.-->
  <string name="pref_title_mergeItemsJustDiffLabel">Fusionner les éléments</string>
  <!--An option summary in [Contact Details]. When opened, Will merge items,When just labels different.-->
  <string name="todoList">À faire</string>
  <string name="menu_add_todo">Ajouter à la liste à faire</string>
  <!-- Notification message when adding a number to the blacklist, but the call filter did not open. -->
  <string name="needEnableCallFilter">Vous devez également activer le [Filtre d\'appel]</string>
  <!--An option title in [Events]. Define which events need to display. It filter events based on contact groups-->
  <string name="pref_title_eventsToDisplay">Évènements à afficher</string>
  <!--An option title in [Color schemes]. Used to define the "List section" Text Size -->
  <string name="section_header">En-tête de section</string>
  <!--An option. When open: The starred contacts are displayed at the top of the list. -->
  <string name="showStarredAtTheTop">Afficher les contacts favoris en haut</string>
</resources>
