<?xml version="1.0" encoding="utf-8"?>
<!--Generated by crowdin.com-->
<resources xmlns:xliff="urn:oasis:names:tc:xliff:document:1.2">
  <string name="label_ringtone">Sonnerie</string>
  <string name="default_ringtone">Par défaut</string>
  <string name="menu_sendEmail">Envoyer un e-mail</string>
  <string name="showFilterPhones">Contacts avec n° de téléphone</string>
  <string name="showFilterPhonesDescrip">Affiche uniquement les contacts avec un numéro de téléphone</string>
  <string name="headerContactGroups">Choisir les contacts à afficher</string>
</resources>
