<?xml version="1.0" encoding="utf-8" standalone="no"?>
<!--Generated by crowdin.com-->
<resources xmlns:xliff="urn:oasis:names:tc:xliff:document:1.2">
  <string name="app_name">DW Contacts &amp; Phone</string>
  <string name="app_contacts_name">DW Kontakty</string>
  <string name="starred">Ulubione</string>
  <string name="coworkers">Współpracownicy</string>
  <string name="family">Rodzina</string>
  <string name="friends">Przyjaciele</string>
  <string name="myContacts">Moje kontakty</string>
  <string name="mergedContacts">Połączone kontakty</string>
  <string name="no_item_to_display">Brak pozycji do wyświetlenia</string>
  <string name="allContact">Wszystkie kontakty</string>
  <string name="no_phone_numbers">Brak numerów tel.</string>
  <string name="menu_edit">Edytuj</string>
  <string name="menu_edit_group">Edytuj grupę</string>
  <string name="menu_add_contact_to_group">Dodaj kontakty do grupy</string>
  <string name="menu_remove_contact_from_group">Usuń kontakty z grupy</string>
  <string name="groupNameLabel">Nazwa grupy</string>
  <string name="add">Dodaj</string>
  <string name="message_del_system_group">To jest systemowa grupa kontaktów. Po jej usunięciu może się ona automatycznie utworzyć na nowo, co może być przyczyną innych problemów. Czy na pewno chcesz to zrobić?</string>
  <string name="menu_select_mode">Tryb wyboru</string>
  <string name="menu_inverse_select">Odwróć zaznaczenie</string>
  <!--<string name="noContact">This group has no contact</string> -->
  <string name="pleaseWait">Proszę czekać...</string>
  <string name="pref_send_title">Ustawienia SMS i e-mail</string>
  <string name="pref_title_sms_mms_send">SMS/MMS</string>
  <string name="pref_title_email_send">E-mail</string>
  <string name="pref_send_to">Wyślij do %s</string>
  <string-array name="prefEntries_sms_mms_to">
    <item>Podstawowy numer komórkowy</item>
    <item>Wszystkie numery komórkowe</item>
    <item>Wszystkie numery</item>
  </string-array>
  <string-array name="prefEntries_email_to">
    <item>Podstawowy adres e-mail</item>
    <item>Wszystkie adresy e-mail</item>
  </string-array>
  <!--Recipients location -->
  <string name="pref_title_recipients_location">Umieszczenie adresatów</string>
  <string name="pref_recipients_location_summary">Adresaci w polu %s</string>
  <string-array name="pref_entries_recipients_location">
    <item>Bcc</item>
    <item>CC</item>
    <item>Do</item>
  </string-array>
  <string name="menu_preferences">Ustawienia</string>
  <string name="preferences_title">Ustawienia</string>
  <string name="error_report_email_explain">Przepraszamy, wystąpił błąd. Ta wiadomość, 
		z uwzględnieniem komunikatów błędów oraz garścią informacji systemowych
		pomoże w udoskonaleniu tego programu. Zadecyduj, 
		czy ją wysłać.</string>
  <string name="no_contact_selected">Żaden kontakt nie został wybrany</string>
  <!--Firewall -->
  <string name="firewell_add_item">Dodaj grupę odrzucanych</string>
  <string name="lable_week">Tydzień</string>
  <string name="select_group_title">Wybierz grupę</string>
  <!-- %s = call number-->
  <string name="call_blocking_message">%s rozmów zablokowano</string>
  <string name="stat_notify_incoming_calls_were_intercepted">przechwycono %d przychodzących połączeń</string>
  <string name="pref_firewall_title">Ustawienia firewalla</string>
  <string name="pref_title_firewall_enable">Aktywuj firewall</string>
  <string name="firewall_service_started">Usługa filtrowania połączeń rozpoczęta</string>
  <string name="firewall_state_label">DW Filtr połączeń</string>
  <!-- The status bar at the top of the screen display a notification message. -->
  <string name="pref_title_firewall_allways_show_stat_notify">Pokaż ikonę na pasku stanu</string>
  <string name="pref_firewall_allways_show_stat_notify_summary">Pokazuj zawsze ikonę w pasku</string>
  <string name="menu_week_view">Widok tygodnia</string>
  <string name="menu_time_view">Widok czasu</string>
  <string name="menu_view">Widok</string>
  <string name="from">Od</string>
  <string name="to">Do</string>
  <string-array name="days">
    <item>Niedziela</item>
    <item>Poniedziałek</item>
    <item>Wtorek</item>
    <item>Środa</item>
    <item>Czwartek</item>
    <item>Piątek</item>
    <item>Sobota</item>
  </string-array>
  <string-array name="days_short">
    <item>Nd</item>
    <item>Pn</item>
    <item>Wt</item>
    <item>Śr</item>
    <item>Czw</item>
    <item>Pt</item>
    <item>Sb</item>
  </string-array>
  <string name="firewall_label">Filtr połączeń</string>
  <string name="everyday">Codziennie</string>
  <string name="never">Nigdy</string>
  <string name="search_hint">Pisz, aby rozpocząć wyszukiwanie</string>
  <string name="pref_title_display_system_group">Pokaż grupy systemowe</string>
  <!-- Gmail the default, including the group. (Starred, Coworkers, Family, Friends, My Contacts) -->
  <string name="pref_display_system_group_summary">Wyświetlaj grupy systemowe</string>
  <string name="pref_title_merge_same_name_group">Scalaj grupy</string>
  <string name="pref_merge_same_name_group_summary">Scalaj grupy o tych samych nazwach</string>
  <string name="pref_font_size_title">Rozmiar czcionki (linia 1)</string>
  <string name="pref_font_size_summary">Rozmiar:%s</string>
  <string name="removePicture">Usuń obrazek</string>
  <string name="changePicture">Zmień obrazek</string>
  <string name="attachToGroup">Ikona grupy</string>
  <string name="use_photo_as_primary">Użyj tej fotki</string>
  <string name="photoPickerNotFoundText">Pobieracz zdjęć nie znaleniony</string>
  <string name="SMS">SMS</string>
  <string name="Email">E-mail</string>
  <string name="_null">""</string>
  <!-- It shows the contact event to the present time. -->
  <string name="days_after">%d dni później</string>
  <string name="months_after">%d miesięcy po</string>
  <string name="days_ago">%d dni temu</string>
  <string name="months_ago">%d miesięcy temu</string>
  <string name="today">dzisiaj</string>
  <string name="show_group_icon">Pokaż zdjęcie grupy</string>
  <string name="show_group_icon_summary">Pokaż ikonę grupy</string>
  <string name="using_system_sms_program">Wysyłaj SMS przez system</string>
  <!-- According to user feedback that I might in the new version, use it again. -->
  <string name="using_system_sms_program_summary">Wyłączanie funkcji wysyłania SMS</string>
  <string name="recipients_limit">Limit odbiorców</string>
  <string name="recipients_limit_summary">Kiedy liczba odbiorców jest wyższa, 
		automatycznie wysyłaj grupami</string>
  <string name="send">Wyślij</string>
  <string name="confirm_send_message">Kontynuować wysyłanie wiadomości do pozostałych
		kontaktów?</string>
  <!-- For example, Tablet PC does not support sending text messages. However, click the SMS icon.
    I will call the SMS program. The system will report an exception. Then display this prompt. -->
  <string name="system_does_not_support">System tego nie wspiera!</string>
  <string name="ungrouped_contacts">Kontakty niepogrupowane</string>
  <string name="multipleContactsDeleteConfirmation">Wybrane kontakty zostaną usunięte.</string>
  <!--pref default view -->
  <string name="pref_title_default_view">Domyślna karta</string>
  <string name="pref_default_view_summary">Domyślna karta przy starcie: %s</string>
  <!--pref show auto groups -->
  <string name="pref_title_display_auto_group">Pokaż grupy automatyczne</string>
  <string name="pref_display_auto_group_summary">W tym \"Wszystkie kontakty\", \"Niezgrupowane kontakty\".</string>
  <string name="label_hide">Ukryj</string>
  <string name="hide_group_summary">Nie pokazuj tej grupy</string>
  <string name="fast_scroll_alphabet">\u0020AĄBCĆDEĘFGHIJKLŁMNŃOÓPQRSŚTUVWXYZŹŻ</string>
  <string name="fast_scroll_numeric_alphabet">\u00200123456789AĄBCĆDEĘFGHIJKLŁMNŃOÓPQRSŚTUVWXYZŹŻ</string>
  <!-- Because the different SMS programs. When I provide a phone number to the SMS program,
    some require the use of a semicolon to separate the numbers, and some require a comma. Therefore, this option provides. -->
  <string name="sms_compatibility_mode_title">Tryb wysyłania SMS/MMS</string>
  <string name="sms_compatibility_mode_summary">Wybierz, jeśli Twój program do SMS-ów nie odbiera
		właściwie numerów telefonów. Na przykład: XT800</string>
  <string name="menu_sort_hide">Sortuj &amp; Ukryj</string>
  <string name="menu_sort_alphabetically">Alfabetycznie</string>
  <string name="pref_in_call_widget_title">Mini pasek w Rozmowie</string>
  <string name="pref_help_title">Pomoc</string>
  <string name="pref_online_help_title">Pomoc online</string>
  <string name="menu_cancel_send_to_voicemail">Odlokuj połączenia wybranych kontaktów</string>
  <string name="pref_feedback_title">Przez e-mail</string>
  <string name="pref_about_title">O programie...</string>
  <string name="version">Wersja</string>
  <string name="pref_name_display_order_summary">Sposób wyświetlania kontaktów. Może wpłynąć na szybkość wyświetlania.</string>
  <string name="pref_contacts_account_title">Dane konta</string>
  <string name="pref_contacts_account_summary">Wyświetl konto: %s</string>
  <string name="all_account">Wszystkie konta</string>
  <string name="pref_show_account_name_title">Pokaż nazwę konta</string>
  <string name="pref_show_account_name_summary">Pokaż nazwę konta pod nazwą grupy.</string>
  <string name="select_account">Wybierz konto</string>
  <string name="pref_register_code_title">Wprowadź kod rejestracyjny</string>
  <string name="pref_register_code_summary">Musisz podać kod rejestracyjny (nie wymaga połączenia internetowego), który masz w mailu z potwierdzeniem płatności</string>
  <!-- A setting item, click it to open, buy the software license key dialog box. -->
  <string name="pref_get_register_code_title">Kup Pełną wersję</string>
  <string name="pref_get_register_code_summary">Zarejestruj aplikację, aby korzystać ze wszystkich funkcji. Potrzebujemy twojego wsparcia, aby móc dalej rozwijać tę aplikację.</string>
  <string name="buying_tips">Masz 2 możliwości (obie mają taką samą funkcjonalność): możliwa jest rejestracja na  numer seryjny urządzenia (PayPal lub karta kredytowa) lub na konto google (Google Play - Instalacja wersji Pro)</string>
  <string-array name="purchase_channels">
    <item>Google Play</item>
    <item>PayPal lub kartą kredytową</item>
    <item>Poleć znajomym</item>
  </string-array>
  <string-array name="purchase_channels_summary">
    <item>Zarejestruj się z tego oprogramowania do swojego konta Google (kupić i zainstalować wersję Pro za pośrednictwem Google Play). Po zainstalowaniu wersji Pro, należy odinstalować wersje darmową.</item>
    <item>Zarejestruj się z tego oprogramowania do numeru seryjnego urządzenia:%s.
Po procesie płatności, otrzymasz e-mail potwierdzający z kodem rejestracyjnym.
Następnie sprawdzić rejestrację poprzez jedno kliknięcie na [rejestracja online].</item>
    <item>Pobierz darmowy kod rejestracyjny</item>
  </string-array>
  <string name="menu_delete_all">Usuń wszystko</string>
  <!-- Menu title the user can use for trying to resend a message. -->
  <string name="menu_retry_sending">Ponów wysyłanie</string>
  <string name="message">Wiadomość</string>
  <string name="failed">Błąd</string>
  <string name="queued">W kolejce</string>
  <string name="outbox">Skrzynka nadawcza</string>
  <string name="sent">Wysłane</string>
  <string name="auto_replace_to_name">Automatycznie zastąp ciąg znaków "???" pełną nazwą kontaktu, "??F" nazwiskiem, "??G" imieniem, "??N" ksywką.</string>
  <string name="example_message">Witaj,???</string>
  <string name="sms_preview">Podgląd:</string>
  <string name="message_send_state_successfully">Wysłanie udane.</string>
  <string name="message_send_state_failed">Błąd przy wysyłaniu.</string>
  <string name="message_send_unknown_error">Wystąpił błąd. %d wiadomości nie wysłano.</string>
  <string name="message_send_no_signal">Brak zasięgu lub włączyłeś "Tryb samolotowy". %d
		wiadomości nie wysłano.</string>
  <string name="message_send_successfully">Udało się! Wszystkie wiadomości zostały wysłane.</string>
  <string name="need_the_paid_version">Dostępne tylko w wersji płatnej</string>
  <!-- As a "contact group"on the phone the main screen to create a shortcut. -->
  <string name="create_shortcut">Utwórz skrót na pulpicie</string>
  <string name="menu_move_to_group">Przenieś do grupy</string>
  <string name="pref_tabs_title">Kolejność kart</string>
  <string name="pref_tabs_summary">Określ zestaw i kolejność kart na pasku</string>
  <!--pref theme -->
  <string name="pref_theme_title">Podstawa motywu</string>
  <!-- Change the software interface look. -->
  <string name="pref_theme_summary">Wybierz podstawę motywu</string>
  <string name="search">Szukaj</string>
  <string name="pref_services_title">Ustawienia usługi w tle</string>
  <!-- Settings screen, section heading for SMS-specific settings -->
  <string name="pref_sms_settings_title">Ustawienia wiadomości tekstowych (SMS)</string>
  <!-- Settings screen, section heading for EMAIL-specific settings -->
  <string name="pref_email_settings_title">"Ustawienia poczty"</string>
  <!-- Settings item for boolean option to enable/disable SMS delivery reports -->
  <string name="pref_title_sms_delivery_reports">Raporty doręczenia</string>
  <!-- Settings item description for boolean SMS delivery report setting -->
  <string name="pref_summary_sms_delivery_reports">Poproś o raport doręczenia dla każdej wiadomości.</string>
  <string name="pref_contact_sort_order_title">Porządek sortowania</string>
  <string name="pref_contact_sort_order_summary">Zmień porządek sortowania kontaktów. Może to wpłynąć na szybkość wyświetlania.</string>
  <!-- CHANGED ORDER -->
  <string name="contact_sort_order_FamilynameAlternate">Nazwisko - alternatywne</string>
  <string name="contact_sort_order_RecentContacted">Ostatnio kontaktowany</string>
  <string name="contact_sort_order_CreationTime">Czas utworzenia</string>
  <string name="contact_sort_order_DefaultAlternate">Domyślny - alternatywny</string>
  <!-- An automatic group, it shows all the contacts included telephone numbers. -->
  <string name="has_phone_number_contacts">Kontakty z telefonem</string>
  <string name="exit_prompt">Naciśnij Powrót , aby wyjść.</string>
  <string name="pref_exit_prompt_title">Pytaj przed wyjściem</string>
  <string name="pref_exit_prompt_summary">Pokaż dodatkowe ostrzeżenie przed wyjściem</string>
  <string name="pref_language_title">Język</string>
  <string name="load_license_success">Ładowanie licencji z sieci zakończyła się sukcesem.</string>
  <string name="load_license_failed">Ładowanie licencji z sieci nie powiodło się!</string>
  <string name="license_check_success">Sprawdzenie licencji zakończyła się sukcesem.</string>
  <string name="license_check_failed">Sprawdzenie licencji nie powiodło się!</string>
  <string name="load_license_unregistered">Jeszcze nie zarejestrowany.</string>
  <string name="sending">Wysyłanie...</string>
  <string name="error">Błąd</string>
  <string name="clear_data_or_uninstall_app">Wyczyść dane lub odinstalowanie aplikacji</string>
  <string name="database_update_error_message">"Przepraszamy - wystąpił błąd podczas aktualizacji struktury bazy danych. 
Błąd może mieć związek z brakiem dostępu do pliku bazy danych. Spróbuj wykonać następujące operacje: 
1. Restart telefonu.
2. Usunięcie danych aplikacji w panelu sterowania telefonu.
3. Deinstalacja i ponowna instalacja aplikacji."</string>
  <!-- It shows the contact event to the present time. -->
  <string name="one_day_after">Jutro</string>
  <string name="one_month_after">Po 1 miesiącu</string>
  <string name="one_day_ago">Wczoraj</string>
  <string name="one_month_ago">Ostatni miesiąc</string>
  <string name="menu_edit_event">Edytuj zdarzenie dla kontaktu</string>
  <string name="menu_add_to_calendar">Dodaj zdarzenie do kalendarza</string>
  <string name="menu_delete_event">Usuń zdarzenie z kontaktu</string>
  <string name="menu_duplicate_contact">Duplikuj kontakt</string>
  <string name="mes_sendSmsSystemLimit">Z powodu ograniczeń systemowych wciągu %1$s godzin można wysłać tylko %2$s SMS. Automatycznie ponowienie próby po upływie %1$s godzin.</string>
  <string name="sendInBatches">Wysyłanie wsadowe</string>
  <string name="sendInSingle">Pojedynczy</string>
  <string name="sendInBatchesMessage">Ilość odbiorców większa niż "Limit liczby odbiorców" w ustawieniach. Wprowadź wiadomość w polu tekstowym wysyłania wsadowego lub wybierz "Pojedynczy", aby wysłać jeden.</string>
  <string name="pref_title_eventNotification">Ustawienia powiadomień o zdarzeniach</string>
  <string name="pref_title_notificationTime">Godzina powiadomienia</string>
  <string name="pref_title_notificationRingtone">Dzwonek powiadomienia</string>
  <string name="pref_summary_notificationTime">Ustaw czas powiadomienia</string>
  <string name="pref_title_notificationBeforeHappen">Powiadomienie przed zdarzeniem</string>
  <string name="pref_summary_notificationBeforeHappen">Wykonaj to na %s dni przed zdarzeniem</string>
  <string name="pref_title_notification">Powiadomienie</string>
  <string name="pref_title_reminder">Przypomnienie</string>
  <string name="pref_summary_reminder">%s przed</string>
  <string name="pref_title_ringtone">Dzwonek</string>
  <string name="pref_title_alarm">Alarm</string>
  <string name="pref_title_mergeSubgroup">Scal podgrupy</string>
  <string name="pref_summary_mergeSubgroup">Podgrupy kontaktów wyświetlane w grupie nadrzędnej.</string>
  <string-array name="pref_entries_notificationTime">
    <item>1 minuta</item>
    <item>5 minut</item>
    <item>10 minut</item>
    <item>15 minut</item>
    <item>20 minut</item>
    <item>25 minut</item>
    <item>30 minut</item>
    <item>45 minut</item>
    <item>1 godzina</item>
    <item>2 godziny</item>
    <item>3 godziny</item>
    <item>12 godzin</item>
    <item>24 godziny</item>
    <item>2 dni</item>
    <item>1 tydzień</item>
  </string-array>
  <!-- Not in phone book contacts. -->
  <string name="unknown_contacts">Nieznane kontakty</string>
  <string name="not_in_phone_book_contacts">Brak w kontaktach książki tel.</string>
  <string name="eventNotification">Powiadamianie o zdarzeniach</string>
  <string name="eventNotificationMessage">"%s urodziny/zdarzenia już wkrótce."</string>
  <!-- When using the "Firstname first" show name, "Firstname" and "Lastname" split between the symbols. Most language is a space. -->
  <string name="givenNameFirstSeparator">" "</string>
  <!-- When using the "Lastname first" show name, "Firstname" and "Lastname" split between the symbols. -->
  <string name="familyNameFirstSeparator">", "</string>
  <string name="vCard">vCard</string>
  <string name="text">Tekst</string>
  <string name="pref_title_likeTheSoftware">Wsparcie naszego oprogramowania</string>
  <string name="pref_title_rating">Ocena</string>
  <string name="pref_summary_rating">Oceń w Google Play.</string>
  <string name="pref_title_share">Udostępnij</string>
  <string name="pref_summary_share">Poleć program znajomym.</string>
  <string name="contact_group">Grupy</string>
  <!-- Set the time to send text messages in the future. -->
  <string name="regularlySent">Regularnie wysyłane</string>
  <string name="time">Czas</string>
  <string name="pref_title_EmailProgram">Program poczty e-mail</string>
  <string name="pref_summary_on_EmailProgram">Użyj domyślnego programu pocztowego.</string>
  <string name="pref_summary_off_EmailProgram">Wyświetl wybór programu do wysyłania wiadomości.</string>
  <string name="toolbox">Narzędzia</string>
  <string name="pref_title_SMSSendInterval">Wyślij z interwałem</string>
  <string name="pref_summary_SMSSendInterval">Wyślij SMS w przedziale czasu (w sekundach).</string>
  <string name="app_dialer_name">DW Dialer</string>
  <string name="menu_sort">Porządek sortowania</string>
  <string name="license_check_failed_message">Błąd kontroli licencji oprogramowania! Upewnij się, że można uzyskać dostęp do Google Play.</string>
  <string name="menu_unselectAll">Odznacz wszystko</string>
  <string name="pref_title_themeCustomize">Ustawienia motywu</string>
  <string name="pref_title_backgroundColor">Kolor tła</string>
  <string name="pref_title_backgroundColorForTitles">Kolor tła kategorii</string>
  <string name="pref_title_textColorForTitles">Kolor tekstu kategorii</string>
  <string name="pref_title_textColorMarked">Tekst oznaczony kolorem</string>
  <string name="pref_title_hideTheTitle">Ukryj pasek kategorii</string>
  <string name="pref_title_hideTheStatusbar">Ukryj pasek stanu</string>
  <string name="pref_title_hideTabLabel">Ukryj etykiety kart</string>
  <string name="pref_title_autoHideTab">Ukrywanie paska kart</string>
  <string name="pref_summary_autoHideTab">Automatyczne ukrywanie paska kart po zmianie karty</string>
  <string name="reset">Resetuj</string>
  <string name="pref_title_automaticRotation">Automatyczne obracanie</string>
  <string name="pref_summary_automaticRotation">Automatyczne obracanie ekranu można włączyć lub wyłączyć</string>
  <string name="menu_editNotes">Edytuj notatki</string>
  <string name="addSelectedContactsToFavorites">Dodawanie kontaktów do ulubionych</string>
  <string name="removeSelectedContactsFormFavorites">Usuń kontakty z ulubionych</string>
  <string name="deleteSelectedContacts">Usuń kontakty</string>
  <string name="duplicateSelectedContacts">Duplikuj kontakty</string>
  <string name="setGroupForSelectedContacts">Ustaw grupę dla wybranych kontaktów</string>
  <string name="forSelectedContacts">Dla wybranych kontaktów</string>
  <string name="searchAnything">Przeszukaj wszystko</string>
  <string name="quickDialManager">Menedżer szybkiego wybierania numeru</string>
  <string name="menu_shareNumber">Udostępnij numer</string>
  <string name="menu_setGroupForContact">Ustaw grupę dla kontaktu</string>
  <string name="pref_title_tabSettings">Ustawienia kart</string>
  <string name="sendSMStoShownContacts">Wyślij SMS / MMS do zaznaczonych kontaktów</string>
  <string name="sendEmailtoShownContacts">Wyślij e-mail do wybranych kontaktów</string>
  <string name="setRingtoneForShownContacts">Ustaw dzwonek dla wybranych kontaktów</string>
  <string name="pref_title_enableEventNotification">Włącz powiadamianie o zdarzeniach</string>
  <string name="forSelectedGroups">Dla wybranych grup</string>
  <string name="menu_send_group_message">Wyślij SMS / MMS do grupy</string>
  <string name="menu_delete_group">Usuń grupę</string>
  <string name="menu_deleteGroups">Usuń grupy</string>
  <!-- 	<string name="forSelectedOrgs">For selected companies</string> -->
  <!-- 	<string name="menu_editOrg">Edit company</string> -->
  <!-- 	<string name="forSelectedTitles">For selected titles</string> -->
  <!-- 	<string name="menu_editTitle">Edit title</string> -->
  <string name="menu_editContactFromEvent">Edytuj kontakt ze zdarzenia</string>
  <string name="menu_focus2Today">Przejdź do dzisiaj</string>
  <string name="generalDeleteConfirmation">Jesteś pewien, że chcesz skasować?</string>
  <string name="addContactTo">Dodaj kontakt do %s</string>
  <string name="removeContactFrom">Usuń kontakt z %s</string>
  <string name="pref_title_showTabAtTop">Pasek kart u góry</string>
  <!-- Within the group "contact list" label -->
  <string name="labelWithinGroupContactsList">Kontakty</string>
  <string name="multipleChoicePrompt">Multi-select jest ograniczone w wersji darmowej do %d elementów na działanie. Jeżeli chcesz wysłać wiadomość do grupy, użyj przycisku grupy w menu.</string>
  <string name="pref_title_dialerPadTone">Dźwięk przycisków wybierania numeru</string>
  <string name="recentChanges">Ostatnie zmiany</string>
  <string name="more">Więcej</string>
  <string name="selectAll">Zaznacz wszystkie</string>
  <string name="pref_title_alwaysToDefTab">Zawsze zaczynaj domyślną</string>
  <string name="pref_summary_alwaysToDefTab">Uruchomienie aplikacji przyciskiem słuchawki otwiera domyślną kartę.</string>
  <string name="pref_title_showMostContactedBelowFavorites">Pokaż również Często wybierane</string>
  <string name="pref_title_showEventsFromToday">Pokaż wydarzenia od dziś</string>
  <string name="pref_title_YPositionOfInfoWindow">Położenie-Y okna informacji</string>
  <string name="pref_summary_YPositionOfInfoWindow">Pozycja okna informacji w pionie. Pozycję można zmienić w czasie połączenia.</string>
  <string name="pref_title_backupRestore">Kopia zapasowa i przywracanie</string>
  <string name="pref_title_backupAllSettings">Kopia zapasowa wszystkich ustawień</string>
  <string name="pref_title_restoreAllSettings">Przywracanie wszystkich ustawień</string>
  <string name="pref_title_restoreDefaultSettings">Przywracanie ustawień domyślnych</string>
  <string name="pref_title_showMyContactsInUngrouped">Ignoruj ​​syst. grupę \"Moje kontakty\"</string>
  <string name="pref_title_startDialerWithoutDialerPad">Uruchom z ukrytymi klawiszami</string>
  <string name="pref_summary_showMyContactsInUngrouped">Pokaż kontakty grupy systemowej \"Moje Kontakty\" w \"Niepogrupowane Kontakty\".</string>
  <string name="toast_allSettingsToDefault">Wszystkie ustawienia zostały przywrócone do domyślnych.</string>
  <string name="toast_settingsBackedSuccessfully">Ustawienia zostały skopiowane do %s</string>
  <string name="toast_settingsBackedFailed">Tworzenie kopii zapasowej nie powiodło się. Upewnij się, że została wybrana prawidłowa ścieżka kopii zapasowej.</string>
  <string name="toast_settingsRestorSuccessfully">Ustawienia zostały pomyślnie przywrócone z %s.</string>
  <string name="toast_settingsRestorFailed">Przywracanie nie powiodło się. Upewnij się, że została ustawiona poprawna ścieżka dostępu do ustawień.</string>
  <string name="menu_newOrg">Nowa organizacja</string>
  <string name="menu_newTitle">Nowa kategoria</string>
  <string name="enterAName">Wpisz nazwę</string>
  <string name="pref_title_t9Search">Ustawienia wyszukiwania T9</string>
  <string name="pref_summary_t9Search">Zaawansowane opcje dotyczące karty "telefon" i funkcjonowania wyszukiwania T9</string>
  <string name="pref_title_matchingAnywhere">Dopasuj słowa gdziekolwiek</string>
  <string name="pref_summary_matchingAnywhere">\"WTT\" pasuje do \"dW conTacTs\"</string>
  <string name="pref_title_matchingPart">Porównaj dokładne części słów</string>
  <string name="pref_summary_matchingPart">\"NTA\" pasuje do \"dw coNTActs\"</string>
  <string name="pref_title_matchingFirstLetter">Porównaj pierwszą literę</string>
  <string name="pref_summary_matchingFirstLetter">\"DCO\" pasuje \"Dw COntacts\"</string>
  <string name="pref_title_sortByDegreeOfMatch">Posortowane wg stopnia dopasowania</string>
  <string name="menu_copyToClipboard">Kopiuj do schowka</string>
  <string name="menu_createEvent">Utwórz termin</string>
  <string name="useLimitFeaturePrompt">W wersji ZA DARMO można użyć tej funkcji tylko %d razy.</string>
  <string name="pref_title_appointmentSettings">Ustawienia terminu</string>
  <string name="pref_title_defaultAppointmentText">Domyślny tekst spotkania</string>
  <string name="pref_summary_defaultAppointmentText">Dodaj tekst, który zostanie wstawiony przed dodaniem nazwa + numer</string>
  <string name="pref_default_defaultAppointmentText">Połącz z </string>
  <string name="titlesList">Stanowiska</string>
  <string name="eventsList">Zdarzenia</string>
  <string name="pref_title_showInContactList">Elementy do pokazania</string>
  <string-array name="pref_entries_showInContactList">
    <item>Numery</item>
    <item>Organizacja</item>
    <item>Tytuł</item>
    <item>Grupy</item>
    <item>Ikona konta</item>
    <item>Zdjęcia Kontaktów</item>
    <item>Przycisk E-mail</item>
    <item>Przycisk SMS</item>
    <item>Zielony przycisk</item>
    <item>Notatki</item>
  </string-array>
  <string name="pref_title_showNotesLines">Ogranicz wielkość notatki do X wierszy</string>
  <string name="tips_clickToSeeAllText">Kliknij element listy, aby zobaczyć cały tekst</string>
  <string name="pref_title_colorForGroups">Kolor tła - grupy</string>
  <string name="pref_title_colorForOrganization">Kolor tła - organizacji</string>
  <string name="pref_title_colorForTitle">Kolor tła - kategorie</string>
  <string name="pref_title_fontSize2">Rozmiar czcionki (linia 2)</string>
  <string name="pref_title_fontSize3">Rozmiar czcionki (linia 3)</string>
  <string name="pref_title_useNumberSearch">Użyj numeru w wyszukiwaniu</string>
  <string name="pref_summary_useNumberSearch">Jeśli jest aktywna, będzie wyszukiwać również wśród numerów</string>
  <string name="noEmailAddress">Brak adresu e-mail</string>
  <string name="pref_title_showCallLogOnPhone">Pokaż historię połączeń w telefonie</string>
  <string name="listTotalCallHistory">Historia %1$d rozmów / czas %2$s</string>
  <string name="pref_title_showContactsOnPhoneStart">Pokazuj kontakty za historią</string>
  <string name="pref_summary_showContactsOnPhoneStart">Gdy opcja jest włączona, za historią połączeń pokazane są dodatkowo wszystkie kontakty</string>
  <string name="listTotalCallLog">Wyświetlanie %d różnych numerów</string>
  <string name="upcoming">Przychodzące</string>
  <string name="pref_title_phoneSettings">Ustawienia telefonu</string>
  <string name="pref_title_mergeCallLog">Scalanie rejestru połączeń</string>
  <string name="pref_title_showCounterOnMergedCallLog">Pokaż licznik scalonych rozmów</string>
  <string name="pref_summary_showCounterOnMergedCallLog">Gdy opcja jest włączona, po prawej stronie nazwy kontaktu widoczny będzie licznik połączeń</string>
  <string name="pref_title_groupCallLogByDate">Pogrupuj według daty</string>
  <string name="pref_summary_groupCallLogByDate">Gdy opcja jest włączona, historia połączeń jest grupowana według daty</string>
  <string name="pref_title_limitCallLogOnXDays">Limit zapisu historii połączeń do %s dni</string>
  <string name="pref_summary_limitCallLogOnXDays">Limit zapisu historii połączeń do %s dni (0 = pokaż wszystkie)</string>
  <string name="pref_message_0toShowAllDays">0 aby pokazać wszystkie dni</string>
  <string name="pref_message_0toShowAllItems">0 aby pokazać wszystkie elementy</string>
  <string name="pref_title_useOrgSearch">Użyj organizacji w wyszukiwaniu</string>
  <string name="pref_title_matchingSkipWord">Pozwala ominąć słowo</string>
  <string name="pref_summary_matchingSkipWord">\"DPH\" pasuje do \"Dw contacts &amp; PHone\"</string>
  <string name="pref_title_matchingSkipSpace">Pozwala na ignorowanie spacji podczas dopasowania</string>
  <string name="pref_summary_matchingSkipSpace">\"TSPH\" pasuje do \"dw contacTS &amp; PHone\"</string>
  <string name="pref_title_globalSettings">Ustawienia globalne</string>
  <string name="pref_title_registrationStates">Stan: %s</string>
  <string name="pref_summary_registrationStates">To jest wersja %1$s dla urządzenia z numerem seryjnym: %2$s</string>
  <string name="registered">Zarejestrowany</string>
  <string name="unregistered">Niezarejestrowany</string>
  <string name="pref_title_onlineRegistrationCheck">Sprawdź rejestrację online</string>
  <string name="pref_summary_onlineRegistrationCheck">Sprawdzi, czy urządzenie nie jest zarejestrowany (wymaga połączenia internetowego).</string>
  <string name="pref_title_registration">Rejestracja</string>
  <string name="pref_summary_registration">Odblokuj funkcje dodatkowe, usuń reklamy</string>
  <string name="pref_summary_showContactsWithPhoneNumber">Jeśli wyłączone, wówczas zostanie użyte systemowe [Filtrowanie kontaktów], które można dopasować w [Ustawieniach globalnych]</string>
  <string name="pref_title_historyViewSettings">Ustawienia widoku Historia</string>
  <string-array name="pref_entries_dialerPadTone">
    <item>Sygnał DTMF</item>
    <item>Odgłos kliknięcia</item>
    <item>Wyłączony</item>
  </string-array>
  <string name="pref_title_limitNumberTitleToXChar">Długość kategorii numeru telefonu</string>
  <string name="pref_summary_limitNumberTitleToXChar">Ustawione na 0 pokaże pełną długość kategorii numeru telefonu</string>
  <string name="pref_title_supportForum">Forum wsparcia</string>
  <string name="pref_title_textColor">Kolor tekstu</string>
  <string name="historyList">Historia</string>
  <string name="startProVerPrompt">Wersja Pro jest zainstalowana. Czy uruchomić teraz?</string>
  <string name="pref_title_selectedBackgroundColor">Naciśnięty klawisz kolor tła</string>
  <string name="pref_title_dialpadThemeSettings">Ustawienia klawiszy wybierania numeru</string>
  <string name="pref_title_globalThemeSettings">Ustawienia globalne motywu</string>
  <string name="pref_title_showAlwaysAddIcon">Pokaż zawsze ikonę *Dodaj*</string>
  <string name="pref_summary_showAlwaysAddIcon">Jeśli opcja jest włączona, to w pierwszej linii listy pokaże się ikona "\+"\, gdzie można dodać kontakt</string>
  <string name="pref_title_eventGreetingText">Tekst powitania</string>
  <string name="pref_default_eventGreetingText">Halo??, I życzę wszystkiego najlepszego dla ??A\'Th??E</string>
  <string name="pref_title_eventGreetingSubject">Temat powitania</string>
  <string name="pref_summary_eventGreetingSubject">Stosowana tylko w przypadku wysyłania za pośrednictwem e-mail</string>
  <string name="pref_message_eventGreetingText">Możesz użyć także zmiennych "???" z kontaktem pełna nazwa, pod nazwiskiem "??F"; o podanej nazwie "??G"; z pseudonim "??N"; dla wieku "??A";"??E "dla typu zdarzenia</string>
  <string name="pref_default_eventGreetingSubject">Pozdrowienia dla ??A\'Th??E</string>
  <string name="menu_sendGreetingSMSToContact">Wyślij SMS / MMS do kontaktu</string>
  <string name="menu_sendGreetingEmailToContact">Wyślij e-mail do kontaku</string>
  <string name="pref_title_storeSendSMSToSystemDB">Zachowaj kopie SMS / MMS</string>
  <string name="pref_summary_storeSendSMSToSystemDB">Jeśli jest aktywna, wysłane wiadomości SMS / MMS będą przechowywane w bazie danych systemu.</string>
  <!-- 	<string name="pref_title_backgroundImage">Background image</string> -->
  <!-- 	<string name="pref_summary_backgroundImageEn">If you use background image, the background color can be used simultaneously as color filter</string> -->
  <string name="pref_title_textColorSecond">Kolor tekstu 2 + 3 linia</string>
  <string name="pref_title_textColorLabel">Kolor tekstu oznaczona linia 3</string>
  <string name="pref_summary_textColorLabel">To jest kolor tekstu na oznaczone grup, organizacji i kategorii</string>
  <string name="pref_title_backgroundListSectionColor">Lista kolor tła sekcji</string>
  <string name="pref_title_textListSectionColor">Lista kolorów tekstu sekcji</string>
  <string name="pref_title_showAlphabetListSection">Listę pokazuj jak alfabet</string>
  <string name="pref_title_fontSizeforDigits">Rozmiar czcionki - cyfry</string>
  <string name="pref_title_fontSizeforLetters">Rozmiar czcionki - litery</string>
  <string name="pref_title_dialpadIconsArrangement">Przyciski klawiatury telefonu</string>
  <string-array name="pref_entries_dialpadIconsArrangement">
    <item>Wybierz/Wprowadź/Usuń</item>
    <item>Usuń/Wprowadź/Wybierz</item>
    <item>Wprowadź/Usuń/Wybierz</item>
  </string-array>
  <!-- 	quick jump to alphabetic listcreate new contact -->
  <string name="menu_quickJump">Quick-Jump</string>
  <string-array name="pref_entries_hideTab">
    <item>Włącz</item>
    <item>Wyłącz</item>
    <item>Auto</item>
  </string-array>
  <string name="pref_title_backgroundColorQuickJump">Quick-Jump kolor tła</string>
  <string name="pref_title_textColorQuickJump">Quick-Jump kolor tekstu</string>
  <string name="pref_title_disableSlideSwitchingTabs">Wyłącz zmianę gestem</string>
  <string name="pref_title_showNumberKeyboardOnDialpad">Pokaż przyciski numeryczne</string>
  <string name="pref_summary_showNumberKeyboardOnDialpad">Gdy opcja jest wyłączona, widoczne będzie tylko pole wprowadzania numeru oraz przyciski Wybierz i Usuń (przydatne, gdy używasz klawiatury sprzętowej)</string>
  <string name="pref_title_dialpadToFullWidth">Klawiatura na całą szerokość ekranu</string>
  <string name="pref_summary_dialpadToFullWidth">Gdy opcja jest włączona, klawiatura telefonu zajmie całą szerokość ekranu (w przeciwnym wypadku będzie po prawej stronie)</string>
  <string name="pref_title_smsSignature">Podpis wiadomości SMS/MMS</string>
  <string name="pref_summary_smsSignature">Podpis, będzie zawsze dodawany na końcu wiadomości SMS/MMS</string>
  <!-- 2.0.7 -->
  <string name="pref_title_languageForT9">Wyszukiwanie T9</string>
  <string name="pref_summary_languageForT9">Możesz dodać dodatkowe języki, które mogą być wykorzystywane do wyszukiwania T9</string>
  <string name="pref_title_quickJumpAlignment">Quick-Jump wyrównanie</string>
  <string-array name="pref_entries_quickJumpAlignment">
    <item>Do góry</item>
    <item>Środek</item>
    <item>Do dołu</item>
  </string-array>
  <string name="menu_gridView">Widok siatki</string>
  <string name="menu_listView">Widok listy</string>
  <string name="pref_title_gridViewSettings">Ustawienia widoku siatki</string>
  <string name="pref_title_gridViewSize">Rozmiar siatki</string>
  <string name="pref_title_lockGridSize">Blokada rozmiaru siatki</string>
  <string name="pref_summary_lockGridSize">Jeżeli jest zablokowana, następnie skoku szybkiego można wykorzystać ponownie za pomocą suwaka 2 palca</string>
  <string name="pref_title_phoneDialpadHeight">Wysokość klawiszy wybierania numeru</string>
  <string name="pref_title_moreSettings">Ustawienia kart - szczegóły</string>
  <string name="pref_summary_moreSettings">Szczegółowe ustawienia wyglądu poszczególnych kart</string>
  <string name="pref_title_displayNameBelowThePicture">Nazwa wyświetlana pod zdjęciem</string>
  <string name="menu_exportContactPicture">Eksport zdjęcia kontaktu</string>
  <string name="toast_saveFailed">Zapisywanie nie powiodło się!</string>
  <string name="toast_saveSuccessfully">Pomyślnie zapisane: %s</string>
  <string name="callConfirm">Potwierdzaj dzwonienie</string>
  <string name="pref_summary_callConfirm">Jeśli opcja jest włączona, na wyświetlaczu pojawi wyskakujące okienko z prośbą o potwierdzenie chęci wybrania numeru</string>
  <string name="pref_title_automaticConfirmationDelay">Opóźnienie automatycznego potwierdzenia (wybierania)</string>
  <!-- It is an option to set a time for the control [Dialing confirmation] dialog.
     At the end of the counter automatically close [Dialing confirmation] dialog. -->
  <string name="pref_title_automaticCancelDelay">Opóźnienie automatycznego anulowania</string>
  <string name="pref_summary_automaticConfirmationDelay">Dotknięcie gdziekolwiek ekranu powoduje zatrzymanie odliczania czasu</string>
  <string name="pref_title_picturePositionOnRight">Położenie obrazu po prawej stronie</string>
  <string name="updateCheck">Sprawdź aktualizację</string>
  <string name="noUpdates">Brak aktualizacji</string>
  <string name="download">Pobierz</string>
  <string name="pref_title_globalIconSize">Rozmiar ikony (globalny)</string>
  <string name="pref_summary_globalIconSize">Ten rozmiar określa szerokość wszystkich ikon: klawiszy cyfrowych, backspace-a, słuchawki, sms-a, e-maila, obrazka</string>
  <string name="pref_title_backKeyHideDailpad">Przycisk Cofnij ukrywa klawiaturę</string>
  <string name="pref_summary_backKeyHideDailpad">Gdy opcja jest włączona, pierwsze naciśnięcie przycisku Cofnij ukrywa klawiaturę telefonu, a dopiero następne powoduje zamknięcie aplikacji</string>
  <string name="pref_title_hapticFeedbackVibration">Wibracja przy dotyku</string>
  <string name="pref_title_hapticFeedbackStrength">Siła haptycznego sprzężenia zwrotnego</string>
  <string name="pref_title_limitCallLogOnXitems">Limit połączeń max %s items</string>
  <string name="pref_summary_limitCallLogOnXitems">Ogranicz log rozmów do max %s pozycji (0 = bez ograniczeń)</string>
  <string name="pref_title_dividerLineColor">Kolor linii podziału</string>
  <string name="menu_quickDial">Szybkie wybieranie</string>
  <string name="buying_tips_in_free">Możesz użyć "Google Play" do zakupu wersji Pro. Jeśli mieszkasz w kraju, gdzie nie ma dostępu do "Google Play", możesz pobrać wersję REG i następnie ją zarejestrować. Obie wersje mają taką samą funkcjonalność.</string>
  <string name="buying_channel_registration">Pobierz wersję REG</string>
  <string name="buying_channel_registration_summary">"Po kliknięciu łącza nastąpi pobieranie aplikacji i można kliknąć ten plik do instalacji. Po instalacji uruchom aplikacje i wykonaj instrukcje rejestracji." </string>
  <string name="pref_title_buyAdvancedVersion">Kup wersje zaawansowaną</string>
  <string name="freeVersionFound">Znaleziono wersję DARMOWĄ w Twoim systemie.</string>
  <string name="uninstallFreeVersionPrompt">Zaleca się odinstalowanie  wersji darmowej i zarejestrowanie wersji płatnej. Możliwe, że przed odinstalowaniem wersji darmowej zechcesz zapisać swoje dane, które w wersji płatnej będziesz można przywrócić. Czy mam teraz odinstalować wersję darmową?</string>
  <string name="pref_title_copySerialNum">Kopiuj numer seryjny urządzenia do Schowka</string>
  <string name="askToCheckRegistrationCode">"Klucz rejestracyjny nieprawidłowy lub nie zarejestrowano. Czy chcesz teraz sprawdzić kod rejestracyjny?"</string>
  <string name="deleteContactConfirmation">Kontakt \"%s\" zostanie usunięty.</string>
  <string name="enable">Włącz</string>
  <string name="allIncomingCalls">Wszystkie rozmowy przychodzące</string>
  <string name="anonymousIncomingCalls">Anonimowe połączenia przychodzące</string>
  <string name="anonymousIncomingCallsSummary">Podsumowanie rozmowy anonimowej</string>
  <string name="automaticGroups">Grupy automatyczne</string>
  <string name="pref_title_dialPrefix">Prefix wybierania</string>
  <string name="pref_summary_dialPrefix">Jeśli podano prefiks, będzie możliwe wybranie numeru przez długie naciśnięcie menu</string>
  <string name="pref_title_dialSuffix">Prefix wybierania</string>
  <string name="pref_summary_dialSuffix">Jeśli prefix jest podany, nie będzie dodatkowych opcji, aby połączyć je wybierz MENU</string>
  <string name="pref_title_quickDialLimit">Szybkie wybieranie limit</string>
  <string name="pref_title_languageForT9Keyboard">Język dla klawiatury T9</string>
  <string name="pref_summary_languageForT9Keyboard">Wybierz język, który ma być wyświetlany w klawiaturze T9.</string>
  <string name="callFilterAction">Akcja</string>
  <string-array name="callFilterActions">
    <item>Odrzucani</item>
    <item>Pozwala</item>
    <item>Cisza</item>
  </string-array>
  <string name="callFilterActionAllows">Zezwól</string>
  <string name="callFilterActionSilence">Wyciszony</string>
  <string name="callFilterType">Typ filtru</string>
  <string-array name="callFilterTypes">
    <item>Filtr grupy</item>
    <item>Liczba filtru</item>
    <item>Ostatnio wybierane numery telefonów</item>
  </string-array>
  <string-array name="callFilterTypesHint">
    <item>Wybierz grupy dla filtru</item>
    <item>Wpisz liczbę do filtrowania</item>
    <item>Wybierz prawidłowy czas trwania</item>
  </string-array>
  <string name="ruleEditor">Edytor reguł</string>
  <string name="label">Etykieta</string>
  <string name="numberFilterExplain">* = Dowolny ciąg znaków,? = Dowolny znak</string>
  <string name="effectiveTimeOfTheRule">"Aktywność od %1$s do %2$s"</string>
  <string name="menu_viewRelatedContacts">Wyświetl powiązane kontakty</string>
  <string name="title_selectNumbers">Proszę wybrać numery</string>
  <string name="title_selectEmailAddresses">Wybierz adresy e-mail</string>
  <string name="pref_title_lockView">Zablokuj zmiany wyglądu</string>
  <string name="pref_summary_lockView">Zablokuj zmianę wyglądu przez przesuwanie 2 palców</string>
  <string name="selectedNumberOfContacts">Wybrano %d kontakt(-ów)</string>
  <string name="selectedNumberOfEmailAddresses">Wybrano %d adresów, kliknij aby skopiować do schowka.</string>
  <string name="selectedNumberOfPhoneNumbers">Wybrano %d numer(-ów)</string>
  <!-- 2.1.1 -->
  <string name="pref_title_nameFieldToShow">Wybierz nazwę pola do wyświetlenia</string>
  <string name="pref_summary_nameFieldToShow">Skuteczne tylko po ustawieniu \"Pokaż kontakt jako\" innym niż domyślnie.</string>
  <string-array name="pref_entries_nameField">
    <item>Imię</item>
    <item>Nazwisko</item>
    <item>Drugie imię</item>
    <item>Prefiks grzecznościowy</item>
    <item>Sufiks grzecznościowy</item>
    <item>Imię fonetycznie</item>
    <item>Nazwisko fonetycznie</item>
    <item>Drugie imię fonetycznie</item>
  </string-array>
  <string name="pref_title_showMatchFirstLetterResultsFirst">Pokaż \"Pierwszy wyszukania\" pierwszy wynik</string>
  <string name="pref_title_clickTheActions">Kliknięcie pozycji na liście</string>
  <string name="pref_summary_clickTheActions">Wybierz czynność wykonywaną po kliknięciu pozycji na liście.</string>
  <string name="pref_summary_clickListIconActions">Działanie po kliknięciu na ikonę kontaktu widoku listy.</string>
  <string name="action_viewContactDetails">Zobacz szczegóły kontaktu</string>
  <string name="action_selectNumberToCall">Wybierz numer telefonu do połączenia</string>
  <string name="action_viewContactHistory">Wyświetl historię kontaktu</string>
  <string name="action_viewQuickContactBadge">Wyświetl pasek działań</string>
  <string name="action_callCurrentNumber">Wybierz bieżący numer</string>
  <string name="action_callDefaultNumber">Zadzwoń na numer domyślny</string>
  <string name="action_callUsingSIP">Dzwoń używając protokołu SIP</string>
  <string name="action_sendMessageToCurrentNumber">Wyślij SMS/MMS do bieżącego numeru</string>
  <string name="action_sendMessageToDefaultNumber">Wyślij SMS/MMS na numer domyślny</string>
  <string name="pref_title_clickIconActions">Kliknięcie ikony w siatce</string>
  <string name="pref_summary_clickIconActions">Działania po kliknięciu ikony kontaktów w widoku siatki.</string>
  <string name="pref_title_lockWindowPosition">Zablokuj położenie okna</string>
  <string name="pref_summary_lockWindowPosition">Jeśli nie chcesz przenieść przeciągając.</string>
  <string name="pref_title_showCallerLocation">Pokaż położenie dzwoniącego</string>
  <string name="downloadPluginPrompt">Należy zainstalować wtyczki. Pobrać teraz?</string>
  <string name="Default">Domyślnie</string>
  <string name="pref_title_searchCallLog">Szukaj w historii połączeń</string>
  <string name="pref_summary_searchCallLog">Wymaga otwarcia \"Historii połączeń dla danego numeru\"</string>
  <string name="menu_shareContacts">Udostępnianie kontaktów</string>
  <string name="font_size">Rozmiar czcionki</string>
  <string name="show_call_log_filter">Pokaż historie połączeń filtr</string>
  <string name="hide_call_log_filter">Ukryj filtr historii połączeń</string>
  <string name="prompt_in_sms_tab">Wyświetlić SMS wysłane do grupy kontaktów DW.</string>
  <string name="pref_title_exitWhenCallEnds">Wyjdź po zakończonym połączeniu</string>
  <string name="pref_title_residesInMemory">Pozostaw w pamięci</string>
  <string name="pref_summary_residesInMemory">Przechowuj w pamięci jako Otwartą usługę w tle. Zapobiega zabiciu procesu i pozwala na szybsze wywołanie aplikacji.</string>
  <!-- Header that expands to list all of the types of settings -->
  <string name="optionsLabelsGroup">Opcje</string>
  <string name="pref_summary_textColorForSecondT9Languare">Kolor drugiego języka T9</string>
  <string name="pref_title_enableDualcardSuppout">Włącz obsługę dwóch kart</string>
  <!-- 联系人详细信息 -->
  <string name="detailsList">Szczegóły</string>
  <string name="pref_title_minimumHeightOfListItem">Minimalna wysokość elementu listy</string>
  <string name="loading">Trwa ładowanie...</string>
  <string name="pref_title_displayWhenDialing">Wyświetl podczas wybierania</string>
  <string name="pref_title_usingMoreDetailedListSection">Lista bardziej szczegółowa</string>
  <string name="pref_summary_usingMoreDetailedListSection">Używane podczas szybkiego przewijania przy wpisywaniu liter</string>
  <string name="desktop_widget_limit_messages">W wersji darmowej można tylko utworzyć widget pulpitu.</string>
  <string name="label_customField">Pola niestandardowe</string>
  <string name="menu_otherContactViewer">Pozostałe kontakty</string>
  <string name="pref_title_hideStatistics">Ukryj statystyki</string>
  <string name="pref_title_backupTheme">Kopia zapasowa ustawień schematu</string>
  <string name="pref_title_restoreTheme">Przywróć ustawienia tematyczne</string>
  <string name="appwidget_titleText">Tytuł</string>
  <string name="appwidget_summary_selectGroup">Wybierz grupę do wyświetlenia.</string>
  <string name="iconSize">Rozmiar ikon</string>
  <string name="widgetConfiguration">Konfiguracja widget</string>
  <string name="pref_title_iconNumberOfColumns">Liczba kolumn ikon</string>
  <string name="pref_summary_iconNumberOfColumns">0 to automatyczne dopasowywanie</string>
  <string name="tips_contactAppWidget">Kliknij tytuł widżetu, aby wejść w ustawienia</string>
  <string name="pref_title_nameLines">Liczba wyświetlanych wierszy nazwy kontaktu</string>
  <string name="pref_summary_nameLines">0 aby ukryć nazwę</string>
  <string name="menu_deleteTheShownCallLog">Usuń widoczną listę połączeń</string>
  <string-array name="pref_entries_contactListSearchOptions">
    <item>Przeszukaj wszystkie pola</item>
    <item>Przeszukaj wszystkie kontakty</item>
    <item>Szukaj w globalnej liście adresów</item>
  </string-array>
  <string name="pref_title_defaultContactIcon">Domyślna ikona kontaku</string>
  <string name="pref_title_defaultGroupIcon">Domyślna ikona grupy</string>
  <string name="prompt_restoreDefaultSettings">Dokonywanie ustawień kopii zapasowych pierwszy jest zalecane. Przywrócić wszystkie ustawienia do domyślnych teraz?</string>
  <string name="pref_title_interceptCallsEvenDuringCall">Przechwytuj inne połączenie</string>
  <string name="pref_summary_interceptCallsEvenDuringCall">Może to prowadzić do zakończenia trwającego połączenia.</string>
  <string name="pref_title_displayPromptWhenCallBlocked">Wyświetl monit dla blokowanych rozmów.</string>
  <!-- Call Statistics -->
  <string name="call_statistics">Statystyka połączeń</string>
  <string name="freeNumbersManager">Zarządzanie darmowymi numerami</string>
  <string name="tab_call_statistics">Statystyki</string>
  <string name="call_type_incoming">Przychodzące</string>
  <string name="call_type_outgoing">Wychodzące</string>
  <string name="call_type_missed">Nieodebrane</string>
  <string name="call_type_blocked">Zablokowany</string>
  <string name="call_type_all">Wszystkie</string>
  <string name="call_duration">Czas trwania</string>
  <string name="call_duration_minute">Koszt min.</string>
  <string name="call_count">Liczba</string>
  <string name="call_statistics_time_billingCycle">Cykl rozliczeniowy</string>
  <string name="call_statistics_time_thisMonth">W tym miesiącu</string>
  <string name="call_statistics_time_thisWeek">Tydzień bieżący</string>
  <string name="call_statistics_time_all">Cały czas</string>
  <string name="pref_title_startDayOfBillingCycle">Początek cyklu rozliczeniowego</string>
  <string name="pref_title_missedCallsTextColor">Kolor tekstu nieodebranych połączeń</string>
  <string name="pref_summary_unansweredOutgoingCallsTextColor">Nieodebrane połączenia wychodzące</string>
  <string name="pref_title_freeMonthlyTalkTime">Bezpłatny miesięczny czas rozmów</string>
  <string name="pref_title_freeIncomingCalls">Bezpłatne połączenia przychodzące</string>
  <string name="pref_title_costWarning">Ostrzeżenie o kosztach</string>
  <string name="pref_summary_costWarning">Wyświetla przypomnienia kiedy koniec darmowego czasu rozmowy</string>
  <string name="prompt_freeTalkTimeIsOver">Czas darmowych połączeń skończył się.</string>
  <string name="prompt_remainingFreeTalkTimer">Pozostały wolny czas rozmów: %1$d minut; dziennie: %2$d minut.</string>
  <string name="pref_title_showGroupSContactsCount">Pokaż liczebność grupy</string>
  <string name="pref_summary_showGroupSContactsCount">Zaznaczenie wpłynie na szybkość ładowania kontaktów.</string>
  <string name="pref_title_contactPictureZoomMode">Tryb powiększenia obrazka kontaktu</string>
  <string-array name="pref_entries_contactPictureZoomMode">
    <item>Wyśrodkuj</item>
    <item>Wyśrodkuj przycięty</item>
    <item>Wyśrodkuj wewnątrz</item>
    <item>Dopasuj do środka</item>
    <item>Dopasowanie XY</item>
  </string-array>
  <string name="get_online_help">Uzyskaj pomoc Online</string>
  <string name="error_report">Raport o błędach</string>
  <string name="hasNoPhoneNumberContacts">Kontakty bez telefonów</string>
  <string name="pref_title_minimumBillableTime">Minimalny czas rozliczeniowy</string>
  <string name="pref_summary_minimumBillableTime">Bieżące ustawienie jest %s sekund. Jeśli czas rozmów wynosi 01:15, a Ustawienie jest na 30 sekund, to czas naliczony będzie wynosił 01:30; Ustawienie na 60 sekund, czas naliczony będzie wynosił 02:00.</string>
  <string name="menu_showSidebar">Pokaż pasek boczny</string>
  <string name="menu_hidesidebar">Ukryj pasek boczny</string>
  <string name="SIMCard1">Karta SIM 1</string>
  <string name="SIMCard2">Karta SIM 2</string>
  <string name="sim_card_office">Biuro</string>
  <string name="sim_card_home">Domowa</string>
  <string name="sim_card_call">Dzwonienie</string>
  <string name="sim_card_internet">Internet</string>
  <string name="sim_card_heart">Ukochani</string>
  <string name="lable_sim_card_name">Nazwa:</string>
  <string name="lable_sim_card_icon">Ikona:</string>
  <string name="defaultSIMcard">Domyślna karta SIM</string>
  <string name="prompt_inFirstUseDialer">Wykonywanie połączenia alarmowego zależy od systemu, aby zapewnić dial-up oprogramowania. Prosimy upewnić się, że działa.</string>
  <string name="pref_title_enableBackgroundDataLoading">Włącz ładowanie danych w tle</string>
  <string name="pref_summary_enableBackgroundDataLoading">Włącz, aby poprawić szybkość działania programu.  Należy pamiętać, że spowoduje to zwiększenie zużycia baterii, baza danych kontaktów będzie często aktualizowana.</string>
  <string name="pref_title_scaleToFitTheScreen">Przeskaluj do wielkości ekranu</string>
  <string name="pref_summary_scaleToFitTheScreen">Automatycznie skaluj siatkę do rozmiaru ekranu</string>
  <string name="pref_summary_whenPortraitMode">Tryb portretowy</string>
  <string name="pref_summary_whenTheSidebarIsOpen">Pasek boczny w trybie portretowym</string>
  <string name="pref_summary_whenInLandscapeMode">Tryb panoramiczny</string>
  <string name="pref_summary_whenInLandscapeModeAndTheSidebarIsOpen">Pasek boczny w trybie panoramicznym</string>
  <string name="pref_title_usingMoreDetailedFastScroller">Dokładniejsze \"Szybko Przewiń\"</string>
  <string name="pref_title_contactFields">Pola kontaktów</string>
  <string name="pref_summary_informationNeedSendToCalendar">Wybierz informację, którą przesłać do kalendarza</string>
  <string-array name="pref_entriesNeedSendToCalendar">
    <item>Organizacja</item>
    <item>Adres</item>
    <item>Telefon</item>
    <item>Adres e-mail</item>
    <item>Notatki</item>
  </string-array>
  <string name="menu_addConsecutiveNumbers">Dodaj kolejne numery</string>
  <string name="startingNumber">Numer początkowy</string>
  <string name="endingNumber">Numer końcowy</string>
  <string name="prompt_ALotOfNumbersToAddToContact">%d nowe numery zostaną dodane do kontaktu. To zajmie trochę czasu.</string>
  <string name="prompt_numberParsingErrorInaddConsecutiveNumbers">Błędne podanie numeru! Proszę nie wprowadzać numerów formatowanych.</string>
  <string name="prompt_needToAddNumbersTooMuch">To spowoduje dodanie %d numeru do kontaktu. Dodanie zbyt wielu numerów może spowolnić działanie telefonu.</string>
  <string name="prompt_addConsecutiveNumbers_accountDoesNotSupport">Kontakt nie umożliwia dodania tak wielu numerów telefonów.</string>
  <string name="pref_title_usingHDContactPicture">Używanie obrazów jakości HD w kontaktach</string>
  <string name="pref_title_linksInNotes">Linki w notatkach</string>
  <string name="pref_summary_linksInNotes">Po włączeniu, adresy URL sieci web, wiadomości e-mail, adresy i numery telefonów w notatkach będzie można klikać.</string>
  <string name="pref_title_enableInCallWidget">Pokazuj Mini pasek</string>
  <string name="pref_title_delayToClose">Opóźnienie zamknięcia</string>
  <string name="pref_summary_delayToCloseInCallWidget">Zamknij \"Mini pasek\" %ds po zakończeniu rozmowy.</string>
  <string name="pref_title_closeWhenOffhook">Zamknij dla przychodzących</string>
  <string name="pref_summary_closeWhenOffhook">Zamknij \"Mini pasek\" po odebraniu rozmowy przychodzącej.</string>
  <string name="pref_summary_informationNeedShowInInCallWidget">Wybierz dodatkowe informacje, które wyświetlać w \"Mini pasku\".</string>
  <string name="phoneNumberLabel">Numer telefonu</string>
  <string name="last_contact_time">Czas ostatniego kontaktu</string>
  <string name="contact_pictures">Zdjęcia kontaktów</string>
  <string name="menu_importToQuickdialList">Importuj do listy Szybkiego wybierania</string>
  <string name="confirm_importToQuickdialList">Zauważ, że zaimportowane dane nadpiszą już istniejące.</string>
  <string name="toast_importToQuickdialListSuccessfully">Zaimportowano %d numerów</string>
  <string name="pref_title_frameColor">Kolor obramowania</string>
  <string name="pref_title_hideDefaultIcon">Ukryj ikonę domyślną</string>
  <string name="pref_summary_hideDefaultIcon">Ukryj ikonę domyślną w widoku listy.</string>
  <string name="pref_title_showInTheSidebar">Pokaż na pasku bocznym</string>
  <string name="pref_summary_showInTheSidebar">Wybierz elementy do pokazania na pasku bocznym</string>
  <string-array name="pref_entries_showInTheSidebar">
    <item>Grupy</item>
    <item>Organizacje</item>
    <item>Tytuły</item>
  </string-array>
  <string name="menu_addToQuickdialList">Dodaj do listy szybkiego wybierania</string>
  <string name="toast_theNumberHasNeenAdded">Numer został dodany.</string>
  <string name="pref_title_fontSizeSidebar">Rozmiar czcionki (pasek boczny)</string>
  <!-- 	<string name="hour">Hour</string> -->
  <string name="contactedLastXHours">Kontaktowano się w ciągu ostatnich %s godzin</string>
  <!-- 	选中的邮件地址已经复制到剪贴板。您可以将它粘贴到邮件程序的地址字段 -->
  <string name="toast_selectedEmailAddressCopied">Adres e-mail zostały skopiowane do schowka. Można go wkleić do programu poczty e-mail, w polu adres.</string>
  <string name="pref_title_backUpAllData">Backup wszystkich danych</string>
  <!-- 	由于数据库的更新。还原数据可能导致组铃声、组图片和防火墙工作不正常。请检查它们在恢复数据后。 -->
  <string name="pref_summary_backUpAllData">Od aktualizacji bazy danych. Przywrócenie danych może prowadzić do nieprawidłowego działania grupowych dzwonków, obrazów i filtrów dzwonienia. Sprawdź je w odzyskiwania danych.</string>
  <!-- 	注意这不会备份联系人数据库。 -->
  <string name="warning_notBackUpContactsDatabase">Należy pamiętać, że to nie tworzy kopii zapasowej bazy danych kontaktów.</string>
  <string name="pref_title_restoreAllData">Przywróć wszystkie dane</string>
  <string name="toast_backedSuccessfully">Pomyślny backup do %s.</string>
  <string name="toast_backedFailed">Tworzenie kopii zapasowej nie powiodło się. Upewnij się, że została wybrana prawidłowa ścieżka kopii zapasowej.</string>
  <string name="toast_restorSuccessfully">Pomyślnie odzyskano z %s.</string>
  <string name="toast_restorFailed">Przywracanie nie powiodło się. Upewnij się, że ustawiono poprawną ścieżkę.</string>
  <string name="close">Zamknij</string>
  <string name="minimize">Minimalizuj</string>
  <string name="maximize">Maksymalizuj</string>
  <string name="call">"Zadzwoń"</string>
  <string name="toast_notSuppouteditingNotes">Ten kontakt nie obsługuje edytowania notatek.</string>
  <!-- An option in the event notification settings, open it automatically sends the blessing SMS comes in contact events. -->
  <string name="pref_title_automaticallySendGreetingsSMS">Automatycznie wysyłaj SMS z życzeniami</string>
  <!-- 	注意发送消息时您不会得到通知，发送时间为事件当天的[通知时间]。 -->
  <string name="pref_summary_automaticallySendGreetingsSMS">Zauważ, że wysyłając wiadomość nie dostaniesz powiadomienia. </string>
  <!-- Prompt message before you delete a call log. -->
  <string name="prompt_deleteCallLog">Zauważ, że skasowanie zapisanych rozmów wpłynie na ich statystykę.</string>
  <!--
    Dispaly in [In call Widget]
    Example:
    The last contact time: 5 days ago。 -->
  <string name="in_call_lastContactTime">Czas ostatniego kontaktu: %s</string>
  <string name="recommendToFriends">Poleć znajomym</string>
  <string name="filterMode">Tryb filtrowania</string>
  <!-- 	Show contacts filter Details Grp = Group; Com = Company; Tit = Title -->
  <string name="contactsFilterSummary">Filtrowanie: Grup: %1$s Firm: %2$s Tytułów: %3$s</string>
  <string name="pref_title_largeDialButton">Duży klawisz wybierania numeru</string>
  <!-- 	显示在联系人组编辑器，为编辑的组设置父组 -->
  <string name="parentGroup">Grupa nadrzędna</string>
  <string name="pref_title_formatPhoneNumber">Format numeru telefonu</string>
  <string name="menu_viewSelectedContacts">Widok wybranych kontaktów</string>
  <string name="filter_status_all">WSZYSTKIE</string>
  <string name="pref_title_enableSlidingAction">Włącz rozsuwanie</string>
  <!-- 	启用滑动拨号等等，关闭它以便使用滑动切换号码。 -->
  <string name="pref_summary_enableSlidingAction">Włącz przesuwając pokrętło itp.
Można ją wyłączyć w celu korzystania z numerów Przełącznik suwakowy.</string>
  <!-- Click Open browser to select files or other data -->
  <string name="browse">Przeglądaj</string>
  <string name="companies">Firmy</string>
  <string name="company">Firma</string>
  <string name="clear">Wyczyść</string>
  <string name="other">Inne</string>
  <string name="voice_input">Wprowadzanie głosowe</string>
  <string name="app_widget_name_dialer_3_3">Dialer DW 3 × 3</string>
  <string name="app_widget_name_dialer_2_3">DW Dialer 2 × 3</string>
  <string name="app_widget_name_dialer_4_4">Dialer DW 4 × 4</string>
  <string name="app_widget_name_agenda">DW Terminarz</string>
  <!-- 	A menu item is used to select mode grouping contacts. -->
  <string name="menu_groupBy">Grupuj według</string>
  <string name="menu_showHistory">Pokaż historię</string>
  <string name="menu_sendMessage">Wyślij SMS/MMS</string>
  <string name="menu_sendMail">Wyślij E-mail</string>
  <string name="menu_setRingtone">Ustawić dzwonek</string>
  <string name="menu_insert">Wstaw</string>
  <string name="pref_title_disableAutomaticUpdates">Wyłącz automatyczne aktualizacje.</string>
  <string name="pref_title_showsLinkToContactList">Pokazuje link do listy kontaktów</string>
  <!-- A number label, recently contacted number，It shows in the contact details SMS TAB. Number selection drop-down list. For example: Recent:12345678 -->
  <string name="recent">Ostatnie</string>
  <string name="dialog_title_selectFieldsToShare">Wybierz pola, które współdzielić</string>
  <string name="pref_title_showSIMCardNumber">Pokaż numer karty SIM</string>
  <string name="pref_title_swapSIMCardNumber">Zamiana numeru karty SIM</string>
  <string name="pref_summary_selectNeedToDisplayTabs">Wybierz karty do wyświetlenia</string>
  <!-- 	检测到您正使用屏幕阅读程序。是否显示“电话号码选择对话框”在拨号前？ -->
  <string name="prompt_usePhoneNumberSelectionDialogWhenUseScreenReader">Wykryto, że używasz programu czytnika ekranu. Czy ma być wyświetlane \"Okno wyboru numeru telefonu\" przed wybraniem numeru?</string>
  <string name="neverShowAgain">Nigdy więcej nie pokazuj</string>
  <!-- 	选择[确定]，“通话中小部件”将不会再次显示。 -->
  <string name="prompt_neverShowAgain">Wybierz [%1$s], by \"%2$s\" nie było ponownie wyświetlane.</string>
  <string name="dualSIMCardConfiguration">Konfiguracja karty Dual SIM</string>
  <!-- 	如果SIM卡编号显示不正确，请先通过两个SIM卡各拨打一个电话，然后点击[重新检测]按钮。 -->
  <string name="prompt_retestSIMCardNumber">Jeśli wyświetlany numeru karty SIM nie jest poprawny, proszę nawiąż połączenie przez każdą z dwu kart SIM, a następnie kliknij na przycisk [Ponowne badanie].</string>
  <!-- 	重新检测 -->
  <string name="retest">[Ponowne badanie]</string>
  <!-- 	检测已完成 -->
  <string name="toast_retestSIMCardNumberCompleted">Testy zostały zakończone.</string>
  <string name="toast_settingsHaveBeenSaved">Ustawienia zostały zapisane.</string>
  <!-- 	如果双卡功能不工作在您的设备。请尝试选择设备列表中的每一个设备，然后单击[拨号]按钮。当两个拨号按钮使用正确SIM卡拨号时，单击[保存]按钮。 -->
  <string name="prompt_dualSIMDialTest">Jeśli funkcja Dual SIM nie działa na urządzeniu, spróbuj wybrać każde urządzenie na liście urządzeń, a następnie kliknij przycisk wybierania. Kiedy dwa przyciski wybierania będą używały poprawnych kart SIM do wybierania, kliknij w przycisk [Zapisz].</string>
  <string name="lable_device">Urządzenie:</string>
  <string name="lable_testNumber">Numer testowy:</string>
  <!-- 	 An option. When you enable the exchange of the SIM card used when making calls. When the dial buttons 1 and 2 do not correspond correct SIM card to select it. -->
  <string name="swapTheDialSIMcard">Zamień kolejność kart dual SIM</string>
  <string name="shareMySettings">Udostępnij moje ustawienia</string>
  <!-- 	已添加前缀/后缀（%s） -->
  <string name="toast_prefixOrSuffixHasBeenAdded">Prefiks / sufiks został dodany (%s)</string>
  <string name="pref_title_downloadGeocoderPlugin">Pobierz plugin Geocoder</string>
  <string name="menu_bindTo">Powiąż z %s</string>
  <string name="menu_clearBind">Wyczyść powiązania</string>
  <string name="pref_title_twoDialOnTheDialpad">Pokaż dwa przyciski wybierania na klawiaturze telefonu</string>
  <string name="pref_title_twoDialInTheContactList">Pokaż dwa przyciski wybierania na liście kontaktów</string>
  <!-- 	call using SIM card 1 -->
  <string name="description_dial_button_using">dzwoń używając %s</string>
  <string name="menu_shareAsText">Udostępnij szczegóły jako tekst</string>
  <string name="menu_shareAsvCard">Udostępnij jako vCard</string>
  <string name="noItmeSelected">Nie zaznaczono żadnego elementu</string>
  <string name="pref_title_leftHandedOperation">Interfejs leworęczny</string>
  <string name="description_goToSubGroups_button">Przejdź do listy podgrup</string>
  <!-- 一个选项，当打开备注会优先保存到联系人，而不是通话记录备注 -->
  <string name="pref_title_saveNotesToContacts">Zapisz notatki do kontaktów</string>
  <string name="export_to_single_vcard_file">Eksport do pojedynczego pliku vCard</string>
  <string name="export_to_multiple_vcard_files">Eksport do wielu plików vCard</string>
  <string name="confirm_export_contacts_to_folder_message">Kontakty zostaną wyeksportowane do folderu: %s.</string>
  <!-- 读出来电显示号码 -->
  <string name="pref_title_speakCallerID">Powiedz ID dzwoniącego</string>
  <string name="pref_title_speakOrganization">Wymów Organizację</string>
  <string name="pref_title_speakNumber">Powiedz numer</string>
  <string name="pref_summary_speakNumber">Jeśli dzwoniącego nie ma w kontaktach</string>
  <string name="pref_title_repeatCount">Liczba powtórzeń</string>
  <string name="pref_title_repeatInterval">Odstęp między powtórzeniami</string>
  <string name="pref_title_reverseList">Odwrócić listę</string>
  <string name="pref_title_openQuickJumpOnStartup">Otwórz "Szybki skok" na starcie</string>
  <!-- 搜索历史记录 - 一个开关确定是否显示搜索历史记录 -->
  <string name="pref_title_searchHistory">Historia wyszukiwania</string>
  <string name="menu_add_event">Dodaj wydarzenie</string>
  <string name="notification_dataLoaderIsRunning">Ładowanie danych</string>
  <string name="clickToGetMoreInformation">Kliknij, aby uzyskać więcej informacji</string>
  <!-- 	您好，试用期限将结束在5天后。现在要购买吗？ -->
  <string name="remind_trialPeriodWillEnd">Witam, okres próbny upływa za %d dni. Czy chcesz dokonać zakupu teraz?</string>
  <string name="menu_addToBlockList">Dodaj do blokowanych</string>
  <string name="menu_removeFromBlockList">Usuń z blokowanych</string>
  <string name="blockList">Blokowane numery</string>
  <string name="font">Czcionka</string>
  <string name="needToUpdate">Należy zaktualizować</string>
  <string name="disable">Wyłącz</string>
  <string name="pref_title_hideContactPicture">Ukryj obraz kontaktu</string>
  <string name="event_info_links_label">Powiązania</string>
  <string name="pref_title_calllogFilterAtTop">Wyświetl \"Filtrowanie dziennika połączeń\" w górnej części ekranu</string>
  <!-- A menu, click the call methods available to display. For example: SIM card 2; Video call; Skype; SIP -->
  <string name="menu_callUsing">Zadzwoń za pomocą …</string>
  <string name="video_call">Połączenie wideo</string>
  <string name="automatic_redial">Automatyczne ponowne wybieranie numeru</string>
  <!-- Automatic redial after 3 seconds. -->
  <string name="automatic_redial_after">Ponowne wybranie numeru automatycznie po %s.</string>
  <!-- Enter "Arrange mode", you can drag to sort items. -->
  <string name="menu_arrangeMode">Tryb reorganizowania</string>
  <string name="summary_arrangeMode">Przeciągnij elementy by posortować</string>
  <string name="recommend_template">"Drogi przyjacielu! \nUżywam aplikacji %1$s. Powinieneś również ją mieć. Aby ją pobrać użyj tego linku: %2$s "</string>
  <string name="recommend_id_template">"Nie zapomnij wprowadzić moje ID (%s) (zakładka Narzędzia -&gt; Poleć znajomym). \nDziękuję!"</string>
  <!-- An option to choose what to hide in the contact details -->
  <string name="pref_title_hideSection">Ukrywanie sekcji</string>
  <string name="pref_title_automaticBackup">Automatyczne tworzenie kopii zapasowych</string>
  <string name="pref_title_backupTime">Kiedy tworzyć kopie zapasowych</string>
  <string name="pref_title_backupCycle">Jak często tworzyć kopie zapasowe</string>
  <string-array name="pref_entries_backupCycle">
    <item>Codziennie</item>
    <item>Co dwa dni</item>
    <item>Co trzy dni</item>
    <item>Co cztery dni</item>
    <item>Co pięć dni</item>
    <item>Co sześć dni</item>
    <item>Co tydzień</item>
    <item>Co miesiąc</item>
  </string-array>
  <string name="pref_title_contactsBackup">Backup kontaktów</string>
  <string name="pref_summary_contactsBackup">Wybierz grupę której kopię zapasową chcesz utworzyć</string>
  <string name="pref_title_backupNow">Twórz teraz kopię zapasową</string>
  <string name="pref_title_disableInCarMode">Wyłączone w trybie samochodowycm</string>
  <string name="pref_summary_disableInCarMode">Tymczasowo wyłącz potwierdzenie wybieranie numeru w trybie samochodowym</string>
  <!-- An alert message when adding a shortcut to the HomePage request has been sent. -->
  <string name="toast_requestHasBeenSent">Żądanie zostało wysłane</string>
  <string name="pref_title_hideMenuButton">Ukryj przycisk Menu</string>
  <string name="pref_summary_hideMenuButton">Jeśli urządzenie nie ma sprzętowego przycisku menu, ukrywając je stracisz dostęp do menu</string>
  <string name="pref_title_deleteOldCallLogs">Usuwanie logów starych połączeń</string>
  <string name="pref_summary_deleteOldCallLogs">Usuń logi starych połączeń kiedy ich ilość dochodzi do %s</string>
  <string name="menu_setContactPhoto">Ustaw zdjęcie kontaktu</string>
  <!-- OPTION: When you restart the app. Restore the state when last used. -->
  <string name="pref_title_restoreStateWhenRestarted">Przywróć stan po restarcie</string>
  <string name="websiteTypeHomepage">Strona Główna</string>
  <string name="websiteTypeBlog">Blog</string>
  <string name="websiteTypeProfile">Profil</string>
  <string name="websiteTypeHome">Domowa</string>
  <string name="websiteTypeWork">Firmowa</string>
  <string name="websiteTypeFTP">FTP</string>
  <!--     <string name="description">Description</string> -->
  <!--     <string name="menu_add_link">Add link</string> -->
  <string name="pref_title_excludeNumbers">Wyklucz numery</string>
  <string name="pref_summary_excludeNumbers">Wybranie tych numerów nie wyświetli okna dialogowego [Potwierdzenie wybierania numeru]</string>
  <!-- Menu item used to add custom field to contact -->
  <string name="menu_addCustomField">Dodaj niestandardowe pole</string>
  <!-- An automatic group name, which contains all has photo contacts -->
  <string name="hasPhotoContacts">Kontakty ze zdjęciem</string>
  <!-- Selectable menu item used to controls whether display "contacts events" in the "agenda list". -->
  <string name="menu_showContactsEvents">Pokazuj wydarzenia kontaktów</string>
  <!-- An option to define accent color. The color applied to framework controls in their activated (ex. checked) state. -->
  <string name="pref_title_accentColor">Zaakcentowany kolor</string>
  <!-- An option to define whether the appointment is created automatically send the invitation email.-->
  <string name="pref_title_sendInvitation">Wyślij zaproszenie</string>
  <!-- An option to define whether the appointment is created automatically send the invitation email.-->
  <string name="pref_summary_sendInvitation">Dodaj adres e-mail kontaktu do uczestników</string>
  <!-- An option to define whether use circle icon.-->
  <string name="pref_title_circleIcon">Okrągła ikona</string>
  <string name="on">Wł</string>
  <string name="off">Wył</string>
  <!-- Determined by the theme -->
  <string name="byTheme">Według motywu</string>
  <!-- An option to define color -->
  <string name="pref_title_callLogFilterBackground">Kolor tła ekranu filtra połączeń</string>
  <!-- An option to define whether use colorful icon.-->
  <string name="pref_title_colorfulIcon">Kolorowe ikony</string>
  <!-- Select this option to Reduce the ring volume when reading the caller information. -->
  <string name="pref_title_reduceRingerVolume">Zmniejsz głośność dzwonka</string>
  <!-- Select this option to Reduce the ring volume when reading the caller information. -->
  <string name="pref_summary_reduceRingerVolume">Zmniejsz głośność dzwonka gdy czytana jest informacja o dzwoniącym</string>
  <!-- Menu item used to Go to the "Calendar" App -->
  <string name="menu_goToCalendar">Przejdź do kalendarza</string>
  <!-- Menu item used to add selected item to the Tab bar -->
  <string name="menu_addToTabBar">Dodaj do paska kart</string>
  <!-- Menu item used to remove selected item from the Tab bar -->
  <string name="menu_removeFromTabBar">Usuń z paska kart</string>
  <!-- Menu item used to browse and restore data -->
  <string name="menu_restoreFrom">Odtwórz z kopii zapasowej z …</string>
  <!-- Menu item used to open [Backup Manager] -->
  <string name="menu_backupManager">Menedżer kopii zapasowych</string>
  <string name="typeface_bold">Pogrubienie</string>
  <string name="typeface_italic">Kursywa</string>
  <!-- A contact group option. Open it will automatically delete call logs, contacts belong to this group. -->
  <string name="pref_title_automaticallyDeleteCallLogs">Automatycznie usuń dziennik połączeń</string>
  <!-- An option to control whether to display the contact's local time -->
  <string name="pref_title_showContactsLocalTime">Pokaż czas lokalny kontaktu</string>
  <!-- An option -->
  <string name="pref_title_replaceMissedCallNotification">Zastąp \"Powiadamianie o nieodebranych połączeniach\"</string>
  <!-- An option summary -->
  <string name="pref_summary_replaceMissedCallNotification">Unikaj wyświetlania okna dialogowego \"Wybierz aplikację\"</string>
  <!-- An option in the dialog box to delete call records. Controls whether delete call log notes -->
  <string name="deleteNotes">Usuwanie notatek</string>
  <string name="offset">Przesunięcie</string>
  <!-- Label above username EditText -->
  <string name="username">Nazwa użytkownika</string>
  <!-- Button to sign in after entering username and password -->
  <string name="signIn">Zarejestruj się</string>
  <string name="message_createLocalContactAccount">Utwórz lokalne konto książki adresowej.
         Informacje zapisane na tym koncie nie są synchronizowane z siecią.
         \n<b>Uwaga:</b> Odinstalowanie \"DW Kontakty\" spowoduje, że kontakty przechowywane na tym koncie zostaną automatycznie usunięte razem z aplikacją.
          Jeśli zostanie włączona synchronizacja kontaktów, dane z tego konta zostaną zapisane do fulderu \"<b>SD Card</b>/DW/contacts/\".</string>
  <!-- "By number" merge call records, etc. -->
  <string name="byNumber">Wg numeru</string>
  <!-- "By contact" merge call records, etc. -->
  <string name="byContact">Wg kontaktu</string>
  <string name="toast_switchToIntersectionMode">Kliknij jeszcze raz by szukać części wspólnej zaznaczonych grup</string>
  <!-- An option to control whether to display the message log in History -->
  <string name="pref_title_showMessageLog">Pokazuj dziennik wiadomości</string>
  <!-- Menu item used to add data (E-mail address, etc.)  to contacts -->
  <string name="addToContact">Dodaj do kontaktów</string>
  <!-- An option When you open it will maintain a fixed height In call widget. -->
  <string name="fixedHeight">Stała wysokość</string>
  <!-- ****************************** Descriptions *********************************** -->
  <!--
         String describing the Keyboard switch ImageButton
         Used by AccessibilityService to announce the purpose of the button.
         [CHAR LIMIT=NONE]
    -->
  <string name="description_switch_keyboard">Przełącz klawiaturę</string>
  <string name="description_pick_contact">Wybierz kontakt</string>
  <!-- String describing the text for photo of a item(group, title, company，etc.). -->
  <string name="description_icon_for">Ikona dla <xliff:g id="name"> %1$s </xliff:g></string>
  <!--An option. When opened, will use list long press menu.-->
  <!--An option in Accessibility. When opened, Enter the number need to double click to confirm.-->
  <string name="pref_title_doubleClickEnterNumber">Kliknij dwukrotnie, aby wprowadzić numer</string>
  <!--A item of list, control information needs to be displayed in the "In call widget"-->
  <string name="positionInQuickDial">Pozycja szybkiego wybierania</string>
  <string name="prompt_requiresPermission">Wymaga uprawnień <b>%1$s</b>.</string>
  <string name="pause">Wstrzymaj</string>
  <string name="description_add_voice_tag">Dodaj znak głosowy</string>
  <string name="pref_color_schemes">Schemat kolorów</string>
  <string name="auto_close">Auto zamykanie</string>
  <string name="voice_tag">Znak głosowy</string>
  <!--An option title in [Contact Details]. When opened, Will merge items,When just labels different.-->
  <string name="pref_title_mergeItemsJustDiffLabel">Połącz elementy</string>
  <!--An option summary in [Contact Details]. When opened, Will merge items,When just labels different.-->
  <string name="todoList">Zadania</string>
  <string name="menu_add_todo">Dodaj zadanie</string>
  <!-- Notification message when adding a number to the blacklist, but the call filter did not open. -->
  <string name="needEnableCallFilter">Należy również włączyć [Call Filter]</string>
  <!--An option title in [Events]. Define which events need to display. It filter events based on contact groups-->
  <string name="pref_title_eventsToDisplay">Wyświetlane zdarzenia</string>
  <!--An option title in [Color schemes]. Used to define the "List section" Text Size -->
  <string name="section_header">Nazwa sekcji</string>
  <!--An option. When open: The starred contacts are displayed at the top of the list. -->
  <string name="showStarredAtTheTop">Oznaczone gwiazdką na górze</string>
</resources>
