<?xml version="1.0" encoding="utf-8" standalone="no"?>
<!--Generated by crowdin.com-->
<resources>
  <string name="market_title">DW Contacts &amp; Phone &amp; Dialer</string>
  <string name="market_description_s1">Ta aplikacja to świetny zamiennik (MUSISZ GO MIEĆ!) dla Twojego dialera, listy kontaktów i aplikacji zarządzającem telefonem.

KLUCZOWE FUNKCJE
------------</string>
  <!-- max is 27 -->
  <string name="market_description_key_features_001">+ Wyszukiwanie kontaktów według dowolnych pól</string>
  <string name="market_description_key_features_002">* Pisanie notatek w liście połączeń</string>
  <string name="market_description_key_features_003">* Tworzenie i zarządzanie przypomnieniami dla kontaktów</string>
  <string name="market_description_key_features_004">+ Mówienie kto dzwoni</string>
  <string name="market_description_key_features_005">+ Pokazywanie czasu \"Nieodebranych połączeń\"</string>
  <string name="market_description_key_features_027">* Nielimitowana lista połączeń</string>
  <string name="market_description_key_features_006">* Wsparcie dla VoIP: System SIP, Viber, Skype, Fring, GrooVe IP Lite, MobileVOIP, BT SmartTalk&#8230;</string>
  <string name="market_description_key_features_007">+ Udostępnianie kontaktów (text,vcard) poprzed SMS, email&#8230;</string>
  <string name="market_description_key_features_008">* Edycja zbiorcza dla wysyłania masowo SMSów, MMSów, maili dla pojedynczego i wielu zaznaczeń (kontakty, grupy, organizacje, tytuły)</string>
  <string name="market_description_key_features_009">+ Widget połączenia przychodzącego: rozszerzony widok połączenia (wyświetla organizacje, grupy, notatki, edycja notatek podczas rozmowy)</string>
  <string name="market_description_key_features_010">+ Filtr połączeń: blokowanie połączeń przychodzących według zdefiniowanych dat i stref czasowych</string>
  <string name="market_description_key_features_011">+ Filtrowanie kontaktów: w oparciu o grupy kontaktów, tytuł zawodowy, filtrowanie kontaktów według firmy</string>
  <string name="market_description_key_features_012">+ Statystyki połączeń: Pokazuje czas połączenia. Informacja po upływie darmowych minut.</string>
  <string name="market_description_key_features_013">+ Szczegóły kontaktów: Wyświetla wszystkie informacje razem (smsy, listę połączeń, statystyki połączeń, wydarzenia)</string>
  <string name="market_description_key_features_014">+ Zarządzaj kontaktami na podstawie adresu</string>
  <string name="market_description_key_features_015">* Ogromna elastyczność jeśli chodzi o konfigurację wyglądu każdego widoku (kolejność sortowania, wielkość czcionek, kolor, przeźroczystość)</string>
  <string name="market_description_key_features_016">+ Konfigurowalny widok listy kontaktów, jak powinna być wyświetlana lista (nazwisko, imię, pseudonim, firma, tytuł, numer, notatki&#8230;)</string>
  <string name="market_description_key_features_017">+ Wsparcie dla warstw grup, podgrup (podgrupy za pośrednictwem Business/VIP = Business -&gt; VIP)</string>
  <string name="market_description_key_features_018">+ Ustaw dzwonki przy zaznaczeniu wielu obiektów (kontaktów, grup, organizacji, tytułów)</string>
  <string name="market_description_key_features_019">* Powiadomienia o zdarzeniach związanych z kontaktem i i zarządzanie nimi (urodziny, rocznica)</string>
  <string name="market_description_key_features_020">+ Dialer z wyszukiwaniem za pomocą słownika T9 - posiada wiele opcji, pozwalających używać go jak tylko zapragniesz</string>
  <string name="market_description_key_features_021">+ Skaluj wielkość Dialera i Klawiatury Numerycznej - zmieniaj rozmiar, tło, kolor i rozmiar czcionki</string>
  <string name="market_description_key_features_028">* Automatyczne ponowne wybieranie numeru</string>
  <string name="market_description_key_features_022">+ Wsparcie Dual SIM (nie obsługiwane przez wszystkie urządzenia, ponieważ nie ma otwartego API)</string>
  <string name="market_description_key_features_023">+ Menedżer Szybkiego Wybierania: wspiera do 1000 numerów szybkiego wybierania. Zadzwoń pod setny numer, poprzez wpisanie 100#</string>
  <string name="market_description_key_features_024">+ Tworzenie kopii zapasowej i przywracanie kontaktów z vCard, przywraca również grupy kontaktów</string>
  <string name="market_description_key_features_025">+ Większość funkcji jest dostępna poprzez *DŁUGIE PRZYCIŚNIĘCIE* (dotknij i przytrzymaj) na dowolnym obiekcie, lub poprzez użycie przycisku *MENU*</string>
  <string name="market_description_key_features_026">+ Wsparcie wielojęzyczne (dzięki wszystkim entuzjastom, którzy przetłumaczyli DW Contacts)</string>
  <string name="market_description_s2">Proszę doceń naszą pracę i kup wersję PRO, która posiada jeszcze lepsze funkcjonalności!
Wypróbuj nasze oprogramowanie i poleć je znajomym.
Wkazówki:
 Jeśli masz jakieś sugestie odnośnie ulepszenia aplikacji -&gt; proszę napisz na forum: http://forum.dw-p.net lub użyj przycisku *Wyślij opinię przez email* w menu Ustawień.
 Jeśli po aktualizacji aplikacja nie chce się uruchomić (jeśli nie można ściągnąć lub zainstalować), spróbuj pierw odinstalować starą wersję.
 Więcej Porad i wskazówek, patrz http://wiki.dw-p.net/DWC:Tips_%26_Tricks
</string>
  <string name="market_description_limitation">Wersja darmowa posiada pewne ograniczenia:
 - reklamy
 - ograniczone możliwości wyboru skórek
 - zaznaczanie wielu elementów ograniczone do 5 elementów
 - pisanie notatek w liście połączeń
 - można stworzyć tylko jeden widget aplikacji
 - wymienione w kluczowych funkcjonalnościach, oznaczone \"*\"</string>
  <string name="market_description_keywords">contact contacts address dial dialer dialing call caller calling phone telephone ringtone voice group groups organization company title addresses book sms mms email manager managing management history log best free</string>
  <!-- A brief description of the Google play, If you have a better description, please use your. Thank you! [CHAR LIMIT=80] -->
  <string name="market_brief_description">To potężna aplikacja Kontaktów. Naszym celem jest poprawa wydajności twojej pracy</string>
</resources>
