<?xml version="1.0" encoding="utf-8"?>
<!--Generated by crowdin.com-->
<resources xmlns:xliff="urn:oasis:names:tc:xliff:document:1.2">
  <string name="label_ringtone">"Dzwonek"</string>
  <string name="default_ringtone">"Domyślny"</string>
  <string name="menu_sendEmail">"Wyślij e-mail"</string>
  <string name="showFilterPhones">"Tylko kontakty z telefonami"</string>
  <string name="showFilterPhonesDescrip">"Wyświetlaj tylko kontakty zawierające numery telefonów"</string>
  <string name="headerContactGroups">"Wybierz kontakty do wyświetlenia"</string>
</resources>
