<?xml version="1.0" encoding="utf-8" standalone="no"?>
<!--Generated by crowdin.com-->
<resources>
  <string name="market_title">شماره‌گیر این برنامه</string>
  <string name="market_description_s1">برنامه ای قدرتمند و گسترده  برای شماره گیری، مدیریت مخاطبین و تماسها

ویژگیهای کلیدی</string>
  <!-- max is 27 -->
  <string name="market_description_key_features_001">+ جستجوی مخاطبین در همه زمینه ها</string>
  <string name="market_description_key_features_002">+ نوشتن یادداشت در تاریخچه تماس</string>
  <string name="market_description_key_features_003">* ایجاد و مدیریت یادآور برای تماسها</string>
  <string name="market_description_key_features_004">+ شناسه تماس صوتی</string>
  <string name="market_description_key_features_005">+ نمایش زمان زنگ \"تماسهای ناموفق\"</string>
  <string name="market_description_key_features_027">* تاریخچه تماس نامحدود</string>
  <string name="market_description_key_features_006">* پشتیبانی از VoIP: سیستم SIP، وایبر، اسکایپ، فرینگ، Groove IP Lite، موبایل VOIP، بی تی اسمارت تاک&#8230;</string>
  <string name="market_description_key_features_007">+ اشتراک گذاری مخاطبین توسط پیامک، ایمیل...</string>
  <string name="market_description_key_features_008">* حالت دریافت گروهی SMS, MMS و ایمیل (مخاطبین، گروه ها، سازماندهی شده ها، عناوین)</string>
  <string name="market_description_key_features_009">+ در ویجت تماس: دیدن جزییات برای تماسهای دریافتی (نمایش سازماندهی، گروه، یادداشتها، ویرایش یادداشت برای تماسها )</string>
  <string name="market_description_key_features_010">* فیلتر کردن تماس: مسدود کردن تماس های دریافتی در تاریخ و زمان تعریف شده</string>
  <string name="market_description_key_features_011">فیلتر کردن مخاطب: براساس گروه مخاطبین، عناوین شغلی، شرکتها</string>
  <string name="market_description_key_features_012">+ آمار تماس: نمایش مدت زمان تماس. اعلام پایان مدت زمان تماس رایگان.</string>
  <string name="market_description_key_features_013">+ جزئیات تماس: نمایش تمام جزئیات اطلاعات مخاطبین (پیامک، تاریخچه تماسها، آمار تماسها، رویدادها)</string>
  <string name="market_description_key_features_014">مدیریت مخاطبین با توجه به آدرس آنها</string>
  <string name="market_description_key_features_015">* انعطاف پذیری بالا برای پیکربندی مخاطبین (مرتب سازی، اندازه قلم، رنگ، شفافیت)</string>
  <string name="market_description_key_features_016">* امکان نمایش فهرست مخاطبین بر اساس (فامیل، نام، نام مستعار، سازمان، عنوان، شماره، یادداست و...)</string>
  <string name="market_description_key_features_017">+ پشتیبانی از گروه های لایه بندی شده، زیر گروه ها (زیرگروه شغلی\ویژه = شغل  -&gt; ویژه)</string>
  <string name="market_description_key_features_018">+ انتخاب صدای زنگ برای (مخاطبین، گروهها، مشاغل، عناوین)</string>
  <string name="market_description_key_features_019">* اعلام و مدیریت رویدادها برای مخاطبین (سالگردها و تولدها)</string>
  <string name="market_description_key_features_020">+ شماره گیر (تلفن) با جستجوی T9، دارای گزینه های بسیار زیاد و دقیق برای شما</string>
  <string name="market_description_key_features_021">+ شماره گیر و دکمه های شماره گیری با قابلیت تنظیم در اندازه، پس زمینه، رنگ، اندازه قلم</string>
  <string name="market_description_key_features_028">* شماره گیری مجدد خودکار</string>
  <string name="market_description_key_features_022">+ پشتیبانی از گوشیهای دو سیمکارته (تنها گوشیهایی که API آنها باز باشد پشتیبانی میشوند)</string>
  <string name="market_description_key_features_023">+ مدیریت شماره گیر سریع: پشتیبانی از 1000 شماره در تماس سریع. تماس با صدمین شماره با وارد کردن 100#</string>
  <string name="market_description_key_features_024">+ امکان پشتیبان گیری و بازگرداندن مخاطبین، شامل گروه مخاطبین</string>
  <string name="market_description_key_features_025">+ بسیاری از قابلیت ها با *لمس طولانی* روی هر یک از آیتمها موجود است یا میتوانید از کلید *منو* استفاده کنید</string>
  <string name="market_description_key_features_026">+ پشتیانی از زبانهای مختلف (تشکر از تمام عزیزانی که در امر ترجمه ما را یاری نمودند)</string>
  <string name="market_description_s2">لطفا با خرید نسخه حرفه ای (PRO) ضمن مفتخر نمودن ما، از امکانات بیشتر آن استفاده کنید.

لطفا از این برنامه استفاده کرده و آنرا به دیگر دوستان خود نیز پیشنهاد دهید.

شما میتوانید برای ارسال هرگونه انتقاد و پیشنهاد -&gt; یا از سایت
http://forum.dw-p.net 
و یا از طریق دکمه * انتقادات و پیشنهادات از طریق ایمیل* در منوی تنظیمات استفاده نمایید.

در صورتی که نسخه جدید را دانلود و به نصب آن اقدام نمودید در صورت مواجه شدن با پیغام خطا لطفا ابتدا برنامه قبلی را کاملا پاک کرده و سپس اقدام به نصب نسخه جدید نمایید.

جهت کسب اطلاع بیشتر به سایت زیر مراجعه نمایید
http://wiki.dw-p.net/DWC:Tips_%26_Tricks</string>
  <string name="market_description_limitation">نسخه رایگان دارای محدودیهای زیر میباشد.
- پیامهای تبلیغاتی
-محدودیت در تمها جهت سفارشی سازی
-محدودیت در انتخاب مخاطبین به 5 عدد
-نوشتن یادداشت برای تاریخچه تماس
-امکان ساخت تنها یک ویجکت
-محدودیت در ویژگیهای کلیدی \"*\" ستاره دار</string>
  <string name="market_description_keywords">مخاطب مخاطبین آدرس شماره‌گیری شماره‌گیر در حال شماره‌گیری تماس‌ تماس‌گیرنده در حال تماس گوشی تلفن صدای زنگ صدا گروه گروه‌ها سازمان شرکت عنوان آدرس‌ها کتاب پیامک MMS ایمیل مدیر مدیریت مدیریتی تاریخ ثبت بهترین رایگان</string>
  <!-- A brief description of the Google play, If you have a better description, please use your. Thank you! [CHAR LIMIT=80] -->
  <string name="market_brief_description">این برنامه بسیار قدرتمند برای مخاطبین میباشد. هدف ما بهبود بهره وری در کار شماس</string>
</resources>
