<?xml version="1.0" encoding="utf-8"?>
<!--Generated by crowdin.com-->
<resources>
  <!-- For the "T9" Search. "2ABC" means "2" matches the letter "A, B, C". 
		Translation modified "ABC" you need to search for characters. Only need upper 
		case. -->
  <string-array name="t9_search">
    <item>+</item>
    <item>1.،</item>
    <item>2ب پ ت ث</item>
    <item>3اآ</item>
    <item>4 س‌ش‌ص‌ض</item>
    <item>5 دذرزژ</item>
    <item>6 ج‌چ‌ح‌خ</item>
    <item>7 ن‌و‌ه‌ی</item>
    <item>8 ف‌ق‌ک‌گ‌ل‌م</item>
    <item>9 ط‌ظ‌ع‌غ</item>
  </string-array>
  <!-- These letters appear in the Dial button on the right. -->
  <string-array name="t9_keyboard">
    <item>+</item>
    <item>.،</item>
    <item>ب‌پ‌ت‌ث</item>
    <item>اآ</item>
    <item>س‌ش‌ص‌ض</item>
    <item>دذرزژ</item>
    <item>ج‌چ‌ح‌خ</item>
    <item>ن‌و‌ه‌ی</item>
    <item>ف‌ق‌ک‌گ‌ل‌م</item>
    <item>ط‌ظ‌ع‌غ</item>
  </string-array>
</resources>
