<?xml version="1.0" encoding="utf-8"?>
<!--Generated by crowdin.com-->
<resources xmlns:xliff="urn:oasis:names:tc:xliff:document:1.2">
  <string name="label_ringtone">Zvonenie</string>
  <string name="default_ringtone">Predvolené</string>
  <string name="menu_sendEmail">Odoslať e-mail</string>
  <string name="showFilterPhones">Len kontakty s telefónom</string>
  <string name="showFilterPhonesDescrip">Zobraziť len kontakty s telefónnymi číslami</string>
  <string name="headerContactGroups">Vyberte kontakty, ktoré budú zobrazené</string>
</resources>
