<?xml version="1.0" encoding="utf-8" standalone="no"?>
<!--Generated by crowdin.com-->
<resources xmlns:xliff="urn:oasis:names:tc:xliff:document:1.2">
  <string name="app_name">DW যোগাযোগ ও ফোন</string>
  <string name="app_contacts_name">DW-যোগাযোগ</string>
  <string name="starred">অভিনয় করেন।</string>
  <string name="coworkers">সহকর্মীগণ</string>
  <string name="family">পরিবার</string>
  <string name="friends">বন্ধু</string>
  <string name="myContacts">আমার যোগাযোগ</string>
  <string name="mergedContacts">একীভূত যোগাযোগ</string>
  <string name="no_item_to_display">প্রদর্শনের জন্য কোনো বিষয়োপকরণ নেই</string>
  <string name="allContact">সকল যোগাযোগ</string>
  <string name="no_phone_numbers">কোনো ফোন নম্বর নেই</string>
  <string name="menu_edit">সম্পাদনা করুন</string>
  <string name="menu_edit_group">দলের সম্পাদনা করুন</string>
  <string name="menu_add_contact_to_group">যোগাযোগ শ্রেণীতে যুক্ত করুন</string>
  <string name="menu_remove_contact_from_group">যোগাযোগ গোষ্ঠী থেকে অপসারণ করুন</string>
  <string name="groupNameLabel">দলের নাম</string>
  <string name="add">যুক্ত করুন</string>
  <string name="message_del_system_group">সিস্টেম যোগাযোগ গোষ্ঠী নয়। অপসারণের পর এটি স্বয়ংক্রিয়ভাবে অন্যান্য সমস্যার সৃষ্টি হতে পারে যে এটি পুনঃগঠন করা হতে পারে। আপনি কি নিশ্চিত যে আপনি এটি করতে চান?</string>
  <string name="menu_select_mode">বহু-নির্বাচন</string>
  <string name="menu_inverse_select">বিপরীত</string>
  <!--<string name="noContact">This group has no contact</string> -->
  <string name="pleaseWait">অনুগ্রহ করে অপেক্ষা করুন</string>
  <string name="pref_send_title">এসএমএস ও ই-মেইল সেটিংস</string>
  <string name="pref_title_sms_mms_send">এসএমএস / এমএমএস</string>
  <string name="pref_title_email_send">ই-মেইল</string>
  <string name="pref_send_to">%s-তে প্রেরণ করুন</string>
  <string-array name="prefEntries_sms_mms_to">
    <item>পূর্ব-নির্ধারিত বা প্রথম মোবাইল নম্বর</item>
    <item>সকল মোবাইল নম্বর</item>
    <item>সকল সংখ্যা</item>
  </string-array>
  <string-array name="prefEntries_email_to">
    <item>পূর্ব-নির্ধারিত ই-মেইল ঠিকানা</item>
    <item>সব ই-মেইল ঠিকানা</item>
  </string-array>
  <!--Recipients location -->
  <string name="pref_title_recipients_location">নামহীন প্রাপক</string>
  <string name="pref_recipients_location_summary">সমস্ত ঠিকানা %s মাঠে হবে</string>
  <string-array name="pref_entries_recipients_location">
    <item>অন্ধ অবিকল অনুলিপি</item>
    <item>Cc</item>
    <item>করুন</item>
  </string-array>
  <string name="menu_preferences">সেটিংস</string>
  <string name="preferences_title">সেটিংস</string>
  <string name="error_report_email_explain">আমরা কি দুঃখিত, একটি ত্রুটি সংঘটিত হয়েছে। আমাদের এই সফটওয়্যার ভালো ত্রুটির বার্তা এবং সিস্টেম তথ্য অন্তর্ভুক্ত করে প্রতিবেদন প্রেরণ করতে আপনাকে সহায়তা করতে পারে। আপনার গোপনীয়তা দেওয়া হবে।</string>
  <string name="no_contact_selected">কোন যোগাযোগ নির্বাচন হয়নি </string>
  <!--Firewall -->
  <string name="firewell_add_item">কল পরিশ্রুতক যুক্ত করুন</string>
  <string name="lable_week">Weekdays</string>
  <string name="select_group_title">গোষ্ঠী নির্বাচন করুন</string>
  <!-- %s = call number-->
  <string name="call_blocking_message">%s অবরুদ্ধ</string>
  <string name="stat_notify_incoming_calls_were_intercepted">%d আগত কল intercepted</string>
  <string name="pref_firewall_title">কল ফিল্টার সেটিংস</string>
  <string name="pref_title_firewall_enable">কল ফিল্টার সক্রিয় করুন</string>
  <string name="firewall_service_started">কল পরিশ্রুতক পরিসেবা শুরু</string>
  <string name="firewall_state_label">DW কল ফিল্টার</string>
  <!-- The status bar at the top of the screen display a notification message. -->
  <string name="pref_title_firewall_allways_show_stat_notify">স্ট্যাটাস বার আইকন দেখান</string>
  <string name="pref_firewall_allways_show_stat_notify_summary">সবসময় স্ট্যাটাস বারে বার্তা প্রদর্শন করুন</string>
  <string name="menu_week_view">সপ্তাহ দর্শন</string>
  <string name="menu_time_view">দিন দর্শন</string>
  <string name="menu_view">দেখুনঃ</string>
  <string name="from">হতে</string>
  <string name="to">থেকে</string>
  <string-array name="days">
    <item>রবিবার</item>
    <item>সোমবার</item>
    <item>মঙ্গলবার</item>
    <item>বুধবার</item>
    <item>বৃহস্পতিবার</item>
    <item>শুক্রবার</item>
    <item>শনিবার</item>
  </string-array>
  <string-array name="days_short">
    <item>রবি</item>
    <item>সোম</item>
    <item>মঙ্গল</item>
    <item>বুধ</item>
    <item>বৃহস্পতি</item>
    <item>শুক্র</item>
    <item>শনি</item>
  </string-array>
  <string name="firewall_label">কল ফিল্টার</string>
  <string name="everyday">প্রতিদিন</string>
  <string name="never">কখনও না</string>
  <string name="search_hint">সন্ধান শুরু করার জন্য টাইপ করুন</string>
  <string name="pref_title_display_system_group">সিস্টেম group দেখান</string>
  <!-- Gmail the default, including the group. (Starred, Coworkers, Family, Friends, My Contacts) -->
  <string name="pref_display_system_group_summary">প্রদর্শনের group দেখান</string>
  <string name="pref_title_merge_same_name_group">দল একত্রিত করুন</string>
  <string name="pref_merge_same_name_group_summary">একই নামের দল একত্রিত করুন</string>
  <string name="pref_font_size_title">হরফ মাপ (১ম লাইন)</string>
  <string name="pref_font_size_summary">আয়তন: %s</string>
  <string name="removePicture">ছবি অপসারণ করুন</string>
  <string name="changePicture">ছবি পরিবর্তন করুন</string>
  <string name="attachToGroup">গ্রুপ ছবি</string>
  <string name="use_photo_as_primary">এই ছবি ব্যবহার করুন</string>
  <string name="photoPickerNotFoundText">ফটো পিকার খুঁজে পাওয়া যায়নি</string>
  <string name="SMS">এসএমএস</string>
  <string name="Email">ই-মেইল</string>
  <string name="_null">""</string>
  <!-- It shows the contact event to the present time. -->
  <string name="days_after">এই %d দিন</string>
  <string name="months_after">এই %d মাস।</string>
  <string name="days_ago">%d দিন আগে</string>
  <string name="months_ago">%d মাস আগে</string>
  <string name="today">আজ</string>
  <string name="show_group_icon">গ্রুপ ছবি দেখান</string>
  <string name="show_group_icon_summary">প্রতিটি দল আইকন প্রদর্শন করুন</string>
  <string name="using_system_sms_program">পূর্ব-নির্ধারিত এসএমএস প্রোগ্রাম ব্যবহার করুন</string>
  <!-- According to user feedback that I might in the new version, use it again. -->
  <string name="using_system_sms_program_summary">সফটওয়্যার এসএমএস পাঠানো অক্ষম করুন</string>
  <string name="recipients_limit">প্রাপক সংখ্যার সীমা</string>
  <string name="recipients_limit_summary">প্রাপক সংখ্যা মান থেকে বড় হলে, batches, স্বয়ংক্রিয়ভাবে প্রেরণ করুন</string>
  <string name="send">প্রেরণ করুন</string>
  <string name="confirm_send_message">অবশিষ্ট যোগাযোগ করতে বার্তা পাঠাতে অবিরত রাখতে চান?</string>
  <!-- For example, Tablet PC does not support sending text messages. However, click the SMS icon.
    I will call the SMS program. The system will report an exception. Then display this prompt. -->
  <string name="system_does_not_support">সিস্টেম সমর্থন করে না!</string>
  <string name="ungrouped_contacts">Ungrouped যোগাযোগ</string>
  <string name="multipleContactsDeleteConfirmation">নির্বাচিত যোগাযোগে বিলোপ করা হবে।</string>
  <!--pref default view -->
  <string name="pref_title_default_view">পূর্ব-নির্ধারিত ট্যাব</string>
  <string name="pref_default_view_summary">পূর্ব-নির্ধারিত স্টার্ট-আপ এ ট্যাব: %s</string>
  <!--pref show auto groups -->
  <string name="pref_title_display_auto_group">স্বয়ংক্রিয় গোষ্ঠীগুলি দেখান</string>
  <string name="pref_display_auto_group_summary">\"All contacts\ সহ \', \"Ungrouped contacts\ \'।</string>
  <string name="label_hide">লুকিয়ে রাখুন</string>
  <string name="hide_group_summary">এই দল প্রদর্শন করবেন না</string>
  <string name="fast_scroll_alphabet">\u0020ABCDEFGHIJKLMNOPQRSTUVWXYZ</string>
  <string name="fast_scroll_numeric_alphabet">\u00200123456789ABCDEFGHIJKLMNOPQRSTUVWXYZ</string>
  <!-- Because the different SMS programs. When I provide a phone number to the SMS program,
    some require the use of a semicolon to separate the numbers, and some require a comma. Therefore, this option provides. -->
  <string name="sms_compatibility_mode_title">এসএমএস এমএমএস পাঠাতে অবস্থা</string>
  <string name="sms_compatibility_mode_summary">এই যদি আপনার \'এসএমএস প্রোগ্রাম,\' স্বাভাবিক অভ্যর্থনা ও টেলিফোন নম্বর না নির্বাচন করুন। যেমন: XT800</string>
  <string name="menu_sort_hide">বাছাই ও লুকান</string>
  <string name="menu_sort_alphabetically">বর্ণানুক্রমে</string>
  <string name="pref_in_call_widget_title">কল widget-</string>
  <string name="pref_help_title">সহায়তা করুন</string>
  <string name="pref_online_help_title">অনলাইন সহায়তা</string>
  <string name="menu_cancel_send_to_voicemail">প্রদর্শিত যোগাযোগ থেকে কল ব্লক</string>
  <string name="pref_feedback_title">ই-মেইলের মাধ্যমে ফিডব্যাক</string>
  <string name="pref_about_title">সম্পর্কে</string>
  <string name="version">সংস্করণ</string>
  <string name="pref_name_display_order_summary">নাম প্রদর্শন সর্ট অর্ডার পরিবর্তন করুন। এই প্রদর্শনের গতি প্রভাবিত করতে পারে।</string>
  <string name="pref_contacts_account_title">হিসাব</string>
  <string name="pref_contacts_account_summary">যোগাযোগগুলি থেকে প্রদর্শন করুন: %s</string>
  <string name="all_account">সব হিসাব</string>
  <string name="pref_show_account_name_title">একাউন্ট নাম প্রদর্শন করুন</string>
  <string name="pref_show_account_name_summary">গোষ্ঠী নাম নীচে একাউন্ট নাম প্রদর্শন করুন।</string>
  <string name="select_account">একাউন্ট নির্বাচন করুন</string>
  <string name="pref_register_code_title">রেজিস্ট্রেশন কোড লিখুন</string>
  <string name="pref_register_code_summary">রেজিস্ট্রেশন কোড (প্রয়োজনীয় কোন ইন্টারনেট কানেকশান), প্রবেশ করাতে হবে যা আপনার পেমেন্ট নিশ্চিতকরণ ইমেইল ইন লাভ</string>
  <!-- A setting item, click it to open, buy the software license key dialog box. -->
  <string name="pref_get_register_code_title">রেজিস্টারকৃত সংস্করণ ক্রয়</string>
  <string name="pref_get_register_code_summary">   অনুগ্রহ করে আমাদের আবেদন পূর্ণ কার্যকারিতা ব্যবহার করুন রেজিস্টার করুন। আমরা আপনার এই সফটওয়্যার টেকসই উন্নয়ন সহায়তা দানের প্রয়োজন।  </string>
  <string name="buying_tips">   এখানে আপনি (দুটোই করেছেন একই কার্যকারিতা) 2 সম্ভাবনা আছে: আপনি এটি আপনার ডিভাইস সিরিয়াল নম্বর (পে বা ক্রেডিট কার্ড) বা আপনার গুগল একাউন্ট (গুগল প্লে - সংস্হাপন ্প্রো সংস্করণ) নিবন্ধন করতে পারে</string>
  <string-array name="purchase_channels">
    <item>গুগল নাটক</item>
    <item>ক্রেডিট কার্ড বা পে</item>
    <item>বন্ধু প্রস্তাব</item>
  </string-array>
  <string-array name="purchase_channels_summary">
    <item>নিবন্ধন করুন আপনার গুগল একাউন্ট (ক্রয় এবং গুগল নাটকের মাধ্যমে ্প্রো সংস্করণ সংস্থাপন করুন) এই সফটওয়্যারটি। ্প্রো সংস্করণটি সংস্থাপন করার পর, অনুগ্রহ করে ফ্রি সংস্করণ আনইনস্টল করুন।</item>
    <item>এই সফ্টওয়্যারটি ডিভাইসের ক্রমিক নম্বর রেজিস্টার করুন: %s.    পেমেন্ট পদ্ধতি পর আপনার নিশ্চিতকরণ ই-মেইল আপনার রেজিস্ট্রেশন কোড পাবেন।    এরপর একবার-ক্লিক করুন [অনলাইন নিবন্ধন পরীক্ষা] মাধ্যমে নিবন্ধন পরীক্ষা করুন।</item>
    <item>ফ্রি রেজিস্ট্রেশন কোড চান</item>
  </string-array>
  <string name="menu_delete_all">সব মুছে ফেলুন</string>
  <!-- Menu title the user can use for trying to resend a message. -->
  <string name="menu_retry_sending">পুনরায় প্রয়াস করুন</string>
  <string name="message">বার্তা</string>
  <string name="failed">ব্যর্থ</string>
  <string name="queued">অপেক্ষমান</string>
  <string name="outbox">বহির্গামী বাক্স</string>
  <string name="sent">পাঠানো হয়েছে</string>
  <string name="auto_replace_to_name">স্বয়ংক্রিয়ভাবে প্রতিস্থাপিত "???" contact এর পূর্ণ নাম; "??F" দিয়ে শেষ নাম; "??G" দিয়ে দেওয়া নাম; "??N" দিয়ে ডাক নাম।.</string>
  <string name="example_message">হ্যালো, ???</string>
  <string name="sms_preview">প্রাকদর্শন:</string>
  <string name="message_send_state_successfully">সফলভাবে পাঠানো হয়েছে।</string>
  <string name="message_send_state_failed">প্রেরণ বিফল হয়েছে।</string>
  <string name="message_send_unknown_error">অপরিচিত ত্রুটি। %d বার্তা পাঠানো হয় নাই।</string>
  <string name="message_send_no_signal">কোন সংকেত বা বিমান পরিমণ্ডল সক্রিয় আছে। %d বার্তা পাঠানো হয় নাই।</string>
  <string name="message_send_successfully">সফলভাবে সব বার্তা পাঠানো হয়েছে।</string>
  <string name="need_the_paid_version">কেবলমাত্র উপলভ্য পেইড সংস্করণে।</string>
  <!-- As a "contact group"on the phone the main screen to create a shortcut. -->
  <string name="create_shortcut">হোম শর্টকাট তৈরি করুন</string>
  <string name="menu_move_to_group">গোষ্ঠীতে সরান</string>
  <string name="pref_tabs_title">সক্রিয় ও বাছাই করুন</string>
  <string name="pref_tabs_summary">আপনি সক্রিয় ও বাছাই করতে পারবেন, যে কোন ট্যাব ব্যবহার করা সম্ভব হবে</string>
  <!--pref theme -->
  <string name="pref_theme_title">থিম ভিত্তিক</string>
  <!-- Change the software interface look. -->
  <string name="pref_theme_summary">থিম ভিত্তি স্থাপন</string>
  <string name="search">অনুসন্ধান</string>
  <string name="pref_services_title">প্রেক্ষাপট বিন্যাসন পরিষেবা</string>
  <!-- Settings screen, section heading for SMS-specific settings -->
  <string name="pref_sms_settings_title">"বার্তা(SMS) বিন্যাসন"</string>
  <!-- Settings screen, section heading for EMAIL-specific settings -->
  <string name="pref_email_settings_title">\'ইমেইল সেটিংস\'</string>
  <!-- Settings item for boolean option to enable/disable SMS delivery reports -->
  <string name="pref_title_sms_delivery_reports">ডেলিভারি রিপোর্ট</string>
  <!-- Settings item description for boolean SMS delivery report setting -->
  <string name="pref_summary_sms_delivery_reports">ডেলিভারি প্রতিবেদনের প্রতিটি বার্তার জন্য অনুরোধ করুন।</string>
  <string name="pref_contact_sort_order_title">সাজান</string>
  <string name="pref_contact_sort_order_summary">যোগাযোগ তালিকা সাজানোর ক্রম পরিবর্তন করুন এটি প্রদর্শন গতি প্রভাবিত করতে পারে।</string>
  <!-- CHANGED ORDER -->
  <string name="contact_sort_order_FamilynameAlternate">শেষ নাম - বিকল্প</string>
  <string name="contact_sort_order_RecentContacted">সাম্প্রতিক যোগাযোগ</string>
  <string name="contact_sort_order_LongTimeNotContacted">অনেক দিন যোগাযোগ নেই</string>
  <string name="contact_sort_order_CreationTime">নির্মাণ সময়</string>
  <string name="contact_sort_order_DefaultAlternate">পূর্ব-নির্ধারিত - বিকল্প</string>
  <!-- An automatic group, it shows all the contacts included telephone numbers. -->
  <string name="has_phone_number_contacts">ফোন নম্বর যোগাযোগ আছে।</string>
  <string name="exit_prompt">আবার প্রস্থান প্রত্যাবর্তন প্রেস করুন।</string>
  <string name="pref_exit_prompt_title">প্রস্থান করার পূর্বে প্রম্পট</string>
  <string name="pref_exit_prompt_summary">প্রস্থান করার আগে বাড়তি সতর্কতা প্রদর্শন করুন</string>
  <string name="pref_language_title">ভাষা</string>
  <string name="load_license_success">নেটওয়ার্ক থেকে লোড লাইসেন্স সফল হয়েছে।</string>
  <string name="load_license_failed">নেটওয়ার্ক থেকে লাইসেন্স লোড ব্যর্থ হয়েছে!</string>
  <string name="license_check_success">লাইসেন্স পরীক্ষা সফল ছিল।</string>
  <string name="license_check_failed">লাইসেন্স পরীক্ষা ব্যর্থ হয়েছে!</string>
  <string name="load_license_unregistered">আপনি এখনও নথিভুক্ত হবে না।</string>
  <string name="sending">প্রেরণ করা হচ্ছে...</string>
  <string name="error">ত্রুটি</string>
  <string name="clear_data_or_uninstall_app">প্রয়োগণ অসংস্থাপন বা ডাটা অবলোপ করুন</string>
  <string name="database_update_error_message">\'দুঃখিত! অবকাঠামোর ডাটাবেজ হালনাগাদ করছে-ত্রুটি। ডাটাবেস-এ ফাইলের অনুমতিসমূহ ব্যতিক্রম। কারণ এই ত্রুটি ঘটে থাকে। গাড়ি সমস্যা, কারণ ব্যাকআপ সফটওয়্যার। এখানে তিনটি উপায়ে সমস্যাটির সমাধান করতে হয়। সমস্যা সংশোধিত না হওয়া পর্যন্ত অনুগ্রহ করে এক একজন করে চেষ্টা করুন। 1. ফোন পুনর্সূচনা করুন; 2. প্রয়োগণ উপাত্ত মোবাইল সফটওয়্যার ব্যবস্থাপনা ইন্টারফেস ভাগ, পরিষ্কার করুন; 3. আনইনস্টল করুন এবং সফটওয়্যারটি পুনঃইনস্টল করুন।"</string>
  <!-- It shows the contact event to the present time. -->
  <string name="one_day_after">আগামী কাল</string>
  <string name="one_month_after">1 মাস</string>
  <string name="one_day_ago">গতকাল</string>
  <string name="one_month_ago">গত মাসে</string>
  <string name="menu_edit_event">ঘটনার জন্য যোগাযোগ সম্পাদনা করুন</string>
  <string name="menu_add_to_calendar">ইভেন্ট ক্যালেন্ডার থেকে যুক্ত করুন</string>
  <string name="menu_delete_event">ইভেন্ট যোগাযোগ থেকে মুছে ফেলুন।</string>
  <string name="menu_duplicate_contact">অনুরূপ যোগাযোগ</string>
  <string name="mes_sendSmsSystemLimit">কারণ সিস্টেম সীমা %1$s ঘন্টা কেবল %2$s এসএমএস পাঠাতে পারেন। %1$s ঘন্টা পর স্বয়ংক্রিয়ভাবে পুনরায় প্রয়াস।</string>
  <string name="sendInBatches">Batches</string>
  <string name="sendInSingle">একক</string>
  <string name="sendInBatchesMessage">প্রাপক সংখ্যা "সীমা নম্বরটি প্রাপকের জন্য" বিন্যাসন থেকে বৃহত্তর। বার্তার পাঠ বাক্সে শুরু ব্যাচ পাঠানো হয় প্রবেশ করান বা \'একক\' একক প্রেরণ শুরু করুন \' পছন্দ করুন।</string>
  <string name="pref_title_eventNotification">প্রজ্ঞাপন ইভেন্ট সেটিংস</string>
  <string name="pref_title_notificationTime">বিজ্ঞপ্তি দিন</string>
  <string name="pref_title_notificationRingtone">প্রজ্ঞাপন ringtone</string>
  <string name="pref_summary_notificationTime">সময় যখন বিজ্ঞপ্তি পাওয়া উচিত হবে সমন্বয় করুন</string>
  <string name="pref_title_notificationBeforeHappen">তা আগে প্রজ্ঞাপন</string>
  <string name="pref_summary_notificationBeforeHappen">%s দিন আগেই প্রজ্ঞাপন হতে হবে</string>
  <string name="pref_title_notification">প্রজ্ঞাপন</string>
  <string name="pref_title_reminder">অনুস্মারক</string>
  <string name="pref_summary_reminder">%s-এর পূর্বে</string>
  <string name="pref_title_ringtone">রিংটোন</string>
  <string name="pref_title_alarm">এলার্ম</string>
  <string name="pref_title_mergeSubgroup">উপ-দলের একত্রিত করুন</string>
  <string name="pref_summary_mergeSubgroup">যোগাযোগ শ্রেণীতে একসাথে প্রদর্শিত উপ-দলে।</string>
  <string-array name="pref_entries_notificationTime">
    <item>১ মিনিট</item>
    <item>৫ মিনিট</item>
    <item>১০ মিনিট</item>
    <item>১৫ মিনিট</item>
    <item>২০ মিনিট</item>
    <item>25 মিনিট</item>
    <item>৩০ মিনিট</item>
    <item>৪৫ মিনিট</item>
    <item>১ ঘণ্টা</item>
    <item>2 ঘন্টা</item>
    <item>3 ঘন্টা</item>
    <item>12 ঘন্টা</item>
    <item>24 ঘন্টা</item>
    <item>2 দিন</item>
    <item>1 সপ্তাহ</item>
  </string-array>
  <!-- Not in phone book contacts. -->
  <string name="unknown_contacts">অজানা যোগাযোগ</string>
  <string name="not_in_phone_book_contacts">ফোন বই যোগাযোগে নেই</string>
  <string name="eventNotification">প্রজ্ঞাপন ইভেন্ট</string>
  <string name="eventNotificationMessage">\' %s জন্মদিন/শীঘ্রই আসছে ঘটনা। \'</string>
  <!-- When using the "Firstname first" show name, "Firstname" and "Lastname" split between the symbols. Most language is a space. -->
  <string name="givenNameFirstSeparator">" "</string>
  <!-- When using the "Lastname first" show name, "Firstname" and "Lastname" split between the symbols. -->
  <string name="familyNameFirstSeparator">", "</string>
  <string name="vCard">vCard</string>
  <string name="text">পাঠ্য</string>
  <string name="pref_title_likeTheSoftware">আমাদের সমর্থন</string>
  <string name="pref_title_rating">রেটিং</string>
  <string name="pref_summary_rating">বাজার একটি ভাল রেটিং দিন</string>
  <string name="pref_title_share">শেয়ার করুন</string>
  <string name="pref_summary_share">এই সফটওয়্যারটি আপনার বন্ধুদের কাছে সুপারিশ করুন</string>
  <string name="contact_group">দল</string>
  <!-- Set the time to send text messages in the future. -->
  <string name="regularlySent">নিয়মিত পাঠানো</string>
  <string name="time">সময়</string>
  <string name="pref_title_EmailProgram">ই-মেইল প্রোগ্রাম</string>
  <string name="pref_summary_on_EmailProgram">পূর্ব-নির্ধারিত ই-মেইল প্রোগ্রাম ব্যবহার করুন।</string>
  <string name="pref_summary_off_EmailProgram">সত্বর বার্তাগুলো প্রেরণ করার সময় পছন্দ করা।</string>
  <string name="toolbox">সরন্জাম বাক্স</string>
  <string name="pref_title_SMSSendInterval">বিরতি প্রেরণ করুন</string>
  <string name="pref_summary_SMSSendInterval">প্রতিটি সময় বিরতি (সেকেন্ড) পাঠ বার্তা প্রেরণ করুন।</string>
  <string name="app_dialer_name">DW ডায়ালার</string>
  <string name="menu_sort">শ্রেণী বিন্যাস করুন</string>
  <string name="license_check_failed_message">সফটওয়্যার লাইসেন্স পরীক্ষা ত্রুটি! আপনি এখন গুগল চালান প্রবেশ করতে পারে তা নিশ্চিত করুন।</string>
  <string name="menu_unselectAll">সবকিছু অনির্বাচিত করুন</string>
  <string name="pref_title_themeCustomize">থীম সেটিংস</string>
  <string name="pref_title_backgroundColor">Background রঙ</string>
  <string name="pref_title_backgroundColorForTitles">Background শীর্ষক রঙ</string>
  <string name="pref_title_textColorForTitles">শিরোনাম রঙ</string>
  <string name="pref_title_textColorMarked">পাঠ্য রঙ হিসেবে চিহ্নিত।</string>
  <string name="pref_title_hideTheTitle">শিরোনাম-বার লুকান</string>
  <string name="pref_title_hideTheStatusbar">status bar লুকান</string>
  <string name="pref_title_hideTabLabel">Tab Bar label লুকান</string>
  <string name="pref_title_autoHideTab">Tab Bar লুকান</string>
  <string name="pref_summary_autoHideTab">স্বয়ংক্রিয়, অন্য ট্যাবে স্যুইচ করার পর গোপন ট্যাব হবে </string>
  <string name="reset">পুনরায় সেট করুন</string>
  <string name="pref_title_automaticRotation">স্বয়ংক্রিয় আবর্তন</string>
  <string name="pref_summary_automaticRotation">স্বয়ংক্রিয় পর্দা আবর্তন পাল্টানো হতে পারে চালু বা বন্ধ করুন</string>
  <string name="menu_editNotes">নোট সম্পাদনা করুন</string>
  <string name="addSelectedContactsToFavorites">পরিচিতিগুলিতে পছন্দের তালিকায় যোগ করুন</string>
  <string name="removeSelectedContactsFormFavorites">যোগাযোগের পছন্দনীয় হতে অপসারণ করুন</string>
  <string name="deleteSelectedContacts">যোগাযোগ মুছে ফেলুন</string>
  <string name="duplicateSelectedContacts">অনুরূপ যোগাযোগ</string>
  <string name="setGroupForSelectedContacts">যোগাযোগের জন্য গ্রুপ নির্ধারণ করুন</string>
  <string name="forSelectedContacts">নির্বাচিত যোগাযোগে জন্য</string>
  <string name="searchAnything">কোন সন্ধান করুন</string>
  <string name="quickDialManager">দ্রুত ডায়াল ম্যানেজার</string>
  <string name="menu_shareNumber">শেয়ার সংখ্যা</string>
  <string name="menu_setGroupForContact">যোগাযোগের জন্য গ্রুপ নির্ধারণ করুন</string>
  <string name="pref_title_tabSettings">বিন্যাসন ট্যাব</string>
  <string name="sendSMStoShownContacts">এসএমএস এমএমএস প্রদর্শিত যোগাযোগ প্রেরণ করুন</string>
  <string name="sendEmailtoShownContacts">প্রদর্শিত যোগাযোগ ই-মেইল প্রেরণ করুন</string>
  <string name="setRingtoneForShownContacts">Ringtone প্রদর্শিত যোগাযোগের জন্য বিন্যাস করুন</string>
  <string name="pref_title_enableEventNotification">প্রজ্ঞাপন ইভেন্ট সক্রিয় করুন</string>
  <string name="forSelectedGroups">নির্বাচিত দলের জন্য</string>
  <string name="menu_send_group_message">গোষ্ঠীতে এসএমএস এমএমএস প্রেরণ করুন</string>
  <string name="menu_delete_group">দল মুছে ফেলুন</string>
  <string name="menu_deleteGroups">দল মুছে ফেলুন</string>
  <!-- 	<string name="forSelectedOrgs">For selected companies</string> -->
  <!-- 	<string name="menu_editOrg">Edit company</string> -->
  <!-- 	<string name="forSelectedTitles">For selected titles</string> -->
  <!-- 	<string name="menu_editTitle">Edit title</string> -->
  <string name="menu_editContactFromEvent">যোগাযোগ-এর ঘটনা থেকে সম্পাদনা করুন</string>
  <string name="menu_focus2Today">আজ ফোকাস করুন</string>
  <string name="generalDeleteConfirmation">আপনি কি নিশ্চিত যে আপনি মুছে ফেলতে চান?</string>
  <string name="addContactTo">পরিচিতি যোগ করুন%s</string>
  <string name="removeContactFrom">%s থেকে পরিচিতি অপসারণ করুন</string>
  <string name="pref_title_showTabAtTop">উপরের দিকে ট্যাব বার প্রদর্শন করা হবে</string>
  <!-- Within the group "contact list" label -->
  <string name="labelWithinGroupContactsList">কনটাক্ট</string>
  <string name="multipleChoicePrompt">
মাল্টি-নির্বাচনটি প্রতি সংস্করণে % d টি আইটেমের বিনামূল্যের সংস্করণে সীমাবদ্ধ। গ্রুপে একটি বার্তা পাঠানোর প্রয়োজন হলে, গ্রুপ তালিকা প্রেস মেনুটি ব্যবহার করুন।</string>
  <string name="pref_title_dialerPadTone">ডায়ালার প্যাড চাপার উপর টোন</string>
  <string name="recentChanges">সাম্প্রতিক পরিবর্তনসমূহ</string>
  <string name="more">আরও</string>
  <string name="selectAll">সব নির্বাচন করুন</string>
  <string name="pref_title_alwaysToDefTab">সব ডিফল্ট ট্যাব দিয়ে শুরু</string>
  <string name="pref_summary_alwaysToDefTab">অ্যাপটি চালু করতে ডায়াল বোতামটি এখনও ডিফল্ট ট্যাবটি খুলছে।.</string>
  <string name="pref_title_showMostContactedBelowFavorites">সবচেয়ে প্রিয় নিচে যোগাযোগ প্রদর্শন</string>
  <string name="pref_title_showEventsFromToday">আজ থেকে ঘটনা প্রদর্শন করুন</string>
  <string name="pref_title_YPositionOfInfoWindow">তথ্য উইন্ডোর Y অবস্থান</string>
  <string name="pref_summary_YPositionOfInfoWindow">তথ্য উইন্ডোর উপরে/নীচে অবস্থান। একই সাথে সরাসরি incomming ডাক অবস্থান সরানো যাবে।</string>
  <string name="pref_title_backupRestore">ব্যাকআপ এবং পুনঃস্থাপন</string>
  <string name="pref_title_backupAllSettings">সমস্ত সেটিংস ব্যাকআপ</string>
  <string name="pref_title_restoreAllSettings">সমস্ত সেটিংস পুনঃস্থাপন করুন</string>
  <string name="pref_title_restoreDefaultSettings">ডিফল্ট সেটিংস পূর্বাবস্থায় ফিরিয়ে আনুন</string>
  <string name="pref_title_showMyContactsInUngrouped">সিস্টেম-গ্রুপ \ "আমার পরিচিতি \" উপেক্ষা করুন</string>
  <string name="pref_title_startDialerWithoutDialerPad">ডায়ালার ডায়ালার প্যাড ছাড়াই শুরু</string>
  <string name="pref_summary_showMyContactsInUngrouped">তালিকা প্রদর্শন করা হবে (সিস্টেম গ্রুপের \"My Contacts\ মধ্যে আছে") অধীনে \"Ungrouped contacts\ \'।.</string>
  <string name="toast_allSettingsToDefault">সমস্ত সেটিংস ডিফল্ট পুনর্বহাল করা হয়েছে।.</string>
  <string name="toast_settingsBackedSuccessfully">সেটিংস %s জন্য ব্যাকআপ করা আছে</string>
  <string name="toast_settingsBackedFailed">অনুরক্ষণ ব্যর্থ হয়েছে। বৈধ ব্যাক-আপ পাথ সেট আছে তা নিশ্চিত করুন।</string>
  <string name="toast_settingsRestorSuccessfully">%s থেকে সেটিংস সফলভাবে পুনর্বহাল করা হয়েছে।</string>
  <string name="toast_settingsRestorFailed">পুনর্বহালকরণ ব্যর্থ হয়েছে। নিশ্চিত করুন যে আপনি সঠিক পথ, যেখানে সেটিংস সংরক্ষণ করা হয় বুঝিয়েছি যে।</string>
  <string name="menu_newOrg">নতুন কোম্পানি</string>
  <string name="menu_newTitle">নতুন শিরোনাম</string>
  <string name="enterAName">একটি নাম লিখুন</string>
  <string name="pref_title_t9Search">T9 অনুসন্ধান সেটিংস</string>
  <string name="pref_summary_t9Search">এই উন্নত বিকল্প, ট্যাব "ফোন" এবং কিভাবে T9- অনুসন্ধান সেখানে কাজ করবে কিভাবে সম্পর্কিত হয়</string>
  <string name="pref_title_matchingAnywhere">কোথাও কোনও শব্দ মেলে</string>
  <string name="pref_summary_matchingAnywhere">\"WTT\" \"dW conTacTs\ মিলে</string>
  <string name="pref_title_matchingPart">শব্দ ফ্রেজ সঠিক অংশ মেলে</string>
  <string name="pref_summary_matchingPart">\"NTA\" match \"dw coNTActs\"</string>
  <string name="pref_title_matchingFirstLetter">প্রথম চিঠি মেলে</string>
  <string name="pref_default_defaultAppointmentText">\'কল\'</string>
  <string name="titlesList">শিরোনাম</string>
  <string name="eventsList">ঘটনা</string>
  <string name="pref_title_showInContactList">বিষয়োপকরণ প্রদর্শন করুন</string>
  <string-array name="pref_entries_showInContactList">
    <item>সংখ্যা</item>
    <item>প্রতিষ্ঠান</item>
    <item>শীর্ষক</item>
    <item>দল</item>
    <item>হিসাব আইকন</item>
    <item>যোগাযোগের ছবি</item>
    <item>ই-মেইল বোতাম</item>
    <item>এসএমএস বোতাম</item>
    <item>ডায়াল বোতাম</item>
    <item>নোট</item>
  </string-array>
  <string name="pref_title_showNotesLines">সীমা নোট করতে লাইন x</string>
  <string name="pref_title_colorForGroups">প্রেক্ষাপট রঙ - দল</string>
  <string name="pref_title_colorForOrganization">প্রেক্ষাপট রঙ - প্রতিষ্ঠান</string>
  <string name="pref_title_colorForTitle">প্রেক্ষাপট রঙ - শিরোনাম</string>
  <string name="pref_title_fontSize2">হরফ মাপ (দ্বিতীয় লাইন)</string>
  <string name="pref_title_fontSize3">হরফ মাপ (৩য় লাইন)</string>
  <string name="pref_title_useNumberSearch">ব্যবহারের সংখ্যা সন্ধান করুন</string>
  <string name="pref_summary_useNumberSearch">সক্রিয় করেন, এটি আর সংখ্যার জন্য সন্ধান করবে</string>
  <string name="noEmailAddress">কোন ই-মেইল ঠিকানা নেই </string>
  <string name="pref_title_showCallLogOnPhone">ফোনে কল লগ প্রদর্শন করুন</string>
  <string name="pref_title_showContactsOnPhoneStart">যোগাযোগ শুরু করুন প্রদর্শন করুন</string>
  <string name="pref_summary_showContactsOnPhoneStart">যদি সক্ষম, সব যোগাযোগ তালিকা প্রকাশ</string>
  <string name="listTotalCallLog">%d বিভিন্ন কল সংখ্যা প্রদর্শন</string>
  <string name="upcoming">প্রত্যাহারের দাবী সম্বলিত মার্কিন</string>
  <string name="pref_title_phoneSettings">ফোন সেটিংস</string>
  <string name="pref_title_mergeCallLog">কল লগ একত্রিত করুন</string>
  <string name="pref_title_showCounterOnMergedCallLog">Merged কল লগ আইটেমে পাল্টা দেখান</string>
  <string name="pref_summary_showCounterOnMergedCallLog">সক্রিয় হলে তা ডান দিকে যোগাযোগ নাম কত কল একত্রিত হয় মিলিত পাল্টা দেখাব</string>
  <string name="pref_title_groupCallLogByDate">তারিখ অনুসারে কল লগ গোষ্ঠী দেখান</string>
  <string name="pref_summary_groupCallLogByDate">সক্রিয় হলে তা কার্যবিবরণী কল তারিখ অনুসারে গোষ্ঠী হবে</string>
  <string name="pref_title_limitCallLogOnXDays">কল লগ সীমা-দিন </string>
  <string name="pref_summary_limitCallLogOnXDays">%s দিন কল লগ সীমা (0 = সব দেখান)</string>
  <string name="pref_message_0toShowAllDays">সমস্ত দিন দেখাতে 0</string>
  <string name="pref_message_0toShowAllItems">সকল আইটেমগুলি দেখাতে 0</string>
  <string name="pref_title_useOrgSearch">সংস্থা অনুসন্ধানে ব্যবহার করুন।</string>
  <string name="pref_title_matchingSkipWord">এড়িয়ে যান শব্দের দেয়</string>
  <string name="pref_summary_matchingSkipWord">\"DPH\" সাথে যোগাযোগ \"Dw contacts &amp; PHone\"</string>
  <string name="pref_title_matchingSkipSpace">এড়িয়ে যান স্থান দেয়</string>
  <string name="pref_summary_matchingSkipSpace">\"TSPH\" সাথে যোগাযোগ \"dw contacTS &amp; PHone\"</string>
  <string name="pref_title_globalSettings">সার্বিক বিন্যাসনসমূহ</string>
  <string name="pref_title_registrationStates">স্থিতি: %s</string>
  <!-- 	<string name="pref_title_backgroundImage">Background image</string> -->
  <!-- 	<string name="pref_summary_backgroundImageEn">If you use background image, the background color can be used simultaneously as color filter</string> -->
  <!-- 	quick jump to alphabetic listcreate new contact -->
  <!-- 2.0.7 -->
  <!-- It is an option to set a time for the control [Dialing confirmation] dialog.
     At the end of the counter automatically close [Dialing confirmation] dialog. -->
  <!-- 2.1.1 -->
  <!-- Header that expands to list all of the types of settings -->
  <!-- 联系人详细信息 -->
  <!-- Call Statistics -->
  <!-- 	<string name="hour">Hour</string> -->
  <!-- 	选中的邮件地址已经复制到剪贴板。您可以将它粘贴到邮件程序的地址字段 -->
  <!-- 	由于数据库的更新。还原数据可能导致组铃声、组图片和防火墙工作不正常。请检查它们在恢复数据后。 -->
  <!-- 	注意这不会备份联系人数据库。 -->
  <!-- An option in the event notification settings, open it automatically sends the blessing SMS comes in contact events. -->
  <!-- 	注意发送消息时您不会得到通知，发送时间为事件当天的[通知时间]。 -->
  <!-- Prompt message before you delete a call log. -->
  <!--
    Dispaly in [In call Widget]
    Example:
    The last contact time: 5 days ago。 -->
  <!-- 	Show contacts filter Details Grp = Group; Com = Company; Tit = Title -->
  <!-- 	显示在联系人组编辑器，为编辑的组设置父组 -->
  <!-- 	启用滑动拨号等等，关闭它以便使用滑动切换号码。 -->
  <!-- Click Open browser to select files or other data -->
  <!-- 	A menu item is used to select mode grouping contacts. -->
  <!-- A number label, recently contacted number，It shows in the contact details SMS TAB. Number selection drop-down list. For example: Recent:12345678 -->
  <!-- 	检测到您正使用屏幕阅读程序。是否显示“电话号码选择对话框”在拨号前？ -->
  <!-- 	选择[确定]，“通话中小部件”将不会再次显示。 -->
  <!-- 	如果SIM卡编号显示不正确，请先通过两个SIM卡各拨打一个电话，然后点击[重新检测]按钮。 -->
  <!-- 	重新检测 -->
  <!-- 	检测已完成 -->
  <!-- 	如果双卡功能不工作在您的设备。请尝试选择设备列表中的每一个设备，然后单击[拨号]按钮。当两个拨号按钮使用正确SIM卡拨号时，单击[保存]按钮。 -->
  <!-- 	 An option. When you enable the exchange of the SIM card used when making calls. When the dial buttons 1 and 2 do not correspond correct SIM card to select it. -->
  <!-- 	已添加前缀/后缀（%s） -->
  <!-- 	call using SIM card 1 -->
  <!-- 一个选项，当打开备注会优先保存到联系人，而不是通话记录备注 -->
  <!-- 读出来电显示号码 -->
  <!-- 搜索历史记录 - 一个开关确定是否显示搜索历史记录 -->
  <!-- 	您好，试用期限将结束在5天后。现在要购买吗？ -->
  <!-- A menu, click the call methods available to display. For example: SIM card 2; Video call; Skype; SIP -->
  <!-- Automatic redial after 3 seconds. -->
  <!-- Enter "Arrange mode", you can drag to sort items. -->
  <!-- An option to choose what to hide in the contact details -->
  <string-array name="pref_entries_backupCycle">
    <item>Every day</item>
    <item>Every two days</item>
    <item>প্রতি তিন দিন</item>
    <item>প্রতি চার দিন</item>
    <item>প্রতি পাঁচ দিন</item>
    <item>প্রতি ছয় দিন</item>
    <item>সাপ্তাহিক</item>
    <item>মাসিক</item>
  </string-array>
  <string name="pref_title_contactsBackup">যোগাযোগসমূহ সংরক্ষণ</string>
  <string name="pref_summary_contactsBackup">বিধিমালা সংরক্ষণ করা গোষ্ঠীটি নির্বাচন করুন</string>
  <string name="pref_title_backupNow">এখন সংরক্ষণ করুন</string>
  <string name="pref_title_disableInCarMode">গাড়ি মোডে নিষ্ক্রিয় করুন</string>
  <string name="pref_summary_disableInCarMode">ডায়াল করার নিশ্চিতকরণ অস্থায়ীভাবে নিষ্ক্রিয় করুন, যখন আপনি গাড়িতে</string>
  <!-- An alert message when adding a shortcut to the HomePage request has been sent. -->
  <string name="toast_requestHasBeenSent">অনুরোধ প্রেরণ করা হয়েছে</string>
  <string name="pref_title_hideMenuButton">বোতাম তালিকা লুকান</string>
  <!-- OPTION: When you restart the app. Restore the state when last used. -->
  <!--     <string name="description">Description</string> -->
  <!--     <string name="menu_add_link">Add link</string> -->
  <!-- Menu item used to add custom field to contact -->
  <!-- An automatic group name, which contains all has photo contacts -->
  <!-- Selectable menu item used to controls whether display "contacts events" in the "agenda list". -->
  <!-- An option to define accent color. The color applied to framework controls in their activated (ex. checked) state. -->
  <!-- An option to define whether the appointment is created automatically send the invitation email.-->
  <!-- An option to define whether the appointment is created automatically send the invitation email.-->
  <!-- An option to define whether use circle icon.-->
  <!-- Determined by the theme -->
  <!-- An option to define color -->
  <!-- An option to define whether use colorful icon.-->
  <!-- Select this option to Reduce the ring volume when reading the caller information. -->
  <!-- Select this option to Reduce the ring volume when reading the caller information. -->
  <!-- Menu item used to Go to the "Calendar" App -->
  <!-- Menu item used to add selected item to the Tab bar -->
  <!-- Menu item used to remove selected item from the Tab bar -->
  <!-- Menu item used to browse and restore data -->
  <!-- Menu item used to open [Backup Manager] -->
  <!-- A contact group option. Open it will automatically delete call logs, contacts belong to this group. -->
  <!-- An option to control whether to display the contact's local time -->
  <!-- An option -->
  <!-- An option summary -->
  <!-- An option in the dialog box to delete call records. Controls whether delete call log notes -->
  <string name="deleteNotes">নোট মুছে ফেলুন</string>
  <string name="offset">অফসেট</string>
  <!-- Label above username EditText -->
  <string name="username">ইউজারনেম</string>
  <!-- Button to sign in after entering username and password -->
  <string name="signIn">সাইন-ইন</string>
  <!-- "By number" merge call records, etc. -->
  <string name="byNumber">সংখ্যা অনুযায়</string>
  <!-- "By contact" merge call records, etc. -->
  <string name="byContact">যোগাযোগ অনুযায়</string>
  <!-- An option to control whether to display the message log in History -->
  <string name="pref_title_showMessageLog">বার্তা কার্যবিবরণী প্রদর্শন করবে</string>
  <!-- Menu item used to add data (E-mail address, etc.)  to contacts -->
  <string name="addToContact">যোগাযোগে যুক্ত করুন</string>
  <!-- An option When you open it will maintain a fixed height In call widget. -->
  <!-- ****************************** Descriptions *********************************** -->
  <!--
         String describing the Keyboard switch ImageButton
         Used by AccessibilityService to announce the purpose of the button.
         [CHAR LIMIT=NONE]
    -->
  <string name="description_switch_keyboard">কীবোর্ড পরিবর্তন করুন</string>
  <string name="description_pick_contact">যোগাযোগ চয়ন করুন</string>
  <!-- String describing the text for photo of a item(group, title, company，etc.). -->
  <string name="description_icon_for"><xliff:g id="name">%1$s </xliff:g> জন্য আইকন</string>
  <!--An option. When opened, will use list long press menu.-->
  <!--An option in Accessibility. When opened, Enter the number need to double click to confirm.-->
  <!--A item of list, control information needs to be displayed in the "In call widget"-->
  <!--An option title in [Contact Details]. When opened, Will merge items,When just labels different.-->
  <!--An option summary in [Contact Details]. When opened, Will merge items,When just labels different.-->
  <!-- Notification message when adding a number to the blacklist, but the call filter did not open. -->
  <!--An option title in [Events]. Define which events need to display. It filter events based on contact groups-->
  <!--An option title in [Color schemes]. Used to define the "List section" Text Size -->
  <!--An option. When open: The starred contacts are displayed at the top of the list. -->
</resources>
