<?xml version="1.0" encoding="utf-8" standalone="no"?>
<!--Generated by crowdin.com-->
<resources>
  <string name="market_title">DW Contacts &amp; Phone &amp; Dialer</string>
  <string name="market_description_s1">Is a powerful (MUST HAVE) extension for your stock dialer, contacts and phone management application

KEY FEATURES
------------</string>
  <!-- max is 27 -->
  <string name="market_description_key_features_001">+ Search contacts by any field</string>
  <string name="market_description_key_features_002">* Write notes to the call log</string>
  <string name="market_description_key_features_003">* Create and manage reminders for contacts</string>
  <string name="market_description_key_features_004">+ Speak caller ID</string>
  <string name="market_description_key_features_005">+ Show \"Missed calls\" ring time</string>
  <string name="market_description_key_features_027">* Unlimited call log</string>
  <string name="market_description_key_features_006">* Support VoIP: System SIP, Viber, Skype, Fring, GrooVe IP Lite, MobileVOIP, BT SmartTalk&#8230;</string>
  <string name="market_description_key_features_007">+ Share contacts (text,vcard) via SMS, email&#8230;</string>
  <string name="market_description_key_features_008">* Batch mode for mass delivery with SMS, MMS, emails on single and multi selection (contacts, groups, organizations, titles)</string>
  <string name="market_description_key_features_009">+ In call widget: extended incoming call view (show organization, group, notes, edit note in calling)</string>
  <string name="market_description_key_features_010">+ Call filter: blocking incoming calls on free definable date and time zones</string>
  <string name="market_description_key_features_011">+ Contact filtering: Based on the contact group, job title, company filtration contacts</string>
  <string name="market_description_key_features_012">+ Call Statistics: Show the duration of your call. When the end of the free talk time to be notified.</string>
  <string name="market_description_key_features_013">+ Contact details: Displays all the contact information together (sms, call log, call Statistics, events)</string>
  <string name="market_description_key_features_014">+ Manage your contacts according to the contact address</string>
  <string name="market_description_key_features_015">* Very flexible to configure the design of every view (sort order, fonts size, color, transparency)</string>
  <string name="market_description_key_features_016">+ Configurable contact list view, how it should show the list ( last name, first name, nickname,  organization, title, number, notes&#8230;)</string>
  <string name="market_description_key_features_017">+ Support for layered groups, sub-groups (sub-group via Business/VIP = Business -&gt; VIP)</string>
  <string name="market_description_key_features_018">+ Set ringtones on multi select (contacts, groups, organizations, titles)</string>
  <string name="market_description_key_features_019">* Contact event notification and contact event management (birthday, anniversary)</string>
  <string name="market_description_key_features_020">+ Dialer(phone) with T9-search - has many options to make it exactly to your wishes</string>
  <string name="market_description_key_features_021">+ Dialer and dialpad scalable and adjustable in size, background, color, font size can be changed</string>
  <string name="market_description_key_features_028">* Automatic redial</string>
  <string name="market_description_key_features_022">+ Dual SIM card dialing support (not supported by all devices, because there is no open API)</string>
  <string name="market_description_key_features_023">+ Quick dial manager: Supports up to 1000 speed dial numbers. Dialing 100th number by entering #100</string>
  <string name="market_description_key_features_024">+ Backup and restore contacts to vCard, contains contact group</string>
  <string name="market_description_key_features_025">+ Most functions are accessible by using the *LONG PRESS* (tap and hold) on any item or use *MENU* key</string>
  <string name="market_description_key_features_026">+ Multi-language support (Thank all the enthusiastic user provides translation for DWC)</string>
  <string name="market_description_s2">Please honor our work and buy the PRO version, which is very favorable in the light of functionality!
Please try our software and recommend it to your friends.
Hints:
 If you have any suggestion for improvements -&gt; please write on forum: http://forum.dw-p.net or use the *Feedback via email* function in settings menu.
 If you upgrade to a newer version and it fails to start (if download or install is not possible), please try to uninstall previous version before.
 More tips &amp; Tricks see http://wiki.dw-p.net/DWC:Tips_%26_Tricks
</string>
  <string name="market_description_limitation">Free version is limited on some functions:
 - advertising messages
 - theme customizations are limited
 - multi-select limited to 5 items per action
 - write notes to the call log
 - can only create one app widget
 - In key features list contains \"*\" items</string>
  <string name="market_description_keywords">contact contacts address dial dialer dialing call caller calling phone telephone ringtone voice group groups organization company title addresses book sms mms email manager managing management history log best free</string>
  <!-- A brief description of the Google play, If you have a better description, please use your. Thank you! [CHAR LIMIT=80] -->
  <string name="market_brief_description">It\'s a powerful Contacts app. Our goal is to improve the efficiency of your work</string>
</resources>
