<?xml version="1.0" encoding="utf-8"?>
<!--Generated by crowdin.com-->
<resources xmlns:xliff="urn:oasis:names:tc:xliff:document:1.2">
  <string name="label_ringtone">Ringtone</string>
  <string name="default_ringtone">Default</string>
  <string name="menu_sendEmail">Send email message</string>
  <string name="showFilterPhones">Only contacts with phones</string>
  <string name="showFilterPhonesDescrip">Only display contacts that have phone numbers</string>
  <string name="headerContactGroups">Choose contacts to display</string>
</resources>
