<?xml version="1.0" encoding="utf-8" standalone="no"?>
<!--Generated by crowdin.com-->
<resources xmlns:xliff="urn:oasis:names:tc:xliff:document:1.2">
  <string name="app_name">DW Contacts &amp; Phone</string>
  <string name="app_contacts_name">DW Contacts</string>
  <string name="starred">Starred</string>
  <string name="coworkers">Coworkers</string>
  <string name="family">Family</string>
  <string name="friends">Friends</string>
  <string name="myContacts">My Contacts</string>
  <string name="mergedContacts">Merge contacts</string>
  <string name="no_item_to_display">No items to display</string>
  <string name="allContact">All contacts</string>
  <string name="no_phone_numbers">No phone numbers</string>
  <string name="menu_edit">Edit</string>
  <string name="menu_edit_group">Edit group</string>
  <string name="menu_add_contact_to_group">Add contacts to group</string>
  <string name="menu_remove_contact_from_group">Remove contacts from group</string>
  <string name="groupNameLabel">Group Name</string>
  <string name="add">Add</string>
  <string name="message_del_system_group">This is a system contact group. After removal, it
		may be automatically rebuilt which may create other problems. Are you sure you want to do this?</string>
  <string name="menu_select_mode">Multi-select</string>
  <string name="menu_inverse_select">Inverse</string>
  <!--<string name="noContact">This group has no contact</string> -->
  <string name="pleaseWait">Please Wait</string>
  <string name="pref_send_title">SMS &amp; Email settings</string>
  <string name="pref_title_sms_mms_send">SMS/MMS</string>
  <string name="pref_title_email_send">Email</string>
  <string name="pref_send_to">Send to %s</string>
  <string-array name="prefEntries_sms_mms_to">
    <item>Default or First Mobile Number</item>
    <item>All Mobile Numbers</item>
    <item>All Numbers</item>
  </string-array>
  <string-array name="prefEntries_email_to">
    <item>Default Email Address</item>
    <item>All Email Addresses</item>
  </string-array>
  <!--Recipients location -->
  <string name="pref_title_recipients_location">Recipient anonymity</string>
  <string name="pref_recipients_location_summary">All addresses will be in the %s field</string>
  <string-array name="pref_entries_recipients_location">
    <item>Bcc</item>
    <item>Cc</item>
    <item>To</item>
  </string-array>
  <string name="menu_preferences">Settings</string>
  <string name="preferences_title">Settings</string>
  <string name="error_report_email_explain">We are sorry, an error has occurred. You can help us make this software better by sending a report which includes error messages and some system information. Your privacy will be respected.</string>
  <string name="no_contact_selected">No contact selected</string>
  <!--Firewall -->
  <string name="firewell_add_item">Add call filter</string>
  <string name="lable_week">Weekdays</string>
  <string name="select_group_title">Select group</string>
  <!-- %s = call number-->
  <string name="call_blocking_message">%s was blocked</string>
  <string name="stat_notify_incoming_calls_were_intercepted">%d incoming calls were intercepted</string>
  <string name="pref_firewall_title">Call filter settings</string>
  <string name="pref_title_firewall_enable">Enable call filter</string>
  <string name="firewall_service_started">Call filter service started</string>
  <string name="firewall_state_label">DW Call Filter</string>
  <!-- The status bar at the top of the screen display a notification message. -->
  <string name="pref_title_firewall_allways_show_stat_notify">Show icon in status bar</string>
  <string name="pref_firewall_allways_show_stat_notify_summary">Always show status bar message</string>
  <string name="menu_week_view">Week view</string>
  <string name="menu_time_view">Time view</string>
  <string name="menu_view">View</string>
  <string name="from">From</string>
  <string name="to">To</string>
  <string-array name="days">
    <item>Sunday</item>
    <item>Monday</item>
    <item>Tuesday</item>
    <item>Wednesday</item>
    <item>Thursday</item>
    <item>Friday</item>
    <item>Saturday</item>
  </string-array>
  <string-array name="days_short">
    <item>Sun</item>
    <item>Mon</item>
    <item>Tue</item>
    <item>Wed</item>
    <item>Thu</item>
    <item>Fri</item>
    <item>Sat</item>
  </string-array>
  <string name="firewall_label">Call Filter</string>
  <string name="everyday">Everyday</string>
  <string name="never">Never</string>
  <string name="search_hint">Type to Start Searching</string>
  <string name="pref_title_display_system_group">Show system groups</string>
  <!-- Gmail the default, including the group. (Starred, Coworkers, Family, Friends, My Contacts) -->
  <string name="pref_display_system_group_summary">Display system group</string>
  <string name="pref_title_merge_same_name_group">Merge groups</string>
  <string name="pref_merge_same_name_group_summary">Merge similar named groups</string>
  <string name="pref_font_size_title">Font size (1st line)</string>
  <string name="pref_font_size_summary">Size: %s</string>
  <string name="removePicture">Remove Picture</string>
  <string name="changePicture">Change Picture</string>
  <string name="attachToGroup">Group Picture</string>
  <string name="use_photo_as_primary">Use this Picture</string>
  <string name="photoPickerNotFoundText">Photo picker not found</string>
  <string name="SMS">SMS</string>
  <string name="Email">Email</string>
  <string name="_null">""</string>
  <!-- It shows the contact event to the present time. -->
  <string name="days_after">in %d days</string>
  <string name="months_after">in %d months</string>
  <string name="days_ago">%d days ago</string>
  <string name="months_ago">%d months ago</string>
  <string name="today">today</string>
  <string name="show_group_icon">Show group picture</string>
  <string name="show_group_icon_summary">Show each groups icon</string>
  <string name="using_system_sms_program">Use default SMS program</string>
  <!-- According to user feedback that I might in the new version, use it again. -->
  <string name="using_system_sms_program_summary">Disable the software  SMS send function</string>
  <string name="recipients_limit">Limit for number of recipients</string>
  <string name="recipients_limit_summary">When the number of recipients is greater than this value, send in batches automatically</string>
  <string name="send">Send</string>
  <string name="confirm_send_message">Continue to send messages to the remaining contacts?</string>
  <!-- For example, Tablet PC does not support sending text messages. However, click the SMS icon.
    I will call the SMS program. The system will report an exception. Then display this prompt. -->
  <string name="system_does_not_support">System does not support!</string>
  <string name="ungrouped_contacts">Ungrouped contacts</string>
  <string name="multipleContactsDeleteConfirmation">Selected contacts will be deleted.</string>
  <!--pref default view -->
  <string name="pref_title_default_view">Default tab</string>
  <string name="pref_default_view_summary">The default tab at startup: %s</string>
  <!--pref show auto groups -->
  <string name="pref_title_display_auto_group">Show automatic groups</string>
  <string name="pref_display_auto_group_summary">Including \"All contacts\", \"Ungrouped contacts\".</string>
  <string name="label_hide">Hide</string>
  <string name="hide_group_summary">Do not show this group</string>
  <string name="fast_scroll_alphabet">\u0020ABCDEFGHIJKLMNOPQRSTUVWXYZ</string>
  <string name="fast_scroll_numeric_alphabet">\u00200123456789ABCDEFGHIJKLMNOPQRSTUVWXYZ</string>
  <!-- Because the different SMS programs. When I provide a phone number to the SMS program,
    some require the use of a semicolon to separate the numbers, and some require a comma. Therefore, this option provides. -->
  <string name="sms_compatibility_mode_title">SMS/MMS send mode</string>
  <string name="sms_compatibility_mode_summary">Select this if your "SMS program," not the normal
		reception of telephone numbers. For example: XT800</string>
  <string name="menu_sort_hide">Sort &amp; Hide</string>
  <string name="menu_sort_alphabetically">Alphabetically</string>
  <string name="pref_in_call_widget_title">In call widget</string>
  <string name="pref_help_title">Help</string>
  <string name="pref_online_help_title">Online Help</string>
  <string name="menu_cancel_send_to_voicemail">Unblock calls from shown contacts</string>
  <string name="pref_feedback_title">Feedback via email</string>
  <string name="pref_about_title">About</string>
  <string name="version">Version</string>
  <string name="pref_name_display_order_summary">Change the name display sort order. This can affect the display speed.</string>
  <string name="pref_contacts_account_title">Account data</string>
  <string name="pref_contacts_account_summary">Display contacts from: %s</string>
  <string name="all_account">All accounts</string>
  <string name="pref_show_account_name_title">Show account name</string>
  <string name="pref_show_account_name_summary">Show account names below the group names.</string>
  <string name="select_account">Select Account</string>
  <string name="pref_register_code_title">Enter registration code</string>
  <string name="pref_register_code_summary">You must enter registration code (no internet connection required), which you got in your payment confirmation email</string>
  <!-- A setting item, click it to open, buy the software license key dialog box. -->
  <string name="pref_get_register_code_title">Buy registered version</string>
  <string name="pref_get_register_code_summary">
		Please register our application to use the full functionality. We need your donation to support the sustainable development of this software.
	</string>
  <string name="buying_tips">
		Here you have 2 possibilities (both have the same functionality): You can register it to your device serial number(Paypal or Credit Card)  or to your google account(Google Play - installing Pro version )</string>
  <string-array name="purchase_channels">
    <item>Google Play</item>
    <item>PayPal or Credit Card</item>
    <item>Recommend to friends</item>
  </string-array>
  <string-array name="purchase_channels_summary">
    <item>Register this software to your google account (buy and install the Pro version via Google Play). After installing Pro version, please uninstall the Free version.</item>
    <item>Register this software to device serial number: %s.
			After payment process, you will get a confirmation email with your registration code.
			Afterwards check registration via single-click on [Online registration check].</item>
    <item>Get a free registration code</item>
  </string-array>
  <string name="menu_delete_all">Delete all</string>
  <!-- Menu title the user can use for trying to resend a message. -->
  <string name="menu_retry_sending">Retry sending</string>
  <string name="message">Message</string>
  <string name="failed">Failed</string>
  <string name="queued">Queued</string>
  <string name="outbox">Outbox</string>
  <string name="sent">Sent</string>
  <string name="auto_replace_to_name">Automatically replace "???" with the
		contact\'s full name; "??F" with the surname;
		"??G" with the given name; "??N" with the nick name.</string>
  <string name="example_message">Hello, ???</string>
  <string name="sms_preview">Preview:</string>
  <string name="message_send_state_successfully">Sent successfully.</string>
  <string name="message_send_state_failed">Sending failed.</string>
  <string name="message_send_unknown_error">Unknown error. %d message was not sent.</string>
  <string name="message_send_no_signal">No signal, or airplane mode is active. %d message was not sent.</string>
  <string name="message_send_successfully">All messages were sent successfully.</string>
  <string name="need_the_paid_version">Only available in the paid version</string>
  <!-- As a "contact group"on the phone the main screen to create a shortcut. -->
  <string name="create_shortcut">Create shortcut to home</string>
  <string name="menu_move_to_group">Move to group</string>
  <string name="pref_tabs_title">Activate &amp; Sort</string>
  <string name="pref_tabs_summary">You can activate and sort, which tabs should be possible to use</string>
  <!--pref theme -->
  <string name="pref_theme_title">Theme base</string>
  <!-- Change the software interface look. -->
  <string name="pref_theme_summary">Set the base of theme</string>
  <string name="search">Search</string>
  <string name="pref_services_title">Background service settings</string>
  <!-- Settings screen, section heading for SMS-specific settings -->
  <string name="pref_sms_settings_title">"Text message (SMS) settings"</string>
  <!-- Settings screen, section heading for EMAIL-specific settings -->
  <string name="pref_email_settings_title">"Email settings"</string>
  <!-- Settings item for boolean option to enable/disable SMS delivery reports -->
  <string name="pref_title_sms_delivery_reports">Delivery reports</string>
  <!-- Settings item description for boolean SMS delivery report setting -->
  <string name="pref_summary_sms_delivery_reports">Request a delivery report for each message.</string>
  <string name="pref_contact_sort_order_title">Sort list by</string>
  <string name="pref_contact_sort_order_summary">Change the contact list sort order. This can affect the display speed.</string>
  <!-- CHANGED ORDER -->
  <string name="contact_sort_order_FamilynameAlternate">Lastname - alternate</string>
  <string name="contact_sort_order_RecentContacted">Recent contacted</string>
  <string name="contact_sort_order_LongTimeNotContacted">Long time not contacted</string>
  <string name="contact_sort_order_CreationTime">Creation time</string>
  <string name="contact_sort_order_DefaultAlternate">Default - alternate</string>
  <!-- An automatic group, it shows all the contacts included telephone numbers. -->
  <string name="has_phone_number_contacts">Has phone number contacts</string>
  <string name="exit_prompt">Press return again to exit.</string>
  <string name="pref_exit_prompt_title">Prompt before exit</string>
  <string name="pref_exit_prompt_summary">Show an extra warning before exit</string>
  <string name="pref_language_title">Language</string>
  <string name="load_license_success">Loading license from the network was successful.</string>
  <string name="load_license_failed">Loading license from the network failed!</string>
  <string name="license_check_success">License check was successful.</string>
  <string name="license_check_failed">License check failed!</string>
  <string name="load_license_unregistered">You have not yet registered.</string>
  <string name="sending">Sending …</string>
  <string name="error">Error</string>
  <string name="clear_data_or_uninstall_app">Clear data or uninstall the App</string>
  <string name="database_update_error_message">"Sorry!
Error in updating database structure.
This error occurs because the database file permissions exception. Estimates of the problem, because the backup software.
Here are three ways to correct the problem. Please try one by one until the problem is corrected.
1. Restart the phone;
2. Into the mobile software management interface, clear the application data;
3. Uninstall and reinstall the software."</string>
  <!-- It shows the contact event to the present time. -->
  <string name="one_day_after">Tomorrow</string>
  <string name="one_month_after">In 1 month</string>
  <string name="one_day_ago">Yesterday</string>
  <string name="one_month_ago">Last month</string>
  <string name="menu_edit_event">Edit event for contact</string>
  <string name="menu_add_to_calendar">Add event to calendar</string>
  <string name="menu_delete_event">Delete event from contact</string>
  <string name="menu_duplicate_contact">Duplicate contact</string>
  <string name="mes_sendSmsSystemLimit">Because the system limit, %1$s hour can only send %2$s SMS. Automatically retry after %1$s hour.</string>
  <string name="sendInBatches">Batches</string>
  <string name="sendInSingle">Single</string>
  <string name="sendInBatchesMessage">Recipient number greater than the "Limit for number of recipients" in the settings. Enter the message in the text box start batch send or choose "Single" Start a single send.</string>
  <string name="pref_title_eventNotification">Event notification settings</string>
  <string name="pref_title_notificationTime">Notification time</string>
  <string name="pref_title_notificationRingtone">Notification ringtone</string>
  <string name="pref_summary_notificationTime">Adjust time when notification should be happen</string>
  <string name="pref_title_notificationBeforeHappen">Notification before happen</string>
  <string name="pref_summary_notificationBeforeHappen">%s days before notification should happen</string>
  <string name="pref_title_notification">Notification</string>
  <string name="pref_title_reminder">Reminder</string>
  <string name="pref_summary_reminder">%s before</string>
  <string name="pref_title_ringtone">Ringtone</string>
  <string name="pref_title_alarm">Alarm</string>
  <string name="pref_title_mergeSubgroup">Merge sub-group</string>
  <string name="pref_summary_mergeSubgroup">Sub-groups of contacts displayed in the parent group.</string>
  <string-array name="pref_entries_notificationTime">
    <item>1 minute</item>
    <item>5 minutes</item>
    <item>10 minutes</item>
    <item>15 minutes</item>
    <item>20 minutes</item>
    <item>25 minutes</item>
    <item>30 minutes</item>
    <item>45 minutes</item>
    <item>1 hour</item>
    <item>2 hours</item>
    <item>3 hours</item>
    <item>12 hours</item>
    <item>24 hours</item>
    <item>2 days</item>
    <item>1 week</item>
  </string-array>
  <!-- Not in phone book contacts. -->
  <string name="unknown_contacts">Unknown contacts</string>
  <string name="not_in_phone_book_contacts">Not in phone book contacts.</string>
  <string name="eventNotification">Event Notification</string>
  <string name="eventNotificationMessage">"%s\'s birthday/event coming soon."</string>
  <!-- When using the "Firstname first" show name, "Firstname" and "Lastname" split between the symbols. Most language is a space. -->
  <string name="givenNameFirstSeparator">" "</string>
  <!-- When using the "Lastname first" show name, "Firstname" and "Lastname" split between the symbols. -->
  <string name="familyNameFirstSeparator">", "</string>
  <string name="vCard">vCard</string>
  <string name="text">Text</string>
  <string name="pref_title_likeTheSoftware">Support our software</string>
  <string name="pref_title_rating">Rating</string>
  <string name="pref_summary_rating">Give a good rating in the Market.</string>
  <string name="pref_title_share">Share</string>
  <string name="pref_summary_share">Recommend this software to your friends.</string>
  <string name="contact_group">Groups</string>
  <!-- Set the time to send text messages in the future. -->
  <string name="regularlySent">Regularly sent</string>
  <string name="time">Time</string>
  <string name="pref_title_EmailProgram">E-mail program</string>
  <string name="pref_summary_on_EmailProgram">Use the default E-mail program.</string>
  <string name="pref_summary_off_EmailProgram">Prompted to choose when sending messages.</string>
  <string name="toolbox">Toolbox</string>
  <string name="pref_title_SMSSendInterval">Send interval</string>
  <string name="pref_summary_SMSSendInterval">Send a text message each time interval (in seconds).</string>
  <string name="app_dialer_name">DW Dialer</string>
  <string name="menu_sort">Sort order</string>
  <string name="license_check_failed_message">Software License check error! Make sure that you can now access the Google Play.</string>
  <string name="menu_unselectAll">Unselect all</string>
  <string name="pref_title_themeCustomize">Theme settings</string>
  <string name="pref_title_backgroundColor">Background color</string>
  <string name="pref_title_backgroundColorForTitles">Background title color</string>
  <string name="pref_title_textColorForTitles">Text title color</string>
  <string name="pref_title_textColorMarked">Text marked color</string>
  <string name="pref_title_hideTheTitle">Hide title bar</string>
  <string name="pref_title_hideTheStatusbar">Hide status bar</string>
  <string name="pref_title_hideTabLabel">Hide tab bar label</string>
  <string name="pref_title_autoHideTab">Hide tab bar</string>
  <string name="pref_summary_autoHideTab">Automatic, will hide the tabs after switching to another tab</string>
  <string name="reset">Reset</string>
  <string name="pref_title_automaticRotation">Automatic rotation</string>
  <string name="pref_summary_automaticRotation">Automatic screen rotation can be switched on or off</string>
  <string name="menu_editNotes">Edit notes</string>
  <string name="addSelectedContactsToFavorites">Add contacts to favorites</string>
  <string name="removeSelectedContactsFormFavorites">Remove contacts from favorites</string>
  <string name="deleteSelectedContacts">Delete contacts</string>
  <string name="duplicateSelectedContacts">Duplicate contacts</string>
  <string name="setGroupForSelectedContacts">Set group for contacts</string>
  <string name="forSelectedContacts">For selected contacts</string>
  <string name="searchAnything">Search anything</string>
  <string name="quickDialManager">Quick dial manager</string>
  <string name="menu_shareNumber">Share number</string>
  <string name="menu_setGroupForContact">Set group for contact</string>
  <string name="pref_title_tabSettings">Tab settings</string>
  <string name="sendSMStoShownContacts">Send SMS/MMS to shown contacts</string>
  <string name="sendEmailtoShownContacts">Send email to shown contacts</string>
  <string name="setRingtoneForShownContacts">Set ringtone for shown contacts</string>
  <string name="pref_title_enableEventNotification">Enable event notification</string>
  <string name="forSelectedGroups">For selected groups</string>
  <string name="menu_send_group_message">Send SMS/MMS to group</string>
  <string name="menu_delete_group">Delete group</string>
  <string name="menu_deleteGroups">Delete groups</string>
  <!-- 	<string name="forSelectedOrgs">For selected companies</string> -->
  <!-- 	<string name="menu_editOrg">Edit company</string> -->
  <!-- 	<string name="forSelectedTitles">For selected titles</string> -->
  <!-- 	<string name="menu_editTitle">Edit title</string> -->
  <string name="menu_editContactFromEvent">Edit contact from event</string>
  <string name="menu_focus2Today">Focus to today</string>
  <string name="generalDeleteConfirmation">Are you sure you want to delete?</string>
  <string name="addContactTo">Add contact to %s</string>
  <string name="removeContactFrom">Remove contact from %s</string>
  <string name="pref_title_showTabAtTop">Show tab bar at top</string>
  <!-- Within the group "contact list" label -->
  <string name="labelWithinGroupContactsList">Contacts</string>
  <string name="multipleChoicePrompt">
	Multi-select is limited in FREE version to %d items per action. If you
	need to send a message to the group, use the group list press menu.</string>
  <string name="pref_title_dialerPadTone">Tone on pressing dialer pad</string>
  <string name="recentChanges">Recent changes</string>
  <string name="more">More</string>
  <string name="selectAll">Select all</string>
  <string name="pref_title_alwaysToDefTab">Always start with default tab</string>
  <string name="pref_summary_alwaysToDefTab">Dial button to start the app still opens the default tab.</string>
  <string name="pref_title_showMostContactedBelowFavorites">Show most contacted below favorites</string>
  <string name="pref_title_showEventsFromToday">Show events from today</string>
  <string name="pref_title_YPositionOfInfoWindow">Y-Position of info window</string>
  <string name="pref_summary_YPositionOfInfoWindow">The up/down position of info window. Also the position can be moved directly on incomming call.</string>
  <string name="pref_title_backupRestore">Backup &amp; Restore</string>
  <string name="pref_title_backupAllSettings">Backup of all settings</string>
  <string name="pref_title_restoreAllSettings">Restore of all settings</string>
  <string name="pref_title_restoreDefaultSettings">Restore default settings</string>
  <string name="pref_title_showMyContactsInUngrouped">Ignore system-group \"My Contacts\"</string>
  <string name="pref_title_startDialerWithoutDialerPad">Start dialer without dialer pad</string>
  <string name="pref_summary_showMyContactsInUngrouped">Show contacts (which are only in system-group \"My Contacts\") under \"Ungrouped contacts\".</string>
  <string name="toast_allSettingsToDefault">All settings have been restored to the default.</string>
  <string name="toast_settingsBackedSuccessfully">Settings have been backed up to %s</string>
  <string name="toast_settingsBackedFailed">Backup failed. Make sure that you have set a valid backup path.</string>
  <string name="toast_settingsRestorSuccessfully">Settings were successfully restored from %s.</string>
  <string name="toast_settingsRestorFailed">Restore failed. Make sure that you have set the correct path, where the settings are saved.</string>
  <string name="menu_newOrg">New Company</string>
  <string name="menu_newTitle">New title</string>
  <string name="enterAName">Enter a name</string>
  <string name="pref_title_t9Search">T9 search settings</string>
  <string name="pref_summary_t9Search">These are advanced options, which are related on tab "phone" and how the T9-search will work there</string>
  <string name="pref_title_matchingAnywhere">Match words anywhere</string>
  <string name="pref_summary_matchingAnywhere">\"WTT\" match \"dW conTacTs\"</string>
  <string name="pref_title_matchingPart">Match exact part of word phrase</string>
  <string name="pref_summary_matchingPart">\"NTA\" match \"dw coNTActs\"</string>
  <string name="pref_title_matchingFirstLetter">Match the first letter</string>
  <string name="pref_summary_matchingFirstLetter">\"DCO\" match \"Dw COntacts\"</string>
  <string name="pref_title_sortByDegreeOfMatch">Sorted by degree of match</string>
  <string name="menu_copyToClipboard">Copy to clipboard</string>
  <string name="menu_createEvent">Create appointment</string>
  <string name="useLimitFeaturePrompt">You can use this feature only %d times in FREE version.</string>
  <string name="pref_title_appointmentSettings">Appointment settings</string>
  <string name="pref_title_defaultAppointmentText">Default appointment text</string>
  <string name="pref_summary_defaultAppointmentText">Add a text, which will be inserted before adding name + number</string>
  <string name="pref_default_defaultAppointmentText">"Call with "</string>
  <string name="titlesList">Titles</string>
  <string name="eventsList">Events</string>
  <string name="pref_title_showInContactList">Items to show</string>
  <string-array name="pref_entries_showInContactList">
    <item>Numbers</item>
    <item>Company</item>
    <item>Title</item>
    <item>Groups</item>
    <item>Account icon</item>
    <item>Contact pictures</item>
    <item>Email button</item>
    <item>SMS button</item>
    <item>Dial button</item>
    <item>Notes</item>
  </string-array>
  <string name="pref_title_showNotesLines">Limit notes to x lines</string>
  <string name="tips_clickToSeeAllText">By clicking a list item, you can see all the text</string>
  <string name="pref_title_colorForGroups">Background color - groups</string>
  <string name="pref_title_colorForTitle">Background color - titles</string>
  <string name="pref_title_fontSize2">Font size (2nd line)</string>
  <string name="pref_title_fontSize3">Font size (3rd line)</string>
  <string name="pref_title_useNumberSearch">Use number in search</string>
  <string name="pref_summary_useNumberSearch">If activated, it will also search for numbers</string>
  <string name="noEmailAddress">No Email address</string>
  <string name="pref_title_showCallLogOnPhone">Show call log on phone</string>
  <string name="listTotalCallHistory">Displaying %1$d calls / duration %2$s</string>
  <string name="pref_title_showContactsOnPhoneStart">Show contacts on start</string>
  <string name="pref_summary_showContactsOnPhoneStart">If enabled, all contacts also shown in list</string>
  <string name="listTotalCallLog">Displaying %d different call numbers</string>
  <string name="upcoming">Upcoming</string>
  <string name="pref_title_phoneSettings">Phone settings</string>
  <string name="pref_title_mergeCallLog">Merge call log</string>
  <string name="pref_title_showCounterOnMergedCallLog">Show counter on merged call log items</string>
  <string name="pref_summary_showCounterOnMergedCallLog">If activated, it will show on the right side of contact name the counter how much calls are merged together</string>
  <string name="pref_title_groupCallLogByDate">Show call log group by date</string>
  <string name="pref_summary_groupCallLogByDate">If activated, it will group call logs by date</string>
  <string name="pref_title_limitCallLogOnXDays">Limit call log on %s days</string>
  <string name="pref_summary_limitCallLogOnXDays">Limit call log on %s days (0 = show all)</string>
  <string name="pref_message_0toShowAllDays">0 to show all days</string>
  <string name="pref_message_0toShowAllItems">0 to show all items</string>
  <string name="pref_title_matchingSkipWord">Allows skip word</string>
  <string name="pref_summary_matchingSkipWord">\"DPH\" match \"Dw contacts &amp; PHone\"</string>
  <string name="pref_title_matchingSkipSpace">Allows skip space</string>
  <string name="pref_summary_matchingSkipSpace">\"TSPH\" match \"dw contacTS &amp; PHone\"</string>
  <string name="pref_title_globalSettings">Global settings</string>
  <string name="pref_title_registrationStates">Status: %s</string>
  <string name="pref_summary_registrationStates">This version is %1$s for device serial number: %2$s</string>
  <string name="registered">Registered</string>
  <string name="unregistered">Unregistered</string>
  <string name="pref_title_onlineRegistrationCheck">Online registration check</string>
  <string name="pref_summary_onlineRegistrationCheck">It will check, if your device is not registered (internet connection required).</string>
  <string name="pref_title_registration">Registration</string>
  <string name="pref_summary_registration">Unlock extended functions, remove ads</string>
  <string name="pref_summary_showContactsWithPhoneNumber">If disabled, it will use the system [Contact display filtering], which can be adjusted under [Global settings]</string>
  <string name="pref_title_historyViewSettings">History view settings</string>
  <string-array name="pref_entries_dialerPadTone">
    <item>DTMF Tone</item>
    <item>Click Tone</item>
    <item>OFF</item>
  </string-array>
  <string name="pref_title_limitNumberTitleToXChar">Length of phone number title</string>
  <string name="pref_summary_limitNumberTitleToXChar">Set to 0 would show full length of phone number title</string>
  <string name="pref_title_supportForum">Support forum</string>
  <string name="pref_title_textColor">Text color</string>
  <string name="historyList">History</string>
  <string name="startProVerPrompt">Pro version is detected. Does it start now?</string>
  <string name="pref_title_selectedBackgroundColor">Pressed key background color</string>
  <string name="pref_title_dialpadThemeSettings">Phone dialpad settings</string>
  <string name="pref_title_globalThemeSettings">Global theme settings</string>
  <string name="pref_title_showAlwaysAddIcon">Show always *add* icon</string>
  <string name="pref_summary_showAlwaysAddIcon">If enabled, it will show in the list on first line the "+" icon, where you can add a contact</string>
  <string name="pref_title_eventGreetingText">Event greeting text</string>
  <string name="pref_default_eventGreetingText">Hello ???, i wish you all the best for your ??A\'th ??E</string>
  <string name="pref_title_eventGreetingSubject">Event greeting subject</string>
  <string name="pref_summary_eventGreetingSubject">Only used if sending via email</string>
  <string name="pref_message_eventGreetingText">You can use also variable "???" with the contact\'s full name; "??F" with the surname; "??G" with the given name;
               "??N" with the nick name; "??A" for age; "??E" for event type</string>
  <string name="pref_default_eventGreetingSubject">Greetings to your ??A\'th ??E</string>
  <string name="menu_sendGreetingSMSToContact">Send event SMS/MMS to contact</string>
  <string name="menu_sendGreetingEmailToContact">Send event email to contact</string>
  <string name="pref_title_storeSendSMSToSystemDB">Store sent SMS/MMS to database</string>
  <string name="pref_summary_storeSendSMSToSystemDB">If activated, sent SMS/MMS will stored to system database.</string>
  <!-- 	<string name="pref_title_backgroundImage">Background image</string> -->
  <!-- 	<string name="pref_summary_backgroundImageEn">If you use background image, the background color can be used simultaneously as color filter</string> -->
  <string name="pref_title_textColorSecond">Text color 2nd + 3rd line</string>
  <string name="pref_title_textColorLabel">Text color for labeled 3rd line</string>
  <string name="pref_title_backgroundListSectionColor">Background list section color</string>
  <string name="pref_title_textListSectionColor">Text list section color</string>
  <string name="pref_title_showAlphabetListSection">Show alphabet list section</string>
  <string name="pref_title_fontSizeforDigits">Font size for digits</string>
  <string name="pref_title_fontSizeforLetters">Font size for letters</string>
  <string name="pref_title_dialpadIconsArrangement">Dialpad icons arrangement</string>
  <string-array name="pref_entries_dialpadIconsArrangement">
    <item>Dial/Input/Delete</item>
    <item>Delete/Input/Dial</item>
    <item>Input/Delete/Dial</item>
  </string-array>
  <!-- 	quick jump to alphabetic listcreate new contact -->
  <string name="menu_quickJump">Quick-Jump</string>
  <string-array name="pref_entries_hideTab">
    <item>On</item>
    <item>Off</item>
    <item>Auto</item>
  </string-array>
  <string name="pref_title_backgroundColorQuickJump">Quick-Jump background color</string>
  <string name="pref_title_textColorQuickJump">Quick-Jump text color</string>
  <string name="pref_title_disableSlideSwitchingTabs">Disable slide-switching tabs</string>
  <string name="pref_title_showNumberKeyboardOnDialpad">Show number keyboard on dialpad</string>
  <string name="pref_title_dialpadToFullWidth">Dialpad to full screen width</string>
  <string name="pref_summary_dialpadToFullWidth">If activated, it will show in landscape mode the dialer to full screen width (otherwise it is on the right side)</string>
  <string name="pref_title_smsSignature">SMS/MMS signature</string>
  <string name="pref_summary_smsSignature">Signature, will always be added at the end of SMS/MMS</string>
  <!-- 2.0.7 -->
  <string name="pref_title_languageForT9">Language for T9-search</string>
  <string name="pref_summary_languageForT9">You can add extra languages, which should be used for T9-search</string>
  <string name="pref_title_quickJumpAlignment">Quick-Jump alignment</string>
  <string-array name="pref_entries_quickJumpAlignment">
    <item>Top</item>
    <item>Center</item>
    <item>Bottom</item>
  </string-array>
  <string name="menu_gridView">Grid view</string>
  <string name="menu_listView">List view</string>
  <string name="pref_title_gridViewSettings">Grid view settings</string>
  <string name="pref_title_gridViewSize">Grid size</string>
  <string name="pref_title_lockGridSize">Lock grid size</string>
  <string name="pref_summary_lockGridSize">If it is locked, then the quick-jump can be used again via 2 finger slider</string>
  <string name="pref_title_phoneDialpadHeight">Phone dialpad height</string>
  <string name="pref_title_moreSettings">Detail view settings</string>
  <string name="pref_summary_moreSettings">More detailed settings for each tab view</string>
  <string name="pref_title_displayNameBelowThePicture">Display name below the picture</string>
  <string name="menu_exportContactPicture">Export contact picture</string>
  <string name="toast_saveFailed">Save failed!</string>
  <string name="toast_saveSuccessfully">Successfully saved to: %s</string>
  <string name="callConfirm">Dialing confirmation</string>
  <string name="pref_summary_callConfirm">If enabled, it will show you a popup windows with a confirmation request before dialing</string>
  <string name="pref_title_automaticConfirmationDelay">Automatic confirmation delay</string>
  <!-- It is an option to set a time for the control [Dialing confirmation] dialog.
     At the end of the counter automatically close [Dialing confirmation] dialog. -->
  <string name="pref_title_automaticCancelDelay">Automatic cancel delay</string>
  <string name="pref_summary_automaticConfirmationDelay">You can touch anywhere on the screen to stop the timer</string>
  <string name="pref_title_picturePositionOnRight">Picture position on right</string>
  <string name="updateCheck">Update check</string>
  <string name="noUpdates">No updates are available</string>
  <string name="download">Download</string>
  <string name="pref_title_globalIconSize">Global icon size</string>
  <string name="pref_summary_globalIconSize">This size define the width of all icons: dial in dialpad, back key in dialpad, dial, sms, email, picture</string>
  <string name="pref_title_backKeyHideDailpad">Back key hide dialpad</string>
  <string name="pref_summary_backKeyHideDailpad">If disabled, first click on hardware button "back" will close application. Otherwise it will hide dialpad before doing exit</string>
  <string name="pref_title_hapticFeedbackVibration">Haptic feedback vibration</string>
  <string name="pref_title_hapticFeedbackStrength">Haptic feedback strength</string>
  <string name="pref_title_limitCallLogOnXitems">Limit call log on max %s items</string>
  <string name="pref_summary_limitCallLogOnXitems">Limit call log on max %s items (0 = unlimited)</string>
  <string name="pref_title_dividerLineColor">Divider line color</string>
  <string name="menu_quickDial">Quick-Dial</string>
  <string name="buying_tips_in_free">You can use the "Google Play" to buy the Pro version. If you live in the area can not use "Google Play" to buy applications. You can download the REG version and then register it. Both versions have the same functionality.</string>
  <string name="buying_channel_registration">Download the REG version</string>
  <string name="pref_title_buyAdvancedVersion">Buy advanced version</string>
  <string name="freeVersionFound">FREE version found on your system.</string>
  <string name="uninstallFreeVersionPrompt">We recommended, that you uninstall FREE version and using the registered version. Before uninstalling, you may need to back up your data in the Free version. Then recover in the Pro version.
		Should i uninstall now the FREE version?</string>
  <string name="pref_title_copySerialNum">Copy device serial number to clipboard</string>
  <string name="askToCheckRegistrationCode">"Registation key not valid or not registered. Do you want to check registration code now?"</string>
  <string name="deleteContactConfirmation">Contact \"%s\" will be deleted.</string>
  <string name="enable">Enable</string>
  <string name="allIncomingCalls">All incoming calls</string>
  <string name="anonymousIncomingCalls">Anonymous incoming calls</string>
  <string name="anonymousIncomingCallsSummary">When calls do not send phone number</string>
  <string name="automaticGroups">Automatic groups</string>
  <string name="pref_title_dialPrefix">Dial prefix</string>
  <string name="pref_summary_dialPrefix">If prefix is given, there will be an extra options to call them via long press menu</string>
  <string name="pref_title_dialSuffix">Dial suffix</string>
  <string name="pref_summary_dialSuffix">If suffix is given, there will be an extra options to call them via long press menu</string>
  <string name="pref_title_quickDialLimit">Quick-dial limit</string>
  <string name="pref_title_languageForT9Keyboard">Language for T9-keyboard</string>
  <string name="pref_summary_languageForT9Keyboard">Select the language you want to display in the T9 dial pad.</string>
  <string name="callFilterAction">Action</string>
  <string-array name="callFilterActions">
    <item>Intercept</item>
    <item>Allows</item>
    <item>Silence</item>
  </string-array>
  <string name="callFilterType">Filter type</string>
  <string-array name="callFilterTypes">
    <item>Group filter</item>
    <item>Number filter</item>
    <item>Recently contacted phone number</item>
  </string-array>
  <string-array name="callFilterTypesHint">
    <item>Select groups for filter</item>
    <item>Input number for filter</item>
    <item>Select the valid duration</item>
  </string-array>
  <string name="ruleEditor">Rule editor</string>
  <string name="label">Label</string>
  <string name="numberFilterExplain">* = any string, ? = any character</string>
  <string name="effectiveTimeOfTheRule">"Activity from %1$s to %2$s"</string>
  <string name="menu_viewRelatedContacts">View related contacts</string>
  <string name="title_selectNumbers">Please select numbers</string>
  <string name="title_selectEmailAddresses">Please select email addresses</string>
  <string name="pref_title_lockView">Lock items view changes</string>
  <string name="pref_summary_lockView">Lock items view to change items via 2 finger sliding</string>
  <string name="selectedNumberOfContacts">Selected %d contacts</string>
  <string name="selectedNumberOfEmailAddresses">Selected %d addresses, Click to copy to clipboard.</string>
  <string name="selectedNumberOfPhoneNumbers">Selected %d phone numbers</string>
  <!-- 2.1.1 -->
  <string name="pref_title_nameFieldToShow">Select name field to show</string>
  <string name="pref_summary_nameFieldToShow">Effective only when set the \"Show contact as\" non-default.</string>
  <string-array name="pref_entries_nameField">
    <item>Given name</item>
    <item>Family name</item>
    <item>Middle name</item>
    <item>Name prefix</item>
    <item>Name suffix</item>
    <item>Phonetic given name</item>
    <item>Phonetic family name</item>
    <item>Phonetic middle name</item>
  </string-array>
  <string name="pref_title_showMatchFirstLetterResultsFirst">Show \"Match the first letter\" results first</string>
  <string name="pref_title_clickTheActions">Click list entry actions</string>
  <string name="pref_summary_clickTheActions">Action when you click the list entry.</string>
  <string name="pref_summary_clickListIconActions">Action when you click the contact icon in list view.</string>
  <string name="action_viewItemAuto">View item (auto contact or history)</string>
  <string name="action_viewContactDetails">View contact details</string>
  <string name="action_selectNumberToCall">Select a number to call</string>
  <string name="action_viewContactHistory">View contact history</string>
  <string name="action_viewQuickContactBadge">View quick contact badge</string>
  <string name="action_callCurrentNumber">Call current number</string>
  <string name="action_callDefaultNumber">Call default number</string>
  <string name="action_callUsingSIP">Call using SIP</string>
  <string name="action_sendMessageToCurrentNumber">Send SMS/MMS to current number</string>
  <string name="action_sendMessageToDefaultNumber">Send SMS/MMS to default number</string>
  <string name="pref_title_clickIconActions">Click icon actions</string>
  <string name="pref_summary_clickIconActions">Action when you click the contact icon in grid view.</string>
  <string name="pref_title_lockWindowPosition">Lock the window position</string>
  <string name="pref_summary_lockWindowPosition">If you do not want to move it by dragging.</string>
  <string name="pref_title_showCallerLocation">Show the location of the caller</string>
  <string name="downloadPluginPrompt">Need to install plug-ins. Download Now?</string>
  <string name="Default">Default</string>
  <string name="pref_title_searchCallLog">Search call log</string>
  <string name="pref_summary_searchCallLog">Need to open \"Show call log on phone\"</string>
  <string name="menu_shareContacts">Share contacts</string>
  <string name="font_size">Font size</string>
  <string name="show_call_log_filter">Show call log filter</string>
  <string name="hide_call_log_filter">Hide call log filter</string>
  <string name="prompt_in_sms_tab">Display the SMS sent to the group by DW Contacts.</string>
  <string name="pref_title_exitWhenCallEnds">Exit when the call ends</string>
  <string name="pref_title_residesInMemory">Resides in memory</string>
  <string name="pref_summary_residesInMemory">The same time open "Enable background services" can be kept in memory longer time.</string>
  <!-- Header that expands to list all of the types of settings -->
  <string name="optionsLabelsGroup">Options</string>
  <string name="pref_summary_textColorForSecondT9Languare">The color of the second T9 language</string>
  <string name="pref_title_enableDualcardSuppout">Enable dual-card support</string>
  <!-- 联系人详细信息 -->
  <string name="detailsList">Details</string>
  <string name="pref_title_minimumHeightOfListItem">Minimum height of list item</string>
  <string name="loading">Loading…</string>
  <string name="pref_title_displayWhenDialing">Display when dialing</string>
  <string name="pref_title_usingMoreDetailedListSection">Using more detailed list section</string>
  <string name="pref_summary_usingMoreDetailedListSection">This will be used to quickly jump character</string>
  <string name="desktop_widget_limit_messages">In the free version can only create a desktop widget.</string>
  <string name="label_customField">Custom fields</string>
  <string name="menu_otherContactViewer">Other contact viewer</string>
  <string name="pref_title_hideStatistics">Hide statistics</string>
  <string name="pref_title_backupTheme">Backup theme settings</string>
  <string name="pref_title_restoreTheme">Restore theme settings</string>
  <string name="appwidget_titleText">Title</string>
  <string name="appwidget_summary_selectGroup">Please select the contact group to display.</string>
  <string name="iconSize">Icon size</string>
  <string name="widgetConfiguration">Widget configuration</string>
  <string name="pref_title_iconNumberOfColumns">Icon number of columns</string>
  <string name="pref_summary_iconNumberOfColumns">0 for automatically fit</string>
  <string name="tips_contactAppWidget">Click the widget title can enter the settings</string>
  <string name="pref_title_nameLines">Name lines</string>
  <string name="pref_summary_nameLines">0 to hide name</string>
  <string name="menu_deleteTheShownCallLog">Delete the shown call log</string>
  <string-array name="pref_entries_contactListSearchOptions">
    <item>Search all fields</item>
    <item>Search all contacts</item>
    <item>Search in Global Address List</item>
  </string-array>
  <string name="pref_title_defaultContactIcon">Default contact icon</string>
  <string name="pref_title_defaultGroupIcon">Default group icon</string>
  <string name="prompt_restoreDefaultSettings">Making settings backups first is recommended. Restore all settings to default now?</string>
  <string name="pref_title_interceptCallsEvenDuringCall">Intercept calls even during a call</string>
  <string name="pref_summary_interceptCallsEvenDuringCall">This may lead to the ongoing call ended.</string>
  <string name="pref_title_displayPromptWhenCallBlocked">Display a prompt when the call is blocked.</string>
  <!-- Call Statistics -->
  <string name="call_statistics">Call Statistics</string>
  <string name="freeNumbersManager">Free numbers manager</string>
  <string name="tab_call_statistics">Stats</string>
  <string name="call_type_incoming">Incoming</string>
  <string name="call_type_outgoing">Outgoing</string>
  <string name="call_type_missed">Missed</string>
  <string name="call_type_blocked">Blocked</string>
  <string name="call_type_all">All</string>
  <string name="call_duration">Duration</string>
  <string name="call_duration_minute">Cost.Min</string>
  <string name="call_count">Count</string>
  <string name="call_statistics_time_billingCycle">Billing cycle</string>
  <string name="call_statistics_time_thisMonth">This month</string>
  <string name="call_statistics_time_thisWeek">This week</string>
  <string name="call_statistics_time_all">All times</string>
  <string name="pref_title_startDayOfBillingCycle">The start day of the billing cycle</string>
  <string name="pref_title_missedCallsTextColor">Missed calls text color</string>
  <string name="pref_summary_unansweredOutgoingCallsTextColor">Unanswered outgoing calls</string>
  <string name="pref_title_freeMonthlyTalkTime">Free monthly talk time</string>
  <string name="pref_title_freeIncomingCalls">Free incoming calls</string>
  <string name="pref_title_costWarning">Cost warning</string>
  <string name="pref_summary_costWarning">Displays a reminder when the end of the free talk time</string>
  <string name="prompt_freeTalkTimeIsOver">Free talk time is over.</string>
  <string name="prompt_remainingFreeTalkTimer">Remaining free talk time: %1$d minutes; daily: %2$d minute.</string>
  <string name="pref_title_showGroupSContactsCount">Show group\'s contacts count</string>
  <string name="pref_summary_showGroupSContactsCount">Open it will affect the contact loading speed.</string>
  <string name="pref_title_contactPictureZoomMode">Contact picture zoom mode</string>
  <string-array name="pref_entries_contactPictureZoomMode">
    <item>Center</item>
    <item>Center crop</item>
    <item>Center inside</item>
    <item>Fit center</item>
    <item>Fit XY</item>
  </string-array>
  <string name="get_online_help">Get Online Help</string>
  <string name="error_report">Error report</string>
  <string name="hasNoPhoneNumberContacts">Has no phone number contacts</string>
  <string name="pref_title_minimumBillableTime">Minimum billable time</string>
  <string name="pref_summary_minimumBillableTime">The current setting is %s seconds. If talk time is 01:15. The setting is 30 seconds, the charging time will be 01:30; setting is 60 seconds, the charging time will be 02:00.</string>
  <string name="menu_showSidebar">Show sidebar</string>
  <string name="menu_hidesidebar">Hide sidebar</string>
  <string name="SIMCard1">SIM card 1</string>
  <string name="SIMCard2">SIM card 2</string>
  <string name="sim_card_office">Office</string>
  <string name="sim_card_home">Home</string>
  <string name="sim_card_call">Call</string>
  <string name="sim_card_internet">Internet</string>
  <string name="sim_card_heart">Heart</string>
  <string name="lable_sim_card_name">Name:</string>
  <string name="lable_sim_card_icon">Icon:</string>
  <string name="defaultSIMcard">Default SIM card</string>
  <string name="prompt_inFirstUseDialer">Making an emergency call depends on the system to provide dial-up software. Please make sure it works.</string>
  <string name="pref_title_enableBackgroundDataLoading">Enable background data loading</string>
  <string name="pref_summary_enableBackgroundDataLoading">Enable it to improve software response speed.
		Please note that this will increase battery consumption.</string>
  <string name="pref_title_scaleToFitTheScreen">Scale to fit the screen</string>
  <string name="pref_summary_scaleToFitTheScreen">Automatically scale the grid size to fit the screen</string>
  <string name="pref_summary_whenPortraitMode">Portrait mode</string>
  <string name="pref_summary_whenTheSidebarIsOpen">Portrait Sidebar mode</string>
  <string name="pref_summary_whenInLandscapeMode">Landscape mode</string>
  <string name="pref_summary_whenInLandscapeModeAndTheSidebarIsOpen">Landscape Sidebar mode</string>
  <string name="pref_title_usingMoreDetailedFastScroller">Using more detailed fast scroller</string>
  <string name="pref_title_contactFields">Contact fields</string>
  <string name="pref_summary_informationNeedSendToCalendar">Select information need to be sent to the calendar</string>
  <string-array name="pref_entriesNeedSendToCalendar">
    <item>Organization</item>
    <item>Address</item>
    <item>Phone</item>
    <item>Email</item>
    <item>Notes</item>
  </string-array>
  <string name="menu_addConsecutiveNumbers">Add consecutive numbers</string>
  <string name="startingNumber">Starting number</string>
  <string name="endingNumber">Ending number</string>
  <string name="prompt_ALotOfNumbersToAddToContact">The %d new numbers will be added to the contact. This will take some time.</string>
  <string name="prompt_numberParsingErrorInaddConsecutiveNumbers">Number parsing error! Please do not enter the formatted number.</string>
  <string name="prompt_needToAddNumbersTooMuch">This will lead to the %d number is added to the contact. Adding too many numbers will cause the phone to slow.</string>
  <string name="prompt_addConsecutiveNumbers_accountDoesNotSupport">Contact account does not support the addition of so many of phone numbers.</string>
  <string name="pref_title_usingHDContactPicture">Using HD contact picture</string>
  <string name="pref_title_linksInNotes">Links in Notes</string>
  <string name="pref_summary_linksInNotes">When enabled, web URLs, emails, street addresses, and telephone numbers in notes will be clickable.</string>
  <string name="pref_title_enableInCallWidget">Enable In call widget</string>
  <string name="pref_title_delayToClose">Delay to close</string>
  <string name="pref_summary_delayToCloseInCallWidget">Delay %ds Close the \"In call widget\" when the call ends.</string>
  <string name="pref_title_closeWhenOffhook">Close when Off-hook</string>
  <string name="pref_summary_closeWhenOffhook">Close the \"In call widget\" when you answer the call.</string>
  <string name="pref_summary_informationNeedShowInInCallWidget">Select information need show in \"In call widget\".</string>
  <string name="last_contact_time">Last contact time</string>
  <string name="contact_pictures">Contact pictures</string>
  <string name="menu_importToQuickdialList">Import to Quick-dial list</string>
  <string name="confirm_importToQuickdialList">Note that the imported data will overwrite the existing data.</string>
  <string name="toast_importToQuickdialListSuccessfully">%d number has been imported</string>
  <string name="pref_title_frameColor">Frame color</string>
  <string name="pref_title_hideDefaultIcon">Hide default icon</string>
  <string name="pref_summary_hideDefaultIcon">Hide the default icon in the list view.</string>
  <string name="pref_title_showInTheSidebar">Show in the Sidebar</string>
  <string name="pref_summary_showInTheSidebar">Select items need to be show in the Sidebar</string>
  <string-array name="pref_entries_showInTheSidebar">
    <item>Groups</item>
    <item>Companies</item>
    <item>Titles</item>
  </string-array>
  <string name="menu_addToQuickdialList">Add to Quick-dial list</string>
  <string name="toast_theNumberHasNeenAdded">The number has been added.</string>
  <string name="pref_title_fontSizeSidebar">Font size (Sidebar)</string>
  <!-- 	<string name="hour">Hour</string> -->
  <string name="contactedLastXHours">Contacted last %s hours</string>
  <!-- 	选中的邮件地址已经复制到剪贴板。您可以将它粘贴到邮件程序的地址字段 -->
  <string name="toast_selectedEmailAddressCopied">The selected e-mail address has been copied to the clipboard. You can paste it into the address field of the e-mail program.</string>
  <string name="pref_title_backUpAllData">Back up all data</string>
  <!-- 	由于数据库的更新。还原数据可能导致组铃声、组图片和防火墙工作不正常。请检查它们在恢复数据后。 -->
  <string name="pref_summary_backUpAllData">Since the update of the database. When the data is restored may lead group ringtones group pictures and call filter is not working properly. Please check them in the recovery data.</string>
  <!-- 	注意这不会备份联系人数据库。 -->
  <string name="warning_notBackUpContactsDatabase">Note that this does not back up the contacts database.</string>
  <string name="pref_title_restoreAllData">Restore all data</string>
  <string name="toast_backedSuccessfully">Successfully backed up to %s.</string>
  <string name="toast_backedFailed">Backup failed. Make sure that you have set a valid backup path.</string>
  <string name="toast_restorSuccessfully">Successfully restored from %s.</string>
  <string name="toast_restorFailed">Restore failed. Make sure that you have set the correct path.</string>
  <string name="close">Close</string>
  <string name="minimize">Minimize</string>
  <string name="maximize">Maximize</string>
  <string name="call">Call</string>
  <string name="toast_notSuppouteditingNotes">This contact does not support editing notes.</string>
  <!-- An option in the event notification settings, open it automatically sends the blessing SMS comes in contact events. -->
  <string name="pref_title_automaticallySendGreetingsSMS">Automatically send greetings SMS</string>
  <!-- 	注意发送消息时您不会得到通知，发送时间为事件当天的[通知时间]。 -->
  <string name="pref_summary_automaticallySendGreetingsSMS">Note that when sending a message, you will not get the notice. sending time for the event the day of the [Notification time]</string>
  <!-- Prompt message before you delete a call log. -->
  <string name="prompt_deleteCallLog">Note to delete call records will affect the call statistics.</string>
  <!--
    Dispaly in [In call Widget]
    Example:
    The last contact time: 5 days ago。 -->
  <string name="in_call_lastContactTime">Last contact time: %s</string>
  <string name="recommendToFriends">Recommend to friends</string>
  <string name="filterMode">Filter mode</string>
  <!-- 	Show contacts filter Details Grp = Group; Com = Company; Tit = Title -->
  <string name="contactsFilterSummary">Filtering: Grp: %1$s Com: %2$s Tit: %3$s</string>
  <string name="pref_title_largeDialButton">Large dial button</string>
  <!-- 	显示在联系人组编辑器，为编辑的组设置父组 -->
  <string name="parentGroup">Parent group</string>
  <string name="pref_title_formatPhoneNumber">Format phone number</string>
  <string name="menu_viewSelectedContacts">View the selected contacts</string>
  <string name="filter_status_all">ALL</string>
  <string name="pref_title_enableSlidingAction">Enable sliding action</string>
  <!-- 	启用滑动拨号等等，关闭它以便使用滑动切换号码。 -->
  <string name="pref_summary_enableSlidingAction">Enable sliding dial etc.
You can turn it off in order to use slide switch numbers.</string>
  <!-- Click Open browser to select files or other data -->
  <string name="browse">Browse</string>
  <string name="companies">Companies</string>
  <string name="company">Company</string>
  <string name="clear">Clear</string>
  <string name="other">Other</string>
  <string name="voice_input">Voice input</string>
  <string name="app_widget_name_dialer_3_3">DW Dialer 3 × 3</string>
  <string name="app_widget_name_dialer_2_3">DW Dialer 2 × 3</string>
  <string name="app_widget_name_dialer_4_4">DW Dialer 4 × 4</string>
  <string name="app_widget_name_agenda">DW Agenda</string>
  <!-- 	A menu item is used to select mode grouping contacts. -->
  <string name="menu_groupBy">Group by</string>
  <string name="menu_showHistory">Show history</string>
  <string name="menu_sendMessage">Send SMS/MMS</string>
  <string name="menu_sendMail">Send email</string>
  <string name="menu_setRingtone">Set ringtone</string>
  <string name="menu_insert">Insert</string>
  <string name="pref_title_disableAutomaticUpdates">Disable automatic updates.</string>
  <string name="pref_title_showsLinkToContactList">Shows a link to the contact list</string>
  <!-- A number label, recently contacted number，It shows in the contact details SMS TAB. Number selection drop-down list. For example: Recent:12345678 -->
  <string name="recent">Recent</string>
  <string name="dialog_title_selectFieldsToShare">Select fields to share</string>
  <string name="pref_title_showSIMCardNumber">Show SIM card number</string>
  <string name="pref_title_swapSIMCardNumber">Swap SIM card number</string>
  <string name="pref_summary_selectNeedToDisplayTabs">Select need to display tabs</string>
  <!-- 	检测到您正使用屏幕阅读程序。是否显示“电话号码选择对话框”在拨号前？ -->
  <string name="prompt_usePhoneNumberSelectionDialogWhenUseScreenReader">Detects that you are using a screen reader program. Whether to display \"Phone number selection dialog\" before dialing?</string>
  <string name="neverShowAgain">Never show again</string>
  <!-- 	选择[确定]，“通话中小部件”将不会再次显示。 -->
  <string name="prompt_neverShowAgain">Select [%1$s], The \"%2$s\" will not be displayed again.</string>
  <string name="dualSIMCardConfiguration">Dual SIM card configuration</string>
  <!-- 	如果SIM卡编号显示不正确，请先通过两个SIM卡各拨打一个电话，然后点击[重新检测]按钮。 -->
  <string name="prompt_retestSIMCardNumber">If the SIM card number display is not correct, please through two SIM cards each make a call, then click on the [Retest] button.</string>
  <!-- 	重新检测 -->
  <string name="retest">Retest</string>
  <!-- 	检测已完成 -->
  <string name="toast_retestSIMCardNumberCompleted">Testing has been completed.</string>
  <string name="toast_settingsHaveBeenSaved">Settings have been saved.</string>
  <!-- 	如果双卡功能不工作在您的设备。请尝试选择设备列表中的每一个设备，然后单击[拨号]按钮。当两个拨号按钮使用正确SIM卡拨号时，单击[保存]按钮。 -->
  <string name="prompt_dualSIMDialTest">If dual card function does not work on your device. Try selecting each device in the device list, and then click the [Dial] button. When the two dial buttons using the correct SIM card dialing, click the [Save] button.</string>
  <string name="lable_device">Device:</string>
  <string name="lable_testNumber">Test number:</string>
  <!-- 	 An option. When you enable the exchange of the SIM card used when making calls. When the dial buttons 1 and 2 do not correspond correct SIM card to select it. -->
  <string name="swapTheDialSIMcard">Swap the dial SIM card</string>
  <string name="shareMySettings">Share My Settings</string>
  <!-- 	已添加前缀/后缀（%s） -->
  <string name="toast_prefixOrSuffixHasBeenAdded">Prefix / Suffix has been added (%s)</string>
  <string name="pref_title_downloadGeocoderPlugin">Download Geocoder plugin</string>
  <string name="menu_bindTo">Bind to %s</string>
  <string name="menu_clearBind">Clear bind</string>
  <string name="pref_title_twoDialOnTheDialpad">Show two dial buttons on the dialpad</string>
  <string name="pref_title_twoDialInTheContactList">Show two dial buttons in the contact list</string>
  <!-- 	call using SIM card 1 -->
  <string name="menu_shareAsText">Share all details as text</string>
  <string name="menu_shareAsvCard">Share as vCard</string>
  <string name="noItmeSelected">No item selected</string>
  <string name="pref_title_leftHandedOperation">Left-handed operation</string>
  <string name="description_goToSubGroups_button">Go to sub groups list</string>
  <!-- 一个选项，当打开备注会优先保存到联系人，而不是通话记录备注 -->
  <string name="pref_title_saveNotesToContacts">Save notes to the contacts</string>
  <string name="export_to_single_vcard_file">Export to a single vCard file</string>
  <string name="export_to_multiple_vcard_files">Export to multiple vCard files</string>
  <string name="confirm_export_contacts_to_folder_message">Your contacts will be exported to folder: %s.</string>
  <!-- 读出来电显示号码 -->
  <string name="pref_title_speakCallerID">Speak caller ID</string>
  <string name="pref_title_speakOrganization">Speak Organization</string>
  <string name="pref_title_speakNumber">Speak Number</string>
  <string name="pref_summary_speakNumber">If caller not in contacts</string>
  <string name="pref_title_repeatCount">Repeat count</string>
  <string name="pref_title_repeatInterval">Repeat interval</string>
  <string name="pref_title_reverseList">Reverse List</string>
  <string name="pref_title_openQuickJumpOnStartup">Open Quick-jump on startup</string>
  <!-- 搜索历史记录 - 一个开关确定是否显示搜索历史记录 -->
  <string name="pref_title_searchHistory">Search history</string>
  <string name="menu_add_event">Add event</string>
  <string name="notification_dataLoaderIsRunning">Data loader is running</string>
  <string name="clickToGetMoreInformation">Click to get more information</string>
  <!-- 	您好，试用期限将结束在5天后。现在要购买吗？ -->
  <string name="remind_trialPeriodWillEnd">Hello, the trial period will end in %d days. Now you want to buy?</string>
  <string name="menu_addToBlockList">Add to Blocklist</string>
  <string name="menu_removeFromBlockList">Remove from Blocklist</string>
  <string name="blockList">Blocklist</string>
  <string name="font">Font</string>
  <string name="needToUpdate">Need to update</string>
  <string name="disable">Disable</string>
  <string name="pref_title_hideContactPicture">Hide contact picture</string>
  <string name="event_info_links_label">Links</string>
  <string name="pref_title_calllogFilterAtTop">Display \"Call log filter\" at the top of the screen</string>
  <!-- A menu, click the call methods available to display. For example: SIM card 2; Video call; Skype; SIP -->
  <string name="menu_callUsing">Call using …</string>
  <string name="video_call">Video call</string>
  <string name="automatic_redial">Automatic redial</string>
  <!-- Automatic redial after 3 seconds. -->
  <string name="automatic_redial_after">Automatic redial after %s.</string>
  <!-- Enter "Arrange mode", you can drag to sort items. -->
  <string name="menu_arrangeMode">Arrange mode</string>
  <string name="summary_arrangeMode">Drag item to sort</string>
  <string name="recommend_template">"Dear friend!\nI\'ve been using %1$s. It is a must have contact software. You can use this link to download: %2$s"</string>
  <string name="recommend_id_template">"Do not forget to enter my ID (%s) to the (Toolbox TAB -&gt; Recommend to friends).\nThanks!"</string>
  <!-- An option to choose what to hide in the contact details -->
  <string name="pref_title_hideSection">Hide section</string>
  <string name="pref_title_automaticBackup">Automatic backup</string>
  <string name="pref_title_backupTime">Backup time</string>
  <string name="pref_title_backupCycle">Backup cycle</string>
  <string-array name="pref_entries_backupCycle">
    <item>Every day</item>
    <item>Every two days</item>
    <item>Every three days</item>
    <item>Every four days</item>
    <item>Every five days</item>
    <item>Every six days</item>
    <item>Weekly</item>
    <item>Monthly</item>
  </string-array>
  <string name="pref_title_contactsBackup">Contacts Backup</string>
  <string name="pref_summary_contactsBackup">Select the group to be backed up</string>
  <string name="pref_title_backupNow">Backup Now</string>
  <string name="pref_title_disableInCarMode">Disable in car mode</string>
  <string name="pref_summary_disableInCarMode">Temporarily disable the Dialing confirmation, when you in the car</string>
  <!-- An alert message when adding a shortcut to the HomePage request has been sent. -->
  <string name="toast_requestHasBeenSent">Request has been sent</string>
  <string name="pref_title_hideMenuButton">Hide Menu button</string>
  <string name="pref_summary_hideMenuButton">If your device does not have a menu button, hide it you will lose access to the menus</string>
  <string name="pref_summary_deleteOldCallLogs">When the number reaches %s, delete old call logs</string>
  <string name="menu_setContactPhoto">Set contact picture</string>
  <!-- OPTION: When you restart the app. Restore the state when last used. -->
  <string name="pref_title_restoreStateWhenRestarted">Restore state when restarted</string>
  <string name="websiteTypeBlog">Blog</string>
  <string name="websiteTypeHome">Home</string>
  <string name="websiteTypeFTP">FTP</string>
  <!--     <string name="description">Description</string> -->
  <!--     <string name="menu_add_link">Add link</string> -->
  <string name="pref_title_excludeNumbers">Exclude numbers</string>
  <string name="pref_summary_excludeNumbers">Dial these numbers will not show [Dialing confirmation] dialog</string>
  <!-- Menu item used to add custom field to contact -->
  <string name="menu_addCustomField">Add Custom field</string>
  <!-- An automatic group name, which contains all has photo contacts -->
  <string name="hasPhotoContacts">Has photo contacts</string>
  <!-- Selectable menu item used to controls whether display "contacts events" in the "agenda list". -->
  <string name="menu_showContactsEvents">Show contacts events</string>
  <!-- An option to define accent color. The color applied to framework controls in their activated (ex. checked) state. -->
  <string name="pref_title_accentColor">Accent color</string>
  <!-- An option to define whether the appointment is created automatically send the invitation email.-->
  <string name="pref_title_sendInvitation">Send invitation</string>
  <!-- An option to define whether the appointment is created automatically send the invitation email.-->
  <string name="pref_summary_sendInvitation">Add the contact email address to attendees</string>
  <!-- An option to define whether use circle icon.-->
  <string name="pref_title_circleIcon">Circle icon</string>
  <string name="on">On</string>
  <string name="off">Off</string>
  <!-- Determined by the theme -->
  <!-- An option to define color -->
  <string name="pref_title_callLogFilterBackground">Call log filter background</string>
  <!-- An option to define whether use colorful icon.-->
  <string name="pref_title_colorfulIcon">Colorful icon</string>
  <!-- Select this option to Reduce the ring volume when reading the caller information. -->
  <string name="pref_title_reduceRingerVolume">Reduce the ringer volume</string>
  <!-- Select this option to Reduce the ring volume when reading the caller information. -->
  <string name="pref_summary_reduceRingerVolume">Reduce the ring volume when reading the caller information</string>
  <!-- Menu item used to Go to the "Calendar" App -->
  <string name="menu_goToCalendar">Go to calendar</string>
  <!-- Menu item used to add selected item to the Tab bar -->
  <string name="menu_addToTabBar">Add to tab bar</string>
  <!-- Menu item used to remove selected item from the Tab bar -->
  <!-- Menu item used to browse and restore data -->
  <string name="menu_restoreFrom">Restore from…</string>
  <!-- Menu item used to open [Backup Manager] -->
  <string name="menu_backupManager">Backups Manager</string>
  <string name="typeface_bold">Bold</string>
  <string name="typeface_italic">Italic</string>
  <!-- A contact group option. Open it will automatically delete call logs, contacts belong to this group. -->
  <string name="pref_title_automaticallyDeleteCallLogs">Automatically delete call logs</string>
  <!-- An option to control whether to display the contact's local time -->
  <string name="pref_title_showContactsLocalTime">Show contacts local time</string>
  <!-- An option -->
  <string name="pref_title_replaceMissedCallNotification">Replace \"Missed call notification\"</string>
  <!-- An option summary -->
  <string name="pref_summary_replaceMissedCallNotification">Avoid displaying \"Choose an app\" dialog</string>
  <!-- An option in the dialog box to delete call records. Controls whether delete call log notes -->
  <string name="deleteNotes">Delete notes</string>
  <string name="offset">Offset</string>
  <!-- Label above username EditText -->
  <!-- Button to sign in after entering username and password -->
  <string name="message_createLocalContactAccount">Create a local contact account.          Saved in this account of the contacts are not synchronized to the network.          \n<b>Note:</b> Uninstall \"DW Contacts\" will lead to belong in this account contacts automatically removed.           If you enable contacts sync, contacts will sync to the \"<b>SD Card</b>/DW/contacts/\" folder.</string>
  <!-- "By number" merge call records, etc. -->
  <string name="byNumber">By number</string>
  <!-- "By contact" merge call records, etc. -->
  <string name="byContact">By contact</string>
  <string name="toast_switchToIntersectionMode">Click again switch to <b>Intersection mode</b></string>
  <!-- An option to control whether to display the message log in History -->
  <string name="pref_title_showMessageLog">Show message log</string>
  <!-- Menu item used to add data (E-mail address, etc.)  to contacts -->
  <string name="addToContact">Add to contacts</string>
  <!-- An option When you open it will maintain a fixed height In call widget. -->
  <string name="fixedHeight">Fixed height</string>
  <!-- ****************************** Descriptions *********************************** -->
  <!--
         String describing the Keyboard switch ImageButton
         Used by AccessibilityService to announce the purpose of the button.
         [CHAR LIMIT=NONE]
    -->
  <string name="description_switch_keyboard">Switch keyboards</string>
  <string name="description_pick_contact">Pick contact</string>
  <!-- String describing the text for photo of a item(group, title, company，etc.). -->
  <string name="description_icon_for">Icon for <xliff:g id="name">%1$s</xliff:g></string>
  <!--An option. When opened, will use list long press menu.-->
  <string name="pref_title_useListMenu">Use list menu</string>
  <!--An option in Accessibility. When opened, Enter the number need to double click to confirm.-->
  <string name="pref_title_doubleClickEnterNumber">Double-click to enter the number</string>
  <!--A item of list, control information needs to be displayed in the "In call widget"-->
  <string name="positionInQuickDial">Position in Quick dial</string>
  <!--An option title in [Contact Details]. When opened, Will merge items,When just labels different.-->
  <!--An option summary in [Contact Details]. When opened, Will merge items,When just labels different.-->
  <!-- Notification message when adding a number to the blacklist, but the call filter did not open. -->
  <!--An option title in [Events]. Define which events need to display. It filter events based on contact groups-->
  <!--An option title in [Color schemes]. Used to define the "List section" Text Size -->
  <!--An option. When open: The starred contacts are displayed at the top of the list. -->
</resources>
