<?xml version="1.0" encoding="utf-8" standalone="no"?>
<!--Generated by crowdin.com-->
<resources xmlns:xliff="urn:oasis:names:tc:xliff:document:1.2">
  <string name="app_name">DW Kişiler &amp; Telefon</string>
  <string name="app_contacts_name">DW Kişiler</string>
  <string name="starred">Yıldızlı</string>
  <string name="coworkers">İş arkadaşları</string>
  <string name="family">Aile</string>
  <string name="friends">Arkadaşlar</string>
  <string name="myContacts">Kişilerim</string>
  <string name="mergedContacts">Birleştirilmiş kişiler</string>
  <string name="no_item_to_display">Gösterilecek hiçbir öğe yok</string>
  <string name="allContact">Tüm kişiler</string>
  <string name="no_phone_numbers">Telefon numarası yok</string>
  <string name="menu_edit">Düzenle</string>
  <string name="menu_edit_group">Grubu düzenle</string>
  <string name="menu_add_contact_to_group">Gruba kişi ekle</string>
  <string name="menu_remove_contact_from_group">Gruptan kişileri kaldır</string>
  <string name="groupNameLabel">Grup Adı</string>
  <string name="add">Ekle</string>
  <string name="message_del_system_group">Bu bir sistem iletişim grubudur. Kaldırdıktan sonra otomatik olarak yeniden oluşturulur, bu durum sorunlara neden olabilir. Bunu yapmak istediğinize emin misiniz?</string>
  <string name="menu_select_mode">Çoklu seçim</string>
  <string name="menu_inverse_select">Tersi</string>
  <!--<string name="noContact">This group has no contact</string> -->
  <string name="pleaseWait">Lütfen Bekleyin</string>
  <string name="pref_send_title">SMS &amp; E-posta ayarları</string>
  <string name="pref_title_sms_mms_send">SMS/MMS</string>
  <string name="pref_title_email_send">E-posta</string>
  <string name="pref_send_to">Gönder: %s</string>
  <string-array name="prefEntries_sms_mms_to">
    <item>Varsayılan veya İlk Cep Numarası</item>
    <item>Tüm Cep Numaraları</item>
    <item>Tüm Numaralar</item>
  </string-array>
  <string-array name="prefEntries_email_to">
    <item>Varsayılan E-posta Adresi</item>
    <item>Tüm E-posta Adresleri</item>
  </string-array>
  <!--Recipients location -->
  <string name="pref_title_recipients_location">Alıcı bilinmezliği</string>
  <string name="pref_recipients_location_summary">Tüm adresler %s alanında olacak</string>
  <string-array name="pref_entries_recipients_location">
    <item>Gizli</item>
    <item>Bilgi</item>
    <item>Kime</item>
  </string-array>
  <string name="menu_preferences">Ayarlar</string>
  <string name="preferences_title">Ayarlar</string>
  <string name="error_report_email_explain">Üzgünüz, bir hata oluştu. Hata mesajlarını ve bazı sistem bilgilerini içeren bir rapor gödererek bu yazılımı daha iyi yapmamıza yardımcı olabilirsiniz. Gizliliğinize saygı duyulacaktır.</string>
  <string name="no_contact_selected">Hiçbir kişi seçili değil</string>
  <!--Firewall -->
  <string name="firewell_add_item">Çağrı filtresi ekle</string>
  <string name="lable_week">Haftanın günleri</string>
  <string name="select_group_title">Grup seçin</string>
  <!-- %s = call number-->
  <string name="call_blocking_message">%s engellendi</string>
  <string name="stat_notify_incoming_calls_were_intercepted">%d den gelen engellenen aramalar</string>
  <string name="pref_firewall_title">Çağrı filtresi ayarları</string>
  <string name="pref_title_firewall_enable">Çağrı filtresini etkinleştir</string>
  <string name="firewall_service_started">Çağrı filtresi hizmeti başlatıldı</string>
  <string name="firewall_state_label">DW Çağrı Filtresi</string>
  <!-- The status bar at the top of the screen display a notification message. -->
  <string name="pref_title_firewall_allways_show_stat_notify">Bildirim çubuğunda simge göster</string>
  <string name="pref_firewall_allways_show_stat_notify_summary">Daima bildirim çubuğu mesajı göster</string>
  <string name="menu_week_view">Hafta görünümü</string>
  <string name="menu_time_view">Saat görünümü</string>
  <string name="menu_view">Görünüm</string>
  <string name="from">Başlangıç</string>
  <string name="to">Bitiş</string>
  <string-array name="days">
    <item>Pazar</item>
    <item>Pazartesi</item>
    <item>Salı</item>
    <item>Çarşamba</item>
    <item>Perşembe</item>
    <item>Cuma</item>
    <item>Cumartesi</item>
  </string-array>
  <string-array name="days_short">
    <item>Paz</item>
    <item>Pzt</item>
    <item>Sal</item>
    <item>Çrş</item>
    <item>Prş</item>
    <item>Cum</item>
    <item>Cmt</item>
  </string-array>
  <string name="firewall_label">Çağrı Filtresi</string>
  <string name="everyday">Her gün</string>
  <string name="never">Asla</string>
  <string name="search_hint">Aramayı başlatmak için yazın</string>
  <string name="pref_title_display_system_group">Sistem gruplarını göster</string>
  <!-- Gmail the default, including the group. (Starred, Coworkers, Family, Friends, My Contacts) -->
  <string name="pref_display_system_group_summary">Sistem grubunu göster</string>
  <string name="pref_title_merge_same_name_group">Grupları birleştir</string>
  <string name="pref_merge_same_name_group_summary">Benzer grupları birleştir</string>
  <string name="pref_font_size_title">Yazı boyutu (1. satır)</string>
  <string name="pref_font_size_summary">Boyut: %s</string>
  <string name="removePicture">Resmi Kaldır</string>
  <string name="changePicture">Resmi Değiştir</string>
  <string name="attachToGroup">Grup Resmi</string>
  <string name="use_photo_as_primary">Bu resmi kullan</string>
  <string name="photoPickerNotFoundText">Fotoğraf seçici bulunamadı</string>
  <string name="SMS">SMS</string>
  <string name="Email">E-posta</string>
  <string name="_null">""</string>
  <!-- It shows the contact event to the present time. -->
  <string name="days_after">%d gün içinde</string>
  <string name="months_after">%d ay sonra</string>
  <string name="days_ago">%d gün önce</string>
  <string name="months_ago">%d ay önce</string>
  <string name="today">bugün</string>
  <string name="show_group_icon">Grup resmini göster</string>
  <string name="show_group_icon_summary">Herbir grubun simgesini göster</string>
  <string name="using_system_sms_program">Varsayılan SMS programını kullan</string>
  <!-- According to user feedback that I might in the new version, use it again. -->
  <string name="using_system_sms_program_summary">Yazılımın SMS gönderme işlevini devre dışı bırak</string>
  <string name="recipients_limit">Alıcı sayısı sınırı</string>
  <string name="recipients_limit_summary">Alıcı sayısı bu değerden büyük olduğunda, otomatik olarak gruplar halinde gönder</string>
  <string name="send">Gönder</string>
  <string name="confirm_send_message">Kalan kişilere mesaj göndermeye devam edilsin mi?</string>
  <!-- For example, Tablet PC does not support sending text messages. However, click the SMS icon.
    I will call the SMS program. The system will report an exception. Then display this prompt. -->
  <string name="system_does_not_support">Sistem desteklemiyor!</string>
  <string name="ungrouped_contacts">Gruplanmamış kişiler</string>
  <string name="multipleContactsDeleteConfirmation">Seçilen kişiler silinecek.</string>
  <!--pref default view -->
  <string name="pref_title_default_view">Varsayılan sekme</string>
  <string name="pref_default_view_summary">Başlangıçta varsayılan sekme: %s</string>
  <!--pref show auto groups -->
  <string name="pref_title_display_auto_group">Otomatik grupları göster</string>
  <string name="pref_display_auto_group_summary">\"Tüm kişiler\", \"Guruplanmamış kişiler\" dahil.</string>
  <string name="label_hide">Gizle</string>
  <string name="hide_group_summary">Bu grubu gösterme</string>
  <string name="fast_scroll_alphabet">\u0020ABCÇDEFGHIİJKLMNOÖPQRSŞTUÜVWXYZ</string>
  <string name="fast_scroll_numeric_alphabet">\u00200123456789ABCÇDEFGHIİJKLMNOÖPQRSŞTUÜVWXYZ</string>
  <!-- Because the different SMS programs. When I provide a phone number to the SMS program,
    some require the use of a semicolon to separate the numbers, and some require a comma. Therefore, this option provides. -->
  <string name="sms_compatibility_mode_title">SMS/MMS gönderme modu</string>
  <string name="sms_compatibility_mode_summary">Eğer SMS programınızın telefon numaları alıcıları normal değilse (XT800 de olduğu gibi) bunu kullanın</string>
  <string name="menu_sort_hide">Sırala &amp; Gizle</string>
  <string name="menu_sort_alphabetically">Alfabetik olarak</string>
  <string name="pref_in_call_widget_title">Çağrı içi widgetı</string>
  <string name="pref_help_title">Yardım</string>
  <string name="pref_online_help_title">Çevrimiçi Yardım</string>
  <string name="menu_cancel_send_to_voicemail">Gösterilenlerin çağrıları engelini kaldır</string>
  <string name="pref_feedback_title">E-posta ile geribildirim yapın</string>
  <string name="pref_about_title">Hakkında</string>
  <string name="version">Sürüm</string>
  <string name="pref_name_display_order_summary">Ad gösterimi sıralama düzenini değiştir. Bu, gösterim hızını etkileyebilir.</string>
  <string name="pref_contacts_account_title">Hesap verileri</string>
  <string name="pref_contacts_account_summary">Kişileri göster: %s</string>
  <string name="all_account">Tüm hesaplar</string>
  <string name="pref_show_account_name_title">Hesap adını göster</string>
  <string name="pref_show_account_name_summary">Grup adlarının altında hesap adlarını göster.</string>
  <string name="select_account">Hesap Seç</string>
  <string name="pref_register_code_title">Kayıt kodunu gir</string>
  <string name="pref_register_code_summary">Ödeme onay e-postası ile aldığınız kayıt kodunu girin (internet bağlantısı gerekmez)</string>
  <!-- A setting item, click it to open, buy the software license key dialog box. -->
  <string name="pref_get_register_code_title">Kayıtlı sürüm satın al</string>
  <string name="pref_get_register_code_summary">Lütfen tüm fonksiyonları kullanmak için uygulamamıza kayıt olun. Bu yazılımın sürdürülebilir gelişimi desteklemek için bağış yapmanız gerekir.</string>
  <string name="buying_tips">2 seçeneğininiz var (ikiside aynı işlevsellikte): Aygıtınızın seri numarasını kullanarak (Paypal veya Kredi Kartı) veya google hesabınız ile kayıt edebilirsiniz (Google Play - Pro sürümünü yükleyerek)</string>
  <string-array name="purchase_channels">
    <item>Google Play</item>
    <item>PayPal veya Kredi Kartı</item>
    <item>Arkadaşlara öner</item>
  </string-array>
  <string-array name="purchase_channels_summary">
    <item>Bu yazılımı google hesabınıza kayıt edin (Google Play vasıtasıyla Pro sürümünü satın alın ve yükleyin). Pro sürümünü yükledikten sonra, lütfen ücretsiz sürümü kaldırın.</item>
    <item>Bu yazılımı aygıt seri numrasına kayıt edin: %s.
Ödeme sürecinden sonra, kayıt kodunu içeren bir doğrulama epostası alacaksınız.
Sonrasında, [Çevrimiçi kayıt kontrolü]\'ne bir-tık ile, kaydı kontrol edebilirsiniz.</item>
    <item>Bedava lisans kodu al</item>
  </string-array>
  <string name="menu_delete_all">Tümünü sil</string>
  <!-- Menu title the user can use for trying to resend a message. -->
  <string name="menu_retry_sending">Göndermeyi tekrar dene</string>
  <string name="message">Mesaj</string>
  <string name="failed">Başarısız</string>
  <string name="queued">Sıradaki</string>
  <string name="outbox">Giden Kutusu</string>
  <string name="sent">Gönderilmiş</string>
  <string name="auto_replace_to_name">Otomatik olarak "???"leri, kişinin tam adı ile; "??F"leri soyadı ile;  "??G"leri adı ile; "??N"leri takma adı ile değiştir.</string>
  <string name="example_message">Merhaba, ???</string>
  <string name="sms_preview">Önizleme:</string>
  <string name="message_send_state_successfully">Başarıyla gönderildi.</string>
  <string name="message_send_state_failed">Gönderme başarısız.</string>
  <string name="message_send_unknown_error">Bilinmeyen hata. %d mesajı gönderilmedi.</string>
  <string name="message_send_no_signal">Sinyal yok veya uçak modu etkin. %d mesajı gönderilmedi.</string>
  <string name="message_send_successfully">Tüm mesajlar başarıyla gönderildi.</string>
  <string name="need_the_paid_version">Sadece ücretli sürümde mevcut</string>
  <!-- As a "contact group"on the phone the main screen to create a shortcut. -->
  <string name="create_shortcut">Ana sayfada kısayol oluştur</string>
  <string name="menu_move_to_group">Gruba taşı</string>
  <string name="pref_tabs_title">Etkinleştir &amp; Sırala</string>
  <string name="pref_tabs_summary">Hangi sekmelerin kullanılabilir olduğunu görmek için etkinleştir ve sırala</string>
  <!--pref theme -->
  <string name="pref_theme_title">Ana Tema</string>
  <!-- Change the software interface look. -->
  <string name="pref_theme_summary">Ana temayı belirle</string>
  <string name="search">Ara</string>
  <string name="pref_services_title">Arkaplan hizmeti ayarları</string>
  <!-- Settings screen, section heading for SMS-specific settings -->
  <string name="pref_sms_settings_title">"Kısa mesaj (SMS) ayarları"</string>
  <!-- Settings screen, section heading for EMAIL-specific settings -->
  <string name="pref_email_settings_title">"E-posta ayarları"</string>
  <!-- Settings item for boolean option to enable/disable SMS delivery reports -->
  <string name="pref_title_sms_delivery_reports">İletim raporları</string>
  <!-- Settings item description for boolean SMS delivery report setting -->
  <string name="pref_summary_sms_delivery_reports">Herbir mesaj için teslim raporu iste</string>
  <string name="pref_contact_sort_order_title">Listeyi şöyle sırala</string>
  <string name="pref_contact_sort_order_summary">Kişi listesi sıralama düzenini değiştir. Bu, gösterim hızını etkileyebilir.</string>
  <!-- CHANGED ORDER -->
  <string name="contact_sort_order_FamilynameAlternate">Soyadı - diğer</string>
  <string name="contact_sort_order_RecentContacted">Son görüşülenler</string>
  <string name="contact_sort_order_LongTimeNotContacted">Uzun süredir temas yok</string>
  <string name="contact_sort_order_CreationTime">Oluşturma zamanı</string>
  <string name="contact_sort_order_DefaultAlternate">Varsayılan - diğer</string>
  <!-- An automatic group, it shows all the contacts included telephone numbers. -->
  <string name="has_phone_number_contacts">Telefonu olan kişiler</string>
  <string name="exit_prompt">Çıkmak için tekrar enter tuşuna basın.</string>
  <string name="pref_exit_prompt_title">Çıkmadan önce sor</string>
  <string name="pref_exit_prompt_summary">Çıkmadan önce ilave bir uyarı göster</string>
  <string name="pref_language_title">Dil</string>
  <string name="load_license_success">Ağdan lisansı yükleme başarılı oldu.</string>
  <string name="load_license_failed">Ağdan lisansı yükleme başarısız oldu!</string>
  <string name="license_check_success">Lisans denetimi başarılı oldu.</string>
  <string name="license_check_failed">Lisans denetimi başarısız oldu!</string>
  <string name="load_license_unregistered">Henüz kayıt yaptırmadınız.</string>
  <string name="sending">Gönderiliyor ...</string>
  <string name="error">Hata</string>
  <string name="clear_data_or_uninstall_app">Verileri temizle veya Uygulamayı kaldır</string>
  <string name="database_update_error_message">"Özür dileriz!
Veritabanı yapısı güncelleştirme hatası.
Bu hata veritabanı dosya izinlerinde özel bir durum olduğunda oluşur. Sorununun kaynağı, tahminen, yedekleme yazılımı.
Sorunu gidermek için üç yöntem var. Sorun giderilene kadar sırayla deneyin.
1. Telefonu yeniden başlatın;
2. Mobil yazılım yönetim arabiriminde, uygulama verisini temizleyin;
3. Yazılımı kaldırın ve yeniden yükleyin."</string>
  <!-- It shows the contact event to the present time. -->
  <string name="one_day_after">Yarın</string>
  <string name="one_month_after">1 ay içinde</string>
  <string name="one_day_ago">Dün</string>
  <string name="one_month_ago">Geçen ay</string>
  <string name="menu_edit_event">Kişi için etkinlik düzenle</string>
  <string name="menu_add_to_calendar">Takvime etkinlik ekle</string>
  <string name="menu_delete_event">Kişiden etkinlik sil</string>
  <string name="menu_duplicate_contact">Kişiyi çoğalt</string>
  <string name="mes_sendSmsSystemLimit">Sistem sınırı dolayısıyla, %1$s saat için sadece %2$s SMS gönderilebilir. %1$s saat sonra atomatik tekrar dene.</string>
  <string name="sendInBatches">Toplu işlemler</string>
  <string name="sendInSingle">Tek</string>
  <string name="sendInBatchesMessage">Alıcı sayısı, ayarlardaki "Alıcı sayısı sınırı"nda daha büyük. Metin kutusuna mesaj girmek, ​​toplu mesaj gönderimini başlatır veya tekli gönderimi başlatmak için "Tek"i seçin.</string>
  <string name="pref_title_eventNotification">Etkinlik bildirim ayarları</string>
  <string name="pref_title_notificationTime">Bildirim saati</string>
  <string name="pref_title_notificationRingtone">Bildirim zil sesi</string>
  <string name="pref_summary_notificationTime">Bildirimin gerçekleşeceği saati ayarlayın</string>
  <string name="pref_title_notificationBeforeHappen">Olmadan önce bildir</string>
  <string name="pref_summary_notificationBeforeHappen">Gerçekleşmeden %s gün önce bildir</string>
  <string name="pref_title_notification">Bildirim</string>
  <string name="pref_title_reminder">Hatırlatma</string>
  <string name="pref_summary_reminder">%s önce</string>
  <string name="pref_title_ringtone">Zil sesi</string>
  <string name="pref_title_alarm">Alarm</string>
  <string name="pref_title_mergeSubgroup">Alt-grupları birleştir</string>
  <string name="pref_summary_mergeSubgroup">Üst grupta gösterilen kişilerin alt-grupları.</string>
  <string-array name="pref_entries_notificationTime">
    <item>1 dakika</item>
    <item>5 dakika</item>
    <item>10 dakika</item>
    <item>15 dakika</item>
    <item>20 dakika</item>
    <item>25 dakika</item>
    <item>30 dakika</item>
    <item>45 dakika</item>
    <item>1 saat</item>
    <item>2 saat</item>
    <item>3 saat</item>
    <item>12 saat</item>
    <item>24 saat</item>
    <item>2 gün</item>
    <item>1 hafta</item>
  </string-array>
  <!-- Not in phone book contacts. -->
  <string name="unknown_contacts">Bilinmeyen kişiler</string>
  <string name="not_in_phone_book_contacts">Telefon rehberinde yok.</string>
  <string name="eventNotification">Etkinlik Bildirimi</string>
  <string name="eventNotificationMessage">"%s adlı kişinin doğum günü/etkinlik çok yakında."</string>
  <!-- When using the "Firstname first" show name, "Firstname" and "Lastname" split between the symbols. Most language is a space. -->
  <string name="givenNameFirstSeparator">" "</string>
  <!-- When using the "Lastname first" show name, "Firstname" and "Lastname" split between the symbols. -->
  <string name="familyNameFirstSeparator">", "</string>
  <string name="vCard">vCard</string>
  <string name="text">Metin</string>
  <string name="pref_title_likeTheSoftware">Yazılımımıza destek verin</string>
  <string name="pref_title_rating">Değerlendir</string>
  <string name="pref_summary_rating">Android Market\'te iyi bir oy verin.</string>
  <string name="pref_title_share">Paylaş</string>
  <string name="pref_summary_share">Bu yazılımı arkadaşlarınıza önerin.</string>
  <string name="contact_group">Gruplar</string>
  <!-- Set the time to send text messages in the future. -->
  <string name="regularlySent">Düzenli olarak gönderilen</string>
  <string name="time">Zaman</string>
  <string name="pref_title_EmailProgram">E-posta programı</string>
  <string name="pref_summary_on_EmailProgram">Varsayılan E-posta programını kullan.</string>
  <string name="pref_summary_off_EmailProgram">Mesajları gönderirken seçmeniz istenir.</string>
  <string name="toolbox">Araç Kutusu</string>
  <string name="pref_title_SMSSendInterval">Gönderim zaman aralığı</string>
  <string name="pref_summary_SMSSendInterval">Herbir SMS için gönderim zaman aralığı (saniye)</string>
  <string name="app_dialer_name">DW Çevirici</string>
  <string name="menu_sort">Sıralama düzeni</string>
  <string name="license_check_failed_message">Yazılım Lisansı kontrol hatası! Şuanda Google Play\'e erişebildiğinizden emin olun.</string>
  <string name="menu_unselectAll">Tüm seçimi kaldır</string>
  <string name="pref_title_themeCustomize">Tema ayarları</string>
  <string name="pref_title_backgroundColor">Arkaplan rengi</string>
  <string name="pref_title_backgroundColorForTitles">Başlık arkaplan rengi</string>
  <string name="pref_title_textColorForTitles">Başlık metin rengi</string>
  <string name="pref_title_textColorMarked">Seçili metin rengi</string>
  <string name="pref_title_hideTheTitle">Başlık çubuğunu gizle</string>
  <string name="pref_title_hideTheStatusbar">Bildirim çubuğunu gizle</string>
  <string name="pref_title_hideTabLabel">Sekme etiketlerini gizle</string>
  <string name="pref_title_autoHideTab">Sekme çubuğunu gizle</string>
  <string name="pref_summary_autoHideTab">Otomatik, diğer sekmelere geçildiğinde tüm sekmeleri gizleyecektir</string>
  <string name="reset">Sıfırla</string>
  <string name="pref_title_automaticRotation">Otomatik döndür</string>
  <string name="pref_summary_automaticRotation">Otomatik ekran döndürme özelliğini aç veya kapat</string>
  <string name="menu_editNotes">Notları düzenle</string>
  <string name="addSelectedContactsToFavorites">Kişileri sık kullanılanlara ekle</string>
  <string name="removeSelectedContactsFormFavorites">Kişileri sık kullanılanlardan kaldır</string>
  <string name="deleteSelectedContacts">Kişileri sil</string>
  <string name="duplicateSelectedContacts">Kişileri çoğalt</string>
  <string name="setGroupForSelectedContacts">Kişiler için grup belirle</string>
  <string name="forSelectedContacts">Seçili kişiler için</string>
  <string name="searchAnything">Her şeyi ara</string>
  <string name="quickDialManager">Hızlı arama yöneticisi</string>
  <string name="menu_shareNumber">Numarayı paylaş</string>
  <string name="menu_setGroupForContact">Kişi için grup belirle</string>
  <string name="pref_title_tabSettings">Sekme ayarları</string>
  <string name="sendSMStoShownContacts">Gösterilenlere SMS/MMS gönder</string>
  <string name="sendEmailtoShownContacts">Gösterilenlere e-posta gönder</string>
  <string name="setRingtoneForShownContacts">Gösterilenler için zil sesi belirle</string>
  <string name="pref_title_enableEventNotification">Etkinlik bildirimini etkinleştir</string>
  <string name="forSelectedGroups">Seçili gruplar için</string>
  <string name="menu_send_group_message">Gruba SMS/MMS gönder</string>
  <string name="menu_delete_group">Grubu sil</string>
  <string name="menu_deleteGroups">Grupları sil</string>
  <!-- 	<string name="forSelectedOrgs">For selected companies</string> -->
  <!-- 	<string name="menu_editOrg">Edit company</string> -->
  <!-- 	<string name="forSelectedTitles">For selected titles</string> -->
  <!-- 	<string name="menu_editTitle">Edit title</string> -->
  <string name="menu_editContactFromEvent">Etkinlikten kişiyi düzenle</string>
  <string name="menu_focus2Today">Bugüne odaklan</string>
  <string name="generalDeleteConfirmation">Silmek istediğinize emin misiniz?</string>
  <string name="addContactTo">Kişiyi ekle: %s</string>
  <string name="removeContactFrom">Kişiyi kaldır: %s</string>
  <string name="pref_title_showTabAtTop">Sekmeleri üstte göster</string>
  <!-- Within the group "contact list" label -->
  <string name="labelWithinGroupContactsList">Kişiler</string>
  <string name="multipleChoicePrompt">Çoklu-seçim, ÜCRETSİZ sürümde, herbir aksiyon için %d defa ile sınırlandırılmıştır. Eğer gruba mesaj göndermek istiyorsanız, grup listesinin basılı tutma menüsünü kullanın.</string>
  <string name="pref_title_dialerPadTone">Tuş takımı basma sesi</string>
  <string name="recentChanges">Son değişiklikler</string>
  <string name="more">Daha fazla</string>
  <string name="selectAll">Tümünü seç</string>
  <string name="pref_title_alwaysToDefTab">Daima varsayılan sekme ile başla</string>
  <string name="pref_summary_alwaysToDefTab">Çevir butonuna basıldığında varsayılan sekme açılır.</string>
  <string name="pref_title_showMostContactedBelowFavorites">Sık görüşülenleri, sık kullanılanların altında göster</string>
  <string name="pref_title_showEventsFromToday">Etkinlikleri bugünden itibaren göster</string>
  <string name="pref_title_YPositionOfInfoWindow">Bilgi penceresinin Y-Konumu</string>
  <string name="pref_summary_YPositionOfInfoWindow">Bilgi penceresinin yukarı/aşağı konumu. Ayrıca konum, gelen çağrı sırasında doğrudan değiştirilebilir.</string>
  <string name="pref_title_backupRestore">Yedekle &amp; Geri Yükle</string>
  <string name="pref_title_backupAllSettings">Tüm ayarları yedekle</string>
  <string name="pref_title_restoreAllSettings">Tüm ayarları geri yükle</string>
  <string name="pref_title_restoreDefaultSettings">Varsayılan ayarları geri yükle</string>
  <string name="pref_title_showMyContactsInUngrouped">\"Kişilerim\" sistem-grubunu yoksay</string>
  <string name="pref_title_startDialerWithoutDialerPad">Çeviriciyi, tuş takımı olmadan başlat</string>
  <string name="pref_summary_showMyContactsInUngrouped">\"Gruplanmamış kişiler\" altındaki kişileri göster (ki bunlar sadece \"Kişilerim\" sistem-grubunun içindedir).</string>
  <string name="toast_allSettingsToDefault">Tüm ayarlar varsayılana geri yüklendi.</string>
  <string name="toast_settingsBackedSuccessfully">Ayarlar yedeklendi %s</string>
  <string name="toast_settingsBackedFailed">Yedekleme başarısız oldu. Geçerli bir yedekleme yolunun belirlenmiş olduğuna emin olun.</string>
  <string name="toast_settingsRestorSuccessfully">Ayarlar, %s öğesinden başarıyla geri yüklendi.</string>
  <string name="toast_settingsRestorFailed">Geri Yükleme başarısız. Ayarların kaydedildiği yerde, düzgün yolun belirlenmiş olduğuna emin olun.</string>
  <string name="menu_newOrg">Yeni kuruluş</string>
  <string name="menu_newTitle">Yeni ünvan</string>
  <string name="enterAName">Bir ad girin</string>
  <string name="pref_title_t9Search">T9 arama ayarları</string>
  <string name="pref_summary_t9Search">Bunlar,  "telefon" sekmesiyle ve T9-aramasının orada nasıl çalışacağıyla ilgili gelişmiş seçeneklerdir</string>
  <string name="pref_title_matchingAnywhere">Herhangi bir şekilde eşleştir</string>
  <string name="pref_summary_matchingAnywhere">\"WTT\" ile \"dW conTacTs\" eşleşir</string>
  <string name="pref_title_matchingPart">Kelimenin bir kısmı ile eşleştir</string>
  <string name="pref_summary_matchingPart">\"NTA\" ile \"dw coNTActs\" eşleşir</string>
  <string name="pref_title_matchingFirstLetter">İlk harf ile eşleştir</string>
  <string name="pref_summary_matchingFirstLetter">\"DCO\" ile \"Dw COntacts\" eşleşir</string>
  <string name="pref_title_sortByDegreeOfMatch">Eşleşme derecesine göre sırala</string>
  <string name="menu_copyToClipboard">Panoya kopyala</string>
  <string name="menu_createEvent">Randevu oluştur</string>
  <string name="useLimitFeaturePrompt">ÜCRETSİZ sürümde, bu özelliği sadece %d kere kullanabilirsiniz.</string>
  <string name="pref_title_appointmentSettings">Randevu ayarları</string>
  <string name="pref_title_defaultAppointmentText">Varsayılan randevu metni</string>
  <string name="pref_summary_defaultAppointmentText">İsim + numara eklenmeden önce yerleştirilecek bir metin yazın</string>
  <string name="pref_default_defaultAppointmentText">"Çağrı yap "</string>
  <string name="titlesList">Ünvanlar</string>
  <string name="eventsList">Etkinlikler</string>
  <string name="pref_title_showInContactList">Gösterilecek öğeler</string>
  <string-array name="pref_entries_showInContactList">
    <item>Numaralar</item>
    <item>Kuruluş</item>
    <item>Ünvan</item>
    <item>Gruplar</item>
    <item>Hesap simgesi</item>
    <item>Kişi resimleri</item>
    <item>E-posta botunu</item>
    <item>SMS butonu</item>
    <item>Çevir butonu</item>
    <item>Notlar</item>
  </string-array>
  <string name="pref_title_showNotesLines">Notları x satır ile sınırla</string>
  <string name="tips_clickToSeeAllText">Bir liste öğesini tıklatarak, tüm metni görebilirsiniz</string>
  <string name="pref_title_colorForGroups">Arkaplan - gruplar</string>
  <string name="pref_title_colorForOrganization">Arkaplan - kuruluşlar</string>
  <string name="pref_title_colorForTitle">Arkaplan - ünvanlar</string>
  <string name="pref_title_fontSize2">Yazı boyutu (2. satır)</string>
  <string name="pref_title_fontSize3">Yazı boyutu (3. satır)</string>
  <string name="pref_title_useNumberSearch">Aramada numara kullan</string>
  <string name="pref_summary_useNumberSearch">Etkinleştirilirse, ayrıca numaraları da arar</string>
  <string name="noEmailAddress">E-posta adresi yok</string>
  <string name="pref_title_showCallLogOnPhone">Çağrı günlüğünü telefonda göster</string>
  <string name="listTotalCallHistory">%1$d çağrı gösteriliyor / süre %2$s</string>
  <string name="pref_title_showContactsOnPhoneStart">Başlangıçta kişileri göster</string>
  <string name="pref_summary_showContactsOnPhoneStart">Etkinleştirilirse, ayrıca tüm kişiler listede gösterilir</string>
  <string name="listTotalCallLog">%d farklı çağrı gösteriliyor</string>
  <string name="upcoming">Yaklaşan</string>
  <string name="pref_title_phoneSettings">Telefon ayarları</string>
  <string name="pref_title_mergeCallLog">Çağrı kaydını birleştir</string>
  <string name="pref_title_showCounterOnMergedCallLog">Birleştirilmiş çağrı kayıtlarında sayaç göster</string>
  <string name="pref_summary_showCounterOnMergedCallLog">Etkinleştirilirse, kişi adının sağ tarafında, kaç adet çağrının birleştirildiği gösterilir</string>
  <string name="pref_title_groupCallLogByDate">Çağrı kayıdını tarihe göre grupla</string>
  <string name="pref_summary_groupCallLogByDate">Etkinleştirilirse, çağrı kayıtları tarihe göre gruplandırılır</string>
  <string name="pref_title_limitCallLogOnXDays">Çağrı kaydını %s gün ile sınırla</string>
  <string name="pref_summary_limitCallLogOnXDays">Çağrı kaydını %s gün ile sınırla (0 = tümünü göster)</string>
  <string name="pref_message_0toShowAllDays">Tüm günleri göstermek için 0</string>
  <string name="pref_message_0toShowAllItems">Tüm öğeleri göstermek için 0</string>
  <string name="pref_title_useOrgSearch">Aramada kurumları kullan</string>
  <string name="pref_title_matchingSkipWord">Kelime atlamaya izin ver</string>
  <string name="pref_summary_matchingSkipWord">\"DPH\" ile \"Dw contacts &amp; PHone\" eşleşir</string>
  <string name="pref_title_matchingSkipSpace">Boşluğu atlamaya izin ver</string>
  <string name="pref_summary_matchingSkipSpace">\"TSPH\" ile \"dw kişileri &amp; PHone\" eşleşir</string>
  <string name="pref_title_globalSettings">Genel ayarlar</string>
  <string name="pref_title_registrationStates">Durum: %s</string>
  <string name="pref_summary_registrationStates">Bu sürüm, seri numarası: %2$s olan aygıt için %1$s</string>
  <string name="registered">Kayıtlı</string>
  <string name="unregistered">Kayıtlı değil</string>
  <string name="pref_title_onlineRegistrationCheck">Çevrimiçi kayıt denetimi</string>
  <string name="pref_summary_onlineRegistrationCheck">Aygıtınızın kayıtlı olup olmadığı kontrol edilecek (Internet bağlantısı gerekir).</string>
  <string name="pref_title_registration">Kayıt yaptır</string>
  <string name="pref_summary_registration">Genişletilmiş işlevleri açın, reklamları kaldırın</string>
  <string name="pref_summary_showContactsWithPhoneNumber">Devre dışı bırakılırsa, [Genel ayarlar] altından ayarlanabilen, sistem ayarları kullanılır [Contact görünüm filtresi]</string>
  <string name="pref_title_historyViewSettings">Geçmiş görünümü ayarları</string>
  <string-array name="pref_entries_dialerPadTone">
    <item>DTMF Sesi</item>
    <item>Tıklama sesi</item>
    <item>KAPALI</item>
  </string-array>
  <string name="pref_title_limitNumberTitleToXChar">Telefon numarası başlık uzunluğu</string>
  <string name="pref_summary_limitNumberTitleToXChar">0 olarak ayarlanırsa telefon numarası başlığını tam boy gösterir</string>
  <string name="pref_title_supportForum">Destek Forumu</string>
  <string name="pref_title_textColor">Metin rengi</string>
  <string name="historyList">Geçmiş</string>
  <string name="startProVerPrompt">Pro sürümü algılandı. Şimdi başlatılsın mı?</string>
  <string name="pref_title_selectedBackgroundColor">Basılı tuş arkaplan rengini</string>
  <string name="pref_title_dialpadThemeSettings">Telefon tuş takımı ayarları</string>
  <string name="pref_title_globalThemeSettings">Genel tema ayarları</string>
  <string name="pref_title_showAlwaysAddIcon">*Ekle* simgesini her zaman göster </string>
  <string name="pref_summary_showAlwaysAddIcon">Etkinleştirilirse, bu listenin ilk satırında, kişi eklediğiniz yerde "+" simgesi gösterilecektir</string>
  <string name="pref_title_eventGreetingText">Etkinlik tebrik metni</string>
  <string name="pref_default_eventGreetingText">Merhaba ???, ??A. ??E için en iyi dileklerimi sunarım</string>
  <string name="pref_title_eventGreetingSubject">Etkinlik tebrik konusu</string>
  <string name="pref_summary_eventGreetingSubject">Sadece e-posta ile gönderilirse kullanılır</string>
  <string name="pref_message_eventGreetingText">Ayrıca şu değişkenleri kullanabilirsiniz: Kişinin tam adı için "???"; Soyadı için "??F"; Adı için "??G";
Takma adı için "??N"; Yaşı için "??A"; Etkinlik türü için "??E"</string>
  <string name="pref_default_eventGreetingSubject">“??A. ??E için tebrikler”</string>
  <string name="menu_sendGreetingSMSToContact">Kişiye etkinlik SMS/MMS\'i gönder</string>
  <string name="menu_sendGreetingEmailToContact">Kişiye etkinlik e-postası gönder</string>
  <string name="pref_title_storeSendSMSToSystemDB">Gönderilen SMSleri veritabanında sakla</string>
  <string name="pref_summary_storeSendSMSToSystemDB">Etkinleştirilirse, gönderilen SMS/MMS\'ler sistem veritabanında saklanacaktır.</string>
  <!-- 	<string name="pref_title_backgroundImage">Background image</string> -->
  <!-- 	<string name="pref_summary_backgroundImageEn">If you use background image, the background color can be used simultaneously as color filter</string> -->
  <string name="pref_title_textColorSecond">2. + 3. satır metin rengi</string>
  <string name="pref_title_textColorLabel">Etiketli 3. satır için metin rengi</string>
  <string name="pref_summary_textColorLabel">Bu metin rengi, etiketli gruplar, kuruluşlar ve ünvanlar içindir</string>
  <string name="pref_title_backgroundListSectionColor">Arkaplan liste bölümünün rengi</string>
  <string name="pref_title_textListSectionColor">Metin listesi bölümünün rengi</string>
  <string name="pref_title_showAlphabetListSection">Alfabetik liste bölümünü göster</string>
  <string name="pref_title_fontSizeforDigits">Basamaklar için yazı boyutu</string>
  <string name="pref_title_fontSizeforLetters">Harfler için yazı boyutu</string>
  <string name="pref_title_dialpadIconsArrangement">Tuş takımı simge düzeni</string>
  <string-array name="pref_entries_dialpadIconsArrangement">
    <item>Çevir/Gir/Sil</item>
    <item>Sil/Gir/Çevir</item>
    <item>Gir/Sil/Çevir</item>
  </string-array>
  <!-- 	quick jump to alphabetic listcreate new contact -->
  <string name="menu_quickJump">Hızlı-Atlama</string>
  <string-array name="pref_entries_hideTab">
    <item>Aç</item>
    <item>Kapat</item>
    <item>Otomatik</item>
  </string-array>
  <string name="pref_title_backgroundColorQuickJump">Hızlı-Atlama arkaplan rengi</string>
  <string name="pref_title_textColorQuickJump">Hızlı-Atlama metin rengi</string>
  <string name="pref_title_disableSlideSwitchingTabs">Slayt-geçiş sekmelerini devre dışı bırak</string>
  <string name="pref_title_showNumberKeyboardOnDialpad">Tuş takımında numara klavyesini göster</string>
  <string name="pref_summary_showNumberKeyboardOnDialpad">Devre dışı bırakılırsa, sacede giriş kutusu, çevirme ve silme simgesi gösterilir (eğer, her zaman donanım tuşları ile çevirmek isterseniz yararlıdır)</string>
  <string name="pref_title_dialpadToFullWidth">Tuş takımını tam ekran yap</string>
  <string name="pref_summary_dialpadToFullWidth">Etkinleştirilirse, yatay modda tuş takımını tam ekran genişliğinde gösterecektir (aksi halde sağ tarafta olur)</string>
  <string name="pref_title_smsSignature">SMS/MMS imzası</string>
  <string name="pref_summary_smsSignature">İmza, her zaman SMS/MMS sonuna eklenecektir</string>
  <string name="currentOrderNotSupportFastJump">Geçerli komut hızlı atlamayı desteklemez.</string>
  <!-- 2.0.7 -->
  <string name="pref_title_languageForT9">T9-aramasının lisanı</string>
  <string name="pref_summary_languageForT9">T9-aramasında kullanmak için ekstra diller ekleyebilirsiniz</string>
  <string name="pref_title_quickJumpAlignment">Hızlı-Atlama hizalaması</string>
  <string-array name="pref_entries_quickJumpAlignment">
    <item>Üst</item>
    <item>Merkez</item>
    <item>Alt</item>
  </string-array>
  <string name="menu_gridView">Kılavuz görünümü</string>
  <string name="menu_listView">Liste görünümü</string>
  <string name="pref_title_gridViewSettings">Kılavuz görünümü ayarları</string>
  <string name="pref_title_gridViewSize">Kılavuz boyutu</string>
  <string name="pref_title_lockGridSize">Kılavuz boyutunu kitle</string>
  <string name="pref_summary_lockGridSize">Eğer kilitlenmişse, hızlı-atlama, 2 parmak kaydırıcı yoluyla tekrar kullanılabilir</string>
  <string name="pref_title_phoneDialpadHeight">Tuş takımı yüksekliği</string>
  <string name="pref_title_moreSettings">Ayrıntılı görünüm ayarları</string>
  <string name="pref_summary_moreSettings">Herbir sekme görünümü için daha ayrıntılı ayarlar</string>
  <string name="pref_title_displayNameBelowThePicture">Resmi, adın altında göster</string>
  <string name="menu_exportContactPicture">Kişi resmini dışa aktar</string>
  <string name="toast_saveFailed">Kayıt başarısız oldu!</string>
  <string name="toast_saveSuccessfully">Başarıyla kaydedildi: %s</string>
  <string name="callConfirm">Çevirme onayı</string>
  <string name="pref_summary_callConfirm">Etkinleştirilirse, numarayı çevirmeden önce onay isteyen bir pencere açılır</string>
  <string name="pref_title_automaticConfirmationDelay">Otomatik onay gecikmesi</string>
  <!-- It is an option to set a time for the control [Dialing confirmation] dialog.
     At the end of the counter automatically close [Dialing confirmation] dialog. -->
  <string name="pref_title_automaticCancelDelay">Otomatik iptal gecikmesi</string>
  <string name="pref_summary_automaticConfirmationDelay">Zamanlayıcıyı durdurmak için ekrana dokunabilirsiniz</string>
  <string name="pref_title_picturePositionOnRight">Resim sağda olsun</string>
  <string name="updateCheck">Güncelleme kontrolü</string>
  <string name="noUpdates">Hiçbir güncelleme mevcut değil</string>
  <string name="download">İndir</string>
  <string name="pref_title_globalIconSize">Genel simge boyutu</string>
  <string name="pref_summary_globalIconSize">Bu boyut tüm simgelerin genişliğini beliriler: Tuş takımındaki tüm tuşlar</string>
  <string name="pref_title_backKeyHideDailpad">Geri tuşu, tuş takımını gizler</string>
  <string name="pref_summary_backKeyHideDailpad">Devre dışı bırakılırsa, "geri" sabit tuşuna ilk tıklandığında uygulama kapatılır. Diğer durumda, kapatılmadan önce tuş takımı gizlenir</string>
  <string name="pref_title_hapticFeedbackVibration">Dokunsal geribildirim titreşimi</string>
  <string name="pref_title_hapticFeedbackStrength">Dokunma geribildirim seviyesi</string>
  <string name="pref_title_limitCallLogOnXitems">Çağrı kaydını en fazla %s öğe ile sınırla</string>
  <string name="pref_summary_limitCallLogOnXitems">Arama loglarını enfazla %s öğe ile sınırla (0 = sınırsız)</string>
  <string name="pref_title_dividerLineColor">Bölücü çizgi rengi</string>
  <string name="menu_quickDial">Hızlı-Ara</string>
  <string name="buying_tips_in_free">Pro sürümü satın almak için "Google Play"i kullanabilirsiniz. Eğer "Google oyun" uygulamalarının satın alınmasının mümkün olmadığı bir bölgede yaşıyorsanız, REG sürümünü indirebilir ve daha sonra kayıt edebilirsiniz. Her iki sürüm de aynı işlevselliğe sahiptir.</string>
  <string name="buying_channel_registration">KAYITLI sürümünü indir</string>
  <string name="buying_channel_registration_summary">"Bağlantıya tıkladıktan sonra, uygulama indirilecek ve yüklemek çin dosyaya tıklayabilecesiniz. Yükledikten sonra uygulamayı başlatın ve kayıt yönergesini takip edin." </string>
  <string name="pref_title_buyAdvancedVersion">Gelişmiş sürümü satın al</string>
  <string name="freeVersionFound">ÜCRETSİZ sürüm sisteminizde bulunamadı.</string>
  <string name="uninstallFreeVersionPrompt">Lisanslı sürümü kullanmak için bedava sürümü kaldırmanızı öneririz. Kaldırmadan önce bedava sürümdeki tüm verilerinizi yedeklemek isteyebilirsiniz. Daha sonra bu yedeği Pro sürümüne geri yükleyebilirsiniz.
Şim bedava sürümü kaldırayım mı?</string>
  <string name="pref_title_copySerialNum">Cihazın seri numarasını panoya kopyala</string>
  <string name="askToCheckRegistrationCode">"Kayıt anahtarı geçerli veya kayıtlı değil. Kayıt kodunu hemen kontrol etmek ister misin?"</string>
  <string name="deleteContactConfirmation">\"%s\" adlı kişi silinecek.</string>
  <string name="enable">Etkinleştir</string>
  <string name="allIncomingCalls">Tüm gelen çağrılar</string>
  <string name="anonymousIncomingCalls">Adsız gelen çağılar</string>
  <string name="anonymousIncomingCallsSummary">Çağrılar telefon numarasına gönderilmediğinde</string>
  <string name="automaticGroups">Otomatik gruplar</string>
  <string name="pref_title_dialPrefix">Çevirme öneki</string>
  <string name="pref_summary_dialPrefix">Önek belirtilirse, uzun basım menüsü vasıtasıyla onlara çağrı yapıldığında ilave bir seçenek olacak</string>
  <string name="pref_title_dialSuffix">Çevirme soneki</string>
  <string name="pref_summary_dialSuffix">Sonek belirtilirse, uzun basım menüsü vasıtasıyla onlara çağrı yapıldığında ilave bir seçenek olacak</string>
  <string name="pref_title_quickDialLimit">Hızlı arama sınırı</string>
  <string name="pref_title_languageForT9Keyboard">T9-klavye dili</string>
  <string name="pref_summary_languageForT9Keyboard">T9 arama panelinde görüntülenmesini istediğiniz dili seçin.</string>
  <string name="callFilterAction">Eylem</string>
  <string-array name="callFilterActions">
    <item>Engelle</item>
    <item>İzin ver</item>
    <item>Sessiz</item>
  </string-array>
  <string name="callFilterActionIntercept">Engelle</string>
  <string name="callFilterActionInterceptAndNotify">Engelle ve Uyar</string>
  <string name="callFilterActionAllows">İzin Ver</string>
  <string name="callFilterActionSilence">Sessiz</string>
  <string name="callFilterType">Filtre türü</string>
  <string-array name="callFilterTypes">
    <item>Grup filtresi</item>
    <item>Numara filtresi</item>
    <item>Sık aranan telefon numaraları</item>
  </string-array>
  <string-array name="callFilterTypesHint">
    <item>Filtrelenecek grupları seçin</item>
    <item>Filtrelenecek numarayı girin</item>
    <item>Geçerli süre seçin</item>
  </string-array>
  <string name="ruleEditor">Kural Düzenleyicisi</string>
  <string name="label">Etiket</string>
  <string name="numberFilterExplain">* = Herhangi bir metin, ? = Herhangi bir karakter</string>
  <string name="effectiveTimeOfTheRule">"Eylem %1$s - %2$s"</string>
  <string name="menu_viewRelatedContacts">İlgili kişileri görüntüle</string>
  <string name="title_selectNumbers">Lütfen numaraları seçin</string>
  <string name="title_selectEmailAddresses">Lütfen e-posta adreslerini seçin</string>
  <string name="pref_title_lockView">Öğelerin görünüm değişikliklerini kilitle</string>
  <string name="pref_summary_lockView">Öğelerin görünümünün, 2 parmak ile kaydırarak değiştirilmesini kilitle</string>
  <string name="selectedNumberOfContacts">Seçili %d kişi</string>
  <string name="selectedNumberOfEmailAddresses">%d adet adres seçtiniz, Kopyaya tıklayarak panoya aktarın.</string>
  <string name="selectedNumberOfPhoneNumbers">Seçili %d telefon numarası</string>
  <!-- 2.1.1 -->
  <string name="pref_title_nameFieldToShow">Gösterilecek ad alanını seçin</string>
  <string name="pref_summary_nameFieldToShow">Sadece \"Kişiyi şöyle göster\" varsayılan değilken geçerlidir.</string>
  <string-array name="pref_entries_nameField">
    <item>Adı</item>
    <item>Soyadı</item>
    <item>İkinci adı</item>
    <item>Kimlik öneki</item>
    <item>Kimlik soneki</item>
    <item>Adı-fonetik</item>
    <item>Soyadı-fonetik</item>
    <item>İkinci adı-fonetik</item>
  </string-array>
  <string name="pref_title_showMatchFirstLetterResultsFirst">\"İlk harf ile eşleştir\" sonuçlarını önce göster</string>
  <string name="pref_title_clickTheActions">Liste girdisi eylemlerine tıkla</string>
  <string name="pref_summary_clickTheActions">Liste girdisine tıklama eylemi.</string>
  <string name="pref_summary_clickListIconActions">Liste görünümünde kişi simgesini tıklattığınızda yapılacak eylem.</string>
  <string name="action_viewItemAuto">Öğeyi görüntüle (kişiler veya geçmiş)</string>
  <string name="action_viewContactDetails">Kişi ayrıntılarını gör</string>
  <string name="action_selectNumberToCall">Çağrı yapılacak bir numara seç</string>
  <string name="action_viewContactHistory">Kişi geçmişini gör</string>
  <string name="action_viewQuickContactBadge">Hızlı kişi kartını gör</string>
  <string name="action_callCurrentNumber">Geçerli numarayı ara</string>
  <string name="action_callDefaultNumber">Varsayılan numarayı ara</string>
  <string name="action_callUsingSIP">SIP kullanarak ara</string>
  <string name="action_sendMessageToCurrentNumber">Geçerli numaraya SMS/MMS gönder</string>
  <string name="action_sendMessageToDefaultNumber">Varsayılan numaraya SMS/MMS gönder</string>
  <string name="pref_title_clickIconActions">Simge eylemlerine tıkla</string>
  <string name="pref_summary_clickIconActions">Kılavuz görünümünde kişi simgesine tıklama eylemi.</string>
  <string name="pref_title_lockWindowPosition">Pencere konumu kilitle</string>
  <string name="pref_summary_lockWindowPosition">Sürükleyerek taşımak istemiyorsanız.</string>
  <string name="pref_title_showCallerLocation">Arayanın konumunu göster</string>
  <string name="downloadPluginPrompt">Eklentilerin yüklenmesi gerekir. Hemen İndir?</string>
  <string name="Default">Varsayılan</string>
  <string name="pref_title_searchCallLog">Çağrı günlüğünü tara</string>
  <string name="pref_summary_searchCallLog">\"Çağrı günlüğünü telefonda göster\"i açmak gerekir</string>
  <string name="menu_shareContacts">Kişileri paylaş</string>
  <string name="font_size">Yazı tipi boyutu</string>
  <string name="show_call_log_filter">Çağrı kaydı filtresini göster</string>
  <string name="hide_call_log_filter">Çağrı kaydı filtresini gizle</string>
  <string name="prompt_in_sms_tab">DW Kişilerinin gruba gönderdiği SMS\'leri görüntüle.</string>
  <string name="pref_title_exitWhenCallEnds">Çağrı bittiğinde çık</string>
  <string name="pref_title_residesInMemory">Bellekte bulunan</string>
  <string name="pref_summary_residesInMemory">Aynı anda "Arkaplan hizmetlerini etkinleştir" aktifse, daha uzun süre bellekte tutulabilir.</string>
  <!-- Header that expands to list all of the types of settings -->
  <string name="optionsLabelsGroup">Seçenekler</string>
  <string name="pref_summary_textColorForSecondT9Languare">İkinci T9 dilinin rengi</string>
  <string name="pref_title_enableDualcardSuppout">Çift-kart desteğini etkinleştir</string>
  <!-- 联系人详细信息 -->
  <string name="detailsList">Ayrıntılar</string>
  <string name="pref_title_minimumHeightOfListItem">Liste öğesinin en az yüksekliği</string>
  <string name="loading">Yükleniyor…</string>
  <string name="pref_title_displayWhenDialing">Çevirirken göster</string>
  <string name="pref_title_usingMoreDetailedListSection">Daha ayrıntılı liste bölümü</string>
  <string name="pref_summary_usingMoreDetailedListSection">Bu, hızla atlama karakteri için kullanılacak</string>
  <string name="desktop_widget_limit_messages">Ücretsiz sürümde sadece bir masaüstü widgetı oluşturulabilir.</string>
  <string name="label_customField">Özel alanlar</string>
  <string name="menu_otherContactViewer">Diğer kişi gösterici</string>
  <string name="pref_title_hideStatistics">İstatistikleri gizle</string>
  <string name="pref_title_backupTheme">Tema ayarlarını yedekle</string>
  <string name="pref_title_restoreTheme">Tema ayarlarını geri yükle</string>
  <string name="appwidget_titleText">Başlık</string>
  <string name="appwidget_summary_selectGroup">Lütfen gösterilecek kişi grubunu seçin.</string>
  <string name="iconSize">Simge boyutu</string>
  <string name="widgetConfiguration">Widget yapılandırması</string>
  <string name="pref_title_iconNumberOfColumns">Sütunların simge sayısı</string>
  <string name="pref_summary_iconNumberOfColumns">Otomatik sığdırma için 0</string>
  <string name="tips_contactAppWidget">Widget başlığına tıklayın, ayarlara girin</string>
  <string name="pref_title_nameLines">Adı satırları</string>
  <string name="pref_summary_nameLines">Adı saklamak için 0</string>
  <string name="menu_deleteTheShownCallLog">Gösterilen arama kaydını sil</string>
  <string-array name="pref_entries_contactListSearchOptions">
    <item>Tüm alanlarda ara</item>
    <item>Tüm kişileri ara</item>
    <item>Genel Adres Defterinde Ara</item>
  </string-array>
  <string name="pref_title_defaultContactIcon">Varsayılan kişi simgesi</string>
  <string name="pref_title_defaultGroupIcon">Varsayılan grup simgesi</string>
  <string name="prompt_restoreDefaultSettings">Önce ayarların yedeklenmesi tavsiye edilir. Şimdi tüm ayarlar vaysayılana geri döndürülsün mü?</string>
  <string name="pref_title_interceptCallsEvenDuringCall">Bir çağrı yapılıyor bile olsa çağrıları durdur</string>
  <string name="pref_summary_interceptCallsEvenDuringCall">Bu, devam eden çağrıyı sona erdirebilir.</string>
  <string name="pref_title_displayPromptWhenCallBlocked">Çağrı engellendiğinde, bir iletişim kutusu göster.</string>
  <!-- Call Statistics -->
  <string name="call_statistics">Çağrı İstatistikleri</string>
  <string name="freeNumbersManager">Ücretsiz numaraları yönet</string>
  <string name="tab_call_statistics">İstatistikler</string>
  <string name="call_type_incoming">Gelen</string>
  <string name="call_type_outgoing">Giden</string>
  <string name="call_type_missed">Cevapsız</string>
  <string name="call_type_blocked">Engellenmiş</string>
  <string name="call_type_all">Tümü</string>
  <string name="call_duration">Süre</string>
  <string name="call_duration_minute">Dakikalık Maliyet</string>
  <string name="call_count">Sayı</string>
  <string name="call_statistics_time_billingCycle">Ücretlendirme döngüsü</string>
  <string name="call_statistics_time_thisMonth">Bu ay</string>
  <string name="call_statistics_time_thisWeek">Bu hafta</string>
  <string name="call_statistics_time_all">Tüm zamanlar</string>
  <string name="pref_title_startDayOfBillingCycle">Faturalandırma döngüsünün başlangıç günü</string>
  <string name="pref_title_missedCallsTextColor">Cevapsız çağrı metin rengi</string>
  <string name="pref_summary_unansweredOutgoingCallsTextColor">Cevapsız aramalar</string>
  <string name="pref_title_freeMonthlyTalkTime">Ücretsiz aylık konuşma süresi</string>
  <string name="pref_title_freeIncomingCalls">Ücretsiz gelen aramalar</string>
  <string name="pref_title_costWarning">Maliyet uyarısı</string>
  <string name="pref_summary_costWarning">Ücretsiz konuşma süresinin sonunda bir hatırlacı gösterir</string>
  <string name="prompt_freeTalkTimeIsOver">Ücretsiz konuşma süresi bitti.</string>
  <string name="prompt_remainingFreeTalkTimer">Kalan ücretsiz konuşma süresi: %1$d dakika; günlük: %2$d dakika.</string>
  <string name="pref_title_showGroupSContactsCount">Group\'ların kişi sayısını göster</string>
  <string name="pref_summary_showGroupSContactsCount">Açık bırakmak, kişilerin yüklenme hızını etkiler.</string>
  <string name="pref_title_contactPictureZoomMode">Kişi resmi yakınlaştırma modu</string>
  <string-array name="pref_entries_contactPictureZoomMode">
    <item>Merkez</item>
    <item>Merkez kırpma</item>
    <item>Merkez içinde</item>
    <item>Merkeze sığdır</item>
    <item>XY uygun</item>
  </string-array>
  <string name="get_online_help">Çevrimiçi Yardım Alın</string>
  <string name="error_report">Hata raporu</string>
  <string name="hasNoPhoneNumberContacts">Telefon numarası olmayan kişiler</string>
  <string name="pref_title_minimumBillableTime">Faturalandıralabilir en düşük süre</string>
  <string name="pref_summary_minimumBillableTime">Geçerli ayarınız %s saniyedir. Ücretlendirme süresiniz; konuşma süreniz 01:15 ve ayarlanan süre 30 saniye ise 01:30, ayarınız 60 saniye ise 02:00 olacaktır.</string>
  <string name="menu_showSidebar">Kenar çubuğu göster</string>
  <string name="menu_hidesidebar">Kenar çubuğunu gizle</string>
  <string name="SIMCard1">SIM kart 1</string>
  <string name="SIMCard2">SIM kart 2</string>
  <string name="sim_card_office">Ofis</string>
  <string name="sim_card_home">Ev</string>
  <string name="sim_card_call">Çağrı</string>
  <string name="sim_card_internet">İnternet</string>
  <string name="sim_card_heart">Kalp</string>
  <string name="lable_sim_card_name">Adı:</string>
  <string name="lable_sim_card_icon">Simge:</string>
  <string name="defaultSIMcard">Varsayılan SIM kart</string>
  <string name="prompt_inFirstUseDialer">Acil durum çağrısı yapmak, çevirmeli yazılım sağlayan sisteme bağlıdır. Lütfen, çalıştığına emin olun.</string>
  <string name="pref_title_enableBackgroundDataLoading">Arkaplanda verileri yüklemeyi etkinleştir</string>
  <string name="pref_summary_enableBackgroundDataLoading">Yazılım yanıt hızını artırmak için etkinleştirin.
Lütfen unutmayın, bu, kişi veritabanını sıkça güncelleyecek ve pil tüketimini arttıracak.</string>
  <string name="pref_title_scaleToFitTheScreen">Ekrana sığdır</string>
  <string name="pref_summary_scaleToFitTheScreen">Izgara boyutunu ekrana sığacak şekilde otomatik ölçekle</string>
  <string name="pref_summary_whenPortraitMode">Dikey mod</string>
  <string name="pref_summary_whenTheSidebarIsOpen">Dikey kenar çubuğu modu</string>
  <string name="pref_summary_whenInLandscapeMode">Yatay Mod</string>
  <string name="pref_summary_whenInLandscapeModeAndTheSidebarIsOpen">Yatay kenar çubuğu modu</string>
  <string name="pref_title_usingMoreDetailedFastScroller">Daha ayrıntılı hızlı kaydırma kullanarak</string>
  <string name="pref_title_contactFields">Kişi alanları</string>
  <string name="pref_summary_informationNeedSendToCalendar">Takvime gönderilmesi gereken bilgileri seçin</string>
  <string-array name="pref_entriesNeedSendToCalendar">
    <item>Kuruluş</item>
    <item>Adres</item>
    <item>Telefon</item>
    <item>E-posta</item>
    <item>Notlar</item>
  </string-array>
  <string name="menu_addConsecutiveNumbers">Art arda numara ekle</string>
  <string name="startingNumber">Başlangıç no</string>
  <string name="endingNumber">Bitiş no</string>
  <string name="prompt_ALotOfNumbersToAddToContact">Kişiye %d yeni numara eklenecek. Bu biraz zaman alacak.</string>
  <string name="prompt_numberParsingErrorInaddConsecutiveNumbers">Ayrıştırma hata sayısı! Lütfen biçimlendirilmiş bir numarası girmeyin.</string>
  <string name="prompt_needToAddNumbersTooMuch">Kişiye %d yeni numara eklenecek. Çok fazla numara eklemek telefonun yavaşlamasına neden olur.</string>
  <string name="prompt_addConsecutiveNumbers_accountDoesNotSupport">Kişi hesabı çok fazla telefon numarasının eklenmesini desteklemiyor.</string>
  <string name="pref_title_usingHDContactPicture">HD resim kullanarak</string>
  <string name="pref_title_linksInNotes">Notlardaki bağlantılar</string>
  <string name="pref_summary_linksInNotes">Etkinleştirildiğinde, notlarda yer alan web URL\'leri, e-postalar, sokak adresleri ve telefon numaralarını tıklanabilir olur.</string>
  <string name="pref_title_enableInCallWidget">Çağrı içi widgetı etkinleştir</string>
  <string name="pref_title_delayToClose">Gecikmeli kapatma</string>
  <string name="pref_summary_delayToCloseInCallWidget">Çağrı sonlandığında %ds gecikme ile \"çağrı içi widgetı\" kapat.</string>
  <string name="pref_title_closeWhenOffhook">Açık kaldığında kapat</string>
  <string name="pref_summary_closeWhenOffhook">Çağrıyı yanıtladığında \"çağrı içi widgetı\" kapat.</string>
  <string name="pref_summary_informationNeedShowInInCallWidget">\"Çağrı içi widget\"ta gösterilecek bilgileri seçin.</string>
  <string name="phoneNumberLabel">Telefon numarası etiketi</string>
  <string name="last_contact_time">Son bağlantı süresi</string>
  <string name="contact_pictures">Kişi resimleri</string>
  <string name="menu_importToQuickdialList">Hızlı-çevir listesine al</string>
  <string name="confirm_importToQuickdialList">Not// Alınan veriler, mevcut verilerin üzerine yazılır.</string>
  <string name="toast_importToQuickdialListSuccessfully">%d adet alındı</string>
  <string name="pref_title_frameColor">Çerçeve rengi</string>
  <string name="pref_title_hideDefaultIcon">Varsayılan simgeyi gizle</string>
  <string name="pref_summary_hideDefaultIcon">Liste görünümünde varsayılan simgeyi gizle.</string>
  <string name="pref_title_showInTheSidebar">Kenar çubuğunda göster</string>
  <string name="pref_summary_showInTheSidebar">Kenar çubuğunda göstermek için öğeleri seçmelisiniz</string>
  <string-array name="pref_entries_showInTheSidebar">
    <item>Gruplar</item>
    <item>Organizasyonlar</item>
    <item>Başlıklar</item>
  </string-array>
  <string name="menu_addToQuickdialList">Hızlı Arama listesine ekle</string>
  <string name="toast_theNumberHasNeenAdded">Numara eklendi.</string>
  <string name="pref_title_fontSizeSidebar">Yazı tipi boyutu (kenar)</string>
  <!-- 	<string name="hour">Hour</string> -->
  <string name="contactedLastXHours">Son %s saat görüşüldü</string>
  <!-- 	选中的邮件地址已经复制到剪贴板。您可以将它粘贴到邮件程序的地址字段 -->
  <string name="toast_selectedEmailAddressCopied">Seçilen e-posta adresi panoya kopyalandı. e-posta uygulamanızda adres alanına yapıştırabilirsiniz.</string>
  <string name="pref_title_backUpAllData">Tüm verileri yedekleyin</string>
  <!-- 	由于数据库的更新。还原数据可能导致组铃声、组图片和防火墙工作不正常。请检查它们在恢复数据后。 -->
  <string name="pref_summary_backUpAllData">Son veritabanı güncellenmesinden beri. Veri geri yüklenirken baz grup zil sesleri, grup resimleri ve arama filtresi doğru çalışmayabilir. Kurtarılan veriler içinden kontrol edin.</string>
  <!-- 	注意这不会备份联系人数据库。 -->
  <string name="warning_notBackUpContactsDatabase">Bu kişiler veritabanının yedeğini almadığına dikkat edin.</string>
  <string name="pref_title_restoreAllData">Tüm verileri geri yükleme</string>
  <string name="toast_backedSuccessfully">%s \'e kadar başarıyla yedeklendi.</string>
  <string name="toast_backedFailed">Yedekleme başarısız oldu. Geçerli bir yedekleme klasörü belirtdiğinizden emin olun.</string>
  <string name="toast_restorSuccessfully">%s öğesinden başarıyla geri yüklendi.</string>
  <string name="toast_restorFailed">Geri yükleme başarısız oldu. Doğru yolu ayarladığınızdan emin olun.</string>
  <string name="close">Kapat</string>
  <string name="minimize">Küçült</string>
  <string name="maximize">Büyült</string>
  <string name="call">Çağrı</string>
  <string name="toast_notSuppouteditingNotes">Bu kişi notları düzenlemenizi desteklemiyor.</string>
  <!-- An option in the event notification settings, open it automatically sends the blessing SMS comes in contact events. -->
  <string name="pref_title_automaticallySendGreetingsSMS">Otomatik tebrik SMS\'i gönder</string>
  <!-- 	注意发送消息时您不会得到通知，发送时间为事件当天的[通知时间]。 -->
  <string name="pref_summary_automaticallySendGreetingsSMS">İleti gönderirken bildirim alamayacağınıza dikkat edin. [Bildirim Süresi] gün etkinlik için yollama süresi</string>
  <!-- Prompt message before you delete a call log. -->
  <string name="prompt_deleteCallLog">Arama kayıtlarını silmek, çağrı istatistik değerlerini değiştireceğine dikkat edin.</string>
  <!--
    Dispaly in [In call Widget]
    Example:
    The last contact time: 5 days ago。 -->
  <string name="in_call_lastContactTime">Son görüşme süresi: %s</string>
  <string name="recommendToFriends">Arkadaşlar için öneri</string>
  <string name="filterMode">Filtre modu</string>
  <!-- 	Show contacts filter Details Grp = Group; Com = Company; Tit = Title -->
  <string name="contactsFilterSummary">Filtreleme: Grp: %1$s Şti: %2$s Ünv: %3$s</string>
  <string name="pref_title_largeDialButton">Büyük arama tuşları</string>
  <!-- 	显示在联系人组编辑器，为编辑的组设置父组 -->
  <string name="parentGroup">Üst grup</string>
  <string name="pref_title_formatPhoneNumber">Telefon numarasını biçimle</string>
  <string name="menu_viewSelectedContacts">Seçilen kişileri göster</string>
  <string name="filter_status_all">Tümü</string>
  <string name="pref_title_enableSlidingAction">Kaydırmayı etkinleştir</string>
  <!-- 	启用滑动拨号等等，关闭它以便使用滑动切换号码。 -->
  <string name="pref_summary_enableSlidingAction">Kaydırmalı aramayı vs. etkinleştir. Kaydırma geçiş numaralarını kullanmak için kapatabilirsiniz.</string>
  <!-- Click Open browser to select files or other data -->
  <string name="browse">Gözat</string>
  <string name="companies">Şirketler</string>
  <string name="company">Şirket</string>
  <string name="clear">Temizle</string>
  <string name="other">Diğer</string>
  <string name="voice_input">Ses girişi</string>
  <string name="app_widget_name_dialer_3_3">DW Çevirici 3 × 3</string>
  <string name="app_widget_name_dialer_2_3">DW Çevirici 2 × 3</string>
  <string name="app_widget_name_dialer_4_4">DW Çevirici 4 × 4</string>
  <string name="app_widget_name_agenda">DW Gündemi</string>
  <!-- 	A menu item is used to select mode grouping contacts. -->
  <string name="menu_groupBy">Grupla</string>
  <string name="menu_showHistory">Geçmişi göster</string>
  <string name="menu_sendMessage">SMS/MMS gönder</string>
  <string name="menu_sendMail">e-posta gönder</string>
  <string name="menu_setRingtone">Zil sesini ayarla</string>
  <string name="menu_insert">Ekle</string>
  <string name="pref_title_disableAutomaticUpdates">Otomatik güncelleştirmeleri devre dışı bırak.</string>
  <string name="pref_title_showsLinkToContactList">Kişi listesini bağlantı olarak gösterir</string>
  <!-- A number label, recently contacted number，It shows in the contact details SMS TAB. Number selection drop-down list. For example: Recent:12345678 -->
  <string name="recent">En Son</string>
  <string name="dialog_title_selectFieldsToShare">Paylaşmak üzere bir alan seçin</string>
  <string name="pref_title_showSIMCardNumber">SIM kart numarasını göster</string>
  <string name="pref_title_swapSIMCardNumber">SIM kart numarası değiştir</string>
  <string name="pref_summary_selectNeedToDisplayTabs">Sekmeleri görüntülemek için seçmelisiniz</string>
  <!-- 	检测到您正使用屏幕阅读程序。是否显示“电话号码选择对话框”在拨号前？ -->
  <string name="prompt_usePhoneNumberSelectionDialogWhenUseScreenReader">Bir ekran okuyucu uygulaması kullandığınızı algılar. Aramadan önce \"Telefon numarası seçim ekranı\" görüntülenip görüntülenmeyeceği?</string>
  <string name="neverShowAgain">Tekrar gösterme</string>
  <!-- 	选择[确定]，“通话中小部件”将不会再次显示。 -->
  <string name="prompt_neverShowAgain">[%1$s] seçin, \"%2$s\" bir daha görüntülenmez.</string>
  <string name="dualSIMCardConfiguration">Çift SIM kart ayarları</string>
  <!-- 	如果SIM卡编号显示不正确，请先通过两个SIM卡各拨打一个电话，然后点击[重新检测]按钮。 -->
  <string name="prompt_retestSIMCardNumber">Eğer gösterilen SIM kart numarası doğru değilse, lütfen her bir SIM kart üzerinden bir cağrı yapın, daha sonra [tekrar test et] butonuna basın.</string>
  <!-- 	重新检测 -->
  <string name="retest">Tekrar test et</string>
  <!-- 	检测已完成 -->
  <string name="toast_retestSIMCardNumberCompleted">Test tamamlandı.</string>
  <string name="toast_settingsHaveBeenSaved">Ayarlar kaydedildi.</string>
  <!-- 	如果双卡功能不工作在您的设备。请尝试选择设备列表中的每一个设备，然后单击[拨号]按钮。当两个拨号按钮使用正确SIM卡拨号时，单击[保存]按钮。 -->
  <string name="prompt_dualSIMDialTest">Çift SIM kart fonksiyonu cihazınızda çalışmıyorsa, aygıt listesindeki her aygıtı seçerek [arama] \'ya basıp deneyin. Her iki arama tuşu da doğru çalışıyorsa, [Kaydet] tuşuna basıp ayarlarınızı kaydedin.</string>
  <string name="lable_device">Cihaz:</string>
  <string name="lable_testNumber">Test numarasi:</string>
  <!-- 	 An option. When you enable the exchange of the SIM card used when making calls. When the dial buttons 1 and 2 do not correspond correct SIM card to select it. -->
  <string name="swapTheDialSIMcard">Aramalar için SIM kartı değiştirin</string>
  <string name="shareMySettings">Ayarlarımı Paylaş</string>
  <!-- 	已添加前缀/后缀（%s） -->
  <string name="toast_prefixOrSuffixHasBeenAdded">Önek/Sonek (%s) eklendi</string>
  <string name="pref_title_downloadGeocoderPlugin">Geocoder eklentisi indir</string>
  <string name="menu_bindTo">%s \'e bağla</string>
  <string name="menu_clearBind">Bağı kaldır</string>
  <string name="pref_title_twoDialOnTheDialpad">Tuş takımı üzerinde 2 arama butonu göster</string>
  <string name="pref_title_twoDialInTheContactList">Kişi listesinde iki arama butonu göster</string>
  <!-- 	call using SIM card 1 -->
  <string name="description_dial_button_using">%s kullanarak ara</string>
  <string name="menu_shareAsText">Tüm ayrıntıları metin olarak paylaş</string>
  <string name="menu_shareAsvCard">VCard olarak paylaş</string>
  <string name="noItmeSelected">Seçilmiş öğe yok</string>
  <string name="pref_title_leftHandedOperation">Sol elle işlem</string>
  <string name="description_goToSubGroups_button">Alt gruplar listesine git</string>
  <!-- 一个选项，当打开备注会优先保存到联系人，而不是通话记录备注 -->
  <string name="pref_title_saveNotesToContacts">Notları kişilere kaydet</string>
  <string name="export_to_single_vcard_file">Tek bir vCard dosyasına aktar</string>
  <string name="export_to_multiple_vcard_files">Birden fazla vCard dosyalarına aktar</string>
  <string name="confirm_export_contacts_to_folder_message">Kişiler %s klasörüne aktarılacak.</string>
  <!-- 读出来电显示号码 -->
  <string name="pref_title_speakCallerID">Arayan kimliğini Söyle</string>
  <string name="pref_title_speakOrganization">Organizasyonu söyle</string>
  <string name="pref_title_speakNumber">Numarayı Söyle</string>
  <string name="pref_summary_speakNumber">Arayan kişi listede yoksa</string>
  <string name="pref_title_repeatCount">Yineleme sayısı</string>
  <string name="pref_title_repeatInterval">Yineleme aralığı</string>
  <string name="pref_title_reverseList">Listeyi tersine döndür</string>
  <string name="pref_title_openQuickJumpOnStartup">Başlangıçta Hızlı atlamayı aç</string>
  <!-- 搜索历史记录 - 一个开关确定是否显示搜索历史记录 -->
  <string name="pref_title_searchHistory">Arama geçmişi</string>
  <string name="menu_add_event">Olay Ekle</string>
  <string name="notification_dataLoaderIsRunning">Veri yükleyicisi çalışıyor</string>
  <string name="clickToGetMoreInformation">Daha fazla bilgi almak için tıklayın</string>
  <!-- 	您好，试用期限将结束在5天后。现在要购买吗？ -->
  <string name="remind_trialPeriodWillEnd">Merhaba, deneme süresi %d gün içinde sona erecek. Şimdi satınalmak ister misin?</string>
  <string name="menu_addToBlockList">Engelli listesine ekleyin</string>
  <string name="menu_removeFromBlockList">Engelli listesinden kaldır</string>
  <string name="blockList">Engelli listesi</string>
  <string name="font">Yazı tipi</string>
  <string name="needToUpdate">Güncellemek gerekiyor</string>
  <string name="disable">Devredışı</string>
  <string name="pref_title_hideContactPicture">Kişi resmini gizle</string>
  <string name="event_info_links_label">Bağlantılar</string>
  <string name="pref_title_calllogFilterAtTop">\"Çağrı log filtresi\" etiketini ekranın üstünde göster</string>
  <!-- A menu, click the call methods available to display. For example: SIM card 2; Video call; Skype; SIP -->
  <string name="menu_callUsing">... Kullanarak arama</string>
  <string name="video_call">Görüntülü Arama</string>
  <string name="automatic_redial">Otomatik tekrar arama</string>
  <!-- Automatic redial after 3 seconds. -->
  <string name="automatic_redial_after">%s sonra otomatik tekrar arama.</string>
  <!-- Enter "Arrange mode", you can drag to sort items. -->
  <string name="menu_arrangeMode">Düzenleme modu</string>
  <string name="summary_arrangeMode">Madde sıralamak için sürükle</string>
  <string name="recommend_template">"Sevgili dostum! \nI %1$s kullanıyorsun. Bu gereken bir rehber yazılımıdır. İndirmek için bu bağlantıyı kullanabilirsin: %2$s "</string>
  <string name="recommend_id_template">"Benim ID (%s) \'mi girmeyi unutmayın (Toolbox -&gt; arkadaşlara tavsiye ). \nTeşekkürler!"</string>
  <!-- An option to choose what to hide in the contact details -->
  <string name="pref_title_hideSection">Bölümü gizle</string>
  <string name="pref_title_automaticBackup">Otomatik yedekleme</string>
  <string name="pref_title_backupTime">Yedekleme zamanı</string>
  <string name="pref_title_backupCycle">Yedekleme döngüsü</string>
  <string-array name="pref_entries_backupCycle">
    <item>Her gün</item>
    <item>İki günde bir</item>
    <item>Üç günde bir</item>
    <item>Dört günde bir</item>
    <item>Beş günde bir</item>
    <item>Altı günde bir</item>
    <item>Haftada bir</item>
    <item>Ayda bir</item>
  </string-array>
  <string name="pref_title_contactsBackup">Rehber Yedekleme</string>
  <string name="pref_summary_contactsBackup">Yedeklenecek grubu seçin</string>
  <string name="pref_title_backupNow">Şimdi yedekleme</string>
  <string name="pref_title_disableInCarMode">Araba modunda devre dışı bırak</string>
  <string name="pref_summary_disableInCarMode">Arabadayken geçici olarak Arama Onayını kaldır</string>
  <!-- An alert message when adding a shortcut to the HomePage request has been sent. -->
  <string name="toast_requestHasBeenSent">İstek gönderildi</string>
  <string name="pref_title_hideMenuButton">Menü düğmesini gizle</string>
  <string name="pref_summary_hideMenuButton">Cihazınızın bir menü tuşu yoksa menu düğmesini gizlemek menülere erişiminizi engelleyecektir</string>
  <string name="pref_title_deleteOldCallLogs">Öceki arama günlüklerini sil</string>
  <string name="pref_summary_deleteOldCallLogs">Arama sayısı %s ulaştığında önceki arama günlüklerini sil</string>
  <string name="menu_setContactPhoto">Kişi resmi ayarla</string>
  <!-- OPTION: When you restart the app. Restore the state when last used. -->
  <string name="pref_title_restoreStateWhenRestarted">Yeniden başladığında önceki duruma dön</string>
  <string name="websiteTypeHomepage">Ana sayfa</string>
  <string name="websiteTypeBlog">Blog</string>
  <string name="websiteTypeProfile">Profil</string>
  <string name="websiteTypeHome">Ev</string>
  <string name="websiteTypeWork">İş</string>
  <string name="websiteTypeFTP">FTP</string>
  <!--     <string name="description">Description</string> -->
  <!--     <string name="menu_add_link">Add link</string> -->
  <string name="pref_title_excludeNumbers">Numaralar hariç</string>
  <string name="pref_summary_excludeNumbers">Bu numaralar çevrilirken [Çevirme onay] penceresi gösterilmez</string>
  <!-- Menu item used to add custom field to contact -->
  <string name="menu_addCustomField">Özel Alan Ekle</string>
  <!-- An automatic group name, which contains all has photo contacts -->
  <string name="hasPhotoContacts">Fotoğraflı kişiler var</string>
  <!-- Selectable menu item used to controls whether display "contacts events" in the "agenda list". -->
  <string name="menu_showContactsEvents">Kişilerin olaylarını göster</string>
  <!-- An option to define accent color. The color applied to framework controls in their activated (ex. checked) state. -->
  <string name="pref_title_accentColor">Vurgu rengi</string>
  <!-- An option to define whether the appointment is created automatically send the invitation email.-->
  <string name="pref_title_sendInvitation">Davet Gönder</string>
  <!-- An option to define whether the appointment is created automatically send the invitation email.-->
  <string name="pref_summary_sendInvitation">Katılımcılara e-posta adresi ekle</string>
  <!-- An option to define whether use circle icon.-->
  <string name="pref_title_circleIcon">Daire simgesi</string>
  <string name="on">Açık</string>
  <string name="off">Kapalı</string>
  <!-- Determined by the theme -->
  <string name="byTheme">Tema tarafından</string>
  <!-- An option to define color -->
  <string name="pref_title_callLogFilterBackground">Arka plan arama günlüğü filtresi</string>
  <!-- An option to define whether use colorful icon.-->
  <string name="pref_title_colorfulIcon">Renkli simge</string>
  <!-- Select this option to Reduce the ring volume when reading the caller information. -->
  <string name="pref_title_reduceRingerVolume">Zil sesi azalt</string>
  <!-- Select this option to Reduce the ring volume when reading the caller information. -->
  <string name="pref_summary_reduceRingerVolume">Arayanın bilgileri okunurken zil sesi azaltma</string>
  <!-- Menu item used to Go to the "Calendar" App -->
  <string name="menu_goToCalendar">Takvime git</string>
  <!-- Menu item used to add selected item to the Tab bar -->
  <string name="menu_addToTabBar">Sekme çubuğuna ekle</string>
  <!-- Menu item used to remove selected item from the Tab bar -->
  <!-- Menu item used to browse and restore data -->
  <string name="menu_restoreFrom">Geri yükleme...</string>
  <!-- Menu item used to open [Backup Manager] -->
  <string name="menu_backupManager">Yedekleme Yöneticisi</string>
  <string name="typeface_bold">Kalın</string>
  <string name="typeface_italic">Eğik</string>
  <!-- A contact group option. Open it will automatically delete call logs, contacts belong to this group. -->
  <string name="pref_title_automaticallyDeleteCallLogs">Arama kayıtlarını otomatik sil</string>
  <!-- An option to control whether to display the contact's local time -->
  <string name="pref_title_showContactsLocalTime">Kişilerin yerel saatini göster</string>
  <!-- An option -->
  <string name="pref_title_replaceMissedCallNotification">\"Kayıp çağrı bildirimi\" Değiştir</string>
  <!-- An option summary -->
  <string name="pref_summary_replaceMissedCallNotification">\"Uygulama seç\" kutusunu gösterme</string>
  <!-- An option in the dialog box to delete call records. Controls whether delete call log notes -->
  <string name="deleteNotes">Notları sil</string>
  <string name="offset">Ofset</string>
  <!-- Label above username EditText -->
  <string name="username">Kullanıcı adı</string>
  <!-- Button to sign in after entering username and password -->
  <string name="signIn">Oturum aç</string>
  <string name="message_createLocalContactAccount">Yerel bir kişi hesabı oluşturun.
          Bu hesaba kaydedilen kişiler  kayıtlı ağ ile eşitlenmez.
          \n <b>Not:</b> \"DW Contacts\" uygulamasının kaldırılması bu hesaba ait kişileri de otomatik olarak kaldırır.
           Kişileri eşitle seçeneğini işaretlerseniz, kişiler, \"<b>SD</b> kart/DW/kişiler/ \" klasöründeki kişilerle eşitlenecektir.</string>
  <!-- "By number" merge call records, etc. -->
  <string name="byNumber">No\'ya göre</string>
  <!-- "By contact" merge call records, etc. -->
  <string name="byContact">Kişi\'ye göre</string>
  <string name="toast_switchToIntersectionMode"><b>kesişim modu</b>\'na geçmek için tekrar tıklayın</string>
  <!-- An option to control whether to display the message log in History -->
  <string name="pref_title_showMessageLog">İleti loglarını göster</string>
  <!-- Menu item used to add data (E-mail address, etc.)  to contacts -->
  <string name="addToContact">Kişilere ekle</string>
  <!-- An option When you open it will maintain a fixed height In call widget. -->
  <string name="fixedHeight">Sabit yükseklik</string>
  <!-- ****************************** Descriptions *********************************** -->
  <!--
         String describing the Keyboard switch ImageButton
         Used by AccessibilityService to announce the purpose of the button.
         [CHAR LIMIT=NONE]
    -->
  <string name="description_switch_keyboard">Klavyeyi değiştir</string>
  <string name="description_pick_contact">Kişi seç</string>
  <!-- String describing the text for photo of a item(group, title, company，etc.). -->
  <string name="description_icon_for"><xliff:g id="name"> %1$s </xliff:g> için simge</string>
  <!--An option. When opened, will use list long press menu.-->
  <string name="pref_title_useListMenu">Liste menüsü kullan</string>
  <!--An option in Accessibility. When opened, Enter the number need to double click to confirm.-->
  <string name="pref_title_doubleClickEnterNumber">Numara girmek için çift tıklatın</string>
  <!--A item of list, control information needs to be displayed in the "In call widget"-->
  <string name="positionInQuickDial">Hızlı arama konumu</string>
  <string name="prompt_requiresPermission"><b>%1$s</b> izin gerektirir.</string>
  <string name="pause">Duraklat</string>
  <string name="description_add_voice_tag">Ses etiketi ekle</string>
  <string name="pref_color_schemes">Renk düzenleri</string>
  <string name="navigation_drawer_open">Gezinti ekranını aç</string>
  <string name="navigation_drawer_close">Gezinti ekranını kapat</string>
  <string name="toast_adjustColors">Renkleri ayarlamak istediğiniz yeri tıklatın</string>
  <string name="auto_close">Otomatik kapat</string>
  <string name="voice_tag">Ses etiketi</string>
  <!--An option title in [Contact Details]. When opened, Will merge items,When just labels different.-->
  <string name="pref_title_mergeItemsJustDiffLabel">Öğeleri birleştir</string>
  <!--An option summary in [Contact Details]. When opened, Will merge items,When just labels different.-->
  <string name="pref_summary_mergeItemsJustDiffLabel">Sadece farklı etiketlerde</string>
  <!-- Notification message when adding a number to the blacklist, but the call filter did not open. -->
  <!--An option title in [Events]. Define which events need to display. It filter events based on contact groups-->
  <!--An option title in [Color schemes]. Used to define the "List section" Text Size -->
  <!--An option. When open: The starred contacts are displayed at the top of the list. -->
</resources>
