<?xml version="1.0" encoding="utf-8" standalone="no"?>
<!--Generated by crowdin.com-->
<resources>
  <string name="market_title">DW-Контакти &amp; Телефон &amp; Номеронабирач</string>
  <string name="market_description_s1">Це потужна і обов\'язкова для всіх програма здійснення дзвінків, управління контактами і телефоном.

ОСНОВНІ ФУНКЦІЇ
------------</string>
  <!-- max is 27 -->
  <string name="market_description_key_features_001">+ Пошук контактів за будь-яким полем</string>
  <string name="market_description_key_features_002">* Написання приміток до журналу дзвінків</string>
  <string name="market_description_key_features_003">* Створення та керування нагадуваннями для контактів</string>
  <string name="market_description_key_features_004">+Вимова номера або імені того, хто дзвонить</string>
  <string name="market_description_key_features_005">+ Відображення часу дзвінка у пропущених викликах</string>
  <string name="market_description_key_features_027">* Необмежений журнал викликів</string>
  <string name="market_description_key_features_006">* Підтримка VoIP: System SIP, Viber, Skype, Fring, GrooVe IP Lite, MobileVOIP, BT SmartTalk&#8230;</string>
  <string name="market_description_key_features_007">+ Передача контактів (текст, VCard) через SMS, електронну пошту&#8230;</string>
  <string name="market_description_key_features_008">* Пакетний режим для масової розсилки SMS, MMS, Email для одного і декількох виборів (контактам, групам, організаціям, посадам)</string>
  <string name="market_description_key_features_009">+ Віджет виклику: розширений вид вхідного дзвінка (показує організацію, групу, примітки, картинку групи, примітки до виклику)</string>
  <string name="market_description_key_features_010">+ Фільтр викликів: блокування викликів у будь-які дні і тимчасові періоди</string>
  <string name="market_description_key_features_011">+ Фільтр контактів: фільтрування за групами, посадами, компаніями, адресами</string>
  <string name="market_description_key_features_012">+ Статистика виклику: показує тривалість вашого дзвінка. Коли закінчується безкоштовний час, виводиться повідомлення.</string>
  <string name="market_description_key_features_013">+ Інформація про контакт: відображає всю інформацію про контакт в одному місці (sms, журнал викликів, статистика викликів, події)</string>
  <string name="market_description_key_features_014">+ Групування контактів за адресами</string>
  <string name="market_description_key_features_015">* Дуже гнучкий у налаштуванні дизайн кожної вкладки (порядок сортування, шрифти, розмір, колір, прозорість)</string>
  <string name="market_description_key_features_016">+ Регульований вигляд списку контактів за параметрами (прізвище, ім\'я, псевдонім, організація, номер, примітки&#8230;)</string>
  <string name="market_description_key_features_017">+ Підтримка багаторівневих груп і підгруп (підгрупи створюються через \"/\" напр.: Бізнес/VIP = бізнес -&gt; VIP)</string>
  <string name="market_description_key_features_018">+ Установка мелодій кратним вибором (на контакти, групи, організації, посади)</string>
  <string name="market_description_key_features_019">* Управління подіями і повідомленнями для всіх подій контактів (дні народження, річниці, ювілеї)</string>
  <string name="market_description_key_features_020">+ Панель набору номера (телефон) з T9-пошуком - має багато варіантів налаштувань у відповідності з Вашими побажаннями</string>
  <string name="market_description_key_features_021">+ Панель викликів і панель набору номера масштабуються і мають регульований розмір. Можна змінювати тло, колір, розмір шрифту</string>
  <string name="market_description_key_features_028">* Автоматичний перенабір</string>
  <string name="market_description_key_features_022">+ Підтримка двох SIM-карт при виклику (підтримується не всіма пристроями, бо немає відкритого API)</string>
  <string name="market_description_key_features_023">+ Менеджер швидкого набору: підтримує до 1000 номерів для швидкого набору. Наприклад, для виклику номера 100 наберіть 100#</string>
  <string name="market_description_key_features_024">+ Резервне копіювання і відновлення контактів vCard, при цьому зберігаються групи</string>
  <string name="market_description_key_features_025">+ Більшість функцій доступні після тривалого натиснення (торкніться і утримуйте) на будь-якому елементі або використовуючи кнопку *Меню*</string>
  <string name="market_description_key_features_026">+ Багатомовна підтримка (завдяки ентузіазму користувачів, які допомагають з перекладом DWC)</string>
  <string name="market_description_s2">Будь ласка, висловіть пошану нашій роботі і купіть версію PRO, можливості якої Вам дуже знадобляться!
Спробуйте нашу програму і порадьте її своїм друзям. 
Кілька порад:
Якщо у вас є пропозиції по поліпшенню -&gt; пишіть на форум: http://forum.dw-p.net або використовуйте функцію *Відгук через email* в меню налаштувань.
Якщо ви оновилися до нової версії і вона не запускається (якщо завантажити або встановити не виходить), спочатку видаліть попередню версію.
Додаткові поради та приклади роботи можна побачити на форумі http://wiki.dw-p.net/DWC:Tips_ %26_Tricks
</string>
  <string name="market_description_limitation">Безкоштовна версія має деякі обмеження:
- рекламні повідомлення
- менші налаштування тем
- кратний вибір обмежений п\'ятьма елементами
- обмеження при створенні заміток в журналі викликів
- можна створити тільки один віджет програми
- обмеження в ключових функціях (позначені \"*\" у списку)</string>
  <string name="market_description_keywords">контакт контакти адреса набір номеронабирач набір дзвінок абонент дзвонить телефонувати телефон мелодія виклику голос група групи організація компанія назва адресна книга SMS MMS пошта менеджер управляти менеджмент історія кращий безоплатний</string>
  <!-- A brief description of the Google play, If you have a better description, please use your. Thank you! [CHAR LIMIT=80] -->
  <string name="market_brief_description">Це потужна програма для контактів. Наша ціль - покращення ефективності вашої праці</string>
</resources>
