<?xml version="1.0" encoding="utf-8"?>
<!--Generated by crowdin.com-->
<resources xmlns:xliff="urn:oasis:names:tc:xliff:document:1.2">
  <string name="label_ringtone">"Мелодія"</string>
  <string name="default_ringtone">"За умовч."</string>
  <string name="menu_sendEmail">"Надісл. ел.лист"</string>
  <string name="showFilterPhones">"Лише контакти з ном. тел."</string>
  <string name="showFilterPhonesDescrip">"Відображати лише контакти з номерами телефону"</string>
  <string name="headerContactGroups">Виберіть контакти для відображення</string>
</resources>
