<?xml version="1.0" encoding="utf-8"?>
<!--Generated by crowdin.com-->
<resources>
  <!-- For the "T9" Search. "2ABC" means "2" matches the letter "A, B, C". 
		Translation modified "ABC" you need to search for characters. Only need upper 
		case. -->
  <string-array name="t9_search">
    <item>"0"</item>
    <item>"1\'.,"</item>
    <item>"2АБВГҐ"</item>
    <item>"3ДЕЄЖЗ"</item>
    <item>"4ІЇИЙКЛ"</item>
    <item>"5МНОП"</item>
    <item>"6РСТУ"</item>
    <item>"7ФХЦЧ"</item>
    <item>"8ШЩ"</item>
    <item>"9ЬЮЯ"</item>
  </string-array>
  <!-- These letters appear in the Dial button on the right. -->
  <string-array name="t9_keyboard">
    <item>"+"</item>
    <item>"\' . ,"</item>
    <item>"АБВГҐ"</item>
    <item>"ДЕЄЖЗ"</item>
    <item>"ІЇИЙКЛ"</item>
    <item>"МНОП"</item>
    <item>"РСТУ"</item>
    <item>"ФХЦЧ"</item>
    <item>"ШЩ"</item>
    <item>"ЬЮЯ"</item>
  </string-array>
</resources>
