<?xml version="1.0" encoding="utf-8" standalone="no"?>
<!--Generated by crowdin.com-->
<resources>
  <string name="market_title">DW Contacts &amp; Phone &amp; Dialer</string>
  <string name="market_description_s1">Это мощное и обязательное для всех приложение для совершения звонков, управления контактами и телефоном.

ОСНОВНЫЕ ФУНКЦИИ
------------</string>
  <!-- max is 27 -->
  <string name="market_description_key_features_001">+ Поиск контактов по любому полю (имя, ник, номер телефона, организация, заметки, адрес, электронная почта, отношения, веб-сайты, день рождения и др.) + голосовой поиск</string>
  <string name="market_description_key_features_002">* Писать заметки в журнале вызовов</string>
  <string name="market_description_key_features_003">* Создавать напоминания и управлять ими для каждого контакта</string>
  <string name="market_description_key_features_004">+ Проговаривание номера или имени входящего вызова</string>
  <string name="market_description_key_features_005">+ Отображение в \"Пропущенных звонках\" времени вызова</string>
  <string name="market_description_key_features_027">* Неограниченное количество вызовов</string>
  <string name="market_description_key_features_006">* Поддержка VoIP: System SIP, Viber, Skype, Fring, GrooVe IP Lite, MobileVOIP, BT SmartTalk&#8230;</string>
  <string name="market_description_key_features_007">+ Передача контактов (текст, VCard) через SMS, электронную почту, буфер обмена и др&#8230;</string>
  <string name="market_description_key_features_008">* Пакетный режим для массовой рассылки SMS, MMS, Email одиночным- и мульти-выбранным контактам, группам, организациям, должностям</string>
  <string name="market_description_key_features_009">+ Виджет вызова: расширенный вид входящего вызова (показывает организацию, группу, примечания, картинку группы, заметки к вызову)</string>
  <string name="market_description_key_features_010">+ Фильтр вызовов: блокировка вызовов в любые дни и временные периоды</string>
  <string name="market_description_key_features_011">+ Фильтр контактов: фильтрация по группам, должностям, компаниям, адресу и т.д.</string>
  <string name="market_description_key_features_012">+ Статистика вызова: показывает продолжительность вашего звонка. Когда заканчивается бесплатное время выводится уведомление.</string>
  <string name="market_description_key_features_013">+ Информация о контакте: отображает всю информацию о контакте в одном месте (sms, журнал вызовов, статистика вызовов, события)</string>
  <string name="market_description_key_features_014">+ Группировка контактов по адресам</string>
  <string name="market_description_key_features_015">* Очень гибкий в настройке дизайн каждой вкладки (порядок сортировки, шрифты, размер, цвет, прозрачность)</string>
  <string name="market_description_key_features_016">+ Настраиваемый вид списка контактов (отображение и сортировка могут быть настроены в зависимости от параметров (фамилия, имя, псевдоним, организация, номер, примечания и др.))</string>
  <string name="market_description_key_features_017">+ Поддержка многоуровневых групп и подгрупп (подгруппы создаются через \"/\" напр.: Business/VIP = Business -&gt; VIP)</string>
  <string name="market_description_key_features_018">+ Установка мелодий одиночным- и мульти-выбором (на контакты, группы, организации, должности)</string>
  <string name="market_description_key_features_019">* Управление событиями и уведомления для всех событий контактов (дни рождения, годовщины, юбилеи)</string>
  <string name="market_description_key_features_020">+ Панель набора номера (телефон) с T9-поиском - имеет много вариантов настроек в соответствии с Вашими пожеланиями:
-&gt; вызовы и панель набора номера масштабируются и имеют регулируемый размер, фон, цвет, размер шрифта
-&gt; полный и настраиваемый T9-поиск по всем полям контактов
-&gt; иконки для изображения контакта, вызова, SMS, электронной почты
-&gt; управление быстрым набором (долгое нажатие 0-9)
-&gt; быстрый набор последнего номера
-&gt; отображение журнала вызовов
-&gt; возможность редактирования номера перед вызовом
-&gt; голосовой набор</string>
  <string name="market_description_key_features_021"> + Панель вызовов и панель набора номера масштабируются и имеют регулируемый размер. Можно изменять фон, цвет, размер шрифта
</string>
  <string name="market_description_key_features_028">* Автодозвон</string>
  <string name="market_description_key_features_022">+ Поддержка двух SIM-карт при вызове (поддерживается не всеми устройствами, так как нет открытого API)</string>
  <string name="market_description_key_features_023">+ Панель быстрого набора: можно закрепить до 1000  номеров. Например, набирая 100-й номер, введите #100</string>
  <string name="market_description_key_features_024">+ Резервное копирование и восстановление контактов vCard, при этом сохраняются группы</string>
  <string name="market_description_key_features_025">+ Большинство функций доступно по *Длительному нажатию* (нажать и удерживать) на любом элементе или используя кнопку *Меню*</string>
  <string name="market_description_key_features_026">+ Многоязыковая поддержка (спасибо энтузиазму пользователей, помогающим с переводом для DWC)</string>
  <string name="market_description_s2">Пожалуйста, выразите респект нашей работе и купите PRO версию, возможности которой Вам очень пригодятся!
Попробуйте наше приложение и порекомендуйте его своим друзьям. 
Несколько советов:
 Если у вас есть предложения по улучшению -&gt; пишите на форум: http://forum.dw-p.net или используйте функцию *Отзыв по email* в меню настроек.
 Если вы обновились до новой версии и она не запускается (если загрузить или установить не получается), удалите сначала предыдущую версию.
 Дополнительные советы и примеры работы можно увидеть на форуме http://wiki.dw-p.net/DWC:Tips_ %26_Tricks
</string>
  <string name="market_description_limitation">Бесплатная версия имеет некоторые ограничения:
 - рекламные сообщения
 - настройки тем ограничены
 - множественный выбор ограничен пятью элементами
 - ограничения при создании заметок в журнале вызовов
 - можно создать только один виджет приложения
 - ограничения в ключевых функциях (отмечено \"*\" в списке)</string>
  <string name="market_description_keywords">контакт контакты адрес набор номера дозвон вызов телефон мелодия голос группа группы организация компания должность адресная книга  SMS MMS email электронная почта менеджер управление история журнал лучший бесплатный</string>
  <!-- A brief description of the Google play, If you have a better description, please use your. Thank you! [CHAR LIMIT=80] -->
  <string name="market_brief_description">Мощное приложение для управления контактами.Наша цель-эффективность вашей работы</string>
</resources>
