<?xml version="1.0" encoding="utf-8"?>
<!--Generated by crowdin.com-->
<resources xmlns:xliff="urn:oasis:names:tc:xliff:document:1.2">
  <string name="label_ringtone">"Мелодия"</string>
  <string name="default_ringtone">"По умолчанию"</string>
  <string name="menu_sendEmail">"Отправить Email"</string>
  <string name="showFilterPhones">"Контакты с телефонами"</string>
  <string name="showFilterPhonesDescrip">"Отображать только контакты, содержащие номера телефонов"</string>
  <string name="headerContactGroups">Выберите контакты для отображения</string>
</resources>
