<?xml version="1.0" encoding="utf-8" standalone="no"?>
<!--Generated by crowdin.com-->
<resources xmlns:xliff="urn:oasis:names:tc:xliff:document:1.2">
  <string name="app_name">DW Contatti &amp; Telefono</string>
  <string name="app_contacts_name">DW Contatti</string>
  <string name="starred">Speciali</string>
  <string name="coworkers">Colleghi</string>
  <string name="family">Familiari</string>
  <string name="friends">Amici</string>
  <string name="myContacts">I miei Contatti</string>
  <string name="mergedContacts">Contatti uniti</string>
  <string name="no_item_to_display">Nessun elemento presente</string>
  <string name="allContact">Tutti i contatti</string>
  <string name="no_phone_numbers">Nessun numero di telefono</string>
  <string name="menu_edit">Modifica</string>
  <string name="menu_edit_group">Modifica gruppo</string>
  <string name="menu_add_contact_to_group">Aggiungi contatti al gruppo</string>
  <string name="menu_remove_contact_from_group">Rimuovi contatti dal gruppo</string>
  <string name="groupNameLabel">Nome del Gruppo</string>
  <string name="add">Aggiungi</string>
  <string name="message_del_system_group">Questo è un Gruppo di contatti di sistema. Dopo l\'eliminazione potrebbe essere ricreato automaticamente, e causare altri problemi. Sei sicuro di volerlo eliminare?</string>
  <string name="menu_select_mode">Selezione multipla</string>
  <string name="menu_inverse_select">Inverti</string>
  <!--<string name="noContact">This group has no contact</string> -->
  <string name="pleaseWait">Attendere prego</string>
  <string name="pref_send_title">Impostazioni SMS e Email</string>
  <string name="pref_title_sms_mms_send">SMS/MMS</string>
  <string name="pref_title_email_send">Email</string>
  <string name="pref_send_to">Invia a %s</string>
  <string-array name="prefEntries_sms_mms_to">
    <item>Cellulare primario o Primo cellulare</item>
    <item>Tutti i numeri cellulari</item>
    <item>Tutti i numeri</item>
  </string-array>
  <string-array name="prefEntries_email_to">
    <item>Email primaria</item>
    <item>Tutte le Email</item>
  </string-array>
  <!--Recipients location -->
  <string name="pref_title_recipients_location">Posizione Destinatari</string>
  <string name="pref_recipients_location_summary">Destinatari in %s</string>
  <string-array name="pref_entries_recipients_location">
    <item>CCN</item>
    <item>Cc</item>
    <item>A</item>
  </string-array>
  <string name="menu_preferences">Impostazioni</string>
  <string name="preferences_title">Impostazioni</string>
  <string name="error_report_email_explain">Spiacenti, si è verificato un errore. Questo messaggio, inclusi i messaggi di errore ed alcune informazioni di sistema possono aiutarmi a migliorare il software: decidi se inviarlo o meno.</string>
  <string name="no_contact_selected">Nessun contatto selezionato</string>
  <!--Firewall -->
  <string name="firewell_add_item">Aggiungi un gruppo da intercettare</string>
  <string name="lable_week">Giorni della settimana</string>
  <string name="select_group_title">Seleziona gruppo</string>
  <!-- %s = call number-->
  <string name="call_blocking_message">%s della chiamata è bloccato</string>
  <string name="stat_notify_incoming_calls_were_intercepted">sono state intercettate %d chiamate in ingresso</string>
  <string name="pref_firewall_title">Impostazioni Firewall</string>
  <string name="pref_title_firewall_enable">Abilita firewall</string>
  <string name="firewall_service_started">Servizio Firewall avviato</string>
  <string name="firewall_state_label">Filtro chiamate DW</string>
  <!-- The status bar at the top of the screen display a notification message. -->
  <string name="pref_title_firewall_allways_show_stat_notify">Mostra icona nella barra di stato</string>
  <string name="pref_firewall_allways_show_stat_notify_summary">Mostra sempre notifica statistiche</string>
  <string name="menu_week_view">Visualizza Settimana</string>
  <string name="menu_time_view">Visualizza Orario</string>
  <string name="menu_view">Visualizza</string>
  <string name="from">Dalle</string>
  <string name="to">Alle</string>
  <string-array name="days">
    <item>Domenica</item>
    <item>Lunedì</item>
    <item>Martedì</item>
    <item>Mercoledì</item>
    <item>Giovedì</item>
    <item>Venerdì</item>
    <item>Sabato</item>
  </string-array>
  <string-array name="days_short">
    <item>Dom</item>
    <item>Lun</item>
    <item>Mar</item>
    <item>Mer</item>
    <item>Gio</item>
    <item>Ven</item>
    <item>Sab</item>
  </string-array>
  <string name="firewall_label">Filtro chiamate</string>
  <string name="everyday">Ogni giorno</string>
  <string name="never">Mai</string>
  <string name="search_hint">Digita per iniziare la ricerca</string>
  <string name="pref_title_display_system_group">Gruppi di sistema</string>
  <!-- Gmail the default, including the group. (Starred, Coworkers, Family, Friends, My Contacts) -->
  <string name="pref_display_system_group_summary">Mostra i gruppi di sistema</string>
  <string name="pref_title_merge_same_name_group">Unisci gruppi</string>
  <string name="pref_merge_same_name_group_summary">Unisce i gruppi con lo stesso nome</string>
  <string name="pref_font_size_title">Dimensione carattere (1a linea)</string>
  <string name="pref_font_size_summary">Dimensione:%s</string>
  <string name="removePicture">Elimina foto</string>
  <string name="changePicture">Cambia foto</string>
  <string name="attachToGroup">Icona gruppo</string>
  <string name="use_photo_as_primary">Usa questa foto</string>
  <string name="photoPickerNotFoundText">Selezionatore foto non trovato</string>
  <string name="SMS">SMS</string>
  <string name="Email">Email</string>
  <string name="_null">""</string>
  <!-- It shows the contact event to the present time. -->
  <string name="days_after">tra %d giorni</string>
  <string name="months_after">tra %d mesi</string>
  <string name="days_ago">%d giorni fa</string>
  <string name="months_ago">%d mesi fa</string>
  <string name="today">oggi</string>
  <string name="show_group_icon">Icona gruppo</string>
  <string name="show_group_icon_summary">Mostra icone di ogni gruppo</string>
  <string name="using_system_sms_program">Usa programma SMS di sistema</string>
  <!-- According to user feedback that I might in the new version, use it again. -->
  <string name="using_system_sms_program_summary">Disabilita la funzione di invio SMS del software</string>
  <string name="recipients_limit">Limite al numero di destinatari</string>
  <string name="recipients_limit_summary">Quando il numero dei destinatari è maggiore del valore, viene inviato in batch automaticamente</string>
  <string name="send">Invia</string>
  <string name="confirm_send_message">Continuare a inviare i messaggi ai contatti rimanenti?</string>
  <!-- For example, Tablet PC does not support sending text messages. However, click the SMS icon.
    I will call the SMS program. The system will report an exception. Then display this prompt. -->
  <string name="system_does_not_support">Il sistema non lo supporta!</string>
  <string name="ungrouped_contacts">Contatti senza gruppo</string>
  <string name="multipleContactsDeleteConfirmation">I contatti selezionati verranno eliminati.</string>
  <!--pref default view -->
  <string name="pref_title_default_view">Visuale di default</string>
  <string name="pref_default_view_summary">"Visuale di default all\'avvio: %s"</string>
  <!--pref show auto groups -->
  <string name="pref_title_display_auto_group">Gruppi automatici</string>
  <string name="pref_display_auto_group_summary">Mostra i gruppi \"Tutti i Contatti\", \"Contatti senza gruppo\", \"Contatti con numero di telefono\", \"Contatti senza numero di telefono\", \"Contattati spesso\"</string>
  <string name="label_hide">Nascondi</string>
  <string name="hide_group_summary">Non mostrare questo gruppo</string>
  <string name="fast_scroll_alphabet">\u0020ABCDEFGHIJKLMNOPQRSTUVWXYZ</string>
  <string name="fast_scroll_numeric_alphabet">\u00200123456789ABCDEFGHIJKLMNOPQRSTUVWXYZ</string>
  <!-- Because the different SMS programs. When I provide a phone number to the SMS program,
    some require the use of a semicolon to separate the numbers, and some require a comma. Therefore, this option provides. -->
  <string name="sms_compatibility_mode_title">Modalità invio SMS/MMS</string>
  <string name="sms_compatibility_mode_summary">Selezionare se il vostro "programma SMS" lo richiede per la normale ricezione di numeri telefonici. Ad esempio: XT800</string>
  <string name="menu_sort_hide">Ordina e Nascondi</string>
  <string name="menu_sort_alphabetically">Alfabetico</string>
  <string name="pref_in_call_widget_title">Widget chiamata</string>
  <string name="pref_help_title">Aiuto</string>
  <string name="pref_online_help_title">Aiuto Online</string>
  <string name="menu_cancel_send_to_voicemail">Sblocco chiamate da contatti mostrati</string>
  <string name="pref_feedback_title">Commenti via e-mail</string>
  <string name="pref_about_title">Informazioni</string>
  <string name="version">Versione</string>
  <string name="pref_name_display_order_summary">Imposta l\'ordine di visualizzazione dei contatti. Può influenzare la velocità di visualizzazione</string>
  <string name="pref_contacts_account_title">Dati account</string>
  <string name="pref_contacts_account_summary">Mostra contatti da account: %s</string>
  <string name="all_account">Tutti gli account</string>
  <string name="pref_show_account_name_title">Nome account</string>
  <string name="pref_show_account_name_summary">Mostra nome account sotto al nome dei gruppi</string>
  <string name="select_account">Seleziona account</string>
  <string name="pref_register_code_title">Inserisci il codice di registrazione</string>
  <string name="pref_register_code_summary">È necessario inserire il codice di registrazione (non è necessaria la connessione a internet), che avete ottenuto nella email di conferma di pagamento</string>
  <!-- A setting item, click it to open, buy the software license key dialog box. -->
  <string name="pref_get_register_code_title">Acquista la versione registrata</string>
  <string name="pref_get_register_code_summary"> Registra la nostra applicazione per utilizzare tutte le funzionalità. Abbiamo bisogno di una tua donazione per supportare lo sviluppo sostenibile di questo software.  </string>
  <string name="buying_tips">Ci sono 2 possibilità (entrambe con le stesse funzionalità): È possibile registrare il numero di serie del dispositivo (Paypal o carta di credito) o il tuo account di google (Google Play - installazione versione Pro)</string>
  <string-array name="purchase_channels">
    <item>Google Play</item>
    <item>PayPal o carta di credito</item>
    <item>Raccomanda agli amici</item>
  </string-array>
  <string-array name="purchase_channels_summary">
    <item>Registrare questo software col tuo account google (acquistare e installare la versione Pro tramite Google Play). Dopo aver installato la versione Pro, disinstallare la versione gratuita.</item>
    <item>Registrare questo software con il numero di serie del dispositivo: %s.
Dopo il pagamento, si riceverà una email di conferma con il codice di registrazione.
In seguito controllare la registrazione tramite clic su [Verifica Registrazione Online].</item>
    <item>Ottieni un codice di registrazione gratuito</item>
  </string-array>
  <string name="menu_delete_all">Cancella tutto</string>
  <!-- Menu title the user can use for trying to resend a message. -->
  <string name="menu_retry_sending">"Ritenta l\'invio"</string>
  <string name="message">Messaggio</string>
  <string name="failed">Fallito</string>
  <string name="queued">Accodato</string>
  <string name="outbox">In Uscita</string>
  <string name="sent">Inviato</string>
  <string name="auto_replace_to_name">Sostituisce automaticamente il "???" al nome completo del contatto; "??F" al cognome;	"??G" al nome fornito; "??N" al nick name.</string>
  <string name="example_message">Ciao, ???</string>
  <string name="sms_preview">Anteprima:</string>
  <string name="message_send_state_successfully">Inviato con successo.</string>
  <string name="message_send_state_failed">Invio fallito.</string>
  <string name="message_send_unknown_error">Errore sconosciuto. %d messaggio/i non inviato/i.</string>
  <string name="message_send_no_signal">
		Mancanza di segnale o Modalità Aereo abilitata. %d
		messaggio/i non inviato/i.
	</string>
  <string name="message_send_successfully">Tutti i messaggi sono stati inviati con successo!</string>
  <string name="need_the_paid_version">Necessaria versione a pagamento</string>
  <!-- As a "contact group"on the phone the main screen to create a shortcut. -->
  <string name="create_shortcut">Crea collegamento nella Home</string>
  <string name="menu_move_to_group">Sposta al gruppo</string>
  <string name="pref_tabs_title">Selezione e Ordinamento</string>
  <string name="pref_tabs_summary">Imposta selezione e ordinamento delle schede da utilizzare</string>
  <!--pref theme -->
  <string name="pref_theme_title">Tema base</string>
  <!-- Change the software interface look. -->
  <string name="pref_theme_summary">Imposta il tema base</string>
  <string name="search">Cerca</string>
  <string name="pref_services_title">Impostazioni Servizi in Background</string>
  <!-- Settings screen, section heading for SMS-specific settings -->
  <string name="pref_sms_settings_title">"Impostazioni SMS"</string>
  <!-- Settings screen, section heading for EMAIL-specific settings -->
  <string name="pref_email_settings_title">"Impostazioni Email"</string>
  <!-- Settings item for boolean option to enable/disable SMS delivery reports -->
  <string name="pref_title_sms_delivery_reports">Resoconto Consegne</string>
  <!-- Settings item description for boolean SMS delivery report setting -->
  <string name="pref_summary_sms_delivery_reports">Resoconto delle consegne per ogni messaggio inviato</string>
  <string name="pref_contact_sort_order_title">Ordine Contatti</string>
  <string name="pref_contact_sort_order_summary">Cambia l\'ordine dei contatti. Se non impostato a default avrà effetti negativi sulla velocità</string>
  <!-- CHANGED ORDER -->
  <string name="contact_sort_order_FamilynameAlternate">Cognome alternativo</string>
  <string name="contact_sort_order_RecentContacted">Contattati di recente</string>
  <string name="contact_sort_order_LongTimeNotContacted">Non contattato da molto tempo</string>
  <string name="contact_sort_order_CreationTime">Data di creazione</string>
  <string name="contact_sort_order_DefaultAlternate">Default alternativo</string>
  <!-- An automatic group, it shows all the contacts included telephone numbers. -->
  <string name="has_phone_number_contacts">Contatti con numero di telefono</string>
  <string name="exit_prompt">Premi Indietro ancora per uscire.</string>
  <string name="pref_exit_prompt_title">Conferma su uscita</string>
  <string name="pref_exit_prompt_summary">Mostra un avviso ulteriore prima di uscire</string>
  <string name="pref_language_title">Lingua</string>
  <string name="load_license_success">Licenza caricata dal network con successo.</string>
  <string name="load_license_failed">Caricamento Licenza dal network fallita!</string>
  <string name="license_check_success">Licenza controllata con successo.</string>
  <string name="license_check_failed">Controllo licenza fallito!</string>
  <string name="load_license_unregistered">Non sei registrato.</string>
  <string name="sending">Invio...</string>
  <string name="error">Errore</string>
  <string name="clear_data_or_uninstall_app">"Cancella i dati o disinstalla l\'applicazione"</string>
  <string name="database_update_error_message">"Spiacenti!
Errore nell\'aggiornamento della struttura del database.
Questo errore si verifica a causa di eccezioni ai permessi del database.
Ecco tre modi per correggere il problema. Provali uno ad uno fino a che il problema è risolto:
1. Riavvia il telefono;
2. Cancella i dati dell\'applicazione dal menu Impostazioni - Applicazioni - Gestisci Applicazioni del sistema;
3. Disinstalla e ri-installa l\'applicazione."</string>
  <!-- It shows the contact event to the present time. -->
  <string name="one_day_after">Domani</string>
  <string name="one_month_after">In 1 mese</string>
  <string name="one_day_ago">Ieri</string>
  <string name="one_month_ago">Mese scorso</string>
  <string name="menu_edit_event">Modifica eventi per il contatto</string>
  <string name="menu_add_to_calendar">Aggiungi evento al calendario</string>
  <string name="menu_delete_event">Elimina evento dal contatto</string>
  <string name="menu_duplicate_contact">Duplica contatto</string>
  <string name="mes_sendSmsSystemLimit">A causa del limite di sistema, %1$s ore possibile inviare solo %2$s SMS. Ritentare automaticamente dopo %1$s ore.</string>
  <string name="sendInBatches">Batch</string>
  <string name="sendInSingle">Singolo</string>
  <string name="sendInBatchesMessage">Numero di destinatari maggiore del "Limite per numero di destinatari" nelle impostazioni. Inserisci il messaggio nella casella di testo. Inizia "Invio Batch" o scegli "Invio Singolo".</string>
  <string name="pref_title_eventNotification">Impostazioni Notifica Eventi</string>
  <string name="pref_title_notificationTime">Tempo di notifica</string>
  <string name="pref_title_notificationRingtone">Suoneria della notifica</string>
  <string name="pref_summary_notificationTime">Regolare il tempo in cui la notifica dovrebbe avvenire</string>
  <string name="pref_title_notificationBeforeHappen">Notifica prima dell\'evento</string>
  <string name="pref_summary_notificationBeforeHappen">%s giorni prima della notifica</string>
  <string name="pref_title_notification">Notifica</string>
  <string name="pref_title_reminder">Promemoria</string>
  <string name="pref_summary_reminder">%s prima</string>
  <string name="pref_title_ringtone">Suoneria</string>
  <string name="pref_title_alarm">Allarme</string>
  <string name="pref_title_mergeSubgroup">Unire sottogruppo</string>
  <string name="pref_summary_mergeSubgroup">I sotto-gruppi vengono visualizzati nel gruppo padre.</string>
  <string-array name="pref_entries_notificationTime">
    <item>1 minuto</item>
    <item>5 minuti</item>
    <item>10 minuti</item>
    <item>15 minuti</item>
    <item>20 minuti</item>
    <item>25 minuti</item>
    <item>30 minuti</item>
    <item>45 minuti</item>
    <item>1 ora</item>
    <item>2 ore</item>
    <item>3 ore</item>
    <item>12 ore</item>
    <item>24 ore</item>
    <item>2 giorni</item>
    <item>1 settimana</item>
  </string-array>
  <!-- Not in phone book contacts. -->
  <string name="unknown_contacts">Contatti sconosciuti</string>
  <string name="not_in_phone_book_contacts">Non nei contatti della rubrica.</string>
  <string name="eventNotification">Notifica evento</string>
  <string name="eventNotificationMessage">"compleanno/evento di %s prossimamente."</string>
  <!-- When using the "Firstname first" show name, "Firstname" and "Lastname" split between the symbols. Most language is a space. -->
  <string name="givenNameFirstSeparator">" "</string>
  <!-- When using the "Lastname first" show name, "Firstname" and "Lastname" split between the symbols. -->
  <string name="familyNameFirstSeparator">", "</string>
  <string name="vCard">vCard</string>
  <string name="text">Testo</string>
  <string name="pref_title_likeTheSoftware">Sostieni il nostro software</string>
  <string name="pref_title_rating">Vota</string>
  <string name="pref_summary_rating">Dai un buon voto nel Play Store</string>
  <string name="pref_title_share">Condividi</string>
  <string name="pref_summary_share">Raccomanda questo software ai tuoi amici</string>
  <string name="contact_group">Gruppi</string>
  <!-- Set the time to send text messages in the future. -->
  <string name="regularlySent">Correttamente inviato</string>
  <string name="time">Ora</string>
  <string name="pref_title_EmailProgram">Programma di posta elettronica</string>
  <string name="pref_summary_on_EmailProgram">Utilizzare il programma di posta elettronica predefinito.</string>
  <string name="pref_summary_off_EmailProgram">Richiesto di scegliere quando si inviano messaggi.</string>
  <string name="toolbox">Cassetta degli attrezzi</string>
  <string name="pref_title_SMSSendInterval">Intervallo di invio</string>
  <string name="pref_summary_SMSSendInterval">Invia un messaggio di testo ogni intervallo di tempo (in secondi)</string>
  <string name="app_dialer_name">DW Dialer</string>
  <string name="menu_sort">Ordinamento</string>
  <string name="license_check_failed_message">Errore di verifica della Licenza Software! Assicurati che sia possibile accedere al Google Market.</string>
  <string name="menu_unselectAll">Deseleziona tutto</string>
  <string name="pref_title_themeCustomize">Impostazioni Tema</string>
  <string name="pref_title_backgroundColor">Colore sfondo</string>
  <string name="pref_title_backgroundColorForTitles">Colore sfondo titolo</string>
  <string name="pref_title_textColorForTitles">Colore testo titolo</string>
  <string name="pref_title_textColorMarked">Colore testo contrassegnato</string>
  <string name="pref_title_hideTheTitle">Nascondi barra del titolo</string>
  <string name="pref_title_hideTheStatusbar">Nascondi barra di stato</string>
  <string name="pref_title_hideTabLabel">Nascondi etichette schede</string>
  <string name="pref_title_autoHideTab">Nascondi barra delle schede</string>
  <string name="pref_summary_autoHideTab">Se impostato su "Automatico", nasconde le schede dopo il passaggio a un\'altra scheda</string>
  <string name="reset">Resetta</string>
  <string name="pref_title_automaticRotation">Rotazione automatica</string>
  <string name="pref_summary_automaticRotation">Rotazione automatica dello schermo</string>
  <string name="menu_editNotes">Modifica note</string>
  <string name="addSelectedContactsToFavorites">Aggiungere contatti ai preferiti</string>
  <string name="removeSelectedContactsFormFavorites">Rimuovere i contatti dai preferiti</string>
  <string name="deleteSelectedContacts">Eliminare contatti</string>
  <string name="duplicateSelectedContacts">Duplica i contatti</string>
  <string name="setGroupForSelectedContacts">Gruppo per contatti</string>
  <string name="forSelectedContacts">Per contatti selezionati</string>
  <string name="searchAnything">Cerca qualsiasi cosa</string>
  <string name="quickDialManager">Dial manager rapido</string>
  <string name="menu_shareNumber">Condividi numero</string>
  <string name="menu_setGroupForContact">Gruppi del contatto</string>
  <string name="pref_title_tabSettings">Impostazioni Schede</string>
  <string name="sendSMStoShownContacts">Invia SMS/MMS ai contatti indicati</string>
  <string name="sendEmailtoShownContacts">Invia e-mail ai contatti indicati</string>
  <string name="setRingtoneForShownContacts">Imposta suoneria per contatti indicati</string>
  <string name="pref_title_enableEventNotification">Attiva notifica eventi</string>
  <string name="forSelectedGroups">Per gruppi selezionati</string>
  <string name="menu_send_group_message">Invia SMS/MMS al gruppo</string>
  <string name="menu_delete_group">Elimina gruppo</string>
  <string name="menu_deleteGroups">Elimina gruppi</string>
  <!-- 	<string name="forSelectedOrgs">For selected companies</string> -->
  <!-- 	<string name="menu_editOrg">Edit company</string> -->
  <!-- 	<string name="forSelectedTitles">For selected titles</string> -->
  <!-- 	<string name="menu_editTitle">Edit title</string> -->
  <string name="menu_editContactFromEvent">Modifica contatto dall\'evento</string>
  <string name="menu_focus2Today">Focus su oggi</string>
  <string name="generalDeleteConfirmation">Sei sicuro di voler cancellare?</string>
  <string name="addContactTo">Aggiungi contatto a %s</string>
  <string name="removeContactFrom">Rimuovi contatto da %s</string>
  <string name="pref_title_showTabAtTop">Mostra barra delle schede in alto</string>
  <!-- Within the group "contact list" label -->
  <string name="labelWithinGroupContactsList">Contatti</string>
  <string name="multipleChoicePrompt">La selezione multipla è limitata nella versione FREE a %d oggetti per azione. Se avete bisogno di inviare un messaggio al gruppo, utilizzate il menu elenco gruppo.</string>
  <string name="pref_title_dialerPadTone">Tono su pressione dialer</string>
  <string name="recentChanges">Modifiche recenti</string>
  <string name="more">Altro</string>
  <string name="selectAll">Seleziona tutto</string>
  <string name="pref_title_alwaysToDefTab">Apri sempre scheda predefinita</string>
  <string name="pref_summary_alwaysToDefTab">Il pulsante del dialer per aprire l\'applicazione apre il tab predefinito</string>
  <string name="pref_title_showMostContactedBelowFavorites">Mostra più contattati sotto ai preferiti</string>
  <string name="pref_title_showEventsFromToday">Visualizza gli eventi da oggi in poi</string>
  <string name="pref_title_YPositionOfInfoWindow">Posizione verticale della finestra di informazioni</string>
  <string name="pref_summary_YPositionOfInfoWindow">La posizione verticale della finestra informazioni. La posizione può essere spostata direttamente anche su chiamata in entrata.</string>
  <string name="pref_title_backupRestore">Backup e Ripristino</string>
  <string name="pref_title_backupAllSettings">Backup di tutte le impostazioni</string>
  <string name="pref_title_restoreAllSettings">Ripristino di tutte le impostazioni</string>
  <string name="pref_title_restoreDefaultSettings">Ripristino delle impostazioni predefinite</string>
  <string name="pref_title_showMyContactsInUngrouped">Ignora gruppo di sistema \"I Miei Contatti\"</string>
  <string name="pref_title_startDialerWithoutDialerPad">Avvia dialer senza tastiera</string>
  <string name="pref_summary_showMyContactsInUngrouped">I contatti appartenenti solo al gruppo \"I Miei Contatti\" vengono mostrati in \"Contatti senza gruppo\"</string>
  <string name="toast_allSettingsToDefault">Tutte le impostazioni sono state ripristinate ai valori predefiniti.</string>
  <string name="toast_settingsBackedSuccessfully">Le impostazioni sono state salvate in %s</string>
  <string name="toast_settingsBackedFailed">Backup non riuscito. Assicurarsi che è stato impostato un valido percorso di backup.</string>
  <string name="toast_settingsRestorSuccessfully">Le impostazioni sono state ripristinate con successo da %s.</string>
  <string name="toast_settingsRestorFailed">Ripristino non riuscito. Assicurarsi di aver impostato il percorso corretto, in cui vengono salvate le impostazioni.</string>
  <string name="menu_newOrg">Nuova organizzazione</string>
  <string name="menu_newTitle">Nuovo titolo</string>
  <string name="enterAName">Inserisci un nome</string>
  <string name="pref_title_t9Search">Impostazioni Ricerca T9</string>
  <string name="pref_summary_t9Search">Opzioni avanzate per la scheda Telefono e il funzionamento della ricerca T9</string>
  <string name="pref_title_matchingAnywhere">Corrispondere parole ovunque</string>
  <string name="pref_summary_matchingAnywhere">\"WTT\" corrisponde a \"dW conTacTs\"</string>
  <string name="pref_title_matchingPart">Corrispondenza della parte esatta della frase</string>
  <string name="pref_summary_matchingPart">\"NTA\" corrisponde a \"dw coNTActs\"</string>
  <string name="pref_title_matchingFirstLetter">Corrispondenza prima lettera</string>
  <string name="pref_summary_matchingFirstLetter">\"DCO\" corrisponde a \"Dw COntacts\"</string>
  <string name="pref_title_sortByDegreeOfMatch">Ordina per grado di corrispondenza</string>
  <string name="menu_copyToClipboard">Copia negli Appunti</string>
  <string name="menu_createEvent">Crea appuntamento</string>
  <string name="useLimitFeaturePrompt">È possibile utilizzare questa funzione solo %d volte nella versione gratuita.</string>
  <string name="pref_title_appointmentSettings">Impostazioni Appuntamenti</string>
  <string name="pref_title_defaultAppointmentText">Testo predefinito appuntamento</string>
  <string name="pref_summary_defaultAppointmentText">Aggiungere un testo che verrà inserito prima di aggiungere il nome + numero</string>
  <string name="pref_default_defaultAppointmentText">"Chiama con"</string>
  <string name="titlesList">Titoli</string>
  <string name="eventsList">Eventi</string>
  <string name="pref_title_showInContactList">Elementi da mostrare</string>
  <string-array name="pref_entries_showInContactList">
    <item>Numeri</item>
    <item>Organizzazione</item>
    <item>Titolo</item>
    <item>Gruppi</item>
    <item>Icona dell\'account</item>
    <item>Immagini del contatto</item>
    <item>Pulsante e-mail</item>
    <item>Pulsante SMS</item>
    <item>Pulsante Componi</item>
    <item>Note</item>
  </string-array>
  <string name="pref_title_showNotesLines">Limita le note a x linee</string>
  <string name="tips_clickToSeeAllText">Facendo clic su un elemento dell\'elenco, si può vedere tutto il testo</string>
  <string name="pref_title_colorForGroups">Colore sfondo gruppi</string>
  <string name="pref_title_colorForOrganization">Colore sfondo organizzazioni</string>
  <string name="pref_title_colorForTitle">Colore sfondo titoli</string>
  <string name="pref_title_fontSize2">Dimensione carattere (2a linea)</string>
  <string name="pref_title_fontSize3">Dimensione carattere (3a linea)</string>
  <string name="pref_title_useNumberSearch">Usa numero nella ricerca</string>
  <string name="pref_summary_useNumberSearch">Se attivato, cerca anche tra i numeri</string>
  <string name="noEmailAddress">Nessun indirizzo e-mail</string>
  <string name="pref_title_showCallLogOnPhone">Visualizza registro chiamate sul cellulare</string>
  <string name="listTotalCallHistory">Visualizzazione di %1$d chiamate / durata %2$s</string>
  <string name="pref_title_showContactsOnPhoneStart">Mostra contatti all\'avvio</string>
  <string name="pref_summary_showContactsOnPhoneStart">Se attivato, tutti i contatti sono anche elencati nella lista</string>
  <string name="listTotalCallLog">Visualizzazione di %d diversi numeri di telefono</string>
  <string name="upcoming">Prossimo</string>
  <string name="pref_title_phoneSettings">Impostazioni Telefono</string>
  <string name="pref_title_mergeCallLog">Unisci registro chiamate</string>
  <string name="pref_title_showCounterOnMergedCallLog">Contatore su voci unite del registro chiamate</string>
  <string name="pref_summary_showCounterOnMergedCallLog">Se attivato, mostra alla destra del nome del contatto le chiamate ricevute unite</string>
  <string name="pref_title_groupCallLogByDate">Visualizza registro chiamate del gruppo per data</string>
  <string name="pref_summary_groupCallLogByDate">Se attivato, raggruppa il registro chiamate per data</string>
  <string name="pref_title_limitCallLogOnXDays">Limita registro chiamate a %s giorni</string>
  <string name="pref_summary_limitCallLogOnXDays">Limita registro chiamate a %s giorni (0 = mostra tutti)</string>
  <string name="pref_message_0toShowAllDays">0 per mostrare tutti i giorni</string>
  <string name="pref_message_0toShowAllItems">0 per visualizzare tutti gli elementi</string>
  <string name="pref_title_useOrgSearch">Utilizzare organizzazione nella ricerca</string>
  <string name="pref_title_matchingSkipWord">Permette di saltare parola</string>
  <string name="pref_summary_matchingSkipWord">\"DPH\" corrisponde a \"Dw Contatti &amp; PHone\"</string>
  <string name="pref_title_matchingSkipSpace">Permette il salto di spazio</string>
  <string name="pref_summary_matchingSkipSpace">\"TSPH\" corrisponde a \"dw contacTS &amp; PHone\"</string>
  <string name="pref_title_globalSettings">Impostazioni Globali</string>
  <string name="pref_title_registrationStates">Stato: %s</string>
  <string name="pref_summary_registrationStates">Questa versione è %1$s per numero di serie del dispositivo: %2$s</string>
  <string name="registered">Registrato</string>
  <string name="unregistered">Non registrato</string>
  <string name="pref_title_onlineRegistrationCheck">Controllo di registrazione on-line</string>
  <string name="pref_summary_onlineRegistrationCheck">Verificherà, se il dispositivo non è registrato (connessione internet necessaria).</string>
  <string name="pref_title_registration">Registrazione</string>
  <string name="pref_summary_registration">Sblocca le funzioni avanzate, rimuove gli annunci</string>
  <string name="pref_summary_showContactsWithPhoneNumber">Se disattivato, utilizza il sistema \"Filtro Mostra Contatto\", che può essere impostato in \"Impostazioni Globali\"</string>
  <string name="pref_title_historyViewSettings">Visualizzazione Cronologia chiamate</string>
  <string-array name="pref_entries_dialerPadTone">
    <item>Tono DTMF</item>
    <item>Tono del click</item>
    <item>OFF</item>
  </string-array>
  <string name="pref_title_limitNumberTitleToXChar">Lunghezza titolo numero telefonico</string>
  <string name="pref_summary_limitNumberTitleToXChar">Impostato a 0 mostra tutta la lunghezza del titolo numero telefono</string>
  <string name="pref_title_supportForum">Forum di supporto</string>
  <string name="pref_title_textColor">Colore testo</string>
  <string name="historyList">Cronologia</string>
  <string name="startProVerPrompt">La versione Pro è stata rilevata. Iniziare adesso?</string>
  <string name="pref_title_selectedBackgroundColor">Colore sfondo pulsante premuto</string>
  <string name="pref_title_dialpadThemeSettings">Impostazioni dialer telefono</string>
  <string name="pref_title_globalThemeSettings">Impostazioni globali del tema</string>
  <string name="pref_title_showAlwaysAddIcon">Mostra sempre icona *Add*</string>
  <string name="pref_summary_showAlwaysAddIcon">Se attivata, mostrerà nella lista sulla prima riga l\'icona "+", dove è possibile aggiungere un contatto</string>
  <string name="pref_title_eventGreetingText">Testo del messaggio di saluto dell\'evento</string>
  <string name="pref_default_eventGreetingText">Ciao???, vi auguro tutto il meglio ??A\'th??E</string>
  <string name="pref_title_eventGreetingSubject">Soggetto dell\'evento di saluto</string>
  <string name="pref_summary_eventGreetingSubject">Utilizzat solo se inviato per e-mail</string>
  <string name="pref_message_eventGreetingText">Puoi usare anche la variabile "???" con i contatti / il nome completo dei contatti; "??F" con il cognome; "??G" con il nome; "??N" con il soprannome; "??A" per età; "??E" per tipo di evento</string>
  <string name="pref_default_eventGreetingSubject">Saluti al vostro ??A\'th ??E</string>
  <string name="menu_sendGreetingSMSToContact">Invia un SMS / MMS al contatto</string>
  <string name="menu_sendGreetingEmailToContact">Invia e-mail al contatto</string>
  <string name="pref_title_storeSendSMSToSystemDB">Conservare SMS / MMS inviati nel database</string>
  <string name="pref_summary_storeSendSMSToSystemDB">Se attivato, gli SMS/MMS inviati sono salvati nel sistema</string>
  <!-- 	<string name="pref_title_backgroundImage">Background image</string> -->
  <!-- 	<string name="pref_summary_backgroundImageEn">If you use background image, the background color can be used simultaneously as color filter</string> -->
  <string name="pref_title_textColorSecond">Colore testo 2a e 3a riga</string>
  <string name="pref_title_textColorLabel">Colore testo etichetta 3a linea</string>
  <string name="pref_summary_textColorLabel">Colore del testo sui gruppi etichettati, organizzazioni e titoli</string>
  <string name="pref_title_backgroundListSectionColor">Colore sfondo sezione elenco</string>
  <string name="pref_title_textListSectionColor">Colore testo sezione elenco</string>
  <string name="pref_title_showAlphabetListSection">Mostra sezione elenco alfabeto</string>
  <string name="pref_title_fontSizeforDigits">Dimensioni carattere cifre</string>
  <string name="pref_title_fontSizeforLetters">Dimensioni carattere lettere</string>
  <string name="pref_title_dialpadIconsArrangement">Disposizione icone dialer</string>
  <string-array name="pref_entries_dialpadIconsArrangement">
    <item>Componi/Inserisci/Cancella</item>
    <item>Cancella/Inserisci/Componi</item>
    <item>Inserisci/Cancella/Componi</item>
  </string-array>
  <!-- 	quick jump to alphabetic listcreate new contact -->
  <string name="menu_quickJump">Salto veloce</string>
  <string-array name="pref_entries_hideTab">
    <item>Acceso</item>
    <item>Spento</item>
    <item>Automatico</item>
  </string-array>
  <string name="pref_title_backgroundColorQuickJump">Colore sfondo Salto Veloce</string>
  <string name="pref_title_textColorQuickJump">Colore testo Salto Veloce</string>
  <string name="pref_title_disableSlideSwitchingTabs">Disabilita lo slide per cambiare i tabs</string>
  <string name="pref_title_showNumberKeyboardOnDialpad">Tastiera numerica sul dialer</string>
  <string name="pref_summary_showNumberKeyboardOnDialpad">Se disattivato, mostra solo la casella di input e le icone "Composizione" ed "Elimina". Utile se si desidera comporre sempre con i tasti hardware</string>
  <string name="pref_title_dialpadToFullWidth">Larghezza dialer a schermo intero</string>
  <string name="pref_summary_dialpadToFullWidth">Se attivato, mostra in modalità orizzontale il dialer alla larghezza schermo intero (altrimenti sul lato destro)</string>
  <string name="pref_title_smsSignature">Firma SMS/MMS</string>
  <string name="pref_summary_smsSignature">Firma, sarà sempre aggiunta alla fine di un SMS/MMS</string>
  <string name="currentOrderNotSupportFastJump">L\'ordine corrente non supporta salto veloce.</string>
  <!-- 2.0.7 -->
  <string name="pref_title_languageForT9">Lingua per ricerca T9</string>
  <string name="pref_summary_languageForT9">È possibile aggiungere ulteriori lingue da utilizzare per la ricerca T9</string>
  <string name="pref_title_quickJumpAlignment">Allineamento Salto Veloce</string>
  <string-array name="pref_entries_quickJumpAlignment">
    <item>In cima</item>
    <item>Centro</item>
    <item>In fondo</item>
  </string-array>
  <string name="menu_gridView">Visualizzazione griglia</string>
  <string name="menu_listView">Visualizzazione elenco</string>
  <string name="pref_title_gridViewSettings">Impostazioni griglia di visualizzione</string>
  <string name="pref_title_gridViewSize">Dimensioni griglia</string>
  <string name="pref_title_lockGridSize">Blocca dimensioni griglia</string>
  <string name="pref_summary_lockGridSize">Se bloccata, il Salto Veloce può essere utilizzato nuovamente tramite lo scorrimento 2 dita</string>
  <string name="pref_title_phoneDialpadHeight">Altezza dialer chiamata</string>
  <string name="pref_title_moreSettings">Impostazioni Dettagliate Visualizzazione</string>
  <string name="pref_summary_moreSettings">Impostazioni più dettagliate per ogni scheda</string>
  <string name="pref_title_displayNameBelowThePicture">Nome visualizzato sotto l\'immagine</string>
  <string name="menu_exportContactPicture">Esporta immagine del contatto</string>
  <string name="toast_saveFailed">Salvataggio fallito!</string>
  <string name="toast_saveSuccessfully">Salvato con successo in: %s</string>
  <string name="callConfirm">Conferma composizione</string>
  <string name="pref_summary_callConfirm">Se abilitato, mostra una richiesta di conferma prima della composizione</string>
  <string name="pref_title_automaticConfirmationDelay">Ritardo di conferma automatica</string>
  <!-- It is an option to set a time for the control [Dialing confirmation] dialog.
     At the end of the counter automatically close [Dialing confirmation] dialog. -->
  <string name="pref_title_automaticCancelDelay">Eliminazione automatica del ritardo</string>
  <string name="pref_summary_automaticConfirmationDelay">Tocca ovunque sullo schermo per interrompere il timer</string>
  <string name="pref_title_picturePositionOnRight">Immagine a destra</string>
  <string name="updateCheck">Controlla aggiornamento</string>
  <string name="noUpdates">Nessun aggiornamento disponibile</string>
  <string name="download">Download</string>
  <string name="pref_title_globalIconSize">Dimensione generale icona</string>
  <string name="pref_summary_globalIconSize">Definisce la larghezza di tutte le icone (composizione nel dialer, tasto di ritorno nel dialer, composizione, sms, email, foto)</string>
  <string name="pref_title_backKeyHideDailpad">Tasto indietro nasconde dialer</string>
  <string name="pref_summary_backKeyHideDailpad">Se disattivato, il primo tocco su pulsante "Indietro" chiude l\'applicazione, altrimenti nasconde il dialer prima di uscire</string>
  <string name="pref_title_hapticFeedbackVibration">Vibrazione feedback tattile</string>
  <string name="pref_title_hapticFeedbackStrength">Forza del feedback tattile</string>
  <string name="pref_title_limitCallLogOnXitems">Limite registro chiamata su max %s elementi</string>
  <string name="pref_summary_limitCallLogOnXitems">Registro chiamate limitato a %s max elementi (0 = illimitato)</string>
  <string name="pref_title_dividerLineColor">Colore linea divisore</string>
  <string name="menu_quickDial">Composizione rapida</string>
  <string name="buying_tips_in_free">È possibile utilizzare "Google Play" per acquistare la versione Pro. Se vivete in una zona dove non è possibile utilizzare "Google Play" per acquistare applicazioni, è possibile scaricare la versione REG e poi registrarla. Entrambe le versioni hanno le stesse funzionalità.</string>
  <string name="buying_channel_registration">Scarica la versione registrata</string>
  <string name="buying_channel_registration_summary">"Dopo aver toccato il link, l\'applicazione verrà scaricata e si potrà cliccare sul file per l\'installazione. Dopo che l\'installazione avvierà l\'applicazione seguire le istruzioni di registrazione."</string>
  <string name="pref_title_buyAdvancedVersion">Acquista versione avanzata</string>
  <string name="freeVersionFound">Versione gratuita trovata sul vostro sistema.</string>
  <string name="uninstallFreeVersionPrompt">Si consiglia, di disinstallare la versione gratuita e utilizzare la versione registrata. Prima della disinstallazione, potrebbe essere necessario eseguire il backup di dati nella versione gratuita. Poi eseguire il ripristino nella versione Pro.   Disinstallare ora la versione gratuita?</string>
  <string name="pref_title_copySerialNum">Copia Numero di serie del dispositivo negli appunti</string>
  <string name="askToCheckRegistrationCode">"chiave di registrazione non valida o non registrato. Vuoi verificare il codice di registrazione ora?"</string>
  <string name="deleteContactConfirmation">Il contatto \"%s\" verrà eliminato.</string>
  <string name="enable">Abilita</string>
  <string name="allIncomingCalls">Tutte le chiamate in entrata</string>
  <string name="anonymousIncomingCalls">Chiamate in entrata anonime</string>
  <string name="anonymousIncomingCallsSummary">Quando le chiamate non inviano il numero di telefono</string>
  <string name="automaticGroups">Gruppi automatici</string>
  <string name="pref_title_dialPrefix">Prefisso composizione</string>
  <string name="pref_summary_dialPrefix">Definendo il prefisso, viene abilitata un\'opzione extra per chiamare tramite pressione prolungata</string>
  <string name="pref_title_dialSuffix">Suffisso composizione</string>
  <string name="pref_summary_dialSuffix">Definendo il suffisso, viene abilitata un\'opzione extra per chiamare tramite pressione prolungata</string>
  <string name="pref_title_quickDialLimit">Limite composizione veloce</string>
  <string name="pref_title_languageForT9Keyboard">Lingua tastiera T9</string>
  <string name="pref_summary_languageForT9Keyboard">Scegli la lingua da visualizzare nel dialer T9</string>
  <string name="callFilterAction">Azione</string>
  <string-array name="callFilterActions">
    <item>Intercetta</item>
    <item>Permette</item>
    <item>Silenzio</item>
  </string-array>
  <string name="callFilterActionIntercept">Intercetta</string>
  <string name="callFilterActionInterceptAndNotify">Intercetta e notifica</string>
  <string name="callFilterActionAllows">Consentire</string>
  <string name="callFilterActionSilence">Silenzio</string>
  <string name="callFilterType">Tipo filtro</string>
  <string-array name="callFilterTypes">
    <item>Filtro gruppo</item>
    <item>Filtro numero</item>
    <item>Numeri di telefono contattati di recente </item>
  </string-array>
  <string-array name="callFilterTypesHint">
    <item>Scegli gruppi per filtro</item>
    <item>Inserisci numero per filtro</item>
    <item>Selezionare la validità della durata</item>
  </string-array>
  <string name="ruleEditor">Editor regole</string>
  <string name="label">Etichetta</string>
  <string name="numberFilterExplain">*=qualsiasi stringa, ?=qualsiasi carattere</string>
  <string name="effectiveTimeOfTheRule">"Attività da %1$s a %2$s"</string>
  <string name="menu_viewRelatedContacts">Vedi contatti correlati</string>
  <string name="title_selectNumbers">Prego selezionare numeri</string>
  <string name="title_selectEmailAddresses">Prego selezionare indirizzi email</string>
  <string name="pref_title_lockView">Vedi cambi blocco elementi</string>
  <string name="pref_summary_lockView">Blocca vista oggetti per modificare gli elementi tramite slide 2 dita</string>
  <string name="selectedNumberOfContacts">%d contatti selezionati</string>
  <string name="selectedNumberOfEmailAddresses">%d indirizzi selezionati. Fare clic per copiare negli Appunti</string>
  <string name="selectedNumberOfPhoneNumbers">%d numeri di telefono selezionati</string>
  <!-- 2.1.1 -->
  <string name="pref_title_nameFieldToShow">Campi da visualizzare</string>
  <string name="pref_summary_nameFieldToShow">Ha effetto solo quando \"Ordine contatti\" non è impostato a \"Default di sistema\".</string>
  <string-array name="pref_entries_nameField">
    <item>Nome</item>
    <item>Cognome</item>
    <item>Secondo nome</item>
    <item>Prefisso onorifico</item>
    <item>Suffisso onorifico</item>
    <item>Nome fonetico</item>
    <item>Cognome fonetico</item>
    <item>Secondo nome fonetico</item>
  </string-array>
  <string name="pref_title_showMatchFirstLetterResultsFirst">Visualizza risultati \"Corrispondenza prima lettera\" per primi</string>
  <string name="pref_title_clickTheActions">Tocco voce in elenco</string>
  <string name="pref_summary_clickTheActions">Azione svolta su tocco della voce dell\'elenco</string>
  <string name="pref_summary_clickListIconActions">Azione svolta su tocco dell\'icona contatto in visualizzazione lista.</string>
  <string name="action_viewItemAuto">Visualizza elemento (dettagli del contatto o elenco chiamate)</string>
  <string name="action_viewContactDetails">Vedi dettagli contatto</string>
  <string name="action_selectNumberToCall">Seleziona un numero da chiamare</string>
  <string name="action_viewContactHistory">Vedi cronologia contatto</string>
  <string name="action_viewQuickContactBadge">Vedi badge contatto rapido</string>
  <string name="action_callCurrentNumber">Chiama numero corrente</string>
  <string name="action_callDefaultNumber">Chiama numero predefinito</string>
  <string name="action_callUsingSIP">Chiama tramite SIP</string>
  <string name="action_sendMessageToCurrentNumber">Invia SMS/MMS al numero corrente</string>
  <string name="action_sendMessageToDefaultNumber">Invia SMS/MMS al numero predefinito</string>
  <string name="pref_title_clickIconActions">Tocco contatto</string>
  <string name="pref_summary_clickIconActions">Azione svolta su tocco dell\'icona contatto in visualizzazione griglia</string>
  <string name="pref_title_lockWindowPosition">Blocca posizione finestra</string>
  <string name="pref_summary_lockWindowPosition">Impostare per non spostare trascinando</string>
  <string name="pref_title_showCallerLocation">Vedi la posizione del chiamante</string>
  <string name="downloadPluginPrompt">È necessario installare plug-ins. Scarica ora?</string>
  <string name="Default">Predefinito</string>
  <string name="pref_title_searchCallLog">Ricerca registro chiamate</string>
  <string name="pref_summary_searchCallLog">È necessario aprire \"Mostra registro chiamate su telefono\"</string>
  <string name="menu_shareContacts">Condividi contatti</string>
  <string name="font_size">Dimensione carattere</string>
  <string name="show_call_log_filter">Visualizza filtro registro chiamate</string>
  <string name="hide_call_log_filter">Nasconde filtro registro chiamate</string>
  <string name="prompt_in_sms_tab">Visualizzare gli SMS inviati al gruppo da DW Contacts.</string>
  <string name="pref_title_exitWhenCallEnds">Uscita su termine chiamata</string>
  <string name="pref_title_residesInMemory">Residente in memoria</string>
  <string name="pref_summary_residesInMemory">"Abilita servizi in background" viene mantenuto in memoria più a lungo</string>
  <!-- Header that expands to list all of the types of settings -->
  <string name="optionsLabelsGroup">Opzioni</string>
  <string name="pref_summary_textColorForSecondT9Languare">Colore della seconda lingua T9</string>
  <string name="pref_title_enableDualcardSuppout">Abilita supporto dual-sim</string>
  <!-- 联系人详细信息 -->
  <string name="detailsList">Dettagli</string>
  <string name="pref_title_minimumHeightOfListItem">Altezza minima elemento di elenco</string>
  <string name="loading">Caricamento...</string>
  <string name="pref_title_displayWhenDialing">Visualizza su composizione</string>
  <string name="pref_title_usingMoreDetailedListSection">Sezione elenco più dettagliata</string>
  <string name="pref_summary_usingMoreDetailedListSection">Utilizzato per saltare rapidamente di carattere</string>
  <string name="desktop_widget_limit_messages">Nella versione gratuita si può  creare solo un widget desktop.</string>
  <string name="label_customField">Campi personalizzati</string>
  <string name="menu_otherContactViewer">Altro visualizzatore di contatti</string>
  <string name="pref_title_hideStatistics">Nascondi statistiche</string>
  <string name="pref_title_backupTheme">Backup delle impostazioni del tema</string>
  <string name="pref_title_restoreTheme">Ripristina le impostazioni del tema</string>
  <string name="appwidget_titleText">Titolo</string>
  <string name="appwidget_summary_selectGroup">Seleziona il gruppo di contatti da visualizzare.</string>
  <string name="iconSize">Dimensione icone</string>
  <string name="widgetConfiguration">Configurazione widget</string>
  <string name="pref_title_iconNumberOfColumns">Numero di colonne di icone</string>
  <string name="pref_summary_iconNumberOfColumns">0 per adattare automaticamente</string>
  <string name="tips_contactAppWidget">Clicca il titolo del widget per entrare nelle impostazioni</string>
  <string name="pref_title_nameLines">Linee del nome</string>
  <string name="pref_summary_nameLines">0 per nascondere il nome</string>
  <string name="menu_deleteTheShownCallLog">Cancellare il registro chiamate mostrato</string>
  <string-array name="pref_entries_contactListSearchOptions">
    <item>Cerca in tutti i campi</item>
    <item>Cerca tutti i contatti</item>
    <item>Ricerca nell\'elenco indirizzi globale</item>
  </string-array>
  <string name="pref_title_defaultContactIcon">Icona contatto predefinita</string>
  <string name="pref_title_defaultGroupIcon">Icona gruppo predefinita</string>
  <string name="prompt_restoreDefaultSettings">Si consiglia di fare un backup prima di procedere. Ripristinare tutte le impostazioni di default ora?</string>
  <string name="pref_title_interceptCallsEvenDuringCall">Intercetta chiamate anche durante una chiamata</string>
  <string name="pref_summary_interceptCallsEvenDuringCall">Questo può portare alla fine della chiamata in corso.</string>
  <string name="pref_title_displayPromptWhenCallBlocked">Visualizza una richiesta quando la chiamata viene bloccata.</string>
  <!-- Call Statistics -->
  <string name="call_statistics">Statistiche chiamate</string>
  <string name="freeNumbersManager">Gestore numeri gratis</string>
  <string name="tab_call_statistics">Statistiche</string>
  <string name="call_type_incoming">In arrivo</string>
  <string name="call_type_outgoing">In uscita</string>
  <string name="call_type_missed">Perso</string>
  <string name="call_type_blocked">Bloccato</string>
  <string name="call_type_all">Tutti</string>
  <string name="call_duration">Durata</string>
  <string name="call_duration_minute">Costo Min</string>
  <string name="call_count">Conteggio</string>
  <string name="call_statistics_time_billingCycle">Ciclo di fatturazione</string>
  <string name="call_statistics_time_thisMonth">Questo mese</string>
  <string name="call_statistics_time_thisWeek">Questa settimana</string>
  <string name="call_statistics_time_all">Tutto il tempo</string>
  <string name="pref_title_startDayOfBillingCycle">Giorno di inizio del ciclo di fatturazione</string>
  <string name="pref_title_missedCallsTextColor">Colore testo chiamate perse</string>
  <string name="pref_summary_unansweredOutgoingCallsTextColor">Chiamate in uscita senza risposta</string>
  <string name="pref_title_freeMonthlyTalkTime">Tempo conversazione gratuita mensile</string>
  <string name="pref_title_freeIncomingCalls">Chiamate in arrivo gratuite</string>
  <string name="pref_title_costWarning">Avviso costo</string>
  <string name="pref_summary_costWarning">Visualizza promemoria prima della fine del tempo di conversazione gratuito</string>
  <string name="prompt_freeTalkTimeIsOver">Tempo di conversazione gratuita finito.</string>
  <string name="prompt_remainingFreeTalkTimer">Tempo di conversazione gratuita rimanente: %1$d minuti; giornaliero: %2$d minuti.</string>
  <string name="pref_title_showGroupSContactsCount">Numero contatti per gruppo</string>
  <string name="pref_summary_showGroupSContactsCount">Se selezionato rallenta il caricamento dei contatti</string>
  <string name="pref_title_contactPictureZoomMode">Icona contatto</string>
  <string-array name="pref_entries_contactPictureZoomMode">
    <item>Centro</item>
    <item>Ritaglia centro</item>
    <item>Centra all\'interno</item>
    <item>Centrata</item>
    <item>Zoom</item>
  </string-array>
  <string name="get_online_help">Ottieni aiuto in linea</string>
  <string name="error_report">Segnala un errore</string>
  <string name="hasNoPhoneNumberContacts">Contatti senza numero di telefono</string>
  <string name="pref_title_minimumBillableTime">Minimo fatturabile</string>
  <string name="pref_summary_minimumBillableTime">L\'impostazione corrente è %s secondi. Se il tempo di conversazione è 01:15 e l\'impostazione è di 30 secondi, il tempo di ricarica sarà 01:30. Se l\'impostazione è 60 secondi, il tempo di ricarica sarà 02:00</string>
  <string name="menu_showSidebar">Visualizza barra laterale</string>
  <string name="menu_hidesidebar">Nascondi barra laterale</string>
  <string name="SIMCard1">Scheda SIM 1</string>
  <string name="SIMCard2">Scheda SIM 2</string>
  <string name="sim_card_office">Ufficio</string>
  <string name="sim_card_home">Casa</string>
  <string name="sim_card_call">Chiamata</string>
  <string name="sim_card_internet">Internet</string>
  <string name="sim_card_heart">Cuore</string>
  <string name="lable_sim_card_name">Nome:</string>
  <string name="lable_sim_card_icon">Icona:</string>
  <string name="defaultSIMcard">Carta SIM predefinita</string>
  <string name="prompt_inFirstUseDialer">Riuscire a fare una chiamata d\'emergenza dipende dal sistema che fornisce l\'accesso. Si prega di assicurarsi che funzioni.</string>
  <string name="pref_title_enableBackgroundDataLoading">Abilita il caricamento dei dati in background</string>
  <string name="pref_summary_enableBackgroundDataLoading">Abilita per migliorare la velocità di risposta del software. Aumenta il consumo della batteria, perché il database dei contatti viene aggiornato frequentemente</string>
  <string name="pref_title_scaleToFitTheScreen">Scala per adattare allo schermo</string>
  <string name="pref_summary_scaleToFitTheScreen">Scala automaticamente la dimensione della griglia per adattare allo schermo</string>
  <string name="pref_summary_whenPortraitMode">Modalità ritratto</string>
  <string name="pref_summary_whenTheSidebarIsOpen">Modalità ritratto con Sidebar</string>
  <string name="pref_summary_whenInLandscapeMode">Modalità paesaggio</string>
  <string name="pref_summary_whenInLandscapeModeAndTheSidebarIsOpen">Modalità paesaggio con Sidebar</string>
  <string name="pref_title_usingMoreDetailedFastScroller">Scroller veloce caratteri</string>
  <string name="pref_title_contactFields">Campi del contatto</string>
  <string name="pref_summary_informationNeedSendToCalendar">Selezione informazioni da inviare al calendario</string>
  <string-array name="pref_entriesNeedSendToCalendar">
    <item>Organizzazione</item>
    <item>Indirizzo</item>
    <item>Telefono</item>
    <item>Email</item>
    <item>Note</item>
  </string-array>
  <string name="menu_addConsecutiveNumbers">Aggiungi numeri consecutivi</string>
  <string name="startingNumber">Numero iniziale</string>
  <string name="endingNumber">Numero finale</string>
  <string name="prompt_ALotOfNumbersToAddToContact"> %d nuovi numeri verranno aggiunti al contatto. Ci vorrà un pò del tempo.</string>
  <string name="prompt_numberParsingErrorInaddConsecutiveNumbers">Errore parsing numero! Non inserire il numero formattato.</string>
  <string name="prompt_needToAddNumbersTooMuch">Questo aggiumgerà il numero %d al contatto. Aggiungere di troppi numeri rallenterà il telefono.</string>
  <string name="prompt_addConsecutiveNumbers_accountDoesNotSupport">L\'account non supporta l\'aggiunta di così tanti numeri di telefono.</string>
  <string name="pref_title_usingHDContactPicture">Immagine contatti in HD</string>
  <string name="pref_title_linksInNotes">Collegamenti nelle Note</string>
  <string name="pref_summary_linksInNotes">Se abilitato, le URL, le email, gli indirizzi e i numeri di telefono nelle note saranno cliccabili.</string>
  <string name="pref_title_enableInCallWidget">Abilita widget chiamata</string>
  <string name="pref_title_delayToClose">Ritardo chiusura</string>
  <string name="pref_summary_delayToCloseInCallWidget">Ritardo di %ds la chiusura del \"widget chiamata\" quando termina la chiamata</string>
  <string name="pref_title_closeWhenOffhook">Chiudi quando si riaggancia</string>
  <string name="pref_summary_closeWhenOffhook">Chiudi widget chiamata su risposta chiamata</string>
  <string name="pref_summary_informationNeedShowInInCallWidget">Informazioni da mostrare nel "widget chiamata"</string>
  <string name="phoneNumberLabel">Etichetta del numero di telefono</string>
  <string name="last_contact_time">Ultimo contatto</string>
  <string name="contact_pictures">Immagine contatto</string>
  <string name="menu_importToQuickdialList">Importa nella lista chiamate veloci</string>
  <string name="confirm_importToQuickdialList">I dati importati sovrascriveranno quelli pre-esistenti</string>
  <string name="toast_importToQuickdialListSuccessfully">%d numeri sono stati importati</string>
  <string name="pref_title_frameColor">Colore cornice</string>
  <string name="pref_title_hideDefaultIcon">Nascondi icona predefinita</string>
  <string name="pref_summary_hideDefaultIcon">Nascondi icona predefinita nella visualizzazione elenco</string>
  <string name="pref_title_showInTheSidebar">Mostra nella barra laterale</string>
  <string name="pref_summary_showInTheSidebar">Gli elementi selezionati devono venire mostrati nella barra laterale</string>
  <string-array name="pref_entries_showInTheSidebar">
    <item>Gruppi</item>
    <item>Organizzazioni</item>
    <item>Titoli</item>
  </string-array>
  <string name="menu_addToQuickdialList">Aggiungi all\'elenco di composizione rapida</string>
  <string name="toast_theNumberHasNeenAdded">Il numero è stato aggiunto</string>
  <string name="pref_title_fontSizeSidebar">Dimensione carattere (barra laterale)</string>
  <!-- 	<string name="hour">Hour</string> -->
  <string name="contactedLastXHours">Contattati ultime %s ore</string>
  <!-- 	选中的邮件地址已经复制到剪贴板。您可以将它粘贴到邮件程序的地址字段 -->
  <string name="toast_selectedEmailAddressCopied">L\'indirizzo di posta elettronica selezionato è stato copiato negli Appunti. Si può ora incollare nel campo indirizzo del programma di posta elettronica</string>
  <string name="pref_title_backUpAllData">Eseguire backup di tutti i dati</string>
  <!-- 	由于数据库的更新。还原数据可能导致组铃声、组图片和防火墙工作不正常。请检查它们在恢复数据后。 -->
  <string name="pref_summary_backUpAllData">Dall\'ultimo aggiornamento del database. Quando i dati vengono ripristinati le immagini di gruppo, le suonerie di gruppo e i filtri chiamata potrebbero non funzionare correttamente. Controllali nel recupero dati</string>
  <!-- 	注意这不会备份联系人数据库。 -->
  <string name="warning_notBackUpContactsDatabase">Nota: questa operazione non esegue il backup del database di contatti.</string>
  <string name="pref_title_restoreAllData">Ripristina tutti i dati</string>
  <string name="toast_backedSuccessfully">Backup effettuato in %s</string>
  <string name="toast_backedFailed">Backup non riuscito. Assicurarsi di aver impostato un percorso di backup valido</string>
  <string name="toast_restorSuccessfully">Ripristinato con successo da %s.</string>
  <string name="toast_restorFailed">Ripristino non riuscito. Assicurarsi di aver impostato il percorso corretto</string>
  <string name="close">Chiudi</string>
  <string name="minimize">Minimizza</string>
  <string name="maximize">Massimizza</string>
  <string name="call">Chiama</string>
  <string name="toast_notSuppouteditingNotes">Questo contatto non supporta la modifica delle note.</string>
  <!-- An option in the event notification settings, open it automatically sends the blessing SMS comes in contact events. -->
  <string name="pref_title_automaticallySendGreetingsSMS">Inviare automaticamente SMS di auguri</string>
  <!-- 	注意发送消息时您不会得到通知，发送时间为事件当天的[通知时间]。 -->
  <string name="pref_summary_automaticallySendGreetingsSMS">Nota: quando si invia un messaggio, non sarà possibile ottenere l\'avviso. l\'invio di tempo per l\'evento il giorno del [tempo notifica]</string>
  <!-- Prompt message before you delete a call log. -->
  <string name="prompt_deleteCallLog">Nota: eliminare il registro chiamate influenzerà le statistiche di chiamata.</string>
  <!--
    Dispaly in [In call Widget]
    Example:
    The last contact time: 5 days ago。 -->
  <string name="in_call_lastContactTime">Ultimo contatto: %s</string>
  <string name="recommendToFriends">Raccomanda agli amici</string>
  <string name="filterMode">Modalità filtro</string>
  <!-- 	Show contacts filter Details Grp = Group; Com = Company; Tit = Title -->
  <string name="contactsFilterSummary">Filtro: Grp: %1$s Com: %2$s Tit: %3$s</string>
  <string name="pref_title_largeDialButton">Bottoni dialer grandi</string>
  <!-- 	显示在联系人组编辑器，为编辑的组设置父组 -->
  <string name="parentGroup">Gruppo padre</string>
  <string name="pref_title_formatPhoneNumber">Formato numero di telefono</string>
  <string name="menu_viewSelectedContacts">Vedi contatti selezionati</string>
  <string name="filter_status_all">TUTTI</string>
  <string name="pref_title_enableSlidingAction">Abilita azione slide</string>
  <!-- 	启用滑动拨号等等，关闭它以便使用滑动切换号码。 -->
  <string name="pref_summary_enableSlidingAction">Abilita composizione slide ecc.
Disabilitarla per usare lo slide cambio numero</string>
  <!-- Click Open browser to select files or other data -->
  <string name="browse">Sfoglia</string>
  <string name="companies">Aziende</string>
  <string name="company">Azienda</string>
  <string name="clear">Pulisci</string>
  <string name="other">Altro</string>
  <string name="voice_input">Input vocale</string>
  <string name="app_widget_name_dialer_3_3">DW Dialer 3×3</string>
  <string name="app_widget_name_dialer_2_3">DW Dialer 2×3</string>
  <string name="app_widget_name_dialer_4_4">DW Dialer 4×4</string>
  <string name="app_widget_name_agenda">Agenda DW</string>
  <!-- 	A menu item is used to select mode grouping contacts. -->
  <string name="menu_groupBy">Raggruppa per</string>
  <string name="menu_showHistory">Mostra cronologia</string>
  <string name="menu_sendMessage">Invia SMS/MMS</string>
  <string name="menu_sendMail">Invia email</string>
  <string name="menu_setRingtone">Imposta suoneria</string>
  <string name="menu_insert">Inserisci</string>
  <string name="pref_title_disableAutomaticUpdates">Disabilita aggiornamenti automatici.</string>
  <string name="pref_title_showsLinkToContactList">Mostra un link all\'elenco contatti</string>
  <!-- A number label, recently contacted number，It shows in the contact details SMS TAB. Number selection drop-down list. For example: Recent:12345678 -->
  <string name="recent">Recente</string>
  <string name="dialog_title_selectFieldsToShare">Seleziona campi di condividere</string>
  <string name="pref_title_showSIMCardNumber">Mostra numero carta SIM</string>
  <string name="pref_title_swapSIMCardNumber">Scambia numero carta SIM</string>
  <string name="pref_summary_selectNeedToDisplayTabs">Necessario mostrare schede</string>
  <!-- 	检测到您正使用屏幕阅读程序。是否显示“电话号码选择对话框”在拨号前？ -->
  <string name="prompt_usePhoneNumberSelectionDialogWhenUseScreenReader">Rilevato uso screen reader. Visualizzare \"Phone number selection dialog\" prima della composizione?</string>
  <string name="neverShowAgain">Non mostrare più</string>
  <!-- 	选择[确定]，“通话中小部件”将不会再次显示。 -->
  <string name="prompt_neverShowAgain">Selezionato [%1$s], il \"%2$s\" non verrà mostrato più.</string>
  <string name="dualSIMCardConfiguration">Configurazione dual SIM</string>
  <!-- 	如果SIM卡编号显示不正确，请先通过两个SIM卡各拨打一个电话，然后点击[重新检测]按钮。 -->
  <string name="prompt_retestSIMCardNumber">Se il numero di SIM non è corretto, si prega di effettuare una chiamata attraverso le due SIM, poi cliccare sul pulsante [Ritestare].</string>
  <!-- 	重新检测 -->
  <string name="retest">Ritestare</string>
  <!-- 	检测已完成 -->
  <string name="toast_retestSIMCardNumberCompleted">Test completato</string>
  <string name="toast_settingsHaveBeenSaved">Impostazioni salvate</string>
  <!-- 	如果双卡功能不工作在您的设备。请尝试选择设备列表中的每一个设备，然后单击[拨号]按钮。当两个拨号按钮使用正确SIM卡拨号时，单击[保存]按钮。 -->
  <string name="prompt_dualSIMDialTest">Se la funzione di doppia scheda non funziona sul tuo dispositivo, provare a selezionare ogni dispositivo nell\'elenco dispositivi e quindi scegliere il pulsante [Dial]. Quando i due pulsanti Dial utilizzano la corretta composizione di scheda SIM, fare clic sul pulsante [Salva].</string>
  <string name="lable_device">Dispositivo:</string>
  <string name="lable_testNumber">Numero di test:</string>
  <!-- 	 An option. When you enable the exchange of the SIM card used when making calls. When the dial buttons 1 and 2 do not correspond correct SIM card to select it. -->
  <string name="swapTheDialSIMcard">Scambia la SIM card</string>
  <string name="shareMySettings">Condividi le mie impostazioni</string>
  <!-- 	已添加前缀/后缀（%s） -->
  <string name="toast_prefixOrSuffixHasBeenAdded">Il prefisso / suffisso è stato aggiunto (%s)</string>
  <string name="pref_title_downloadGeocoderPlugin">Scarica plugin Geocoder</string>
  <string name="menu_bindTo">Associa a %s</string>
  <string name="menu_clearBind">Elimina associazione</string>
  <string name="pref_title_twoDialOnTheDialpad">Visualizza due tasti composizione nel tastierino</string>
  <string name="pref_title_twoDialInTheContactList">Visualizza due tasti composizione nell\'elenco contatti</string>
  <!-- 	call using SIM card 1 -->
  <string name="description_dial_button_using">chiama usando %s</string>
  <string name="menu_shareAsText">Condividi tutti i dettagli come testo</string>
  <string name="menu_shareAsvCard">Condividi come vCard</string>
  <string name="noItmeSelected">Nessun oggetto selezionato</string>
  <string name="pref_title_leftHandedOperation">Operazioni per mancini</string>
  <string name="description_goToSubGroups_button">Vai ad elenco sottogruppi</string>
  <!-- 一个选项，当打开备注会优先保存到联系人，而不是通话记录备注 -->
  <string name="pref_title_saveNotesToContacts">Salva note nei contatti</string>
  <string name="export_to_single_vcard_file">Esporta su file vCard singolo</string>
  <string name="export_to_multiple_vcard_files">Esporta su più file vCard</string>
  <string name="confirm_export_contacts_to_folder_message">I contatti saranno esportati nella cartella: %s.</string>
  <!-- 读出来电显示号码 -->
  <string name="pref_title_speakCallerID">Annuncia ID chiamante</string>
  <string name="pref_title_speakOrganization">Leggi organizzazione</string>
  <string name="pref_title_speakNumber">Annuncia numero</string>
  <string name="pref_summary_speakNumber">Se il chiamante non è nei contatti</string>
  <string name="pref_title_repeatCount">Conteggio ripetizione</string>
  <string name="pref_title_repeatInterval">Intervallo di ripetizione</string>
  <string name="pref_title_reverseList">Elenco inverso</string>
  <string name="pref_title_openQuickJumpOnStartup">Apri salto veloce all\'avvio</string>
  <!-- 搜索历史记录 - 一个开关确定是否显示搜索历史记录 -->
  <string name="pref_title_searchHistory">Cronologia ricerca</string>
  <string name="menu_add_event">Aggiungi evento</string>
  <string name="notification_dataLoaderIsRunning">Caricamento dati in esecuzione</string>
  <string name="clickToGetMoreInformation">Clicca per ottenere ulteriori informazioni</string>
  <!-- 	您好，试用期限将结束在5天后。现在要购买吗？ -->
  <string name="remind_trialPeriodWillEnd">Ciao, il periodo di prova si concluderà tra %d giorni. Volete comprarlo ora?</string>
  <string name="menu_addToBlockList">Aggiungi a Blocklist</string>
  <string name="menu_removeFromBlockList">Rimuovi dalla Blocklist</string>
  <string name="blockList">Blocklist</string>
  <string name="font">Carattere</string>
  <string name="needToUpdate">Necessario aggiornamento</string>
  <string name="disable">Disattiva</string>
  <string name="pref_title_hideContactPicture">Nascondi foto contatto</string>
  <string name="event_info_links_label">Collegamenti</string>
  <string name="pref_title_calllogFilterAtTop">Visualizza \"Filtro registro chiamate\" nella parte superiore dello schermo</string>
  <!-- A menu, click the call methods available to display. For example: SIM card 2; Video call; Skype; SIP -->
  <string name="menu_callUsing">Chiama usando…</string>
  <string name="video_call">Videochiamata</string>
  <string name="automatic_redial">Richiamo automatico</string>
  <!-- Automatic redial after 3 seconds. -->
  <string name="automatic_redial_after">Richiamo automatico dopo %s.</string>
  <!-- Enter "Arrange mode", you can drag to sort items. -->
  <string name="menu_arrangeMode">Modalità organizzazione</string>
  <string name="summary_arrangeMode">Trascina elemento per ordinare</string>
  <string name="recommend_template">"Ciao,\nIo sto usando %1$s. È un software per la gestione dei contatti. Usa questo link per scaricarlo: %2$s "</string>
  <string name="recommend_id_template">"Non dimenticate di inserire il mio ID (%s) nella (Scheda Cassetta degli attrezzi -&gt; Consiglia agli amici). \nThanks!"</string>
  <!-- An option to choose what to hide in the contact details -->
  <string name="pref_title_hideSection">Nascondi sezione</string>
  <string name="pref_title_automaticBackup">Backup automatico</string>
  <string name="pref_title_backupTime">Ora di backup</string>
  <string name="pref_title_backupCycle">Ciclo di backup</string>
  <string-array name="pref_entries_backupCycle">
    <item>Ogni giorno</item>
    <item>Ogni due giorni</item>
    <item>Ogni tre giorni</item>
    <item>Ogni quattro giorni</item>
    <item>Ogni cinque giorni</item>
    <item>Ogni sei giorni</item>
    <item>Settimanalmente</item>
    <item>Mensilmente</item>
  </string-array>
  <string name="pref_title_contactsBackup">Backup contatti</string>
  <string name="pref_summary_contactsBackup">Selezionare il gruppo su cui eseguire il backup</string>
  <string name="pref_title_backupNow">Esegui backup ora</string>
  <string name="pref_title_disableInCarMode">Disabilita modalità auto</string>
  <string name="pref_summary_disableInCarMode">Disattiva temporaneamente la conferma della composizione, quando in macchina</string>
  <!-- An alert message when adding a shortcut to the HomePage request has been sent. -->
  <string name="toast_requestHasBeenSent">Richiesta inviata</string>
  <string name="pref_title_hideMenuButton">Nascondi pulsante Menu</string>
  <string name="pref_summary_hideMenuButton">Se il dispositivo non dispone di un pulsante hardware di menu, nascondendolo si perde l\'accesso ai menu</string>
  <string name="pref_title_deleteOldCallLogs">Elimina i vecchi registri delle chiamate</string>
  <string name="pref_summary_deleteOldCallLogs">Quando il numero raggiunge %s, eliminare i vecchi registri delle chiamate</string>
  <string name="menu_setContactPhoto">Imposta immagine contatto</string>
  <!-- OPTION: When you restart the app. Restore the state when last used. -->
  <string name="pref_title_restoreStateWhenRestarted">Ripristina lo stato al riavvio</string>
  <string name="websiteTypeHomepage">Pagina Iniziale</string>
  <string name="websiteTypeBlog">Blog</string>
  <string name="websiteTypeProfile">Profilo</string>
  <string name="websiteTypeHome">Casa</string>
  <string name="websiteTypeWork">Lavoro</string>
  <string name="websiteTypeFTP">FTP</string>
  <!--     <string name="description">Description</string> -->
  <!--     <string name="menu_add_link">Add link</string> -->
  <string name="pref_title_excludeNumbers">Escludi numeri</string>
  <string name="pref_summary_excludeNumbers">Chiamando questi numeri non verrà mostrata la finestra di conferma chiamata</string>
  <!-- Menu item used to add custom field to contact -->
  <string name="menu_addCustomField">Aggiungi campo personalizzato</string>
  <!-- An automatic group name, which contains all has photo contacts -->
  <string name="hasPhotoContacts">Contatti con immagine</string>
  <!-- Selectable menu item used to controls whether display "contacts events" in the "agenda list". -->
  <string name="menu_showContactsEvents">Mostra eventi dei contatti</string>
  <!-- An option to define accent color. The color applied to framework controls in their activated (ex. checked) state. -->
  <string name="pref_title_accentColor">Colore acceso</string>
  <!-- An option to define whether the appointment is created automatically send the invitation email.-->
  <string name="pref_title_sendInvitation">Manda invito</string>
  <!-- An option to define whether the appointment is created automatically send the invitation email.-->
  <string name="pref_summary_sendInvitation">Aggiungi l\'indirizzo email del contatto ai partecipanti</string>
  <!-- An option to define whether use circle icon.-->
  <string name="pref_title_circleIcon">Icona circolare</string>
  <string name="on">Acceso</string>
  <string name="off">Spento</string>
  <!-- Determined by the theme -->
  <string name="byTheme">Per tema</string>
  <!-- An option to define color -->
  <string name="pref_title_callLogFilterBackground">Colore di background per filtro log chiamate</string>
  <!-- An option to define whether use colorful icon.-->
  <string name="pref_title_colorfulIcon">Icona colorata</string>
  <!-- Select this option to Reduce the ring volume when reading the caller information. -->
  <string name="pref_title_reduceRingerVolume">Riduci il volume della suoneria</string>
  <!-- Select this option to Reduce the ring volume when reading the caller information. -->
  <string name="pref_summary_reduceRingerVolume">Riduci il volume della suoneria quando si leggono le informazioni del chiamante</string>
  <!-- Menu item used to Go to the "Calendar" App -->
  <string name="menu_goToCalendar">Vai al calendario</string>
  <!-- Menu item used to add selected item to the Tab bar -->
  <string name="menu_addToTabBar">Aggiungi alla tab bar</string>
  <!-- Menu item used to remove selected item from the Tab bar -->
  <string name="menu_removeFromTabBar">Rimuovi dalla barra delle schede</string>
  <!-- Menu item used to browse and restore data -->
  <string name="menu_restoreFrom">Ripristina da...</string>
  <!-- Menu item used to open [Backup Manager] -->
  <string name="menu_backupManager">Backup Manager</string>
  <string name="typeface_bold">Grassetto</string>
  <string name="typeface_italic">Italic</string>
  <!-- A contact group option. Open it will automatically delete call logs, contacts belong to this group. -->
  <string name="pref_title_automaticallyDeleteCallLogs">Elimina automaticamente i registri delle chiamate</string>
  <!-- An option to control whether to display the contact's local time -->
  <string name="pref_title_showContactsLocalTime">Visualizza ora locale del contatto</string>
  <!-- An option -->
  <string name="pref_title_replaceMissedCallNotification">Sostituisci \"Notifica chiamate perse\"</string>
  <!-- An option summary -->
  <string name="pref_summary_replaceMissedCallNotification">Evita la visualizzazione della finestra di dialogo \"Scegli una applicazione\"</string>
  <!-- An option in the dialog box to delete call records. Controls whether delete call log notes -->
  <string name="deleteNotes">Elimina note</string>
  <string name="offset">Offset</string>
  <!-- Label above username EditText -->
  <string name="username">Nome utente</string>
  <!-- Button to sign in after entering username and password -->
  <string name="signIn">Accedi</string>
  <string name="message_createLocalContactAccount">Creare un account locale per i contatti.         I contatti salvati in questo account non vengono sincronizzati con la rete.          \n <b>Nota:</b> Disinstallando \"DW Contacts\" anche questi contatti verranno rimossi.           Se attivi la sincronizzazione dei contatti, i contatti verranno sincronizzati con la cartella \"<b>SD Card</b>/DW/contacts/\".</string>
  <!-- "By number" merge call records, etc. -->
  <string name="byNumber">Per numero</string>
  <!-- "By contact" merge call records, etc. -->
  <string name="byContact">Per contatto</string>
  <string name="toast_switchToIntersectionMode">Fare nuovamente clic per passare alla <b>modalità intersezione</b></string>
  <!-- An option to control whether to display the message log in History -->
  <string name="pref_title_showMessageLog">Visualizza il log dei messaggi</string>
  <!-- Menu item used to add data (E-mail address, etc.)  to contacts -->
  <string name="addToContact">Aggiungi ai contatti</string>
  <!-- An option When you open it will maintain a fixed height In call widget. -->
  <string name="fixedHeight">Altezza fissa</string>
  <!-- ****************************** Descriptions *********************************** -->
  <!--
         String describing the Keyboard switch ImageButton
         Used by AccessibilityService to announce the purpose of the button.
         [CHAR LIMIT=NONE]
    -->
  <string name="description_switch_keyboard">Cambia tastiera</string>
  <string name="description_pick_contact">Seleziona contatto</string>
  <!-- String describing the text for photo of a item(group, title, company，etc.). -->
  <string name="description_icon_for">Icona per <xliff:g id="name">%1$s </xliff:g></string>
  <!--An option. When opened, will use list long press menu.-->
  <string name="pref_title_useListMenu">Utilizzare il menù a lista</string>
  <!--An option in Accessibility. When opened, Enter the number need to double click to confirm.-->
  <string name="pref_title_doubleClickEnterNumber">Doppio clic per inserire il numero</string>
  <!--A item of list, control information needs to be displayed in the "In call widget"-->
  <string name="positionInQuickDial">Posizione in Chiamata rapida</string>
  <string name="prompt_requiresPermission">Richiede l\'autorizzazione <b>%1$s</b>.</string>
  <string name="pause">Sospendi</string>
  <string name="description_add_voice_tag">Aggiungi comando vocale</string>
  <string name="pref_color_schemes">Combinazioni di colori</string>
  <string name="navigation_drawer_open">Apri il pannello di navigazione</string>
  <string name="navigation_drawer_close">Chiudi il pannello di navigazione</string>
  <string name="toast_adjustColors">Fare clic dove si desidera modificare i colori</string>
  <string name="auto_close">Chiusura automatica</string>
  <string name="voice_tag">Comando vocale</string>
  <!--An option title in [Contact Details]. When opened, Will merge items,When just labels different.-->
  <string name="pref_title_mergeItemsJustDiffLabel">Unisci elementi</string>
  <!--An option summary in [Contact Details]. When opened, Will merge items,When just labels different.-->
  <string name="pref_summary_mergeItemsJustDiffLabel">Se le etichette sono diverse</string>
  <string name="todoList">Da fare</string>
  <string name="menu_add_todo">Aggiungi alla lista delle cosa da fare</string>
  <!-- Notification message when adding a number to the blacklist, but the call filter did not open. -->
  <string name="needEnableCallFilter">È inoltre necessario attivare il [Filtro Chiamate]</string>
  <!--An option title in [Events]. Define which events need to display. It filter events based on contact groups-->
  <string name="pref_title_eventsToDisplay">Eventi da visualizzare</string>
  <!--An option title in [Color schemes]. Used to define the "List section" Text Size -->
  <string name="section_header">Intestazione di sezione</string>
  <!--An option. When open: The starred contacts are displayed at the top of the list. -->
  <string name="showStarredAtTheTop">Visualizza contatti preferiti in alto</string>
</resources>
