<?xml version="1.0" encoding="utf-8"?>
<!--Generated by crowdin.com-->
<resources xmlns:xliff="urn:oasis:names:tc:xliff:document:1.2">
  <string name="label_ringtone">Suoneria</string>
  <string name="default_ringtone">Predefinita</string>
  <string name="menu_sendEmail">"Invia email"</string>
  <string name="showFilterPhones">"Solo contatti con numeri di tel."</string>
  <string name="showFilterPhonesDescrip">"Visualizza solo i contatti con numeri di telefono"</string>
  <string name="headerContactGroups">"Scegli i contatti da visualizzare"</string>
</resources>
