<?xml version="1.0" encoding="utf-8" standalone="no"?>
<!--Generated by crowdin.com-->
<resources xmlns:xliff="urn:oasis:names:tc:xliff:document:1.2">
  <string name="app_name">DW Contactos y teléfonos</string>
  <string name="app_contacts_name">DW Contactos</string>
  <string name="starred">Marcado</string>
  <string name="coworkers">Compañeros de trabajo</string>
  <string name="family">Familia</string>
  <string name="friends">Amigos</string>
  <string name="myContacts">Mis Contactos</string>
  <string name="no_item_to_display">Nada que mostrar</string>
  <string name="allContact">Todos los contactos</string>
  <string name="no_phone_numbers">Sin números de teléfono</string>
  <string name="menu_edit">Editar</string>
  <string name="menu_edit_group">Editar grupo</string>
  <string name="menu_add_contact_to_group">Agregar contactos a un grupo</string>
  <string name="menu_remove_contact_from_group">Eliminar contactos de un grupo</string>
  <string name="groupNameLabel">Nombre del grupo</string>
  <string name="add">Añadir</string>
  <string name="message_del_system_group">Este es un grupo de contactos del sistema. Si lo quita, podría causar problemas. ¿Está seguro de hacer esto?</string>
  <string name="menu_select_mode">Selección múltiple</string>
  <string name="menu_inverse_select">Inverso</string>
  <!--<string name="noContact">This group has no contact</string> -->
  <string name="pleaseWait">Por favor, espere</string>
  <string name="pref_send_title">Configuración de SMS y correo electrónico</string>
  <string name="pref_title_sms_mms_send">SMS/MMS</string>
  <string name="pref_title_email_send">Email</string>
  <string name="pref_send_to">Enviar a %s</string>
  <string-array name="prefEntries_sms_mms_to">
    <item>Móvil principal o primer móvil</item>
    <item>Todos los números de móvil</item>
    <item>Todos los números</item>
  </string-array>
  <string-array name="prefEntries_email_to">
    <item>E-mail Principal</item>
    <item>Todos los E-mail</item>
  </string-array>
  <!--Recipients location -->
  <string name="pref_title_recipients_location">Ubicación de destinatarios</string>
  <string name="pref_recipients_location_summary">Destinatarios en el %s</string>
  <string-array name="pref_entries_recipients_location">
    <item>Cco</item>
    <item>Cc</item>
    <item>Para</item>
  </string-array>
  <string name="menu_preferences">Ajustes</string>
  <string name="preferences_title">Ajustes</string>
  <string name="error_report_email_explain">Lo siento, ha ocurrido un error y le pedimos disculpas. Este mensaje, incluyendo los mensajes de error y alguna información de sistema me ayudará a mejorar este programa. Usted decide si lo desea enviar.</string>
  <string name="no_contact_selected">Ningún contacto seleccionado</string>
  <!--Firewall -->
  <string name="firewell_add_item">Añadir un grupo de intercepción</string>
  <string name="lable_week">Semana</string>
  <string name="select_group_title">Selecciona un grupo</string>
  <!-- %s = call number-->
  <string name="call_blocking_message">%s de las llamadas bloqueadas</string>
  <string name="stat_notify_incoming_calls_were_intercepted">%d llamadas entrantes fueron interceptadas</string>
  <string name="pref_firewall_title">Ajustes de Cortafuegos</string>
  <string name="pref_title_firewall_enable">Habilitar cortafuegos</string>
  <string name="firewall_service_started">Filtro de llamadas iniciado</string>
  <string name="firewall_state_label">DW Filtro de llamadas</string>
  <!-- The status bar at the top of the screen display a notification message. -->
  <string name="pref_title_firewall_allways_show_stat_notify">Mostrar icono en la barra de estado</string>
  <string name="pref_firewall_allways_show_stat_notify_summary">Mostrar siempre notificaciones de estado</string>
  <string name="menu_week_view">Vista de semana</string>
  <string name="menu_time_view">Vista de tiempo</string>
  <string name="menu_view">Vista</string>
  <string name="from">Desde</string>
  <string name="to">A</string>
  <string-array name="days">
    <item>Domingo</item>
    <item>Lunes</item>
    <item>Martes</item>
    <item>Miércoles</item>
    <item>Jueves</item>
    <item>Viernes</item>
    <item>Sábado</item>
  </string-array>
  <string-array name="days_short">
    <item>Dom</item>
    <item>Lun</item>
    <item>Mar</item>
    <item>Mié</item>
    <item>Jue</item>
    <item>Vie</item>
    <item>Sáb</item>
  </string-array>
  <string name="firewall_label">Cortafuegos</string>
  <string name="everyday">Todos los días</string>
  <string name="never">Nuncar</string>
  <string name="search_hint">Tipee para comenzar la búsqueda</string>
  <string name="pref_title_display_system_group">Mostrar grupos del sistema</string>
  <!-- Gmail the default, including the group. (Starred, Coworkers, Family, Friends, My Contacts) -->
  <string name="pref_display_system_group_summary">Mostrar grupos del sistema</string>
  <string name="pref_title_merge_same_name_group">Mezclar grupos del mismo nombre</string>
  <string name="pref_merge_same_name_group_summary">Mezclar grupos del mismo nombre</string>
  <string name="pref_font_size_title">Tamaño de la fuente (primera línea)</string>
  <string name="pref_font_size_summary">Tamaño:%s</string>
  <string name="removePicture">Borrar imagen</string>
  <string name="changePicture">Cambiar imagen</string>
  <string name="attachToGroup">Icono de grupo</string>
  <string name="use_photo_as_primary">Usar esta foto</string>
  <string name="photoPickerNotFoundText">Foto seleccionada no encontrada</string>
  <string name="SMS">SMS</string>
  <string name="Email">Email</string>
  <string name="_null">""</string>
  <!-- It shows the contact event to the present time. -->
  <string name="days_after">Faltan %d días</string>
  <string name="months_after">Faltan %d meses</string>
  <string name="days_ago">Hace %d días</string>
  <string name="months_ago">Hace %d meses</string>
  <string name="today">hoy</string>
  <string name="show_group_icon">Mostrar imagen de grupo</string>
  <string name="show_group_icon_summary">Mostrar icono de grupo</string>
  <string name="using_system_sms_program">Usar programa SMS del sistema</string>
  <!-- According to user feedback that I might in the new version, use it again. -->
  <string name="using_system_sms_program_summary">Desactivar la función de envío de SMS del programa</string>
  <string name="recipients_limit">Número límite de destinatarios</string>
  <string name="recipients_limit_summary">Cuando el número de destinatarios is mayor que el valor enviado en lotes automáticamente</string>
  <string name="send">Enviar</string>
  <string name="confirm_send_message">¿Continuar enviando mensajes a los contactos pendientes?</string>
  <!-- For example, Tablet PC does not support sending text messages. However, click the SMS icon.
    I will call the SMS program. The system will report an exception. Then display this prompt. -->
  <string name="system_does_not_support">¡El sistema no lo soporta!</string>
  <string name="ungrouped_contacts">Contactos sin grupo</string>
  <string name="multipleContactsDeleteConfirmation">Los contactos seleccionados se eliminarán.</string>
  <!--pref default view -->
  <string name="pref_title_default_view">Vista predeterminada</string>
  <string name="pref_default_view_summary">La vista por defecto en el arranque: %s</string>
  <!--pref show auto groups -->
  <string name="pref_title_display_auto_group">Mostrar grupos automáticos</string>
  <string name="pref_display_auto_group_summary">Incluyendo \"Todos los contactos\", \"Contactos sin grupo\".</string>
  <string name="label_hide">Ocultar</string>
  <string name="hide_group_summary">Este grupo no muestra</string>
  <string name="fast_scroll_alphabet">\u0020ABCDEFGHIJKLMNOPQRSTUVWXYZ</string>
  <string name="fast_scroll_numeric_alphabet">\u00200123456789ABCDEFGHIJKLMNOPQRSTUVWXYZ</string>
  <!-- Because the different SMS programs. When I provide a phone number to the SMS program,
    some require the use of a semicolon to separate the numbers, and some require a comma. Therefore, this option provides. -->
  <string name="sms_compatibility_mode_title">Modo de envío SMS/MMS</string>
  <string name="sms_compatibility_mode_summary">Seleccione él, y si su "programa de SMS" la recepción normal de los números de teléfono. Por ejemplo: XT800</string>
  <string name="menu_sort_hide">Ordenar y Ocultar</string>
  <string name="menu_sort_alphabetically">Alfabéticamente</string>
  <string name="pref_in_call_widget_title">En llamada widget</string>
  <string name="pref_help_title">Ayuda</string>
  <string name="pref_online_help_title">Ayuda en línea</string>
  <string name="menu_cancel_send_to_voicemail">Desbloquear llamadas de los contactos mostrados</string>
  <string name="pref_feedback_title">Comentarios por correo electrónico</string>
  <string name="pref_about_title">Acerca de</string>
  <string name="version">Versión</string>
  <string name="pref_name_display_order_summary">Cambiar el orden de visualización del nombre. Esto puede afectar a la velocidad de visualización.</string>
  <string name="pref_contacts_account_title">Datos de la cuenta</string>
  <string name="pref_contacts_account_summary">Mostrar contactos desde: %s</string>
  <string name="all_account">Todas las cuentas</string>
  <string name="pref_show_account_name_title">Mostrar nombre de la cuenta</string>
  <string name="pref_show_account_name_summary">Mostrar nombres de cuenta por debajo de los nombres de grupo.</string>
  <string name="select_account">Seleccione Cuenta</string>
  <string name="pref_register_code_title">Introduzca el código de registro</string>
  <string name="pref_register_code_summary">Debe introducir el código de registro (no requiere conexión a Internet), que le llegó en el email de confirmación de pago</string>
  <!-- A setting item, click it to open, buy the software license key dialog box. -->
  <string name="pref_get_register_code_title">Comprar versión registrada</string>
  <string name="pref_get_register_code_summary">Por favor registre nuestra aplicación para utilizar todas las funciones. Necesitamos su donación para apoyar el desarrollo sostenible de este software.</string>
  <string name="buying_tips">Aquí tiene 2 posibilidades (ambas tienen la misma funcionalidad): usted puede registrar su número de serie del dispositivo (Paypal o tarjeta de crédito) o a su cuenta de google (Google Play - instalación versión Pro)</string>
  <string-array name="purchase_channels">
    <item>Google Play</item>
    <item>PayPal o tarjeta de crédito</item>
    <item>Recomendar a amigos</item>
  </string-array>
  <string-array name="purchase_channels_summary">
    <item>Registre este software en la cuenta de google (comprar e instalar la versión Pro via Google Play). Después de instalar la versión Pro, desinstale la versión gratuita.</item>
    <item>Registrar este software al dispositivo con número de serie: %s.
Tras el proceso de pago, usted recibirá un email de confirmación con su código de registro.
Después compruebe el registro haciendo clic en [verificación de registro en línea].</item>
    <item>Obtener un código de registro gratuito</item>
  </string-array>
  <string name="menu_delete_all">Eliminar todo</string>
  <!-- Menu title the user can use for trying to resend a message. -->
  <string name="menu_retry_sending">Reintentar el envío</string>
  <string name="message">Mensaje</string>
  <string name="failed">Error</string>
  <string name="queued">En cola</string>
  <string name="outbox">Bandeja de salida</string>
  <string name="sent">Enviados</string>
  <string name="auto_replace_to_name">Reemplazar automáticamente "???" con el nombre completo del contacto\; "??F" con el apellido; "??G" con el nombre; "??N"con el apodo.</string>
  <string name="example_message">Hola, ???</string>
  <string name="sms_preview">Vista previa:</string>
  <string name="message_send_state_successfully">Enviado correctamente.</string>
  <string name="message_send_state_failed">Error de envío.</string>
  <string name="message_send_unknown_error">Error desconocido. %d mensaje no fue enviado.</string>
  <string name="message_send_no_signal">No hay señal, o el modo avión está activo. %d mensaje no se ha enviado.</string>
  <string name="message_send_successfully">Todos los mensajes fueron enviados correctamente.</string>
  <string name="need_the_paid_version">Sólo disponible en la versión de pago.</string>
  <!-- As a "contact group"on the phone the main screen to create a shortcut. -->
  <string name="create_shortcut">Crear acceso directo a inicio</string>
  <string name="menu_move_to_group">Enviado correctamente.</string>
  <string name="pref_tabs_title">Activar y ordenar</string>
  <string name="pref_tabs_summary">Puede activar y ordenar, qué pestañas deben ser posibles utilizar</string>
  <!--pref theme -->
  <string name="pref_theme_title">Tema base</string>
  <!-- Change the software interface look. -->
  <string name="pref_theme_summary">Establecer la base del tema</string>
  <string name="search">Buscar</string>
  <string name="pref_services_title">Configuración de servicios en segundo plano</string>
  <!-- Settings screen, section heading for SMS-specific settings -->
  <string name="pref_sms_settings_title">"Configuración de mensajes de texto (SMS)"</string>
  <!-- Settings screen, section heading for EMAIL-specific settings -->
  <string name="pref_email_settings_title">"Configuración de correo electrónico"</string>
  <!-- Settings item for boolean option to enable/disable SMS delivery reports -->
  <string name="pref_title_sms_delivery_reports">Informes de entrega</string>
  <!-- Settings item description for boolean SMS delivery report setting -->
  <string name="pref_summary_sms_delivery_reports">Solicitar un informe de entrega para cada mensaje.</string>
  <string name="pref_contact_sort_order_title">Ordenar la lista por</string>
  <string name="pref_contact_sort_order_summary">Cambiar el orden de clasificación de la lista de contactos. Esto puede afectar a la velocidad de visualización.</string>
  <!-- CHANGED ORDER -->
  <string name="contact_sort_order_FamilynameAlternate">Apellido - alternativo</string>
  <string name="contact_sort_order_RecentContacted">Contactados recientemente</string>
  <string name="contact_sort_order_CreationTime">Hora de creación</string>
  <string name="contact_sort_order_DefaultAlternate">Predeterminado - alternativo</string>
  <!-- An automatic group, it shows all the contacts included telephone numbers. -->
  <string name="has_phone_number_contacts">Contactos con número de teléfono</string>
  <string name="exit_prompt">Pulse volver de nuevo para salir.</string>
  <string name="pref_exit_prompt_title">Preguntar antes de salir</string>
  <string name="pref_exit_prompt_summary">Mostrar una advertencia adicional antes de salir</string>
  <string name="pref_language_title">Idioma</string>
  <string name="load_license_success">La carga de la licencia desde la red se ha realizado correctamente.</string>
  <string name="load_license_failed">¡La carga de la licencia desde la red ha fallado!</string>
  <string name="license_check_success">Licencia comprobada con éxito.</string>
  <string name="license_check_failed">¡Error en la verificación de licencia!</string>
  <string name="load_license_unregistered">Todavía no se ha registrado.</string>
  <string name="sending">Enviando ...</string>
  <string name="error">Error</string>
  <string name="clear_data_or_uninstall_app">Borrar datos o desinstalar la App</string>
  <string name="database_update_error_message">"¡Lo siento!
Error en la actualización de la estructura de base de datos.
Este error se produce por una excepción de permisos de archivo de la base de datos. Estimaciones del problema, porque el software de backup.
Aquí hay tres formas de corregir el problema. Intente uno por uno hasta que se corrija el problema.
1. Reinicie el teléfono;
2. En la pantalla de ajustes de administración de aplicaciones, borre los datos de aplicación;
3. Desinstale y reinstale el software".</string>
  <!-- It shows the contact event to the present time. -->
  <string name="one_day_after">Mañana</string>
  <string name="one_month_after">En 1 mes</string>
  <string name="one_day_ago">Ayer</string>
  <string name="one_month_ago">Último mes</string>
  <string name="menu_edit_event">Editar el evento de contacto</string>
  <string name="menu_add_to_calendar">Agregar evento al calendario</string>
  <string name="menu_delete_event">Eliminar eventos del contacto</string>
  <string name="menu_duplicate_contact">Duplicar contacto</string>
  <string name="mes_sendSmsSystemLimit">Debido a límites del sistema, %1$s hora sólo se pueden enviar %2$s SMS. Reintentar automáticamente después de %1$s horas.</string>
  <string name="sendInBatches">Procesos por lotes</string>
  <string name="sendInSingle">Individual</string>
  <string name="sendInBatchesMessage">Número de destinatarios mayor que el "límite de número de destinatarios" en la configuración. Escribir el mensaje en el cuadro de texto comienza el envío o elija "Individual" inicia un único envío.</string>
  <string name="pref_title_eventNotification">Configuración de notificación de eventos</string>
  <string name="pref_title_notificationTime">Hora de notificación</string>
  <string name="pref_title_notificationRingtone">Tono para notificación</string>
  <string name="pref_summary_notificationTime">Ajustar hora cuando la notificación debería ocurrir</string>
  <string name="pref_title_notificationBeforeHappen">Notificación antes de que ocurra</string>
  <string name="pref_summary_notificationBeforeHappen">%s días antes de que la notificación ocurra</string>
  <string name="pref_title_notification">Notificación</string>
  <string name="pref_title_reminder">Recordatorio</string>
  <string name="pref_summary_reminder">%s antes</string>
  <string name="pref_title_ringtone">Tono de llamada</string>
  <string name="pref_title_alarm">Alarma</string>
  <string name="pref_title_mergeSubgroup">Combinar subgrupo</string>
  <string name="pref_summary_mergeSubgroup">Mostrar subgrupos de contactos en el grupo principal.</string>
  <string-array name="pref_entries_notificationTime">
    <item>1 minuto</item>
    <item>5 minutos</item>
    <item>10 minutos</item>
    <item>15 minutos</item>
    <item>20 minutos</item>
    <item>25 minutos</item>
    <item>30 minutos</item>
    <item>45 minutos</item>
    <item>1 hora</item>
    <item>2 horas</item>
    <item>3 horas</item>
    <item>12 horas</item>
    <item>24 horas</item>
    <item>2 días</item>
    <item>1 semana</item>
  </string-array>
  <!-- Not in phone book contacts. -->
  <string name="unknown_contacts">Contactos desconocidos</string>
  <string name="not_in_phone_book_contacts">No está en contactos de la libreta de teléfonos.</string>
  <string name="eventNotification">Notificación de evento</string>
  <string name="eventNotificationMessage">"%s cumpleaños/evento próximamente."</string>
  <!-- When using the "Firstname first" show name, "Firstname" and "Lastname" split between the symbols. Most language is a space. -->
  <string name="givenNameFirstSeparator">" "</string>
  <!-- When using the "Lastname first" show name, "Firstname" and "Lastname" split between the symbols. -->
  <string name="familyNameFirstSeparator">", "</string>
  <string name="vCard">vCard</string>
  <string name="text">Texto</string>
  <string name="pref_title_likeTheSoftware">Apoye nuestro software</string>
  <string name="pref_title_rating">Calificar</string>
  <string name="pref_summary_rating">Dar una buena calificación en el Market.</string>
  <string name="pref_title_share">Compartir</string>
  <string name="pref_summary_share">Recomienda este software a tus amigos.</string>
  <string name="contact_group">Grupos</string>
  <!-- Set the time to send text messages in the future. -->
  <string name="regularlySent">Enviado periódicamente</string>
  <string name="time">Hora</string>
  <string name="pref_title_EmailProgram">Programa de correo electrónico</string>
  <string name="pref_summary_on_EmailProgram">Utilice el programa de correo electrónico predeterminado.</string>
  <string name="pref_summary_off_EmailProgram">Se le pida que elija al enviar mensajes.</string>
  <string name="toolbox">Herramientas</string>
  <string name="pref_title_SMSSendInterval">Intervalo de envío</string>
  <string name="pref_summary_SMSSendInterval">Enviar un mensaje de texto cada intervalo de tiempo (en segundos).</string>
  <string name="app_dialer_name">Marcador de DW</string>
  <string name="menu_sort">Orden de clasificación</string>
  <string name="license_check_failed_message">¡Error de verificación de la licencia de software! Asegúrese de que ahora puede acceder a Google Play.</string>
  <string name="menu_unselectAll">Deseleccionar todo</string>
  <string name="pref_title_themeCustomize">Configuración del tema</string>
  <string name="pref_title_backgroundColor">Color de fondo</string>
  <string name="pref_title_backgroundColorForTitles">Color de fondo del título</string>
  <string name="pref_title_textColorForTitles">Color del texto del título</string>
  <string name="pref_title_textColorMarked">Color para el texto marcado</string>
  <string name="pref_title_hideTheTitle">Ocultar la barra de título</string>
  <string name="pref_title_hideTheStatusbar">Ocultar la barra de Estado</string>
  <string name="pref_title_hideTabLabel">Ocultar la etiqueta de la barra de pestañas</string>
  <string name="pref_title_autoHideTab">Ocultar barra de pestañas</string>
  <string name="pref_summary_autoHideTab">Automático, se esconden las pestaña después de cambiar a otra solapa</string>
  <string name="reset">Restablecer</string>
  <string name="pref_title_automaticRotation">Rotación automática</string>
  <string name="pref_summary_automaticRotation">Rotación automática de pantalla puede ser activada o desactivada</string>
  <string name="menu_editNotes">Editar notas</string>
  <string name="addSelectedContactsToFavorites">Añadir contactos a Favoritos</string>
  <string name="removeSelectedContactsFormFavorites">Eliminar contactos de favoritos</string>
  <string name="deleteSelectedContacts">Eliminar contactos</string>
  <string name="duplicateSelectedContacts">Contactos duplicados</string>
  <string name="setGroupForSelectedContacts">Establecer grupo para contactos</string>
  <string name="forSelectedContacts">Para los contactos seleccionados</string>
  <string name="searchAnything">Buscar cualquier cosa</string>
  <string name="quickDialManager">Administrador de marcado rápido</string>
  <string name="menu_shareNumber">Compartir número</string>
  <string name="menu_setGroupForContact">Establecer grupo para el contacto</string>
  <string name="pref_title_tabSettings">Configuración de pestañas</string>
  <string name="sendSMStoShownContacts">Enviar SMS/MMS a los contactos mostrados</string>
  <string name="sendEmailtoShownContacts">Enviar correo electrónico a los contactos mostrados</string>
  <string name="setRingtoneForShownContacts">Establecer tono de llamada para los contactos mostrados</string>
  <string name="pref_title_enableEventNotification">Activar la notificación de eventos</string>
  <string name="forSelectedGroups">Para grupos seleccionados</string>
  <string name="menu_send_group_message">Enviar SMS/MMS a grupo</string>
  <string name="menu_delete_group">Eliminar grupo</string>
  <string name="menu_deleteGroups">Eliminar grupos</string>
  <!-- 	<string name="forSelectedOrgs">For selected companies</string> -->
  <!-- 	<string name="menu_editOrg">Edit company</string> -->
  <!-- 	<string name="forSelectedTitles">For selected titles</string> -->
  <!-- 	<string name="menu_editTitle">Edit title</string> -->
  <string name="menu_editContactFromEvent">Editar contacto del evento</string>
  <string name="menu_focus2Today">Enfocar en hoy</string>
  <string name="generalDeleteConfirmation">¿Está seguro que desea eliminar?</string>
  <string name="addContactTo">Agregar contacto a %s</string>
  <string name="removeContactFrom">Eliminar contacto de %s</string>
  <string name="pref_title_showTabAtTop">Mostrar barra de pestañas en la parte superior</string>
  <!-- Within the group "contact list" label -->
  <string name="labelWithinGroupContactsList">Contactos</string>
  <string name="multipleChoicePrompt">  La selección múltiple está limitada en la versión libre a %d elementos por acción. Si necesita enviar un mensaje al grupo, utilice el menú lista de grupos.</string>
  <string name="pref_title_dialerPadTone">Tono al pulsar el teclado marcador</string>
  <string name="recentChanges">Cambios recientes</string>
  <string name="more">Más</string>
  <string name="selectAll">Seleccionar todo</string>
  <string name="pref_title_alwaysToDefTab">Comenzar siempre con la pestaña por defecto</string>
  <string name="pref_summary_alwaysToDefTab">Botón de marcado telefónico para iniciar la aplicación también abre la ficha predeterminada.</string>
  <string name="pref_title_showMostContactedBelowFavorites">Mostrar los más contactados bajo los favoritos</string>
  <string name="pref_title_showEventsFromToday">Mostrar eventos de hoy</string>
  <string name="pref_title_YPositionOfInfoWindow">Posición Y de la ventana de información</string>
  <string name="pref_summary_YPositionOfInfoWindow">La posición de arriba/abajo de la ventana de información. También se puede mover la posición directamente en la llamada entrante.</string>
  <string name="pref_title_backupRestore">Backup y Restauración</string>
  <string name="pref_title_backupAllSettings">Copia de seguridad de todos los ajustes</string>
  <string name="pref_title_restoreAllSettings">Restauración de todos los ajustes</string>
  <string name="pref_title_restoreDefaultSettings">Restaurar la configuración por defecto</string>
  <string name="pref_title_showMyContactsInUngrouped">Ignorar el grupo de sistema \"Mis Contactos\"</string>
  <string name="pref_title_startDialerWithoutDialerPad">Iniciar marcador sin pestaña de marcador</string>
  <string name="pref_summary_showMyContactsInUngrouped">Mostrar contactos (que están el el grupo del sistema \ "Mis contactos \") en \ "contactos no agrupados \".</string>
  <string name="toast_allSettingsToDefault">Todos los ajustes han sido restaurados a los valores predeterminados.</string>
  <string name="toast_settingsBackedSuccessfully">Se ha hecho copia de seguridad de los ajustes a %s</string>
  <string name="toast_settingsBackedFailed">Error en la copia de seguridad. Asegúrese de que ha definido una ruta válida de copia de seguridad.</string>
  <string name="toast_settingsRestorSuccessfully">Configuración restaurada con éxito de %s.</string>
  <string name="toast_settingsRestorFailed">No se pudo restaurar. Asegúrese de que ha definido una ruta correcta, donde la configuración está guardada.</string>
  <string name="menu_newOrg">Nueva organización</string>
  <string name="menu_newTitle">Nuevo título</string>
  <string name="enterAName">Introduzca un nombre</string>
  <string name="pref_title_t9Search">Configuración de búsqueda T9</string>
  <string name="pref_summary_t9Search">Estas son opciones avanzadas, relacionadas con la pestaña "teléfono" y cómo la búsqueda T9 trabajará allí</string>
  <string name="pref_title_matchingAnywhere">Coinciden las palabras en cualquier lugar</string>
  <string name="pref_summary_matchingAnywhere">\"WTT\" coincide con \"dW conTacTs\"</string>
  <string name="pref_title_matchingPart">Coincidir con la parte exacta de la frase de la palabra</string>
  <string name="pref_summary_matchingPart">\"NTA\" coincide con \"dw coNTActs\"</string>
  <string name="pref_title_matchingFirstLetter">Coincidir con la primera letra</string>
  <string name="pref_summary_matchingFirstLetter">\"DCO\" coincide con \"Dw COntacts\"</string>
  <string name="pref_title_sortByDegreeOfMatch">Ordenados por grado de coincidencia</string>
  <string name="menu_copyToClipboard">Copiar al portapapeles</string>
  <string name="menu_createEvent">Crear cita</string>
  <string name="useLimitFeaturePrompt">Usted puede utilizar esta función sólo %d veces en versión gratuita.</string>
  <string name="pref_title_appointmentSettings">Configuración de citas</string>
  <string name="pref_title_defaultAppointmentText">Texto de la cita predeterminado</string>
  <string name="pref_summary_defaultAppointmentText">Agregar un texto, que se insertará antes de agregar nombre + número</string>
  <string name="pref_default_defaultAppointmentText">"Llamar con "</string>
  <string name="titlesList">Títulos</string>
  <string name="eventsList">Eventos</string>
  <string name="pref_title_showInContactList">Elementos a mostrar</string>
  <string-array name="pref_entries_showInContactList">
    <item>Números</item>
    <item>Organización</item>
    <item>Título</item>
    <item>Grupos</item>
    <item>Icono de cuenta</item>
    <item>Imágenes de contacto</item>
    <item>Botón Email</item>
    <item>Botón SMS</item>
    <item>Botón Dial</item>
    <item>Notas</item>
  </string-array>
  <string name="pref_title_showNotesLines">Limitar las notas a x líneas</string>
  <string name="pref_title_colorForGroups">Color de fondo - grupos</string>
  <string name="pref_title_colorForOrganization">Color de fondo - organizaciones</string>
  <string name="pref_title_colorForTitle">Color de fondo - títulos</string>
  <string name="pref_title_fontSize2">Tamaño fuente (2ª línea)</string>
  <string name="pref_title_fontSize3">Tamaño fuente (3ª lín.)</string>
  <string name="pref_title_useNumberSearch">Utilizar números en la búsqueda</string>
  <string name="pref_summary_useNumberSearch">Si está activado, también se buscará por números</string>
  <string name="noEmailAddress">No hay dirección de correo electrónico</string>
  <string name="pref_title_showCallLogOnPhone">Ver registro de llamadas de teléfono</string>
  <string name="listTotalCallHistory">Viendo %1$d llamadas / duración %2$s</string>
  <string name="pref_title_showContactsOnPhoneStart">Mostrar contactos en Inicio</string>
  <string name="pref_summary_showContactsOnPhoneStart">Si está activada, todos los contactos se muestran en la lista</string>
  <string name="listTotalCallLog">Viendo %d números de teléfono distintos</string>
  <string name="upcoming">Entrantes</string>
  <string name="pref_title_phoneSettings">Ajustes del teléfono</string>
  <string name="pref_title_mergeCallLog">Combinar registro de llamadas</string>
  <string name="pref_title_showCounterOnMergedCallLog">Mostrar contador en registro fusionado de llamadas</string>
  <string name="pref_summary_showCounterOnMergedCallLog">Activado, mostrará a derecha del nombre del contacto el número de llamadas combinadas</string>
  <string name="pref_title_groupCallLogByDate">Mostrar llamada de grupo de registro por fecha</string>
  <string name="pref_summary_groupCallLogByDate">Si se activa, se agruparán los registros de llamadas por fecha</string>
  <string name="pref_title_limitCallLogOnXDays">Limitar registro de llamadas a %s días</string>
  <string name="pref_summary_limitCallLogOnXDays">Limitar registro de llamadas a %s días (0 = ver todos)</string>
  <string name="pref_message_0toShowAllDays">0 para mostrar todos los días</string>
  <string name="pref_message_0toShowAllItems">0 para mostrar todos los elementos</string>
  <string name="pref_title_useOrgSearch">Uso de organización en la búsqueda</string>
  <string name="pref_title_matchingSkipWord">Permite omitir palabra</string>
  <string name="pref_summary_matchingSkipWord">\"DPH\" coincide con \"Dw contacts &amp; PHone\"</string>
  <string name="pref_title_matchingSkipSpace">Permite omitir espacio</string>
  <string name="pref_summary_matchingSkipSpace">\"TSPH\" coincide con \"dw contacTS &amp; PHone\"</string>
  <string name="pref_title_globalSettings">Configuración global</string>
  <string name="pref_title_registrationStates">Estado: %s</string>
  <string name="pref_summary_registrationStates">Esta versión está %1$s para el número de serie del dispositivo: %2$s</string>
  <string name="registered">Registrado</string>
  <string name="unregistered">No registrado</string>
  <string name="pref_title_onlineRegistrationCheck">Verificación del registro en línea</string>
  <string name="pref_summary_onlineRegistrationCheck">Comprobará si el dispositivo no está registrado (necesita conexión a internet).</string>
  <string name="pref_title_registration">Registro</string>
  <string name="pref_summary_registration">Desbloquear funciones extendidas, eliminar anuncios</string>
  <string name="pref_summary_showContactsWithPhoneNumber">Si deshabilita, utilizará el sistema [Filtro de contactos a mostrar], que está definido en [ajustes globales]</string>
  <string name="pref_title_historyViewSettings">Ajustes vista Histórico</string>
  <string-array name="pref_entries_dialerPadTone">
    <item>Tono DTMF</item>
    <item>Tono clicar</item>
    <item>APAGADO</item>
  </string-array>
  <string name="pref_title_limitNumberTitleToXChar">Longitud título núm. teléfono</string>
  <string name="pref_summary_limitNumberTitleToXChar">Valor 0 para mostrar todo el título del número de teléfono</string>
  <string name="pref_title_supportForum">Foro de soporte</string>
  <string name="pref_title_textColor">Color del texto</string>
  <string name="historyList">Historial</string>
  <string name="startProVerPrompt">La versión Pro ha sido detectada. ¿Quiere iniciarla ahora?</string>
  <string name="pref_title_selectedBackgroundColor">Color de fondo de tecla pulsada</string>
  <string name="pref_title_dialpadThemeSettings">Ajustes del marcador telefónico</string>
  <string name="pref_title_globalThemeSettings">Ajustes globales de tema</string>
  <string name="pref_title_showAlwaysAddIcon">Mostrar siempre el icono *agregar*</string>
  <string name="pref_summary_showAlwaysAddIcon">Activado, se mostrará en la primera línea de la lista, el icono "+", para poder agregar un contacto</string>
  <string name="pref_title_eventGreetingText">Texto de saludo del evento</string>
  <string name="pref_default_eventGreetingText">Hola???, te deseo todo lo mejor para tu???A\'th??E</string>
  <string name="pref_title_eventGreetingSubject">Asunto del evento felicitación</string>
  <string name="pref_summary_eventGreetingSubject">Sólo se utiliza si se envía por correo electrónico</string>
  <string name="pref_message_eventGreetingText">Puede utilizar también variables "???" con el nombre completo del contacto, con el apellido "??F", con el nombre "??G", con el apodo "??N", para la edad "??A" y "??E" para el tipo de evento</string>
  <string name="pref_default_eventGreetingSubject">Felicitaciones por tu ??E ??A</string>
  <string name="menu_sendGreetingSMSToContact">Enviar evento SMS/MMS a contacto</string>
  <string name="menu_sendGreetingEmailToContact">Enviar correo al contacto</string>
  <string name="pref_title_storeSendSMSToSystemDB">Guardar SMS/MMS enviados en la base de datos</string>
  <string name="pref_summary_storeSendSMSToSystemDB">Activado, SMS/MMS enviados se almacenan en la base de datos del sistema.</string>
  <!-- 	<string name="pref_title_backgroundImage">Background image</string> -->
  <!-- 	<string name="pref_summary_backgroundImageEn">If you use background image, the background color can be used simultaneously as color filter</string> -->
  <string name="pref_title_textColorSecond">Color de texto 2º + 3ª línea</string>
  <string name="pref_title_textColorLabel">Color del texto de la 3er línea etiquetada</string>
  <string name="pref_summary_textColorLabel">Esto es para el color del texto en grupos etiquetados, las organizaciones y los títulos</string>
  <string name="pref_title_backgroundListSectionColor">Color de fondo sección lista</string>
  <string name="pref_title_textListSectionColor">Color de texto de lista</string>
  <string name="pref_title_showAlphabetListSection">Mostrar la sección de lista de alfabeto</string>
  <string name="pref_title_fontSizeforDigits">Tamaño de fuente para dígitos</string>
  <string name="pref_title_fontSizeforLetters">Tamaño de fuente para letras</string>
  <string name="pref_title_dialpadIconsArrangement">Disposición de iconos en el teclado de marcación</string>
  <string-array name="pref_entries_dialpadIconsArrangement">
    <item>Marcar / Entrada / Eliminar</item>
    <item>Eliminar / Entrada / Marcar</item>
    <item>Entrada / Eliminar / Marcar</item>
  </string-array>
  <!-- 	quick jump to alphabetic listcreate new contact -->
  <string name="menu_quickJump">Salto rápido</string>
  <string-array name="pref_entries_hideTab">
    <item>Encendido</item>
    <item>Apagado</item>
    <item>Automático</item>
  </string-array>
  <string name="pref_title_backgroundColorQuickJump">Salto rápido color de fondo</string>
  <string name="pref_title_textColorQuickJump">Salto rápido color de texto</string>
  <string name="pref_title_disableSlideSwitchingTabs">Deshabilitar pestañas deslizantes</string>
  <string name="pref_title_showNumberKeyboardOnDialpad">Mostrar teclado numérico en discador</string>
  <string name="pref_summary_showNumberKeyboardOnDialpad">Si está desactivado, sólo se mostrará el cuadro de entrada, y los iconos de marcar y borrar (útil si usted desea marcar siempre a través del teclado físico")</string>
  <string name="pref_title_dialpadToFullWidth">Teclado al ancho de pantalla completa</string>
  <string name="pref_summary_dialpadToFullWidth">Si está activado, se mostrará el marcador en modo horizontal al ancho de pantalla completa (sino, será en el lado derecho)</string>
  <string name="pref_title_smsSignature">Firma SMS/MMS</string>
  <string name="pref_summary_smsSignature">Siempre se agregará la firma al final de SMS/MMS</string>
  <!-- 2.0.7 -->
  <string name="pref_title_languageForT9">Idioma para búsqueda T9</string>
  <string name="pref_summary_languageForT9">Puede agregar idiomas adicionales, que deberían utilizarse para búsqueda T9</string>
  <string name="pref_title_quickJumpAlignment">Alineación Salto Rápido</string>
  <string-array name="pref_entries_quickJumpAlignment">
    <item>Principio</item>
    <item>Centro</item>
    <item>Final</item>
  </string-array>
  <string name="menu_gridView">Vista de cuadrícula</string>
  <string name="menu_listView">Vista de lista</string>
  <string name="pref_title_gridViewSettings">Ajustes de vista de cuadrícula</string>
  <string name="pref_title_gridViewSize">Tamaño de la cuadrícula</string>
  <string name="pref_title_lockGridSize">Bloquear tamaño de cuadrícula</string>
  <string name="pref_summary_lockGridSize">Si está bloqueado, el salto rápido puede utilizarse nuevamente deslizando dos dedos</string>
  <string name="pref_title_phoneDialpadHeight">Altura del teclado telefónico</string>
  <string name="pref_title_moreSettings">Ajustes de la vista de detalle</string>
  <string name="pref_summary_moreSettings">Ajustes más detallados para cada pestaña</string>
  <string name="pref_title_displayNameBelowThePicture">Mostrar el nombre debajo de la imagen</string>
  <string name="menu_exportContactPicture">Exportar imagen de contacto</string>
  <string name="toast_saveFailed">Error al guardar!</string>
  <string name="toast_saveSuccessfully">Guardado correctamente: %s</string>
  <string name="callConfirm">Confirmación de marcado</string>
  <string name="pref_summary_callConfirm">Si está activado, se le mostrará una ventana emergente con una solicitud de confirmación antes de marcar</string>
  <string name="pref_title_automaticConfirmationDelay">Espera para confirmación automática</string>
  <!-- It is an option to set a time for the control [Dialing confirmation] dialog.
     At the end of the counter automatically close [Dialing confirmation] dialog. -->
  <string name="pref_summary_automaticConfirmationDelay">Puede tocar en cualquier lugar de la pantalla para detener el temporizador</string>
  <string name="pref_title_picturePositionOnRight">Posición de la imagen a la derecha</string>
  <string name="updateCheck">Comprobar actualización</string>
  <string name="noUpdates">Actualización no disponible</string>
  <string name="download">Descargar</string>
  <string name="pref_title_globalIconSize">Tamaño global de icono</string>
  <string name="pref_summary_globalIconSize">Este tamaño define el ancho de todos los iconos: marcar en dialpad, tecla atrás en dialpad, marcar, sms, correo electrónico, imágenes</string>
  <string name="pref_title_backKeyHideDailpad">Tecla atrás oculta dialpad</string>
  <string name="pref_summary_backKeyHideDailpad">Deshabilitado, primer clic en botón "atrás" cerrará la aplicación. De lo contrario ocultará dialpad antes de salir</string>
  <string name="pref_title_hapticFeedbackVibration">Vibración Haptic feedback</string>
  <string name="pref_title_hapticFeedbackStrength">Intensidad de retroalimentación háptica</string>
  <string name="pref_title_limitCallLogOnXitems">Limitar registro de llamadas a %s entradas</string>
  <string name="pref_summary_limitCallLogOnXitems">Limitar el registro de llamadas a %s  (0 = sin límite)</string>
  <string name="pref_title_dividerLineColor">Color de línea divisoria</string>
  <string name="menu_quickDial">Marcado rápido</string>
  <string name="buying_tips_in_free">Puede utilizar "Google Play" para comprar la versión Pro. Si usted vive en el área no puede utilizar "Google Play" para comprar aplicaciones. Puede descargar la versión REG y luego registrarlo. Ambas versiones tienen la misma funcionalidad.</string>
  <string name="buying_channel_registration">Descargar la versión registrada</string>
  <string name="buying_channel_registration_summary">"Luego de seguir el vínculo, se descargará la aplicación y podrá hacer click en el archivo para instalarlo. Luego inicie la aplicación y siga las instrucciones de registro" </string>
  <string name="pref_title_buyAdvancedVersion">Comprar versión avanzada</string>
  <string name="freeVersionFound">Versión gratuita en su sistema.</string>
  <string name="uninstallFreeVersionPrompt">Recomendamos que desinstale la versión gratuita y use la versión registrada. Antes de desinstalar, puede que necesite hacer copias de seguridad de sus datos en la versión gratuita. Luego se recuperan en la versión Pro.   ¿Debo ahora desinstalar la versión gratuita?</string>
  <string name="pref_title_copySerialNum">Copiar número de serie del dispositivo al Portapapeles</string>
  <string name="askToCheckRegistrationCode">"Clave de Registation no válida o no registrada. ¿Desea comprobar el código de registro ahora?"</string>
  <string name="deleteContactConfirmation">Contacto \"%s\" se eliminará.</string>
  <string name="enable">Activar</string>
  <string name="allIncomingCalls">Todas las llamadas entrantes</string>
  <string name="anonymousIncomingCalls">Llamadas entrantes anónimas</string>
  <string name="anonymousIncomingCallsSummary">Si llamadas no envían número de teléfono</string>
  <string name="automaticGroups">Grupos automáticos</string>
  <string name="pref_title_dialPrefix">Prefijo de marcado</string>
  <string name="pref_summary_dialPrefix">Si se indica prefijo, habrá opciones extra para llamarlos a través del menú de pulsación larga</string>
  <string name="pref_title_dialSuffix">Sufijo de marcado</string>
  <string name="pref_summary_dialSuffix">Si se indica sufijo, habrá opciones extra para llamarlos a través del menú de pulsación larga</string>
  <string name="pref_title_quickDialLimit">Límite de marcado rápido</string>
  <string name="pref_title_languageForT9Keyboard">Idioma del teclado T9</string>
  <string name="pref_summary_languageForT9Keyboard">Seleccione el idioma que desea que aparezcan en el teclado T9.</string>
  <string name="callFilterAction">Acción</string>
  <string-array name="callFilterActions">
    <item>Interceptar</item>
    <item>Permite</item>
    <item>Silencio</item>
  </string-array>
  <string name="callFilterType">Tipo de filtro</string>
  <string-array name="callFilterTypes">
    <item>Filtro de grupo</item>
    <item>Filtro de número</item>
    <item>Números de teléfono contactados recientemente</item>
  </string-array>
  <string-array name="callFilterTypesHint">
    <item>Seleccionar grupos de filtro</item>
    <item>Indicar número a filtrar</item>
    <item>Seleccione la duración válida</item>
  </string-array>
  <string name="ruleEditor">Editor de reglas</string>
  <string name="label">Etiqueta</string>
  <string name="numberFilterExplain">* = cualquier cadena, ? = cualquier carácter</string>
  <string name="effectiveTimeOfTheRule">"Actividad de %1$s a %2$s"</string>
  <string name="menu_viewRelatedContacts">Ver contactos relacionados</string>
  <string name="title_selectNumbers">Por favor seleccione números</string>
  <string name="title_selectEmailAddresses">Por favor seleccione direcciones de correo electrónico</string>
  <string name="pref_title_lockView">Bloquear items,  ver cambios</string>
  <string name="pref_summary_lockView">Bloquea vista de items para cambiarlos desplazando 2 dedos</string>
  <string name="selectedNumberOfContacts">Seleccionados %d contactos</string>
  <string name="selectedNumberOfEmailAddresses">Seleccionadas %d direcciones, haga clic para copiar al portapapeles.</string>
  <string name="selectedNumberOfPhoneNumbers">Seleccionados %d números de teléfono</string>
  <!-- 2.1.1 -->
  <string name="pref_title_nameFieldToShow">Seleccione el campo nombre a mostrar</string>
  <string name="pref_summary_nameFieldToShow">Eficaz sólo cuando \"Mostrar contacto como\" no está predeterminado.</string>
  <string-array name="pref_entries_nameField">
    <item>Nombre</item>
    <item>Apellido</item>
    <item>Segundo nombre</item>
    <item>Prefijo honorífico</item>
    <item>Sufijo honorífico</item>
    <item>Nombre fonético</item>
    <item>Apellido fonético</item>
    <item>Segundo nombre fonético</item>
  </string-array>
  <string name="pref_title_showMatchFirstLetterResultsFirst">Primero mostrar resultados de \"Coincidencia de primer letra\"</string>
  <string name="pref_title_clickTheActions">Seleccione de la lista de opciones</string>
  <string name="pref_summary_clickTheActions">Acción al hacer clic en la lista de opciones.</string>
  <string name="pref_summary_clickListIconActions">Acción al hacer clic en el icono del contacto en la vista de lista.</string>
  <string name="action_viewItemAuto">Ver el elemento (auto contacto o historial)</string>
  <string name="action_viewContactDetails">Ver detalles del contacto</string>
  <string name="action_selectNumberToCall">Seleccione un número para llamar</string>
  <string name="action_viewContactHistory">Ver el historial del contacto</string>
  <string name="action_viewQuickContactBadge">Vista rápida de contacto</string>
  <string name="action_callCurrentNumber">Llamar al número actual</string>
  <string name="action_callDefaultNumber">Número de llamada predeterminado</string>
  <string name="action_sendMessageToCurrentNumber">Enviar SMS/MMS al número actual</string>
  <string name="action_sendMessageToDefaultNumber">Enviar SMS/MMS al número predeterminado</string>
  <string name="pref_title_clickIconActions">Haga clic en el icono de las acciones</string>
  <string name="pref_summary_clickIconActions">Acción al hacer clic en el icono de contacto en la vista de cuadrícula.</string>
  <string name="pref_title_lockWindowPosition">Bloquear la posición de la ventana</string>
  <string name="pref_summary_lockWindowPosition">Si no desea mover arrastrando.</string>
  <string name="pref_title_showCallerLocation">Mostrar la ubicación del llamante</string>
  <string name="downloadPluginPrompt">Necesita instalar plug-ins. ¿Descargarlos ahora?</string>
  <string name="Default">Por defecto</string>
  <string name="pref_title_searchCallLog">Buscar en el registro de llamadas</string>
  <string name="pref_summary_searchCallLog">Necesita de abrir el \"Registro de llamadas del teléfono\"</string>
  <string name="menu_shareContacts">Compartir contactos</string>
  <string name="font_size">Tamaño de la fuente</string>
  <string name="show_call_log_filter">Mostrar el registro de llamadas filtrado</string>
  <string name="hide_call_log_filter">Ocultar el registro de llamadas filtrado</string>
  <string name="prompt_in_sms_tab">Mostrar el SMS enviado al grupo por contactos de DW.</string>
  <string name="pref_title_exitWhenCallEnds">Salir al finalizar la llamada</string>
  <string name="pref_title_residesInMemory">Reside en la memoria</string>
  <string name="pref_summary_residesInMemory">Activando al mismo tiempo "Habilitar servicios de fondo" puede mantenerse en la memoria más tiempo.</string>
  <!-- Header that expands to list all of the types of settings -->
  <string name="optionsLabelsGroup">Opciones</string>
  <string name="pref_summary_textColorForSecondT9Languare">El color de la segunda lengua de T9</string>
  <string name="pref_title_enableDualcardSuppout">Habilitar el soporte para tarjetas duo</string>
  <!-- 联系人详细信息 -->
  <string name="detailsList">Detalles</string>
  <string name="pref_title_minimumHeightOfListItem">Altura mínima de elemento de lista</string>
  <string name="loading">Cargando…</string>
  <string name="pref_title_displayWhenDialing">Pantalla al marcar</string>
  <string name="pref_title_usingMoreDetailedListSection">Usando la sección de lista más detallada</string>
  <string name="pref_summary_usingMoreDetailedListSection">Esto servirá para pasar rápidamente el carácter</string>
  <string name="desktop_widget_limit_messages">En la versión gratuita sólo puede crear un widget de escritorio.</string>
  <string name="label_customField">Campos personalizados</string>
  <string name="menu_otherContactViewer">Otro visor de contactos</string>
  <string name="pref_title_hideStatistics">Ocultar estadísticas</string>
  <string name="pref_title_backupTheme">Copia de seguridad de la configuración del tema</string>
  <string name="pref_title_restoreTheme">Restaurar ajustes de tema</string>
  <string name="appwidget_titleText">Cargo</string>
  <string name="appwidget_summary_selectGroup">Por favor, seleccione el grupo de contactos a mostrar.</string>
  <string name="iconSize">Tamaño de los iconos</string>
  <string name="widgetConfiguration">Configuración del widget</string>
  <string name="pref_title_iconNumberOfColumns">Número de icono de columnas</string>
  <string name="pref_summary_iconNumberOfColumns">0 para ajustar automáticamente</string>
  <string name="tips_contactAppWidget">Haga clic en el título del widget puede entrar en la configuración</string>
  <string name="pref_title_nameLines">Líneas de nombre</string>
  <string name="pref_summary_nameLines">0 para ocultar el nombre</string>
  <string name="menu_deleteTheShownCallLog">Eliminar el registro de llamadas mostrado</string>
  <string-array name="pref_entries_contactListSearchOptions">
    <item>Buscar en todos los campos</item>
    <item>Buscar todos los contactos</item>
    <item>Buscar en la lista Global de direcciones</item>
  </string-array>
  <string name="pref_title_defaultContactIcon">Icono de contacto predeterminado</string>
  <string name="pref_title_defaultGroupIcon">Icono de grupo predeterminado</string>
  <string name="prompt_restoreDefaultSettings">Se aconseja hacer copias de seguridad de configuración antes. ¿Reiniciar todas las configuraciones por defecto ahora?</string>
  <string name="pref_title_interceptCallsEvenDuringCall">Interceptar llamadas incluso durante una llamada</string>
  <string name="pref_summary_interceptCallsEvenDuringCall">Esto puede dar lugar a finalizar la llamada en curso.</string>
  <string name="pref_title_displayPromptWhenCallBlocked">Mostrar un mensaje cuando la llamada se bloquea.</string>
  <!-- Call Statistics -->
  <string name="call_statistics">Estadísticas de llamadas</string>
  <string name="freeNumbersManager">Administrador de números gratuitos</string>
  <string name="tab_call_statistics">Estadísticas</string>
  <string name="call_type_incoming">Entrante</string>
  <string name="call_type_outgoing">Saliente</string>
  <string name="call_type_missed">Perdido</string>
  <string name="call_type_blocked">Bloqueado</string>
  <string name="call_type_all">Todos</string>
  <string name="call_duration">Duración</string>
  <string name="call_duration_minute">Coste Min</string>
  <string name="call_count">Número</string>
  <string name="call_statistics_time_billingCycle">Ciclo de facturación</string>
  <string name="call_statistics_time_thisMonth">Este mes</string>
  <string name="call_statistics_time_thisWeek">Esta semana</string>
  <string name="call_statistics_time_all">Todo el tiempo</string>
  <string name="pref_title_startDayOfBillingCycle">Día de inicio del ciclo de facturación</string>
  <string name="pref_title_missedCallsTextColor">Color del texto de las llamadas perdidas</string>
  <string name="pref_summary_unansweredOutgoingCallsTextColor">Llamadas no contestadas</string>
  <string name="pref_title_freeMonthlyTalkTime">Tiempo de llamadas mensual gratis</string>
  <string name="pref_title_freeIncomingCalls">Llamadas entrantes gratis</string>
  <string name="pref_title_costWarning">Aviso del coste</string>
  <string name="pref_summary_costWarning">Muestra un recordatorio cuando finaliza el tiempo de llamadas gratuitas</string>
  <string name="prompt_freeTalkTimeIsOver">Los minutos de llamadas gratuitas han terminado.</string>
  <string name="prompt_remainingFreeTalkTimer">Tiempo de conversación gratuita restante: %1$d minutos; diario: %2$d minutos.</string>
  <string name="pref_title_showGroupSContactsCount">Mostrar el contador de contactos del grupo</string>
  <string name="pref_summary_showGroupSContactsCount">Abierto afecta a la velocidad de carga de los contactos.</string>
  <string name="pref_title_contactPictureZoomMode">Modo de zoom de la imagen los contactos</string>
  <string-array name="pref_entries_contactPictureZoomMode">
    <item>Centrar</item>
    <item>Center crop</item>
    <item>Center inside</item>
    <item>Fit center</item>
    <item>Ajuste XY</item>
  </string-array>
  <string name="get_online_help">Obtener ayuda en línea</string>
  <string name="error_report">Informe de errores</string>
  <string name="hasNoPhoneNumberContacts">No tiene ningún contacto con número de teléfono</string>
  <string name="pref_title_minimumBillableTime">Mínimo tiempo facturable</string>
  <string name="pref_summary_minimumBillableTime">El valor actual es de %s segundos. Si el tiempo de la conversación es de 01:15. El ajuste es de 30 segundos, el tiempo de cargo será de 01:30; si ajuste es de 60 segundos, el tiempo de cargo será de 02:00.</string>
  <string name="menu_showSidebar">Mostrar barra lateral</string>
  <string name="menu_hidesidebar">Ocultar barra lateral</string>
  <string name="SIMCard1">Tarjeta SIM 1</string>
  <string name="SIMCard2">Tarjeta SIM 2</string>
  <string name="sim_card_office">Oficina</string>
  <string name="sim_card_home">Casa</string>
  <string name="sim_card_call">Llamada</string>
  <string name="sim_card_internet">Internet</string>
  <string name="sim_card_heart">Amor</string>
  <string name="lable_sim_card_name">Nombre:</string>
  <string name="lable_sim_card_icon">Icono:</string>
  <string name="defaultSIMcard">Tarjeta SIM por defecto</string>
  <string name="prompt_inFirstUseDialer">Realizar una llamada de emergencia depende de que el sistema proporcione software de acceso telefónico. Por favor, asegúrese de que funciona.</string>
  <string name="pref_title_enableBackgroundDataLoading">Permiten la carga de datos de fondo</string>
  <string name="pref_summary_enableBackgroundDataLoading">Permite mejorar la velocidad de respuesta del software.
Tenga en cuenta que esto aumentará el consumo de la batería, la base de datos se actualiza con frecuencia.</string>
  <string name="pref_title_scaleToFitTheScreen">Escala para ajustarse a la pantalla</string>
  <string name="pref_summary_scaleToFitTheScreen">Escala automáticamente el tamaño de la cuadrícula para ajustarse a la pantalla</string>
  <string name="pref_summary_whenPortraitMode">Modo vertical</string>
  <string name="pref_summary_whenTheSidebarIsOpen">Modo de la barra lateral vertical</string>
  <string name="pref_summary_whenInLandscapeMode">Modo apaisado</string>
  <string name="pref_summary_whenInLandscapeModeAndTheSidebarIsOpen">Modo de la barra lateral horizontal</string>
  <string name="pref_title_usingMoreDetailedFastScroller">Usando desplazamiento rápido más detallado</string>
  <string name="pref_title_contactFields">Campos del contacto</string>
  <string name="pref_summary_informationNeedSendToCalendar">Necesita seleccionar la información que se enviará al calendario</string>
  <string-array name="pref_entriesNeedSendToCalendar">
    <item>Organización</item>
    <item>Dirección</item>
    <item>Teléfono</item>
    <item>email</item>
    <item>Notas</item>
  </string-array>
  <string name="menu_addConsecutiveNumbers">Añadir números consecutivos</string>
  <string name="startingNumber">Número inicial</string>
  <string name="endingNumber">Número final</string>
  <string name="prompt_ALotOfNumbersToAddToContact">%d nuevos números se agregarán al contacto. Esto tomará algún tiempo.</string>
  <string name="prompt_numberParsingErrorInaddConsecutiveNumbers">¡El número analizado es erróneo! No introduzca el número con formato.</string>
  <string name="prompt_needToAddNumbersTooMuch">Esto llevará a que el número %d se agregará al contacto. Agregar demasiados números hará que el teléfono enlentezca.</string>
  <string name="prompt_addConsecutiveNumbers_accountDoesNotSupport">Esta cuenta de contactos no admite tantos números de teléfono.</string>
  <string name="pref_title_usingHDContactPicture">Usar foto HD en los contactos</string>
  <string name="pref_title_linksInNotes">Enlaces en notas</string>
  <string name="pref_summary_linksInNotes">Cuando está activado, las páginas web, correos electrónicos, direcciones y números de teléfono en notas serán clickables.</string>
  <string name="pref_title_enableInCallWidget">Activar widget de llamadas entrantes</string>
  <string name="pref_title_delayToClose">Retardo de cierre</string>
  <string name="pref_summary_closeWhenOffhook">Cierra \"In llamada widget\" cuando contesta la llamada.</string>
  <string name="pref_summary_informationNeedShowInInCallWidget">Seleccione la información que se mostrará en \"El widget de llamadas entrantes\".</string>
  <string name="last_contact_time">Contactado por última vez</string>
  <string name="contact_pictures">Fotos del contacto</string>
  <string name="menu_importToQuickdialList">Importar a la lista de marcación rápida</string>
  <string name="confirm_importToQuickdialList">Tenga en cuenta que los datos importados sobrescribirán los datos existentes.</string>
  <string name="toast_importToQuickdialListSuccessfully">se han importado %d números</string>
  <string name="pref_title_frameColor">Color del marco</string>
  <string name="pref_title_hideDefaultIcon">Ocultar icono predeterminado</string>
  <string name="pref_summary_hideDefaultIcon">Ocultar el icono por defecto en la vista de lista.</string>
  <string name="pref_title_showInTheSidebar">Mostrar en la barra lateral</string>
  <string name="pref_summary_showInTheSidebar">Seleccione los elementos que quiere mostrar en la barra lateral</string>
  <string-array name="pref_entries_showInTheSidebar">
    <item>Grupos</item>
    <item>Organizaciones</item>
    <item>Cargos</item>
  </string-array>
  <string name="menu_addToQuickdialList">Añadir a la lista de marcación rápida</string>
  <string name="toast_theNumberHasNeenAdded">Se ha añadido el número.</string>
  <string name="pref_title_fontSizeSidebar">Tamaño de la fuente (barra lateral)</string>
  <!-- 	<string name="hour">Hour</string> -->
  <string name="contactedLastXHours">Contactados en las %s últimas horas</string>
  <!-- 	选中的邮件地址已经复制到剪贴板。您可以将它粘贴到邮件程序的地址字段 -->
  <string name="toast_selectedEmailAddressCopied">La dirección de correo electrónico seleccionada ha sido copiada en el portapapeles. Se puede pegar en el campo de dirección del programa de correo electrónico.</string>
  <string name="pref_title_backUpAllData">Copia de seguridad de todos los datos</string>
  <!-- 	由于数据库的更新。还原数据可能导致组铃声、组图片和防火墙工作不正常。请检查它们在恢复数据后。 -->
  <string name="pref_summary_backUpAllData">Desde la actualización de la base de datos. Cuando los datos se restauran puede provocar cuadros del grupo en grupo de tonos de llamada y que el filtro de llamadas no funcione correctamente. Por favor, compruebe los datos recuperados.</string>
  <!-- 	注意这不会备份联系人数据库。 -->
  <string name="warning_notBackUpContactsDatabase">Tenga en cuenta que esto no guarda nuevamente la base de datos de contactos.</string>
  <string name="pref_title_restoreAllData">Restaurar todos los datos</string>
  <string name="toast_backedSuccessfully">Respaldados con éxito a %s.</string>
  <string name="toast_backedFailed">Error de copia de seguridad. Asegúrese de que ha definido una ruta de copia de seguridad válida.</string>
  <string name="toast_restorSuccessfully">Restaurado con éxito de %s.</string>
  <string name="toast_restorFailed">No se pudo restaurar. Asegúrese de que ha definido el camino correcto.</string>
  <string name="close">Cerrar</string>
  <string name="minimize">Minimizar</string>
  <string name="maximize">Maximizar</string>
  <string name="call">Llamar</string>
  <string name="toast_notSuppouteditingNotes">Este contacto no admite la edición de notas.</string>
  <!-- An option in the event notification settings, open it automatically sends the blessing SMS comes in contact events. -->
  <string name="pref_title_automaticallySendGreetingsSMS">Envío automático de felicitaciones por SMS</string>
  <!-- 	注意发送消息时您不会得到通知，发送时间为事件当天的[通知时间]。 -->
  <string name="pref_summary_automaticallySendGreetingsSMS">Tenga en cuenta que al enviar un mensaje, usted no recibirá ningún aviso. Hora de envío para eventos de todo el día en la [Hora de notificación]</string>
  <!-- Prompt message before you delete a call log. -->
  <string name="prompt_deleteCallLog">Tenga en cuenta que eliminar registros de llamada afectará a las estadísticas de la llamada.</string>
  <!--
    Dispaly in [In call Widget]
    Example:
    The last contact time: 5 days ago。 -->
  <string name="in_call_lastContactTime">Contactado por última vez: %s</string>
  <string name="recommendToFriends">Recomendar a amigos</string>
  <string name="filterMode">Modo de filtro</string>
  <!-- 	Show contacts filter Details Grp = Group; Com = Company; Tit = Title -->
  <string name="contactsFilterSummary">Filtrado: Grp: %1$s Com: %2$s Tit: %3$s</string>
  <string name="pref_title_largeDialButton">Botón dial grande</string>
  <!-- 	显示在联系人组编辑器，为编辑的组设置父组 -->
  <string name="parentGroup">Grupo padre</string>
  <string name="pref_title_formatPhoneNumber">Formato de número de teléfono</string>
  <string name="menu_viewSelectedContacts">Ver los contactos seleccionados</string>
  <string name="filter_status_all">TODOS</string>
  <string name="pref_title_enableSlidingAction">Permiten el deslizamiento</string>
  <!-- 	启用滑动拨号等等，关闭它以便使用滑动切换号码。 -->
  <!-- Click Open browser to select files or other data -->
  <string name="browse">Navegar</string>
  <string name="companies">Empresas</string>
  <string name="company">Empresa</string>
  <string name="clear">Limpiar</string>
  <string name="other">Otros</string>
  <string name="voice_input">Entrada de voz</string>
  <string name="app_widget_name_dialer_3_3">DW marcador 3 × 3</string>
  <string name="app_widget_name_dialer_2_3">DW marcador 2 × 3</string>
  <string name="app_widget_name_dialer_4_4">DW marcador 4 × 4</string>
  <!-- 	A menu item is used to select mode grouping contacts. -->
  <string name="menu_groupBy">Agrupar por</string>
  <string name="menu_showHistory">Mostrar historial</string>
  <string name="menu_sendMessage">Enviar SMS/MMS</string>
  <string name="menu_sendMail">Enviar correo electrónico</string>
  <string name="menu_setRingtone">Ajuste de tono de llamada</string>
  <string name="menu_insert">Insertar</string>
  <string name="pref_title_disableAutomaticUpdates">Desactivar las actualizaciones automáticas.</string>
  <string name="pref_title_showsLinkToContactList">Muestra un enlace a la lista de contactos</string>
  <!-- A number label, recently contacted number，It shows in the contact details SMS TAB. Number selection drop-down list. For example: Recent:12345678 -->
  <string name="recent">Reciente</string>
  <string name="dialog_title_selectFieldsToShare">Seleccione los campos para compartir</string>
  <!-- 	检测到您正使用屏幕阅读程序。是否显示“电话号码选择对话框”在拨号前？ -->
  <string name="neverShowAgain">No mostrar de nuevo</string>
  <!-- 	选择[确定]，“通话中小部件”将不会再次显示。 -->
  <!-- 	如果SIM卡编号显示不正确，请先通过两个SIM卡各拨打一个电话，然后点击[重新检测]按钮。 -->
  <!-- 	重新检测 -->
  <!-- 	检测已完成 -->
  <string name="toast_settingsHaveBeenSaved">Ajustes guardado.</string>
  <!-- 	如果双卡功能不工作在您的设备。请尝试选择设备列表中的每一个设备，然后单击[拨号]按钮。当两个拨号按钮使用正确SIM卡拨号时，单击[保存]按钮。 -->
  <string name="lable_device">Dispositivo:</string>
  <!-- 	 An option. When you enable the exchange of the SIM card used when making calls. When the dial buttons 1 and 2 do not correspond correct SIM card to select it. -->
  <!-- 	已添加前缀/后缀（%s） -->
  <string name="pref_title_downloadGeocoderPlugin">Descargar plugin Geocoder</string>
  <string name="menu_bindTo">Enlazar a %s</string>
  <!-- 	call using SIM card 1 -->
  <string name="menu_shareAsvCard">Compartir como vCard</string>
  <!-- 一个选项，当打开备注会优先保存到联系人，而不是通话记录备注 -->
  <!-- 读出来电显示号码 -->
  <!-- 搜索历史记录 - 一个开关确定是否显示搜索历史记录 -->
  <!-- 	您好，试用期限将结束在5天后。现在要购买吗？ -->
  <!-- A menu, click the call methods available to display. For example: SIM card 2; Video call; Skype; SIP -->
  <!-- Automatic redial after 3 seconds. -->
  <!-- Enter "Arrange mode", you can drag to sort items. -->
  <!-- An option to choose what to hide in the contact details -->
  <!-- An alert message when adding a shortcut to the HomePage request has been sent. -->
  <!-- OPTION: When you restart the app. Restore the state when last used. -->
  <!--     <string name="description">Description</string> -->
  <!--     <string name="menu_add_link">Add link</string> -->
  <!-- Menu item used to add custom field to contact -->
  <!-- An automatic group name, which contains all has photo contacts -->
  <!-- Selectable menu item used to controls whether display "contacts events" in the "agenda list". -->
  <!-- An option to define accent color. The color applied to framework controls in their activated (ex. checked) state. -->
  <!-- An option to define whether the appointment is created automatically send the invitation email.-->
  <!-- An option to define whether the appointment is created automatically send the invitation email.-->
  <!-- An option to define whether use circle icon.-->
  <!-- Determined by the theme -->
  <!-- An option to define color -->
  <!-- An option to define whether use colorful icon.-->
  <!-- Select this option to Reduce the ring volume when reading the caller information. -->
  <!-- Select this option to Reduce the ring volume when reading the caller information. -->
  <!-- Menu item used to Go to the "Calendar" App -->
  <!-- Menu item used to add selected item to the Tab bar -->
  <!-- Menu item used to remove selected item from the Tab bar -->
  <!-- Menu item used to browse and restore data -->
  <!-- Menu item used to open [Backup Manager] -->
  <!-- A contact group option. Open it will automatically delete call logs, contacts belong to this group. -->
  <!-- An option to control whether to display the contact's local time -->
  <!-- An option -->
  <!-- An option summary -->
  <!-- An option in the dialog box to delete call records. Controls whether delete call log notes -->
  <!-- Label above username EditText -->
  <!-- Button to sign in after entering username and password -->
  <!-- "By number" merge call records, etc. -->
  <!-- "By contact" merge call records, etc. -->
  <!-- An option to control whether to display the message log in History -->
  <!-- Menu item used to add data (E-mail address, etc.)  to contacts -->
  <!-- An option When you open it will maintain a fixed height In call widget. -->
  <!-- ****************************** Descriptions *********************************** -->
  <!--
         String describing the Keyboard switch ImageButton
         Used by AccessibilityService to announce the purpose of the button.
         [CHAR LIMIT=NONE]
    -->
  <!-- String describing the text for photo of a item(group, title, company，etc.). -->
  <!--An option. When opened, will use list long press menu.-->
  <!--An option in Accessibility. When opened, Enter the number need to double click to confirm.-->
  <!--A item of list, control information needs to be displayed in the "In call widget"-->
  <!--An option title in [Contact Details]. When opened, Will merge items,When just labels different.-->
  <!--An option summary in [Contact Details]. When opened, Will merge items,When just labels different.-->
  <!-- Notification message when adding a number to the blacklist, but the call filter did not open. -->
  <!--An option title in [Events]. Define which events need to display. It filter events based on contact groups-->
  <!--An option title in [Color schemes]. Used to define the "List section" Text Size -->
  <!--An option. When open: The starred contacts are displayed at the top of the list. -->
</resources>
