<?xml version="1.0" encoding="utf-8"?>
<!--Generated by crowdin.com-->
<resources>
  <string-array name="t9_search">
    <item>"0"</item>
    <item>"1\'.,"</item>
    <item>"2ABC"</item>
    <item>"3DEF"</item>
    <item>"4GHI"</item>
    <item>"5JKL"</item>
    <item>"6MNÑO"</item>
    <item>"7PQRS"</item>
    <item>"8TUV"</item>
    <item>"9WXYZ"</item>
  </string-array>
  <string-array name="t9_keyboard">
    <item>"+"</item>
    <item>"\' . ,"</item>
    <item>"ABC"</item>
    <item>"DEF"</item>
    <item>"GHI"</item>
    <item>"JKL"</item>
    <item>"MNO"</item>
    <item>"PQRS"</item>
    <item>"TUV"</item>
    <item>"WXYZ"</item>
  </string-array>
</resources>
