<?xml version="1.0" encoding="utf-8" standalone="no"?>
<!--Generated by crowdin.com-->
<resources xmlns:xliff="urn:oasis:names:tc:xliff:document:1.2">
  <string name="app_name">DW Contacts &amp; Phone</string>
  <string name="app_contacts_name">DW Névjegyzék</string>
  <string name="starred">Kedvencek</string>
  <string name="coworkers">Munkatársak</string>
  <string name="family">Család</string>
  <string name="friends">Barátok</string>
  <string name="myContacts">Névjegyeim</string>
  <string name="mergedContacts">Megosztott kapcsolatok</string>
  <string name="no_item_to_display">Nincs megjelenítendő elem</string>
  <string name="allContact">Minden névjegy</string>
  <string name="no_phone_numbers">Nincs telefonszám</string>
  <string name="menu_edit">Szerkesztés</string>
  <string name="menu_edit_group">Csoport szerkesztése</string>
  <string name="menu_add_contact_to_group">Kontakt hozzáadása a csoporthoz</string>
  <string name="menu_remove_contact_from_group">Kontaktok eltávolítása a csoportokból</string>
  <string name="groupNameLabel">Csoport neve</string>
  <string name="add">Hozzáadás</string>
  <string name="message_del_system_group">Ez rendszercsoport. Törlés után automatikusan újra létrejöhet, ami további problémákhoz vezethet. Biztosan törölni akarja?</string>
  <string name="menu_select_mode">Több kijelölése</string>
  <string name="menu_inverse_select">Inverz</string>
  <!--<string name="noContact">This group has no contact</string> -->
  <string name="pleaseWait">Kérem várjon</string>
  <string name="pref_send_title">SMS és e-mail beállítások</string>
  <string name="pref_title_sms_mms_send">SMS/MMS</string>
  <string name="pref_title_email_send">E-mail</string>
  <string name="pref_send_to">Küldés %s-nak</string>
  <string-array name="prefEntries_sms_mms_to">
    <item>Alapértelmezett mobil szám</item>
    <item>Minden mobil szám</item>
    <item>Minden telefonszám</item>
  </string-array>
  <string-array name="prefEntries_email_to">
    <item>Alapértelmezett email cím</item>
    <item>Minden email cím</item>
  </string-array>
  <!--Recipients location -->
  <string name="pref_title_recipients_location">Címzett elrejtése</string>
  <string name="pref_recipients_location_summary">Minden cím a %s mezőben jelenik meg</string>
  <string-array name="pref_entries_recipients_location">
    <item>Titkos másolat</item>
    <item>Másolat</item>
    <item>Címzett</item>
  </string-array>
  <string name="menu_preferences">Beállítások</string>
  <string name="preferences_title">Beállítások</string>
  <string name="error_report_email_explain">Hiba! Kérjük segítsen, hogy a hibát kijavítsuk: küldje el a hibát, a hibaüzenetet és néhány rendszerinformációt. A személyiségi jogait tiszteletben tartjuk.</string>
  <string name="no_contact_selected">Nincs kijelölt névjegy</string>
  <!--Firewall -->
  <string name="firewell_add_item">Szűrő hozzáadása</string>
  <string name="lable_week">Hétköznap</string>
  <string name="select_group_title">Csoport kijelölése</string>
  <!-- %s = call number-->
  <string name="call_blocking_message">%s blokkolva lett</string>
  <string name="pref_firewall_title">Hívásszűrő beállítása</string>
  <string name="pref_title_firewall_enable">Hívásszűrő engedélyezése</string>
  <string name="firewall_service_started">A hívásszűrő szolgáltatás elindult</string>
  <string name="firewall_state_label">DW Hívásszűrő</string>
  <!-- The status bar at the top of the screen display a notification message. -->
  <string name="pref_title_firewall_allways_show_stat_notify">Ikon megjelenítése az állapotsorban</string>
  <string name="pref_firewall_allways_show_stat_notify_summary">Mindig mutassa az üzenetet az állapotsorban</string>
  <string name="menu_week_view">Heti nézet</string>
  <string name="menu_time_view">Idő nézet</string>
  <string name="menu_view">Nézet</string>
  <string name="from">Kezdete</string>
  <string name="to">Vége</string>
  <string-array name="days">
    <item>Vasárnap</item>
    <item>Hétfő</item>
    <item>Kedd</item>
    <item>Szerda</item>
    <item>Csütörtök</item>
    <item>Péntek</item>
    <item>Szombat</item>
  </string-array>
  <string-array name="days_short">
    <item>Vas</item>
    <item>Hét</item>
    <item>Ked</item>
    <item>Sze</item>
    <item>Csü</item>
    <item>Pén</item>
    <item>Szo</item>
  </string-array>
  <string name="firewall_label">Hívásszűrő</string>
  <string name="everyday">Minden nap</string>
  <string name="never">Soha</string>
  <string name="pref_title_display_system_group">Rendszer-csoportok megjelenítése</string>
  <!-- Gmail the default, including the group. (Starred, Coworkers, Family, Friends, My Contacts) -->
  <string name="pref_display_system_group_summary">Rendszercsoportok megjelenítése</string>
  <string name="pref_title_merge_same_name_group">Csoportok összevonása</string>
  <string name="pref_merge_same_name_group_summary">Hasonló csoportok összevonása</string>
  <string name="pref_font_size_title">Betűméret (1. sor)</string>
  <string name="pref_font_size_summary">Méret: %s</string>
  <string name="removePicture">Kép eltávolítása</string>
  <string name="changePicture">Kép megváltoztatása</string>
  <string name="attachToGroup">Csoport kép</string>
  <string name="use_photo_as_primary">Ezt a képet használja</string>
  <string name="photoPickerNotFoundText">Fotó kiválasztása nem található</string>
  <string name="SMS">SMS</string>
  <string name="Email">Email</string>
  <string name="_null">""</string>
  <!-- It shows the contact event to the present time. -->
  <string name="days_after">%d nap múlva</string>
  <string name="months_after">%d hónap múlva</string>
  <string name="days_ago">%d nappal ezelőtt</string>
  <string name="months_ago">%d hónappal ezelőtt</string>
  <string name="today">ma</string>
  <string name="show_group_icon">Csoportkép megjelenítése</string>
  <string name="show_group_icon_summary">Mutasd az összes ikont</string>
  <string name="using_system_sms_program">Alapértelmezett SMS program használata</string>
  <!-- According to user feedback that I might in the new version, use it again. -->
  <string name="using_system_sms_program_summary">Please select if you need to send MMS (too many
		recipients may be unable to send the issue)</string>
  <string name="recipients_limit">Címzettek számának korlátozása</string>
  <string name="recipients_limit_summary">Ha a címzettek száma nagyobb, mint ez az érték, automatikusan kötegelten lesz elküldve</string>
  <string name="send">Küldés</string>
  <string name="confirm_send_message">Folytassuk az üzenetek küldését a hátralévő kapcsolatoknak?</string>
  <!-- For example, Tablet PC does not support sending text messages. However, click the SMS icon.
    I will call the SMS program. The system will report an exception. Then display this prompt. -->
  <string name="system_does_not_support">A rendszer nem támogatja</string>
  <string name="ungrouped_contacts">Nem csoportosított névjegyek</string>
  <string name="multipleContactsDeleteConfirmation">Kiválasztott névjegyek törlése.</string>
  <!--pref default view -->
  <string name="pref_title_default_view">Alapértelmezett fül</string>
  <string name="pref_default_view_summary">Induláskor alapértelmezett fül: %s</string>
  <!--pref show auto groups -->
  <string name="pref_title_display_auto_group">Automatikus csoportok megjelenítése</string>
  <string name="pref_display_auto_group_summary">Beleértve \"Minden kapcsolat\", \"Csoport nélküli kapcsolatok\".</string>
  <string name="label_hide">Elrejtés</string>
  <string name="hide_group_summary">Ne mutassa ezt a csoportot</string>
  <string name="fast_scroll_alphabet">\u0020ABCDEFGHIJKLMNOPQRSTUVWXYZ</string>
  <string name="fast_scroll_numeric_alphabet">\u00200123456789ABCDEFGHIJKLMNOPQRSTUVWXYZ</string>
  <!-- Because the different SMS programs. When I provide a phone number to the SMS program,
    some require the use of a semicolon to separate the numbers, and some require a comma. Therefore, this option provides. -->
  <string name="sms_compatibility_mode_title">SMS/MMS küldés módja</string>
  <string name="sms_compatibility_mode_summary">Válassza ezt, ha az "SMS programja" nem szabványos
                módon kéri be a telefonszámokat. Pl.: XT800</string>
  <string name="menu_sort_hide">Sorbarendezés &amp; Elrejtés</string>
  <string name="menu_sort_alphabetically">Betűrendben</string>
  <string name="pref_in_call_widget_title">Bejövő hívás modul(widget)</string>
  <string name="pref_help_title">Súgó</string>
  <string name="pref_online_help_title">Online súgó</string>
  <string name="menu_cancel_send_to_voicemail">Hívások engedélyezése ezektől a személyektől</string>
  <string name="pref_feedback_title">Visszajelzés e-mailen keresztül</string>
  <string name="pref_about_title">Névjegy</string>
  <string name="version">Verzió</string>
  <string name="pref_name_display_order_summary">Nevek rendezésének váltása. Hatással lehet a megjelenítés sebességére!</string>
  <string name="pref_contacts_account_title">Felhasználói adatok</string>
  <string name="pref_contacts_account_summary">Kapcsolatok megjelenítése %s-ból</string>
  <string name="all_account">Minden fiók</string>
  <string name="pref_show_account_name_title">Felhasználó név</string>
  <string name="pref_show_account_name_summary">Fióknév megjelenítése a csoportnév alatt..</string>
  <string name="select_account">Fiók kiválasztása</string>
  <string name="pref_register_code_title">Üsse be a regisztrációs kódot</string>
  <string name="pref_register_code_summary">Üsse be a regisztrációs kódot (internet kapcsolat nem szükséges) amelyet a vásárlást megerősítő e-mailben talál</string>
  <!-- A setting item, click it to open, buy the software license key dialog box. -->
  <string name="pref_get_register_code_title">A Pro verzió megvásárlása</string>
  <string name="pref_get_register_code_summary">Regisztrálja az alkalmazást a teljes funkcionalítás használatához. Köszönjük a támogatását, e nélkül nem tudnánk folytatni az alkalmazás fejlesztését.</string>
  <string name="buying_tips">Két lehetőséged van (mindkettő teljes értékű). Regisztrálsz a készüléked szériaszámával (PayPal és hitelkártya fizetéssel) vagy megvásárlod a teljes verziót a Google Play-en.</string>
  <string-array name="purchase_channels">
    <item>Google Play</item>
    <item>PayPal vagy hitelkártya fizetés</item>
    <item>Ajánlja ismerőseinek a programot!</item>
  </string-array>
  <string-array name="purchase_channels_summary">
    <item>Regisztrálja a szoftvert meglévő Google fiókjához. (vásárolja és telepítse fel a PRO verziót) Ha megtette a FRE verziót távolítsa el.</item>
    <item>Regisztrálja a szoftvert készüléke szériaszámával:  %s.
A fizetési folyamat végén egy megerősítő e-mailt kap melyben megtalálja a regisztrációs kódját
Ellenőrizze a regisztráció sikerességét. (beállítások menüpont, on line regisztráció ellenőrzése)</item>
    <item>Szerezze be az ingyenes regisztrációs kódot!</item>
  </string-array>
  <string name="menu_delete_all">Összes törlése</string>
  <!-- Menu title the user can use for trying to resend a message. -->
  <string name="menu_retry_sending">Küldés újra</string>
  <string name="message">Üzenet</string>
  <string name="failed">Sikertelen</string>
  <string name="queued">Besorolt</string>
  <string name="outbox">Postázandó</string>
  <string name="sent">Elküldött</string>
  <string name="auto_replace_to_name">"???" automatikus cseréje a névjegy teljes nevével; "??F" a vezetéknévvel; "??G" a keresztnévvel; "??N" a becenévvel.</string>
  <string name="example_message">Hello,???</string>
  <string name="sms_preview">Előnézet:</string>
  <string name="message_send_state_successfully">Sikeresen elküldve.</string>
  <string name="message_send_state_failed">Küldés sikertelen.</string>
  <string name="message_send_unknown_error">Ismeretlen hiba. %d üzenet nem lett elküldve.</string>
  <string name="message_send_no_signal">Nincs jel, vagy a repülőgép üzemmód az aktív. %d üzenet nem lett kézbesítve.</string>
  <string name="message_send_successfully">Minden üzenet elküldve.</string>
  <string name="need_the_paid_version">Csak a fizetős verzióban elérhető</string>
  <!-- As a "contact group"on the phone the main screen to create a shortcut. -->
  <string name="create_shortcut">Ikon a főképernyőre</string>
  <string name="menu_move_to_group">Mozgatás csoportba</string>
  <string name="pref_tabs_title">Aktiválás  &amp;, Rendezés</string>
  <string name="pref_tabs_summary">Kiválasztható mely fülek legyenek választhatóak</string>
  <!--pref theme -->
  <string name="pref_theme_title">Téma alap</string>
  <!-- Change the software interface look. -->
  <string name="pref_theme_summary">Állítsa be a téma alapját</string>
  <string name="search">Keresés</string>
  <string name="pref_services_title">Háttérszolgáltatások beállítása</string>
  <!-- Settings screen, section heading for SMS-specific settings -->
  <string name="pref_sms_settings_title">"Szöveges üzenet (SMS) beállításai"</string>
  <!-- Settings screen, section heading for EMAIL-specific settings -->
  <string name="pref_email_settings_title">"Email beállítások"</string>
  <!-- Settings item for boolean option to enable/disable SMS delivery reports -->
  <string name="pref_title_sms_delivery_reports">Kézbesítési jelentések</string>
  <!-- Settings item description for boolean SMS delivery report setting -->
  <string name="pref_summary_sms_delivery_reports">Kézbesítési jelentés minden üzenethez.</string>
  <string name="pref_contact_sort_order_title">Üzenetek rendezése ez alapján</string>
  <string name="pref_contact_sort_order_summary">Névjegyzék sorrendjének megváltoztatása.Ez befolyásolhatja a megjelenítés sebességét.</string>
  <!-- CHANGED ORDER -->
  <string name="contact_sort_order_FamilynameAlternate">Vezetéknév /alternatív/</string>
  <string name="contact_sort_order_RecentContacted">Új kapcsolatok</string>
  <string name="contact_sort_order_CreationTime">Létrehozás időpontja</string>
  <string name="contact_sort_order_DefaultAlternate">Alapértelmezett - váltakozó</string>
  <!-- An automatic group, it shows all the contacts included telephone numbers. -->
  <string name="has_phone_number_contacts">Névjegyek telefonszámmal</string>
  <string name="exit_prompt">Nyomja meg a vissza gombot a kilépéshez.</string>
  <string name="pref_exit_prompt_title">Kilépés előtt kérdez</string>
  <string name="pref_exit_prompt_summary">Figyelmeztet kilépés előtt</string>
  <string name="pref_language_title">Nyelv</string>
  <string name="load_license_success">A license letöltése a halózatról sikeres volt.</string>
  <string name="load_license_failed">A license letöltése a halózatról sikertelen volt.</string>
  <string name="license_check_success">A license ellenőrzése sikeres volt.</string>
  <string name="license_check_failed">A licenc ellenőrzése sikertelen volt!</string>
  <string name="load_license_unregistered">Még nem regisztrált.</string>
  <string name="sending">Küldés …</string>
  <string name="error">Hiba</string>
  <string name="clear_data_or_uninstall_app">Törölje az adatot, vagy telepítse újra az alkalmazást</string>
  <string name="database_update_error_message">"Hiba!
Az adatbázis struktúra frissítése nem sikerült.
Ez a hiba akkor jelentkezik, ha az adatbázis fájl jogosultságai nem megfelelők. A backup szoftver okozhatja ezt a hibát.
Három módon lehet ezt a hibát javítani. Kérem próbálja meg egymás után, amíg a hiba meg nem szűnik
1. Indítsa újra a telefont;
2. Törölje az alkalmazás adatait az alkalmazások kezelése menüpont alatt;
3. Törölje, majd telepítse újra az alkalmazást."</string>
  <!-- It shows the contact event to the present time. -->
  <string name="one_day_after">Holnap</string>
  <string name="one_month_after">1 hónap</string>
  <string name="one_day_ago">Tegnap</string>
  <string name="one_month_ago">Előző hónap</string>
  <string name="menu_edit_event">Események szerkesztése a kontaktoknál.</string>
  <string name="menu_add_to_calendar">Esemény hozzáadása a naptárhoz</string>
  <string name="menu_delete_event">Esemény törlése a kapcsolatból</string>
  <string name="menu_duplicate_contact">névjegy másolása</string>
  <string name="mes_sendSmsSystemLimit">Elküldhető %1$s óránként %2$s SMS. Automatikus újraküldés %1$s óra múlva.</string>
  <string name="sendInBatches">Kötegek</string>
  <string name="sendInSingle">Egyenként</string>
  <string name="sendInBatchesMessage">A címzettek száma meghaladja a beállításokban megadott értéket. Írja be az üzenetet a szövegmezőbe, hogy kötegelt módon kerüljön kiküldésre, vagy válassza az "Egyenként" módot egyenkénti küldéshez.</string>
  <string name="pref_title_eventNotification">Esemény értesítési beállítások</string>
  <string name="pref_title_notificationTime">Értesítési időpont</string>
  <string name="pref_title_notificationRingtone">Értesítési csengőhang</string>
  <string name="pref_summary_notificationTime">Értesítés időzítése</string>
  <string name="pref_title_notificationBeforeHappen">Értesítés az esemény előtt</string>
  <string name="pref_summary_notificationBeforeHappen">%s nap az értesítésig</string>
  <string name="pref_title_notification">Értesítés</string>
  <string name="pref_title_reminder">Emlékeztető</string>
  <string name="pref_summary_reminder">%s előtt</string>
  <string name="pref_title_ringtone">Csengőhang</string>
  <string name="pref_title_alarm">Riasztás</string>
  <string name="pref_title_mergeSubgroup">Alcsoportok egyesítése</string>
  <string name="pref_summary_mergeSubgroup">A névjegyek alcsoportjai a főcsoport alatt jelennek meg.</string>
  <string-array name="pref_entries_notificationTime">
    <item>1 perc</item>
    <item>5 perc</item>
    <item>10 perc</item>
    <item>15 perc</item>
    <item>20 perc</item>
    <item>20 perc</item>
    <item>30 perc</item>
    <item>45 perc</item>
    <item>1 óra</item>
    <item>2 óra</item>
    <item>3 óra</item>
    <item>12 óra</item>
    <item>24 óra</item>
    <item>2 nap</item>
    <item>1 hét</item>
  </string-array>
  <!-- Not in phone book contacts. -->
  <string name="unknown_contacts">Ismeretlen névjegyek</string>
  <string name="not_in_phone_book_contacts">Nem található a telefonkönyvben.</string>
  <string name="eventNotification">Esemény értesítés</string>
  <string name="eventNotificationMessage">"%s születésnapja / rendezvény hamarosan."</string>
  <!-- When using the "Firstname first" show name, "Firstname" and "Lastname" split between the symbols. Most language is a space. -->
  <string name="givenNameFirstSeparator">" "</string>
  <!-- When using the "Lastname first" show name, "Firstname" and "Lastname" split between the symbols. -->
  <string name="familyNameFirstSeparator">", "</string>
  <string name="vCard">Névjegy</string>
  <string name="text">Szöveg</string>
  <string name="pref_title_likeTheSoftware">Támogasd a szoftvert</string>
  <string name="pref_title_rating">Értékelés</string>
  <string name="pref_summary_rating">Értékeld a Marketen</string>
  <string name="pref_title_share">Megosztás</string>
  <string name="pref_summary_share">Ajánlja ezt a szoftvert a barátainak.</string>
  <string name="contact_group">Csoportok</string>
  <!-- Set the time to send text messages in the future. -->
  <string name="regularlySent">Rendszeresen küldött</string>
  <string name="time">Idő</string>
  <string name="pref_title_EmailProgram">E-mail program</string>
  <string name="pref_summary_on_EmailProgram">Használja az alapértelmezett levelezőprogramot.</string>
  <string name="pref_summary_off_EmailProgram">Kéri, hogy válasszon amikor üzeneteket küld.</string>
  <string name="toolbox">Eszközkészlet</string>
  <string name="pref_title_SMSSendInterval">Küldések közötti idő</string>
  <string name="pref_summary_SMSSendInterval">Szöveges üzenet újraküldése ennyi időnként (másodperc)</string>
  <string name="app_dialer_name">DW-tárcsázó</string>
  <string name="menu_sort">Rendezési sorrend</string>
  <string name="license_check_failed_message">Program licensz ellenőrzési hiba ! Kérlek ellenőrizd, hogy eléred-e a Google Play-t.</string>
  <string name="menu_unselectAll">Minden kijelölés megszüntetése</string>
  <string name="pref_title_themeCustomize">Téma beállítások</string>
  <string name="pref_title_backgroundColor">Háttér színe</string>
  <string name="pref_title_backgroundColorForTitles">Értesítések sáv színe</string>
  <string name="pref_title_textColorForTitles">Szöveg cím színe</string>
  <string name="pref_title_textColorMarked">Megjelölt szöveg címe</string>
  <string name="pref_title_hideTheTitle">Címsor elrejtése</string>
  <string name="pref_title_hideTheStatusbar">Állapotsor elrejtése</string>
  <string name="pref_title_hideTabLabel">Lap címke elrejtése</string>
  <string name="pref_title_autoHideTab">Fülek elrejtése</string>
  <string name="pref_summary_autoHideTab">Automata > elrejti az inaktív füleket váltás esetén</string>
  <string name="reset">Alaphelyzet</string>
  <string name="pref_title_automaticRotation">Automatikus elforgatás</string>
  <string name="pref_summary_automaticRotation">Automatikus képernyő elfordulás ki/bekapcsolása</string>
  <string name="menu_editNotes">Megjegyzések szerkesztése</string>
  <string name="addSelectedContactsToFavorites">Névjegyek hozzáadása a kedvencekhez</string>
  <string name="removeSelectedContactsFormFavorites">Névjegyek törlése a kedvencekből</string>
  <string name="deleteSelectedContacts">Névjegyek törlése</string>
  <string name="duplicateSelectedContacts">Névjegyek megkettőzése</string>
  <string name="setGroupForSelectedContacts">Csoport beállítása névjegyekhez</string>
  <string name="forSelectedContacts">Kiválasztott névjegyek számára</string>
  <string name="searchAnything">Keresés bármit</string>
  <string name="quickDialManager">Gyors-tárcsázó menedzser</string>
  <string name="menu_shareNumber">Telefonszám megosztása</string>
  <string name="menu_setGroupForContact">Csoport beállítása névjegyhez</string>
  <string name="pref_title_tabSettings">Lap beállítások</string>
  <string name="sendSMStoShownContacts">SMS/MMS küldése a látható névjegyekhez</string>
  <string name="sendEmailtoShownContacts">E-mail küldése a látható névjegyekhez</string>
  <string name="setRingtoneForShownContacts">Csengőhang beállítása a látható névjegyekhez</string>
  <string name="pref_title_enableEventNotification">Eseményértesítés engedélyezése</string>
  <string name="forSelectedGroups">Kiválasztott csoportok számára</string>
  <string name="menu_send_group_message">SMS/MMS küldése csoportnak</string>
  <string name="menu_delete_group">Csoport törlése</string>
  <string name="menu_deleteGroups">Csoportok törlése</string>
  <!-- 	<string name="forSelectedOrgs">For selected companies</string> -->
  <!-- 	<string name="menu_editOrg">Edit company</string> -->
  <!-- 	<string name="forSelectedTitles">For selected titles</string> -->
  <!-- 	<string name="menu_editTitle">Edit title</string> -->
  <string name="menu_editContactFromEvent">Kapcsolat szerkesztése eseményből</string>
  <string name="menu_focus2Today">Mai célok</string>
  <string name="generalDeleteConfirmation">Biztos benne, hogy törölni szeretné?</string>
  <string name="addContactTo">Új név %s</string>
  <string name="removeContactFrom">Névjegy törlése: %s</string>
  <string name="pref_title_showTabAtTop">Fülek mutatása a fenti részen</string>
  <!-- Within the group "contact list" label -->
  <string name="labelWithinGroupContactsList">Névjegyzék</string>
  <string name="multipleChoicePrompt">A többszörös kijelölés az INGYENES változatban műveletenként %d elemre korlátozódik. Ha csoportnak szeretne üzenetet küldeni, akkor használja a csoport listát, és nyomja meg a menüt.</string>
  <string name="pref_title_dialerPadTone">Hangjelzés tárcsázó gomb megnyomásakor</string>
  <string name="recentChanges">Legutóbbi változtatások</string>
  <string name="more">Több</string>
  <string name="selectAll">Az összes kiválasztása</string>
  <string name="pref_title_alwaysToDefTab">Az alapértelmezett füllel indul</string>
  <string name="pref_summary_alwaysToDefTab">A hívás elindítása úgy hogy az aktív fül nem záródik be.</string>
  <string name="pref_title_showMostContactedBelowFavorites">A leggyakrabban hívott számokat mutassa alul</string>
  <string name="pref_title_showEventsFromToday">Mai események feltüntetése</string>
  <string name="pref_title_YPositionOfInfoWindow">"Y-pozícióban" mutatja az infó ablakot</string>
  <string name="pref_summary_YPositionOfInfoWindow">Az "információ" ablak pozíciója.(fent/lent)A pozicionálás elmozdul bejövő hívás esetén.</string>
  <string name="pref_title_backupRestore">Biztonsági mentés és visszaállítás</string>
  <string name="pref_title_backupAllSettings">Biztonsági másolat /backup/ készítése valamennyi beállításról</string>
  <string name="pref_title_restoreAllSettings">Valamennyi beállítás visszaállítása</string>
  <string name="pref_title_restoreDefaultSettings">Alapértelmezett beállítások visszaállítása</string>
  <string name="pref_title_showMyContactsInUngrouped">A \"Saját névjegyek\" rendszercsoport figyelmen kívül hagyása</string>
  <string name="pref_title_startDialerWithoutDialerPad">A hívás elindítása a tárcsázó nélkül</string>
  <string name="pref_summary_showMyContactsInUngrouped">Kapcsolatok megjelenítése.</string>
  <string name="toast_allSettingsToDefault">Alapértelmezett beállítások visszaállítása.</string>
  <string name="toast_settingsBackedSuccessfully">Beállítások visszaállítása %s</string>
  <string name="toast_settingsBackedFailed">A backup nem sikerült. Ellenőrizze, hogy érvényes backup útvonalat állított-e be.</string>
  <string name="toast_settingsRestorSuccessfully">A beállítások sikeresen visszaállítódtak a %s  mentésből.</string>
  <string name="toast_settingsRestorFailed">Sikertelen visszaállítás. Ellenőrizze, hogy azt az útvonalat állította-e be, ahol a mentés található.</string>
  <string name="menu_newOrg">Új szervezet</string>
  <string name="menu_newTitle">Új munkakör hozzáadása</string>
  <string name="enterAName">Írjon be egy nevet</string>
  <string name="pref_title_t9Search">T9 keresési beállítások</string>
  <string name="pref_summary_t9Search">Speciális beállítások (táblagépekhez, T9-mód beállítások)</string>
  <string name="pref_title_matchingAnywhere">Szavak egyezése bárhol</string>
  <string name="pref_summary_matchingAnywhere">\"WTT\" megegyezik \"dW conTacTs\"</string>
  <string name="pref_title_matchingPart">A pontos kifejezés egyezése</string>
  <string name="pref_summary_matchingPart">\"NTA\" megegyezik \"dw coNTActs\"</string>
  <string name="pref_title_matchingFirstLetter">Első betű egyezése</string>
  <string name="pref_summary_matchingFirstLetter">\"DCO\" megegyezik \"Dw COntacts\"</string>
  <string name="pref_title_sortByDegreeOfMatch">Rendezés az egyezés mértéke szerint</string>
  <string name="menu_copyToClipboard">Másolás a vágólapra</string>
  <string name="menu_createEvent">Esemény létrehozása</string>
  <string name="useLimitFeaturePrompt">Ezt a lehetőséget csak %d alkalommal használhatod a FREE verzióban.</string>
  <string name="pref_title_appointmentSettings">Emlékeztetők beállításai</string>
  <string name="pref_title_defaultAppointmentText">Alapértelmezett találkozó szöveg</string>
  <string name="pref_summary_defaultAppointmentText">Szöveg hozzáadása, ami a név és szám előtt fog megjelenni</string>
  <string name="pref_default_defaultAppointmentText">Hívás időtartam</string>
  <string name="titlesList">Munkakörök</string>
  <string name="eventsList">Események</string>
  <string name="pref_title_showInContactList">Megjelenítendő elemek</string>
  <string-array name="pref_entries_showInContactList">
    <item>Számok</item>
    <item>Szervezet</item>
    <item>Munkakör</item>
    <item>Csoportok</item>
    <item>Fiók ikon</item>
    <item>Kapcsolat képek</item>
    <item>E-mail gomb</item>
    <item>SMS gomb</item>
    <item>Tárcsázó gomb</item>
    <item>Megjegyzések</item>
  </string-array>
  <string name="pref_title_colorForGroups">Háttérszín - csoportok</string>
  <string name="pref_title_colorForOrganization">Háttérszín - szervezetek</string>
  <string name="pref_title_colorForTitle">Háttérszín - munkakörök</string>
  <string name="pref_title_fontSize2">Betűméret (2. sor)</string>
  <string name="pref_title_fontSize3">Betűméret (3. sor)</string>
  <string name="pref_title_useNumberSearch">Számok használata keresésnél</string>
  <string name="pref_summary_useNumberSearch">Ha be van kapcsolva, a számok között is keres</string>
  <string name="noEmailAddress">Nincs E-mail cím</string>
  <string name="pref_title_showCallLogOnPhone">Mutassa a híváselőzményeket.</string>
  <string name="listTotalCallHistory">Megjelenítve  %1$d hívás / gyakoriság %2$s</string>
  <string name="pref_title_showContactsOnPhoneStart">A kontaktok megjelenítése az alkalmazás elindításakor</string>
  <string name="pref_summary_showContactsOnPhoneStart">Valamennyi kontakt feltüntetése lista formában</string>
  <string name="listTotalCallLog">Megjelenítve %d különböző hívószám</string>
  <string name="upcoming">Bejövő hívás</string>
  <string name="pref_title_phoneSettings">Telefon beállítások</string>
  <string name="pref_title_mergeCallLog">Hívásnaplózás egyesítése</string>
  <string name="pref_title_showCounterOnMergedCallLog">Konferencia hívás adatok</string>
  <string name="pref_summary_showCounterOnMergedCallLog">Ha engedélyezi akkor láthatja, hogy hányszor hívta a számot</string>
  <string name="pref_title_groupCallLogByDate">Híváslistát dátum szerint csoportosít</string>
  <string name="pref_summary_groupCallLogByDate">Ha engedélyezi akkor csoprtosítani tudja a híváslistákat dátum alapján</string>
  <string name="pref_title_limitCallLogOnXDays">Hívásnapló korlátozása %s napra</string>
  <string name="pref_summary_limitCallLogOnXDays">Hívásnapló korlátozása %s napra (0 = mind megmutatása)</string>
  <string name="pref_message_0toShowAllDays">0 - minden napot mutat</string>
  <string name="pref_message_0toShowAllItems">0 - minden elemet mutat</string>
  <string name="pref_title_useOrgSearch">Szervezet használata a keresés során</string>
  <string name="pref_title_matchingSkipWord">Szó kihagyásának megengedése</string>
  <string name="pref_summary_matchingSkipWord">\"DPH\" megegyezik \"Dw contacts &amp; PHone\"</string>
  <string name="pref_title_matchingSkipSpace">Szünetjel karakter engedélyezése</string>
  <string name="pref_title_globalSettings">Általános beállítások</string>
  <string name="pref_title_registrationStates">Állapot: %s</string>
  <string name="pref_summary_registrationStates">Ez a verzió %1$s, az eszköz sorozatszáma: %2$s</string>
  <string name="registered">Regisztrált</string>
  <string name="unregistered">Nem regisztrált</string>
  <string name="pref_title_onlineRegistrationCheck">Online regisztráció ellenőrzése</string>
  <string name="pref_summary_onlineRegistrationCheck">Ellenőrzi, hogy a készülék nincs-e regisztrálva (internet kapcsolat szükséges).</string>
  <string name="pref_title_registration">Regisztráció</string>
  <string name="pref_summary_registration">Bővített funkciók engedélyezése, hirdetések eltávolítása</string>
  <string name="pref_summary_showContactsWithPhoneNumber">Ha nem aktív az opció akkor a kapcsolatok beállításainál megadott mód szerint. (Általános beállítások)</string>
  <string name="pref_title_historyViewSettings">Előzmények nézet beállításai</string>
  <string-array name="pref_entries_dialerPadTone">
    <item>DTMF hang</item>
    <item>Kattanás</item>
    <item>Ki</item>
  </string-array>
  <string name="pref_title_limitNumberTitleToXChar">Telefonszám hossza</string>
  <string name="pref_summary_limitNumberTitleToXChar">Nullára állítás: a kapcsolatok jellegének a teljes hosszát mutatja.</string>
  <string name="pref_title_supportForum">Támogatási fórum</string>
  <string name="pref_title_textColor">Szöveg színe</string>
  <string name="historyList">Előzmény</string>
  <string name="startProVerPrompt">Pro verzió észlelve. Elindítsam?</string>
  <string name="pref_title_selectedBackgroundColor">Lenyomott gomb háttérszíne</string>
  <string name="pref_title_dialpadThemeSettings">Tárcsázó beállítások</string>
  <string name="pref_title_globalThemeSettings">Téma beállítások</string>
  <string name="pref_title_showAlwaysAddIcon">Folymatosan mutassa a "hozzáadás" gombot</string>
  <string name="pref_summary_showAlwaysAddIcon">Ha aktív akkor megjelenít egy "+" jelet az első sorban ahol kapcsolatot lehet hozzáadni.</string>
  <string name="pref_title_eventGreetingText">Esemény üdvözlő szövege</string>
  <string name="pref_default_eventGreetingText">Üdvözlet??? A legjobbakat kívánom........</string>
  <string name="pref_title_eventGreetingSubject">Eseménynél az üdvözlés jellege</string>
  <string name="pref_summary_eventGreetingSubject">Csak akkor használatos ha az üdvözlés e-mail-ben történik</string>
  <string name="pref_message_eventGreetingText">Számos variáció szerint használható. "???" a kontakt\ok teljes nevével, "??F" vezetéknévvel "??F" keresztnévvel;
"??N" becenévvel; "??A" életkor megnevezésével; "??E" esemény megadásával</string>
  <string name="pref_default_eventGreetingSubject">Üdvözlet ??A\'th ??E</string>
  <string name="menu_sendGreetingSMSToContact">SMS/MMs küldése valamilyen esemény alkalmából</string>
  <string name="menu_sendGreetingEmailToContact">E-mail küldése valamilyen esemény alkalmából</string>
  <string name="pref_title_storeSendSMSToSystemDB">Elküldött SMS-ek/MMS-ek adatbázisban tárolása</string>
  <string name="pref_summary_storeSendSMSToSystemDB">Ha be van kapcsolva, az elküldött SMS-ek/MMS-ek a rendszerben tárolódnak</string>
  <!-- 	<string name="pref_title_backgroundImage">Background image</string> -->
  <!-- 	<string name="pref_summary_backgroundImageEn">If you use background image, the background color can be used simultaneously as color filter</string> -->
  <string name="pref_title_textColorSecond">Szövegrész 2+3 vonalban</string>
  <string name="pref_title_textColorLabel">Szövegrész feltüntetése három részben</string>
  <string name="pref_summary_textColorLabel">Szövegrészek színe kiemelt csoportoknak, szervezeteknek</string>
  <string name="pref_title_backgroundListSectionColor">Háttér színe</string>
  <string name="pref_title_textListSectionColor">Szövegrész színe</string>
  <string name="pref_title_showAlphabetListSection">Mutassa "ABC"-sorrendben</string>
  <string name="pref_title_fontSizeforDigits">Karakterméret számoknál</string>
  <string name="pref_title_fontSizeforLetters">Karakterméret betűknél</string>
  <string name="pref_title_dialpadIconsArrangement">Tárcsázó ikonok elrendezése</string>
  <string-array name="pref_entries_dialpadIconsArrangement">
    <item>Hívás/Bevitel/Törlés</item>
    <item>Törlés/Bevitel/Hívás</item>
    <item>Bevitel/Törlés/Hívás</item>
  </string-array>
  <!-- 	quick jump to alphabetic listcreate new contact -->
  <string name="menu_quickJump">Gyors-ugrás</string>
  <string-array name="pref_entries_hideTab">
    <item>Bekapcsolás</item>
    <item>Kikapcsolás</item>
    <item>Automatikus mód</item>
  </string-array>
  <string name="pref_title_backgroundColorQuickJump">Gyors-ugrás gomb háttérszíne</string>
  <string name="pref_title_textColorQuickJump">Gyors-ugrás gomb szövegszíne</string>
  <string name="pref_title_disableSlideSwitchingTabs">Fülek közti váltás kikapcsolása</string>
  <string name="pref_title_showNumberKeyboardOnDialpad">Szám billentyűzet megjelenítése</string>
  <string name="pref_summary_showNumberKeyboardOnDialpad">Letiltás esetén csak a beviteli dobozt, a hívás és törlés ikonokat mutatja (hasznos, ha hardver kulcsok segítségével akar tárcsázni)</string>
  <string name="pref_title_dialpadToFullWidth">Tárcsázó igazítása teljes szélességre</string>
  <string name="pref_summary_dialpadToFullWidth">Fekvő nézetben a  teljes képernyő szélességében látszódik a tárcsázó, egyéb esetben a jobb szélre igazítva</string>
  <string name="pref_title_smsSignature">SMS/MMS aláírás</string>
  <string name="pref_summary_smsSignature">Az aláírás hozzáadása az üzenetek végére minden esetben</string>
  <!-- 2.0.7 -->
  <string name="pref_title_languageForT9">T9 keresés nyelve</string>
  <string name="pref_summary_languageForT9">Felveheti extra nyelveket, amelyeket a T9-keresőben szeretne használni</string>
  <string name="pref_title_quickJumpAlignment">Gyors ugrás igazítás</string>
  <string-array name="pref_entries_quickJumpAlignment">
    <item>Fel</item>
    <item>Középre</item>
    <item>Le</item>
  </string-array>
  <string name="menu_gridView">Rács nézet</string>
  <string name="menu_listView">Lista nézet</string>
  <string name="pref_title_gridViewSettings">Rács nézet beállítások</string>
  <string name="pref_title_gridViewSize">Rács méret</string>
  <string name="pref_title_lockGridSize">Rács méret zárolása</string>
  <string name="pref_summary_lockGridSize">Ha ez zárolt, akkor a gyors ugrást két ujjas csúsztatással lehet ismét használni</string>
  <string name="pref_title_phoneDialpadHeight">Telefon tárcsázó magassága</string>
  <string name="pref_title_moreSettings">Részletes nézet beállítások</string>
  <string name="pref_summary_moreSettings">Részletesebb beállítások minden egyes lap nézethez</string>
  <string name="pref_title_displayNameBelowThePicture">Név megjelenítése a kép alatt</string>
  <string name="menu_exportContactPicture">Kapcsolat kép exportálása</string>
  <string name="toast_saveFailed">Sikertelen mentés!</string>
  <string name="toast_saveSuccessfully">Sikeresen elmentve ide: %s</string>
  <string name="callConfirm">Tárcsázás megerősítése</string>
  <string name="pref_summary_callConfirm">Ha engedélyezve van, jóváhagyó ablakok jelennek meg tárcsázás előtt</string>
  <string name="pref_title_automaticConfirmationDelay">Automatikus megerősítés késleltetése</string>
  <!-- It is an option to set a time for the control [Dialing confirmation] dialog.
     At the end of the counter automatically close [Dialing confirmation] dialog. -->
  <string name="pref_title_automaticCancelDelay">Automatikus elutasítás késleltetése</string>
  <string name="pref_summary_automaticConfirmationDelay">A képernyő tetszőleges érintésekor a visszaszámlálás folyamata leáll</string>
  <string name="pref_title_picturePositionOnRight">Kép a jobb oldalon</string>
  <string name="updateCheck">Frissítés ellenőrzése</string>
  <string name="noUpdates">Nincs rendelkezésre álló frissítés</string>
  <string name="download">Letöltés</string>
  <string name="pref_title_globalIconSize">Egységes ikonméret</string>
  <string name="pref_summary_globalIconSize">Beállítja valamennyi ikon szélességét: hívásgomb/vissza gomb a tárcsázóban, hívás, SMS, email,képek
</string>
  <string name="pref_title_backKeyHideDailpad">A "vissza" gomb elrejti a tárcsázót</string>
  <string name="pref_summary_backKeyHideDailpad">Ha nincs aktiválva akkor a telefon "vissza" gombjával bezárjuk az alkalmazást. Ellenkező esetben elrejti a tárcsázót.</string>
  <string name="pref_title_hapticFeedbackVibration">Billentyű vibráció bekapcsolása</string>
  <string name="pref_title_hapticFeedbackStrength">Billentyűzet lenyomásakor a vibráció időtartamának beállítása</string>
  <string name="pref_title_limitCallLogOnXitems">Híváslita feltüntetése  max. %s hívás értékig.</string>
  <string name="pref_summary_limitCallLogOnXitems">Korlátozza a hívásnaplót %s elemre (0 = korlátlan)</string>
  <string name="pref_title_dividerLineColor">Az osztások, a felosztó vonalak színe</string>
  <string name="menu_quickDial">Gyorshívás</string>
  <string name="buying_tips_in_free">Használhatod a Google Play-t, hogy megvedd a PRO verziót. </string>
  <string name="buying_channel_registration">Regisztrált verzió letöltése.</string>
  <string name="buying_channel_registration_summary">A linkre kattintva letöltheti az alkalmazást, újabb klikkel elindítja a telepítést. A telepítés után, elindítva a programot kövesse a regisztráció megadott lépéseit.</string>
  <string name="pref_title_buyAdvancedVersion">Támogatott verzió megvásárlása
</string>
  <string name="freeVersionFound">Ingyenes verzió található az ön rendszerén.</string>
  <string name="uninstallFreeVersionPrompt">Javasoljuk, hogy törölje az ingyenes verziót és használja a regisztrált programot. (Pro) Az eltávolítás előtt érdemes biztonsági másolatot készíteni  az adatairól, mely opció a menüből érhető el. Ezek után telepítse csak a Pro verziót. El kívánja távolítani az ingyenes verziót?</string>
  <string name="pref_title_copySerialNum">Telefon szériaszámának vágólapra másolása.</string>
  <string name="askToCheckRegistrationCode">Regisztrációs kód nem érvényes vagy nem lett regisztrálva. Ellenőrzi a regisztrációs kódot?</string>
  <string name="deleteContactConfirmation">Kapcsolatok  \"%s\" kerül törlésre.</string>
  <string name="enable">Engedélyez</string>
  <string name="allIncomingCalls">Összes bejövő hívás</string>
  <string name="anonymousIncomingCalls">Névtelen bejövő hívás</string>
  <string name="anonymousIncomingCallsSummary">Hívásnál nem küldi el a hívó telefonszámát</string>
  <string name="automaticGroups">Automatikus csoportok</string>
  <string name="pref_title_dialPrefix">Tárcsázási előtag megadása</string>
  <string name="pref_summary_dialPrefix">Ha megad egy előtagot/beszúrást, akkor extra menüt kap tárcsázásnál ha hosszan nyomja a hívó gombot</string>
  <string name="pref_title_dialSuffix">Tárcsázásnál utólag megadása</string>
  <string name="pref_summary_dialSuffix">Ha megad egy utótagot/toldalékot, akkor extra menüt kap tárcsázásnál ha hosszan nyomja a hívó gombot</string>
  <string name="pref_title_quickDialLimit">Gyorstárcsázó limit</string>
  <string name="pref_title_languageForT9Keyboard">T9-billenytyűzet nyelvének beállítása</string>
  <string name="pref_summary_languageForT9Keyboard">T9 tárcsázó nyelvének beállítása</string>
  <string name="callFilterAction">Végrehajtás</string>
  <string-array name="callFilterActions">
    <item>Hívásszűrés</item>
    <item>Engedélyez</item>
    <item>Csend</item>
  </string-array>
  <string name="callFilterType">Szűrő típusa</string>
  <string-array name="callFilterTypes">
    <item>Csoport szűrő</item>
    <item>Telefonszám szűrő</item>
    <item>Mostanában hívott telefonszám</item>
  </string-array>
  <string-array name="callFilterTypesHint">
    <item>Szűréshez válasszon csoportot</item>
    <item>Szűrni kívánt hívószám bevitele</item>
    <item>Válassza ki az érvényes időtartamot!</item>
  </string-array>
  <string name="ruleEditor">Szabály létrehozása, szerkesztése</string>
  <string name="label">Címke</string>
  <string name="numberFilterExplain">* = bármely jel, ? = bármely karakter</string>
  <string name="effectiveTimeOfTheRule">"Alkalmazva %1$s -tól  %2$s" -ig.</string>
  <string name="menu_viewRelatedContacts">Kapcsolódó kontakt megjelenítése</string>
  <string name="title_selectNumbers">Számok kiválasztása</string>
  <string name="title_selectEmailAddresses">E-mail cím kiválasztása</string>
  <string name="pref_title_lockView">Lezárni a "nézet" változtatásai opciót</string>
  <string name="pref_summary_lockView">Két-ujjas zoom-mal megtekinteni az elemeket</string>
  <string name="selectedNumberOfContacts">Kiválasztva %d százaléka a kontaktoknak</string>
  <string name="selectedNumberOfEmailAddresses">%d cím kiválasztva. Kattintson a vágólapra másoláshoz.</string>
  <string name="selectedNumberOfPhoneNumbers">Kiválasztva  %d százaléka a telefonszámoknak</string>
  <!-- 2.1.1 -->
  <string name="pref_title_nameFieldToShow">Mutassa a név mezőt</string>
  <string name="pref_summary_nameFieldToShow">Csak akkor aktív ha a "mutassa a kapcsolatokat mint" menüpont nem alapértelmezett</string>
  <string-array name="pref_entries_nameField">
    <item>Keresztnév</item>
    <item>Családi név</item>
    <item>Középső név</item>
    <item>Különleges előnév </item>
    <item>Különleges utónév/rag</item>
    <item>Keresztnév fonetikus írása</item>
    <item>Vezetéknév (fonetikus)</item>
    <item>Középső név (fonetikus)</item>
  </string-array>
  <string name="pref_title_showMatchFirstLetterResultsFirst">Mutassa a keresett betűnek megfelelő találatokat először</string>
  <string name="pref_title_clickTheActions">Kattintás engedélyezése</string>
  <string name="pref_summary_clickTheActions">Engedélyezett akció kattintás esetén</string>
  <string name="pref_summary_clickListIconActions">Akció amikor a kontakt ikonra kattint listanézetben</string>
  <string name="action_viewItemAuto">Elem megtekintése (automatikus kontakt vagy előzmények)</string>
  <string name="action_viewContactDetails">Mutassa a kapcsolatok részleteit</string>
  <string name="action_selectNumberToCall">Válassza ki a hívni kívánt számot</string>
  <string name="action_viewContactHistory">Mutassa a kontakt híváselőzményeit</string>
  <string name="action_viewQuickContactBadge">Mutass a gyorshívó kontakt jelét</string>
  <string name="action_callCurrentNumber">Aktuális szám hívása</string>
  <string name="action_callDefaultNumber">Alapértelmezett szám hívása</string>
  <string name="action_sendMessageToCurrentNumber">SMS/MMS küldése az aktuális számra</string>
  <string name="action_sendMessageToDefaultNumber">SMS/MMS küldése az alapértelmezettnek jelölt számra</string>
  <string name="pref_title_clickIconActions">Kattintása az ikonra akció</string>
  <string name="pref_summary_clickIconActions">Akció amikor a kontakt ikonra kattint rácsnézetben</string>
  <string name="pref_title_lockWindowPosition">Ablak elhelyezkedédének zárolása</string>
  <string name="pref_summary_lockWindowPosition">Amennyiben nem "elhúzással" akarja eltávolítani</string>
  <string name="pref_title_showCallerLocation">Adjon információt a hívó tartozkodási helyéről</string>
  <string name="downloadPluginPrompt">Egy beépülő programot (plug-in) szükséges letöltenie. Letölti most?</string>
  <string name="Default">Alapértelmezett</string>
  <string name="pref_title_searchCallLog">Keresés hívásnaplóban</string>
  <string name="pref_summary_searchCallLog">A megtekintéshez szükséges megnyitni a "mutassa a híváselőzményeket a telefonon"</string>
  <string name="menu_shareContacts">Kapcsolatok megosztása</string>
  <string name="font_size">Betűméret</string>
  <string name="show_call_log_filter">Mutassa a híváselőzményeket</string>
  <string name="hide_call_log_filter">Híváselőzmények elrejtése</string>
  <string name="prompt_in_sms_tab">Mutassa  az elküldött üzeneteknél a "Sent to the group by DW Contacts" feliratot</string>
  <string name="pref_title_exitWhenCallEnds">Kilépés a hívás befejeztével.</string>
  <string name="pref_title_residesInMemory">Memóriában marad</string>
  <string name="pref_summary_residesInMemory">A DW Contacts alkalmazás a memóriában marad huzamosabb ideig.(Android nem zárja be)</string>
  <!-- Header that expands to list all of the types of settings -->
  <string name="optionsLabelsGroup">Beállítások</string>
  <string name="pref_summary_textColorForSecondT9Languare">A második T9-nyelv színe</string>
  <string name="pref_title_enableDualcardSuppout">Duál SIM-kártya támogatás aktiválása</string>
  <!-- 联系人详细信息 -->
  <string name="detailsList">Részletek</string>
  <string name="pref_title_minimumHeightOfListItem">Minimum magassága a lista csoportoknak.</string>
  <string name="loading">Betöltés...</string>
  <string name="pref_title_displayWhenDialing">Telefonálás közben aktív marad a képernyő</string>
  <string name="pref_title_usingMoreDetailedListSection">Mutasson több részletet a lista csoportoknál</string>
  <string name="pref_summary_usingMoreDetailedListSection">Mutassa a "gyorshíváshoz" szükséges betű karaktereket</string>
  <string name="desktop_widget_limit_messages">A FREE verzióban csak desktop widgetet tud létrehozni</string>
  <string name="label_customField">Saját mezők létrehozása</string>
  <string name="menu_otherContactViewer">Egyéb kapcsolatok megtekintése</string>
  <string name="pref_title_hideStatistics">Rejtse el a statisztikát.</string>
  <string name="pref_title_backupTheme">Téma biztonsági másolatának létrehozása</string>
  <string name="pref_title_restoreTheme">Téma biztonsági másolatának visszaállítása</string>
  <string name="appwidget_titleText">Cím</string>
  <string name="appwidget_summary_selectGroup">Válasszon kontakt csoportot</string>
  <string name="iconSize">Ikonok mérete</string>
  <string name="widgetConfiguration">Widgetek beállítása</string>
  <string name="pref_title_iconNumberOfColumns">Ikon oszlopok száma</string>
  <string name="pref_summary_iconNumberOfColumns">0 karakter automatikus igazítása</string>
  <string name="tips_contactAppWidget">Kattints a widget felületére a beállításokhoz</string>
  <string name="pref_title_nameLines">Kapcsolatoknál hány sor látszódjék</string>
  <string name="pref_summary_nameLines">0 = név elrejtése</string>
  <string name="menu_deleteTheShownCallLog">Megtekintett híváselőzmények törlése</string>
  <string-array name="pref_entries_contactListSearchOptions">
    <item>Keresés valamennyi mezőben</item>
    <item>Keresés valamennyi kapcsolat között</item>
    <item>Keresés az általános címlistában</item>
  </string-array>
  <string name="pref_title_defaultContactIcon">Alapértelmezett kapcsolat ikon</string>
  <string name="pref_title_defaultGroupIcon">Alapértelmezett csoport ikon</string>
  <string name="prompt_restoreDefaultSettings">Bizonsági másolat készítése erősen javasolt! Elkészíti most?</string>
  <string name="pref_title_interceptCallsEvenDuringCall">Hívások blokkolása telefonálás közben</string>
  <string name="pref_summary_interceptCallsEvenDuringCall">A bejövő hívások blokkolását jelentheti</string>
  <string name="pref_title_displayPromptWhenCallBlocked">Mutassa a blokkolt hívásokat</string>
  <!-- Call Statistics -->
  <string name="call_statistics">Hívás statisztika</string>
  <string name="freeNumbersManager">Ingyenesen hívható számok kezelése</string>
  <string name="tab_call_statistics">Statisztika</string>
  <string name="call_type_incoming">Bejövő</string>
  <string name="call_type_outgoing">Kimenő</string>
  <string name="call_type_missed">Nem fogadott</string>
  <string name="call_type_blocked">Blokkolva</string>
  <string name="call_type_all">Összes</string>
  <string name="call_duration">Időtartam</string>
  <string name="call_duration_minute">Minimális költség</string>
  <string name="call_count">Végösszeg</string>
  <string name="call_statistics_time_billingCycle">Fizetési ciklus</string>
  <string name="call_statistics_time_thisMonth">Aktuális hónap</string>
  <string name="call_statistics_time_thisWeek">Jelenlegi hét</string>
  <string name="call_statistics_time_all">Teljes időszak</string>
  <string name="pref_title_startDayOfBillingCycle">Számlázási ciklus első napja</string>
  <string name="pref_title_missedCallsTextColor">Nem fogadott hívások szövegének színe</string>
  <string name="pref_summary_unansweredOutgoingCallsTextColor">Nem fogadott kimenő hívás</string>
  <string name="pref_title_freeMonthlyTalkTime">Havi beszédidő</string>
  <string name="pref_title_freeIncomingCalls">Ingyenes bejövő hívások</string>
  <string name="pref_title_costWarning">Figyelmeztetés a számla túllépésre</string>
  <string name="pref_summary_costWarning">Riasztás a szabadon lebeszélhető időszak elteltével</string>
  <string name="prompt_freeTalkTimeIsOver">Az ingyenes beszélgetési időszak vége !</string>
  <string name="prompt_remainingFreeTalkTimer">Hátralévő ingyenes beszélgetési időszak: %1$d perc; napi %2$d perc.</string>
  <string name="pref_title_showGroupSContactsCount">Mutassa csoportok kontaktjainak a számát</string>
  <string name="pref_summary_showGroupSContactsCount">Megnyitása befolyásolhatja a kontaktlista betöltődésének a sebességét</string>
  <string name="pref_title_contactPictureZoomMode">Kontakthoz rendelt kép zoom módban</string>
  <string-array name="pref_entries_contactPictureZoomMode">
    <item>Középen</item>
    <item>Középre igazítás (vágással)</item>
    <item>Teljes középre igazítás</item>
    <item>Középre állítás</item>
    <item>Igazítás X.Y.</item>
  </string-array>
  <string name="get_online_help">Kérjen segítséget on line.</string>
  <string name="error_report">Hiba visszajelzés.</string>
  <string name="hasNoPhoneNumberContacts">Telefonszámmal nem rendelkező névjegyek</string>
  <string name="pref_title_minimumBillableTime">Minimális fizetési idő intervallum</string>
  <string name="pref_summary_minimumBillableTime">A pillnatnyi beállítás %s másodperc. </string>
  <string name="menu_showSidebar">Oldalsáv megjelenítése</string>
  <string name="menu_hidesidebar">Oldalsáv elrejtése</string>
  <string name="SIMCard1">1. SIM kártya</string>
  <string name="SIMCard2">2. SIM kártya</string>
  <string name="sim_card_office">Munka</string>
  <string name="sim_card_home">Otthon</string>
  <string name="sim_card_call">Hívás</string>
  <string name="sim_card_internet">Internet</string>
  <string name="sim_card_heart">Kedvesem</string>
  <string name="lable_sim_card_name">Név:</string>
  <string name="lable_sim_card_icon">Ikon:</string>
  <string name="defaultSIMcard">Alapértelmezett SIM kártya</string>
  <string name="prompt_inFirstUseDialer">Segélyhívás a szolgáltató függvényében, kérjük ellenőrizze le, hogy működik-e.</string>
  <string name="pref_title_enableBackgroundDataLoading">Háttéradatok betöltésének engedélyezése</string>
  <string name="pref_summary_enableBackgroundDataLoading">Engedélyezve javítja az alkalmazás sebességét, gyorsabb válaszidőt nyer.
Azonban az akkumulátor üzemideje csökken.</string>
  <string name="pref_title_scaleToFitTheScreen">A képernyő igazításának mértéke.</string>
  <string name="pref_summary_scaleToFitTheScreen">Automatikusan méretre szabja a rácsnézetet a képernyőhőz igazítva</string>
  <string name="pref_summary_whenPortraitMode">Portré mód</string>
  <string name="pref_summary_whenTheSidebarIsOpen">Portré oldalsáv mód</string>
  <string name="pref_summary_whenInLandscapeMode">Fekvőképernyős mód</string>
  <string name="pref_summary_whenInLandscapeModeAndTheSidebarIsOpen">Fekvőképernyő oldalsáv mód</string>
  <string name="pref_title_usingMoreDetailedFastScroller">Gyorsabb görgetésnél több részlet mutatása</string>
  <string name="pref_title_contactFields">Kapcsolatok (kontaktok) mező</string>
  <string name="pref_summary_informationNeedSendToCalendar">Válasssza ki az információt melyet a naptár felhasználhat</string>
  <string-array name="pref_entriesNeedSendToCalendar">
    <item>Szervezet</item>
    <item>Cím</item>
    <item>Telefon</item>
    <item>E-mail</item>
    <item>Megjegyzések</item>
  </string-array>
  <string name="menu_addConsecutiveNumbers">Használjon egymást követő számokat</string>
  <string name="startingNumber">Kezdő szám</string>
  <string name="endingNumber">Befejező szám</string>
  <string name="prompt_ALotOfNumbersToAddToContact">Az új kapcsolatok  %d százaléka hozzáadva a kapcsolatokhoz. Folyamatban...</string>
  <string name="prompt_numberParsingErrorInaddConsecutiveNumbers">Szám formátum hiba!Kérjük ne vigyen fel megváltoztatott számot.</string>
  <string name="prompt_needToAddNumbersTooMuch">A  %d szám hozzáadódik a kontakthoz. Túl sok szám hozzárendelése kihathat az alkalmazás sebességére.</string>
  <string name="prompt_addConsecutiveNumbers_accountDoesNotSupport">A kontakthoz nem rendelhető hozzá több telefonszám.</string>
  <string name="pref_title_usingHDContactPicture">Kontakt képek HD-minőségben</string>
  <string name="pref_title_linksInNotes">Megjegyzéseknél linkek engedélyezése</string>
  <string name="pref_summary_linksInNotes">Engedélyezése esetén weboldalak, utcák, telefonszámok "kattinthatóak" lesznek</string>
  <string name="pref_title_enableInCallWidget">Engedélyezni a bejövő hívás modult (widget)</string>
  <string name="pref_title_delayToClose">A hívás utáni zárás késleltetésének engedélyezése</string>
  <string name="pref_summary_delayToCloseInCallWidget">A hívás befejezte után  %ds később zárja be a bejövő hívás modult. (widget)</string>
  <string name="pref_title_closeWhenOffhook">Zárja be mikor nem jön létre a kapcsolat</string>
  <string name="pref_summary_closeWhenOffhook">Zárja be a bejövő hívás modult (widget) a hívás fogadásánál</string>
  <string name="pref_summary_informationNeedShowInInCallWidget">Válassza ki az információt mely a bejövő hívás modulban (widget) megjelenik</string>
  <string name="last_contact_time">Utolsó hívás ideje</string>
  <string name="contact_pictures">Kapcsolat fényképek</string>
  <string name="menu_importToQuickdialList">Importálja a gyorshívó listába</string>
  <string name="confirm_importToQuickdialList">Fontos! Az importált adatok felülírják az eredeti adatokat.</string>
  <string name="toast_importToQuickdialListSuccessfully">A telefonszámok %d importálva</string>
  <string name="pref_title_frameColor">Keret színe</string>
  <string name="pref_title_hideDefaultIcon">Alapértelmezett ikon elrejtése</string>
  <string name="pref_summary_hideDefaultIcon">Alapértelmezett ikon elrejtése listanézetben.</string>
  <string name="pref_title_showInTheSidebar">Mutatás az oldalsávon</string>
  <string name="pref_summary_showInTheSidebar">Oldalsávon megjelenítendő elemek kiválasztása</string>
  <string-array name="pref_entries_showInTheSidebar">
    <item>Csoportok</item>
    <item>Szervezetek</item>
    <item>Munkakörök</item>
  </string-array>
  <string name="menu_addToQuickdialList">Hozzáadás a gyorstárcsázó listához</string>
  <string name="toast_theNumberHasNeenAdded">Szám hozzáadva.</string>
  <string name="pref_title_fontSizeSidebar">Betűméret (oldalsáv)</string>
  <!-- 	<string name="hour">Hour</string> -->
  <string name="contactedLastXHours">Kapcsolatok létrejötte az elmúlt %s órában</string>
  <!-- 	选中的邮件地址已经复制到剪贴板。您可以将它粘贴到邮件程序的地址字段 -->
  <string name="toast_selectedEmailAddressCopied">A kiválasztott e-mail cím másolásra került, be tudja illeszteni a levelező program címzett mezőbe.</string>
  <string name="pref_title_backUpAllData">Minden adat mentése</string>
  <!-- 	由于数据库的更新。还原数据可能导致组铃声、组图片和防火墙工作不正常。请检查它们在恢复数据后。 -->
  <string name="pref_summary_backUpAllData">Az adatbázis frissítése óta. Az adatok visszaállítása esetén előfordulhat, hogy a nem működnek megfelelően az alábbi opciók:  beállított csoportos csengőhang, csoportképek és a hívásszűrés. Kérjük ellenőrizze és szükség esetén állítsa be újra.</string>
  <!-- 	注意这不会备份联系人数据库。 -->
  <string name="warning_notBackUpContactsDatabase">Fontos: ez az opció nem készít biztonsági másolatot a kapcsolatok adatbázisról.</string>
  <string name="pref_title_restoreAllData">Minden adat visszaállítása</string>
  <string name="toast_backedSuccessfully">Biztonsági másolat elkészült  %s arányban.</string>
  <string name="toast_backedFailed">Biztonsági másolat elkészítése  nem sikerült. Kérjük győződjön meg a backup file helyes elérési adatairól.</string>
  <string name="toast_restorSuccessfully">A biztonsági másolat sikeresen visszaállítva %s arányban.</string>
  <string name="toast_restorFailed">Biztonsági másolat visszaállítása nem sikerült. Kérjük győződjön meg a backup file helyes elérési adatairól.</string>
  <string name="close">Bezár</string>
  <string name="minimize">Kicsinyítés</string>
  <string name="maximize">Nagyítás</string>
  <string name="call">"Hívás"</string>
  <string name="toast_notSuppouteditingNotes">Ezen kapcsolathoz nem lehetséges megjegyzéseket hozzáadni</string>
  <!-- An option in the event notification settings, open it automatically sends the blessing SMS comes in contact events. -->
  <string name="pref_title_automaticallySendGreetingsSMS">Üdvözlő SMS-ek automatikus küldése.</string>
  <!-- 	注意发送消息时您不会得到通知，发送时间为事件当天的[通知时间]。 -->
  <string name="pref_summary_automaticallySendGreetingsSMS">Vegye figyelembe, hogy üzenetküldéskor nem kap értesítést! A küldés napja az esemény napja [Emlékeztető időpont]</string>
  <!-- Prompt message before you delete a call log. -->
  <string name="prompt_deleteCallLog">Vegye figyelembe, hogy a hívási adatok törlése befolyásolja a hívási statisztikákat!</string>
  <!--
    Dispaly in [In call Widget]
    Example:
    The last contact time: 5 days ago。 -->
  <string name="in_call_lastContactTime">Utolsó hívás időtartama: %s</string>
  <string name="recommendToFriends">Javasolja a barátainak a programot.</string>
  <string name="filterMode">Szűrő mód.</string>
  <!-- 	Show contacts filter Details Grp = Group; Com = Company; Tit = Title -->
  <string name="contactsFilterSummary">Szűrés: Grp: %1$s Com: %2$s Tit: %3$s</string>
  <string name="pref_title_largeDialButton">Nagy hívógombok.</string>
  <!-- 	显示在联系人组编辑器，为编辑的组设置父组 -->
  <string name="parentGroup">Főcsoport.</string>
  <string name="pref_title_formatPhoneNumber">Telefonszám megadása.</string>
  <string name="menu_viewSelectedContacts">Mutassa a kiválasztott neveket</string>
  <string name="filter_status_all">Mind</string>
  <string name="pref_title_enableSlidingAction">Lapozás ujjhúzással engedélyezve</string>
  <!-- 	启用滑动拨号等等，关闭它以便使用滑动切换号码。 -->
  <string name="pref_summary_enableSlidingAction">Tárcsázás név végigsimításával
Engedélyezett állapotban, ha balra húzza az ujját a névlista egyik elemén, akkor SMS-t küld, ha jobbra, akkor tárcsázza az illető  fő telefonszámát, kikapcsolt állapotban ugyanezzel az adott kontakt telefonszámai között válthat.</string>
  <!-- Click Open browser to select files or other data -->
  <string name="browse">Böngészés</string>
  <string name="companies">Cégek</string>
  <string name="company">Cég</string>
  <string name="clear">Kiürít</string>
  <string name="other">Egyéb</string>
  <string name="voice_input">Hang bemenet</string>
  <string name="app_widget_name_dialer_3_3">DW tárcsázó 3 x 3</string>
  <string name="app_widget_name_dialer_2_3">DW tárcsázó 2 x 3</string>
  <string name="app_widget_name_dialer_4_4">DW tárcsázó 4 x 4</string>
  <string name="app_widget_name_agenda">DW napirend</string>
  <!-- 	A menu item is used to select mode grouping contacts. -->
  <string name="menu_groupBy">Csoportosítás a következők szerint:</string>
  <string name="menu_showHistory">Mutassa az előzményeket</string>
  <string name="menu_sendMessage">SMS/MMS küldése</string>
  <string name="menu_sendMail">E-mail küldése</string>
  <string name="menu_setRingtone">Csengőhang beállítása</string>
  <string name="menu_insert">Beszúrás</string>
  <string name="pref_title_disableAutomaticUpdates">Az automatikus frissítések tiltása.</string>
  <string name="pref_title_showsLinkToContactList">Mutatja a linket a névlistához</string>
  <!-- A number label, recently contacted number，It shows in the contact details SMS TAB. Number selection drop-down list. For example: Recent:12345678 -->
  <string name="recent">Legutóbbi</string>
  <string name="dialog_title_selectFieldsToShare">Válassza ki a megosztani kívánt mezőket!</string>
  <string name="pref_title_showSIMCardNumber">Mutassa a SIM kártya számot</string>
  <string name="pref_title_swapSIMCardNumber">A SIM kártya sorszámának felcserlélése</string>
  <string name="pref_summary_selectNeedToDisplayTabs">Kontakt adatok megjelenítésének opciói</string>
  <!-- 	检测到您正使用屏幕阅读程序。是否显示“电话号码选择对话框”在拨号前？ -->
  <string name="prompt_usePhoneNumberSelectionDialogWhenUseScreenReader">Érzékeli, ha képernyő olvasó programot használ Mutassa a \"telefonszám kiválasztása\" párbeszédpanelt tárcsázás előtt?</string>
  <string name="neverShowAgain">Ne mutassa többet</string>
  <!-- 	选择[确定]，“通话中小部件”将不会再次显示。 -->
  <string name="prompt_neverShowAgain">A  [%1$s] kiválasztásával a \"%2$s\" nem jelenik meg.</string>
  <string name="dualSIMCardConfiguration">Duál SIM kártya beállítás</string>
  <!-- 	如果SIM卡编号显示不正确，请先通过两个SIM卡各拨打一个电话，然后点击[重新检测]按钮。 -->
  <string name="prompt_retestSIMCardNumber">Ha a SIM kártya száma helytelen, végezzen egy-egy hívást mindkét kártyán keresztül, és utána érintse meg a [Újratesztelés] gombot!</string>
  <!-- 	重新检测 -->
  <string name="retest">Újratesztelés</string>
  <!-- 	检测已完成 -->
  <string name="toast_retestSIMCardNumberCompleted">A tesztelés véget ért.</string>
  <string name="toast_settingsHaveBeenSaved">A beállítás elmentve.</string>
  <!-- 	如果双卡功能不工作在您的设备。请尝试选择设备列表中的每一个设备，然后单击[拨号]按钮。当两个拨号按钮使用正确SIM卡拨号时，单击[保存]按钮。 -->
  <string name="prompt_dualSIMDialTest">Ha a kétkártyás üzemmód nem működik a telefonján, próbálja kiválasztani mindkét eszközt az eszközlistából majd érintse meg a tárcsázó gombot. Ha a tárcsázógombok a megfelelő SIM kártyával működnek, mentse el az állapotot!</string>
  <string name="lable_device">Eszköz:</string>
  <string name="lable_testNumber">Teszt szám</string>
  <!-- 	 An option. When you enable the exchange of the SIM card used when making calls. When the dial buttons 1 and 2 do not correspond correct SIM card to select it. -->
  <string name="swapTheDialSIMcard">SIM kártya váltása</string>
  <string name="shareMySettings">Beállításaim megosztása</string>
  <!-- 	已添加前缀/后缀（%s） -->
  <string name="toast_prefixOrSuffixHasBeenAdded">Előtagot/utótagot adott hozzá (%s)</string>
  <string name="pref_title_downloadGeocoderPlugin">Geocoder kiegészítő letöltése</string>
  <string name="menu_bindTo">A kapcsolat hozzárendelése a %s kártyához.</string>
  <string name="menu_clearBind">Hozzárendelés törlése</string>
  <string name="pref_title_twoDialOnTheDialpad">Két tárcsázógomb mutatása a tárcsázón</string>
  <string name="pref_title_twoDialInTheContactList">Két tárcsázógomb mutatása a névlistában</string>
  <!-- 	call using SIM card 1 -->
  <string name="description_dial_button_using">A(z) %s használata a híváshoz</string>
  <string name="menu_shareAsText">Minden elem megosztása szövegként</string>
  <string name="menu_shareAsvCard">Megosztás vCard-ként</string>
  <string name="noItmeSelected">Nincs kiválasztott elem</string>
  <string name="pref_title_leftHandedOperation">Balkezes elrendezés</string>
  <string name="description_goToSubGroups_button">Ugrás az alcsoportok listájára</string>
  <!-- 一个选项，当打开备注会优先保存到联系人，而不是通话记录备注 -->
  <string name="pref_title_saveNotesToContacts">Megjegyzések elmentése a kapcsolatokhoz</string>
  <string name="export_to_single_vcard_file">Exportálja EGY vCard fájlba</string>
  <string name="export_to_multiple_vcard_files">Exportálja több vCard fájlba</string>
  <string name="confirm_export_contacts_to_folder_message">A következő mappába lesznek exportálva a kapcsolatai: %s.</string>
  <!-- 读出来电显示号码 -->
  <string name="pref_title_speakCallerID">Bemondja a hívó nevét és telefonszámát</string>
  <string name="pref_title_speakOrganization">Szervezet hívásának indítása hangutasítással</string>
  <string name="pref_title_speakNumber">Hívószám megjelenítése</string>
  <string name="pref_summary_speakNumber">Ha a hívó nincs a kapcsolatok között</string>
  <string name="pref_title_repeatCount">Ismétlésszám</string>
  <string name="pref_title_repeatInterval">Ismétlési időköz</string>
  <string name="pref_title_reverseList">Lista megfordítása</string>
  <string name="pref_title_openQuickJumpOnStartup">A program indulásakor a gyorshívó megjelenítése</string>
  <!-- 搜索历史记录 - 一个开关确定是否显示搜索历史记录 -->
  <string name="pref_title_searchHistory">Keresési előzmények</string>
  <string name="menu_add_event">Esemény hozzáadása</string>
  <string name="notification_dataLoaderIsRunning">Adatok betöltése folyamatban</string>
  <string name="clickToGetMoreInformation">Több információ kattintással</string>
  <!-- 	您好，试用期限将结束在5天后。现在要购买吗？ -->
  <string name="remind_trialPeriodWillEnd">Az ingyenes időszak lejár  %d napon belül. Meg szeretné vásárolni az alkalmazást?</string>
  <string name="menu_addToBlockList">Hozzáadás a blokkolt elemekhez</string>
  <string name="menu_removeFromBlockList">Eltávolítás a blokkolt elemek közül</string>
  <string name="blockList">Blokkolt elemek</string>
  <string name="font">Betűméret</string>
  <string name="needToUpdate">Csak a teljes verzióban</string>
  <string name="disable">Letiltás</string>
  <string name="pref_title_hideContactPicture">Kapcsolat fotók   elrejtése</string>
  <string name="event_info_links_label">Kapcsolatok (linkek)</string>
  <string name="pref_title_calllogFilterAtTop">Kijelzi a \"híváslista szűrő\" gombot a képernyő tetején</string>
  <!-- A menu, click the call methods available to display. For example: SIM card 2; Video call; Skype; SIP -->
  <!-- Automatic redial after 3 seconds. -->
  <!-- Enter "Arrange mode", you can drag to sort items. -->
  <!-- An option to choose what to hide in the contact details -->
  <string name="pref_title_disableInCarMode">Autós üzemmódban letilt</string>
  <string name="pref_summary_disableInCarMode">Amíg autós üzemmódot használ, a tárcsázás megerősítést ideiglenesen kiiktatja</string>
  <!-- An alert message when adding a shortcut to the HomePage request has been sent. -->
  <!-- OPTION: When you restart the app. Restore the state when last used. -->
  <!--     <string name="description">Description</string> -->
  <!--     <string name="menu_add_link">Add link</string> -->
  <string name="pref_title_excludeNumbers">Számok kizárása</string>
  <string name="pref_summary_excludeNumbers">Ezeknek a számokat tárcsázva, nem fogja mutatni a Tárcsázás megerősítése párbeszédpanelt</string>
  <!-- Menu item used to add custom field to contact -->
  <!-- An automatic group name, which contains all has photo contacts -->
  <!-- Selectable menu item used to controls whether display "contacts events" in the "agenda list". -->
  <!-- An option to define accent color. The color applied to framework controls in their activated (ex. checked) state. -->
  <!-- An option to define whether the appointment is created automatically send the invitation email.-->
  <!-- An option to define whether the appointment is created automatically send the invitation email.-->
  <!-- An option to define whether use circle icon.-->
  <string name="pref_title_circleIcon">Kör alakú ikonok</string>
  <string name="on">Be</string>
  <string name="off">Kikapcsol</string>
  <!-- Determined by the theme -->
  <string name="byTheme">Téma alapján</string>
  <!-- An option to define color -->
  <!-- An option to define whether use colorful icon.-->
  <string name="pref_title_colorfulIcon">Színes ikonok</string>
  <!-- Select this option to Reduce the ring volume when reading the caller information. -->
  <!-- Select this option to Reduce the ring volume when reading the caller information. -->
  <!-- Menu item used to Go to the "Calendar" App -->
  <!-- Menu item used to add selected item to the Tab bar -->
  <!-- Menu item used to remove selected item from the Tab bar -->
  <!-- Menu item used to browse and restore data -->
  <!-- Menu item used to open [Backup Manager] -->
  <!-- A contact group option. Open it will automatically delete call logs, contacts belong to this group. -->
  <!-- An option to control whether to display the contact's local time -->
  <string name="pref_title_showContactsLocalTime">Mutassa a névjegy helyi idejét</string>
  <!-- An option -->
  <!-- An option summary -->
  <string name="pref_summary_replaceMissedCallNotification">Ne mutassa a \"Válasszon egy alkalmazást\" párbeszédpanelt</string>
  <!-- An option in the dialog box to delete call records. Controls whether delete call log notes -->
  <string name="offset">Eltolás</string>
  <!-- Label above username EditText -->
  <!-- Button to sign in after entering username and password -->
  <!-- "By number" merge call records, etc. -->
  <string name="byNumber">Telefonszám alapján</string>
  <!-- "By contact" merge call records, etc. -->
  <string name="byContact">Név alapján</string>
  <!-- An option to control whether to display the message log in History -->
  <string name="pref_title_showMessageLog">Mutassa az üzenetelőzményeket</string>
  <!-- Menu item used to add data (E-mail address, etc.)  to contacts -->
  <!-- An option When you open it will maintain a fixed height In call widget. -->
  <!-- ****************************** Descriptions *********************************** -->
  <!--
         String describing the Keyboard switch ImageButton
         Used by AccessibilityService to announce the purpose of the button.
         [CHAR LIMIT=NONE]
    -->
  <!-- String describing the text for photo of a item(group, title, company，etc.). -->
  <!--An option. When opened, will use list long press menu.-->
  <!--An option in Accessibility. When opened, Enter the number need to double click to confirm.-->
  <!--A item of list, control information needs to be displayed in the "In call widget"-->
  <!--An option title in [Contact Details]. When opened, Will merge items,When just labels different.-->
  <!--An option summary in [Contact Details]. When opened, Will merge items,When just labels different.-->
  <!-- Notification message when adding a number to the blacklist, but the call filter did not open. -->
  <!--An option title in [Events]. Define which events need to display. It filter events based on contact groups-->
  <!--An option title in [Color schemes]. Used to define the "List section" Text Size -->
  <!--An option. When open: The starred contacts are displayed at the top of the list. -->
</resources>
