<?xml version="1.0" encoding="utf-8"?>
<!--Generated by crowdin.com-->
<resources xmlns:xliff="urn:oasis:names:tc:xliff:document:1.2">
  <string name="label_ringtone">"Csengőhang"</string>
  <string name="default_ringtone">"Alapértelmezett"</string>
  <string name="menu_sendEmail">"E-mail küldése"</string>
  <string name="showFilterPhones">"Csak a telefonszámmal rendelkező névjegyek"</string>
  <string name="showFilterPhonesDescrip">"Csak a telefonszámmal rendelkező névjegyek megjelenítése"</string>
  <string name="headerContactGroups">"Válassza ki a megjelenítendő névjegyeket"</string>
</resources>
