<?xml version="1.0" encoding="utf-8"?>
<!--Generated by crowdin.com-->
<resources>
  <!-- For the "T9" Search. "2ABC" means "2" matches the letter "A, B, C". 
		Translation modified "ABC" you need to search for characters. Only need upper 
		case. -->
  <string-array name="t9_search">
    <item>"0"</item>
    <item>"1\'.,"</item>
    <item>"2AÁBC"</item>
    <item>"3DEÉF"</item>
    <item>"4GHIÍ"</item>
    <item>"5JKL"</item>
    <item>"6MNOÓÖŐ"</item>
    <item>"7PQRS"</item>
    <item>"8TUÚÜŰV"</item>
    <item>"9WXYZ"</item>
  </string-array>
  <!-- These letters appear in the Dial button on the right. -->
  <string-array name="t9_keyboard">
    <item>"+"</item>
    <item>"\' . ,"</item>
    <item>"AÁBC"</item>
    <item>"DEÉF"</item>
    <item>"GHIÍ"</item>
    <item>"JKL"</item>
    <item>"MNOÓÖŐ"</item>
    <item>"PQRS"</item>
    <item>"TUÚÜŰV"</item>
    <item>"WXYZ"</item>
  </string-array>
</resources>
