<?xml version="1.0" encoding="utf-8" standalone="no"?>
<!--Generated by crowdin.com-->
<resources xmlns:xliff="urn:oasis:names:tc:xliff:document:1.2">
  <string name="app_name">DW联系人&amp;拨号</string>
  <string name="app_contacts_name">DW联系人</string>
  <string name="starred">收藏</string>
  <string name="coworkers">同事</string>
  <string name="family">家人</string>
  <string name="friends">朋友</string>
  <string name="myContacts">通讯录</string>
  <string name="mergedContacts">合并的联系人</string>
  <string name="no_item_to_display">没有项目可以显示</string>
  <string name="allContact">所有联系人</string>
  <string name="no_phone_numbers">没有电话号码</string>
  <string name="menu_edit">编辑</string>
  <string name="menu_edit_group">编辑组</string>
  <string name="menu_add_contact_to_group">添加联系人到组</string>
  <string name="menu_remove_contact_from_group">从组中删除联系人</string>
  <string name="groupNameLabel">组名</string>
  <string name="add">添加</string>
  <string name="message_del_system_group">这是一个系统联系人组，删除后可能被自动重建或带来其他问题。您确定要这样做。</string>
  <string name="menu_select_mode">多选模式</string>
  <string name="menu_inverse_select">反选</string>
  <!--<string name="noContact">This group has no contact</string> -->
  <string name="pleaseWait">请稍等</string>
  <string name="pref_send_title">短信和电子邮件设置</string>
  <string name="pref_title_sms_mms_send">短信/彩信</string>
  <string name="pref_send_to">发送到%s</string>
  <string-array name="prefEntries_sms_mms_to">
    <item>主手机号码或第一个手机号码</item>
    <item>所有手机号码</item>
    <item>所有号码</item>
  </string-array>
  <string-array name="prefEntries_email_to">
    <item>主 E-mail</item>
    <item>所有 E-mail</item>
  </string-array>
  <!--Recipients location -->
  <string name="pref_title_recipients_location">收件人位置</string>
  <string name="pref_recipients_location_summary">收件人放在 %s</string>
  <string-array name="pref_entries_recipients_location">
    <item>密送列表</item>
    <item>抄送列表</item>
    <item>收件人列表</item>
  </string-array>
  <string name="menu_preferences">设置</string>
  <string name="preferences_title">设置</string>
  <string name="error_report_email_explain">抱歉软件发生了一个错误，我们为此向您表示歉意。这个邮件包括错误信息和一些系统信息用来帮助我改进这个软件。由您决定是否要发送它。
	</string>
  <string name="no_contact_selected">没有选择联系人</string>
  <!--Firewall -->
  <string name="firewell_add_item">添加规则</string>
  <string name="lable_week">星期</string>
  <string name="select_group_title">选择组</string>
  <!-- %s = call number-->
  <string name="call_blocking_message">%s 的来电被拦截</string>
  <string name="stat_notify_incoming_calls_were_intercepted">您有%d个来电被拦截</string>
  <string name="pref_firewall_title">防火墙设置</string>
  <string name="pref_title_firewall_enable">启用防火墙</string>
  <string name="firewall_service_started">防火墙服务已启动</string>
  <string name="firewall_state_label">DW防火墙</string>
  <!-- The status bar at the top of the screen display a notification message. -->
  <string name="pref_title_firewall_allways_show_stat_notify">显示图标在状态栏</string>
  <string name="pref_firewall_allways_show_stat_notify_summary">""</string>
  <string name="menu_week_view">周视图</string>
  <string name="menu_time_view">日视图</string>
  <string name="menu_view">视图</string>
  <string name="from">从</string>
  <string name="to">到</string>
  <string-array name="days">
    <item>星期日</item>
    <item>星期一</item>
    <item>星期二</item>
    <item>星期三</item>
    <item>星期四</item>
    <item>星期五</item>
    <item>星期六</item>
  </string-array>
  <string-array name="days_short">
    <item>周日</item>
    <item>周一</item>
    <item>周二</item>
    <item>周三</item>
    <item>周四</item>
    <item>周五</item>
    <item>周六</item>
  </string-array>
  <string name="firewall_label">防火墙</string>
  <string name="everyday">每天</string>
  <string name="never">从不</string>
  <string name="search_hint">输入开始搜索</string>
  <string name="pref_title_display_system_group">显示系统组</string>
  <!-- Gmail the default, including the group. (Starred, Coworkers, Family, Friends, My Contacts) -->
  <string name="pref_display_system_group_summary">""</string>
  <string name="pref_title_merge_same_name_group">合并显示同名组</string>
  <string name="pref_merge_same_name_group_summary">""</string>
  <string name="pref_font_size_title">字体大小（第1行）</string>
  <string name="pref_font_size_summary">大小:%s</string>
  <string name="removePicture">删除图标</string>
  <string name="changePicture">更改图标</string>
  <string name="attachToGroup">组图标</string>
  <string name="use_photo_as_primary">使用此照片</string>
  <string name="photoPickerNotFoundText">没有找到照片选择工具</string>
  <string name="SMS">信息</string>
  <string name="Email">邮件</string>
  <!-- It shows the contact event to the present time. -->
  <string name="days_after">%d天后</string>
  <string name="months_after">%d个月后</string>
  <string name="days_ago">%d天前</string>
  <string name="months_ago">%d个月前</string>
  <string name="today">今天</string>
  <string name="show_group_icon">显示群组图标</string>
  <string name="show_group_icon_summary">""</string>
  <string name="using_system_sms_program">使用系统短信程序</string>
  <!-- According to user feedback that I might in the new version, use it again. -->
  <string name="using_system_sms_program_summary">禁用软件自带短信发送功能</string>
  <string name="recipients_limit">收件人数量限制</string>
  <string name="recipients_limit_summary">当收件人数量大于这个数值时自动分批发送</string>
  <string name="send">发送</string>
  <string name="confirm_send_message">继续发送短信给余下联系人？</string>
  <!-- For example, Tablet PC does not support sending text messages. However, click the SMS icon.
    I will call the SMS program. The system will report an exception. Then display this prompt. -->
  <string name="system_does_not_support">系统不支持!</string>
  <string name="ungrouped_contacts">未分组联系人</string>
  <string name="multipleContactsDeleteConfirmation">选定的联系人将被删除。</string>
  <!--pref default view -->
  <string name="pref_title_default_view">默认标签</string>
  <string name="pref_default_view_summary">启动时显示：%s</string>
  <!--pref show auto groups -->
  <string name="pref_title_display_auto_group">显示自动组</string>
  <string name="pref_display_auto_group_summary">包括“所有联系人”、“未分组联系人”。</string>
  <string name="label_hide">隐藏</string>
  <string name="hide_group_summary">不显示这个组</string>
  <!-- Because the different SMS programs. When I provide a phone number to the SMS program,
    some require the use of a semicolon to separate the numbers, and some require a comma. Therefore, this option provides. -->
  <string name="sms_compatibility_mode_title">短信发送模式</string>
  <string name="sms_compatibility_mode_summary">选中他，如果你的“短信程序”无法正常接收电话号码。例如：XT800</string>
  <string name="menu_sort_hide">排序和隐藏</string>
  <string name="menu_sort_alphabetically">按名称排序</string>
  <string name="pref_in_call_widget_title">通话中小部件</string>
  <string name="pref_help_title">帮助</string>
  <string name="pref_online_help_title">在线帮助</string>
  <string name="menu_cancel_send_to_voicemail">取消阻止显示中联系人的来电</string>
  <string name="pref_feedback_title">意见反馈</string>
  <string name="pref_about_title">关于</string>
  <string name="version">版本</string>
  <string name="pref_name_display_order_summary">更改姓名显示次序，如果不是设置为默认，将对软件运行速度有影响。</string>
  <string name="pref_contacts_account_title">通讯录帐户</string>
  <string name="pref_contacts_account_summary">显示帐户：%s</string>
  <string name="all_account">所有帐户</string>
  <string name="pref_show_account_name_title">显示帐户名称</string>
  <string name="pref_show_account_name_summary">在组名下面显示帐户名称</string>
  <string name="select_account">选择帐户</string>
  <string name="pref_register_code_title">输入注册码</string>
  <string name="pref_register_code_summary">手动输入注册码（不需要互联网连接），您可以找到注册码在付款确认邮件。</string>
  <!-- A setting item, click it to open, buy the software license key dialog box. -->
  <string name="pref_get_register_code_title">购买注册版</string>
  <string name="pref_get_register_code_summary">请注册我们的应用程序，使用全部的功能。我们需要您的捐赠，以支持该软件的可持续发展。</string>
  <string name="buying_tips">这里有两种方式（都具有相同的功能）：注册到您的设备的序列号（PayPal，支付宝或信用卡）或到您的Google帐户（Google Play - 安装Pro版）</string>
  <string-array name="purchase_channels">
    <item>Google Play</item>
    <item>PayPal，支付宝或信用卡</item>
    <item>推荐给朋友</item>
  </string-array>
  <string-array name="purchase_channels_summary">
    <item>注册此软件到您的Google帐户（购买和安装Pro版本通过Google Play）。 Pro版本安装后，请卸载免费版本。</item>
    <item>注册此软件到您的设备序列号：%s。支付完成后，您将收到包括您的注册码的确认电子邮件。然后通过单击[在线注册检查]完成注册.</item>
    <item>获取免费注册码</item>
  </string-array>
  <string name="menu_delete_all">全部删除</string>
  <!-- Menu title the user can use for trying to resend a message. -->
  <string name="menu_retry_sending">重试发送</string>
  <string name="message">短信</string>
  <string name="failed">失败</string>
  <string name="queued">待发送</string>
  <string name="outbox">发件箱</string>
  <string name="sent">已发送</string>
  <string name="auto_replace_to_name">自动替换短信中的“???”为联系人姓名；“??F”为姓；“??G”为名；“??N”为昵称。</string>
  <string name="example_message">"???:您好!"</string>
  <string name="sms_preview">预览:</string>
  <string name="message_send_state_successfully">发送成功</string>
  <string name="message_send_state_failed">发送失败</string>
  <string name="message_send_unknown_error">未知错误, %d条短信没有发送</string>
  <string name="message_send_no_signal">无信号或者打开了飞行模式, %d条短信没有发送</string>
  <string name="message_send_successfully">太棒了! 所有短信成功发送</string>
  <string name="need_the_paid_version">需要付费版</string>
  <!-- As a "contact group"on the phone the main screen to create a shortcut. -->
  <string name="create_shortcut">向“主页”添加快捷方式</string>
  <string name="menu_move_to_group">移动到组</string>
  <string name="pref_tabs_title">激活和排序</string>
  <string name="pref_tabs_summary">您可以激活和排序需要的标签</string>
  <!--pref theme -->
  <string name="pref_theme_title">基础主题</string>
  <!-- Change the software interface look. -->
  <string name="pref_theme_summary">设置主题基础</string>
  <string name="search">搜索</string>
  <string name="pref_services_title">后台服务设置</string>
  <!-- Settings screen, section heading for SMS-specific settings -->
  <string name="pref_sms_settings_title">""短信 (SMS) 设置""</string>
  <!-- Settings screen, section heading for EMAIL-specific settings -->
  <string name="pref_email_settings_title">"Email 设置"</string>
  <!-- Settings item for boolean option to enable/disable SMS delivery reports -->
  <string name="pref_title_sms_delivery_reports">发送报告</string>
  <!-- Settings item description for boolean SMS delivery report setting -->
  <string name="pref_summary_sms_delivery_reports">"要求每次发送信息后都返回发送报告"</string>
  <string name="pref_contact_sort_order_title">联系人排序规则</string>
  <string name="pref_contact_sort_order_summary">更改联系人的排序规则。如果不设置为默认会影响速度。</string>
  <!-- CHANGED ORDER -->
  <string name="contact_sort_order_FamilynameAlternate">姓氏-备用</string>
  <string name="contact_sort_order_RecentContacted">最后联系时间</string>
  <string name="contact_sort_order_LongTimeNotContacted">未联系时长</string>
  <string name="contact_sort_order_CreationTime">创建时间</string>
  <string name="contact_sort_order_DefaultAlternate">默认-备用</string>
  <!-- An automatic group, it shows all the contacts included telephone numbers. -->
  <string name="has_phone_number_contacts">有号码联系人</string>
  <string name="exit_prompt">再次按返回键退出。</string>
  <string name="pref_exit_prompt_title">退出前提示</string>
  <string name="pref_exit_prompt_summary">在软件退出前提示</string>
  <string name="pref_language_title">选择语言</string>
  <string name="load_license_success">从网络加载注册码成功！</string>
  <string name="load_license_failed">从网络加载注册码失败！</string>
  <string name="license_check_success">注册码检查成功！</string>
  <string name="license_check_failed">注册码检查失败！</string>
  <string name="load_license_unregistered">您尚未注册。</string>
  <string name="sending">发送中…</string>
  <string name="error">错误</string>
  <string name="clear_data_or_uninstall_app">清除数据或卸载应用</string>
  <string name="database_update_error_message">"抱歉！
在更新数据库结构出错。
出现这个错误是因为数据库文件权限异常。估计出现这个问题是因为备份软件的使用。
下面提供更正问题的三个方法。请逐个尝试直到问题更正。
1. 重新启动手机;
2. 进入手机软件管理界面，清除此应用数据;
3. 卸载此软件后重新安装。"</string>
  <!-- It shows the contact event to the present time. -->
  <string name="one_day_after">明天</string>
  <string name="one_month_after">1个月后</string>
  <string name="one_day_ago">昨天</string>
  <string name="one_month_ago">上个月</string>
  <string name="menu_edit_event">编辑联系人事件</string>
  <string name="menu_add_to_calendar">添加事件到日历</string>
  <string name="menu_delete_event">删除事件</string>
  <string name="menu_duplicate_contact">复制联系人</string>
  <string name="mes_sendSmsSystemLimit">因为系统限制，%1$s个小时只能发送%2$s条SMS，%1$s小时后将自动重试。</string>
  <string name="sendInBatches">分批发送</string>
  <string name="sendInSingle">单次发送</string>
  <string name="sendInBatchesMessage">收件人数量大于设置中的收件人数量限制。输入消息在文本框开始“分批发送”或者选择“单次发送”。</string>
  <string name="pref_title_eventNotification">事件通知设置</string>
  <string name="pref_title_notificationTime">通知时间</string>
  <string name="pref_title_notificationRingtone">通知铃声</string>
  <string name="pref_summary_notificationTime">调整发生通知的时间</string>
  <string name="pref_title_notificationBeforeHappen">提前通知</string>
  <string name="pref_summary_notificationBeforeHappen">在事件发生前 %s 天显示通知。</string>
  <string name="pref_title_notification">通知</string>
  <string name="pref_title_reminder">提醒</string>
  <string name="pref_summary_reminder">%s前</string>
  <string name="pref_title_ringtone">铃声</string>
  <string name="pref_title_alarm">闹钟</string>
  <string name="pref_title_mergeSubgroup">合并子组</string>
  <string name="pref_summary_mergeSubgroup">在父组中显示子组联系人</string>
  <string-array name="pref_entries_notificationTime">
    <item>1 分钟</item>
    <item>5 分钟</item>
    <item>10 分钟</item>
    <item>15 分钟</item>
    <item>20 分钟</item>
    <item>25 分钟</item>
    <item>30 分钟</item>
    <item>45 分钟</item>
    <item>1 小时</item>
    <item>2 小时</item>
    <item>3 小时</item>
    <item>12 小时</item>
    <item>24 小时</item>
    <item>2 天</item>
    <item>1 周</item>
  </string-array>
  <!-- Not in phone book contacts. -->
  <string name="unknown_contacts">未知联系人</string>
  <string name="not_in_phone_book_contacts">未在电话簿的联系人</string>
  <string name="eventNotification">事件通知</string>
  <string name="eventNotificationMessage">"%s 的生日/事件即将到来。"</string>
  <!-- When using the "Firstname first" show name, "Firstname" and "Lastname" split between the symbols. Most language is a space. -->
  <!-- When using the "Lastname first" show name, "Firstname" and "Lastname" split between the symbols. -->
  <string name="familyNameFirstSeparator">" "</string>
  <string name="vCard">电子名片</string>
  <string name="text">文本</string>
  <string name="pref_title_likeTheSoftware">支持我们的应用</string>
  <string name="pref_title_rating">评分</string>
  <string name="pref_summary_rating">给一个好的评价在市场</string>
  <string name="pref_title_share">分享</string>
  <string name="pref_summary_share">将软件推荐给您的朋友</string>
  <string name="contact_group">联系人组</string>
  <!-- Set the time to send text messages in the future. -->
  <string name="regularlySent">定时发送</string>
  <string name="time">时间</string>
  <string name="pref_title_EmailProgram">电子邮件程序</string>
  <string name="pref_summary_on_EmailProgram">使用默认的电子邮件程序。</string>
  <string name="pref_summary_off_EmailProgram">在发送邮件时提示。</string>
  <string name="toolbox">工具箱</string>
  <string name="pref_title_SMSSendInterval">发送间隔</string>
  <string name="pref_summary_SMSSendInterval">每发送一条短信的间隔时间(秒)。</string>
  <string name="app_dialer_name">DW拨号</string>
  <string name="menu_sort">排序</string>
  <string name="license_check_failed_message">软件许可检测出错！请确保现在您可以访问Google Play。</string>
  <string name="menu_unselectAll">清除选择</string>
  <string name="pref_title_themeCustomize">主题设置</string>
  <string name="pref_title_backgroundColor">背景颜色</string>
  <string name="pref_title_backgroundColorForTitles">标题栏背景色</string>
  <string name="pref_title_textColorForTitles">标题栏文本颜色</string>
  <string name="pref_title_textColorMarked">文本标记颜色</string>
  <string name="pref_title_hideTheTitle">隐藏标题栏</string>
  <string name="pref_title_hideTheStatusbar">隐藏状态栏</string>
  <string name="pref_title_hideTabLabel">隐藏标签栏文本</string>
  <string name="pref_title_autoHideTab">隐藏标签栏</string>
  <string name="pref_summary_autoHideTab">在自动状态，当您切换到另一个标签将自动隐藏标签栏</string>
  <string name="reset">复位</string>
  <string name="pref_title_automaticRotation">自动旋转屏幕</string>
  <string name="pref_summary_automaticRotation">开启或关闭屏幕自动旋转。</string>
  <string name="menu_editNotes">编辑备注</string>
  <string name="addSelectedContactsToFavorites">添加到收藏</string>
  <string name="removeSelectedContactsFormFavorites">从收藏中删除</string>
  <string name="deleteSelectedContacts">删除</string>
  <string name="duplicateSelectedContacts">复制</string>
  <string name="setGroupForSelectedContacts">设置群组</string>
  <string name="forSelectedContacts">对于选定的联系人</string>
  <string name="searchAnything">搜索所有字段</string>
  <string name="quickDialManager">快速拨号管理</string>
  <string name="menu_shareNumber">分享号码</string>
  <string name="menu_setGroupForContact">为联系人设置群组</string>
  <string name="pref_title_tabSettings">标签设置</string>
  <string name="sendSMStoShownContacts">发送短信/彩信到显示中联系人</string>
  <string name="sendEmailtoShownContacts">发送邮件到显示中联系人</string>
  <string name="setRingtoneForShownContacts">为显示的联系人设置铃声</string>
  <string name="pref_title_enableEventNotification">启用事件通知</string>
  <string name="forSelectedGroups">对于选定的群组</string>
  <string name="menu_send_group_message">发送短信/彩信到组</string>
  <string name="menu_delete_group">删除群组</string>
  <string name="menu_deleteGroups">删除选定的群组</string>
  <!-- 	<string name="forSelectedOrgs">For selected companies</string> -->
  <!-- 	<string name="menu_editOrg">Edit company</string> -->
  <!-- 	<string name="forSelectedTitles">For selected titles</string> -->
  <!-- 	<string name="menu_editTitle">Edit title</string> -->
  <string name="menu_editContactFromEvent">编辑联系人</string>
  <string name="menu_focus2Today">今天</string>
  <string name="generalDeleteConfirmation">您确定要删除吗？</string>
  <string name="addContactTo">添加联系人到 %s</string>
  <string name="removeContactFrom">从 %s 移除联系人</string>
  <string name="pref_title_showTabAtTop">显示标签在顶部</string>
  <!-- Within the group "contact list" label -->
  <string name="labelWithinGroupContactsList">联系人</string>
  <string name="multipleChoicePrompt">
	在免费版本，多选被限制为每次选择%d个项目。如果需要发送邮件或短信到组，请使用组列表的长按菜单。</string>
  <string name="pref_title_dialerPadTone">播放拨号音</string>
  <string name="recentChanges">最近更改</string>
  <string name="more">更多</string>
  <string name="selectAll">全选</string>
  <string name="pref_title_alwaysToDefTab">总是以默认标签启动</string>
  <string name="pref_summary_alwaysToDefTab">按拨号按钮启动应用程序仍然打开默认的标签。</string>
  <string name="pref_title_showMostContactedBelowFavorites">显示常用联系人在收藏视图</string>
  <string name="pref_title_showEventsFromToday">显示事件从今天开始</string>
  <string name="pref_title_YPositionOfInfoWindow">信息窗口Y位置</string>
  <string name="pref_summary_YPositionOfInfoWindow">调整信息窗口的上下位置，此外还可以在来电时拖动它。</string>
  <string name="pref_title_backupRestore">备份 &amp; 恢复</string>
  <string name="pref_title_backupAllSettings">备份所有设置到文件</string>
  <string name="pref_title_restoreAllSettings">从文件恢复所有设置</string>
  <string name="pref_title_restoreDefaultSettings">恢复默认设置</string>
  <string name="pref_title_showMyContactsInUngrouped">忽略系统组\"通讯录\"</string>
  <string name="pref_title_startDialerWithoutDialerPad">启动拨号器时隐藏拨号键盘</string>
  <string name="pref_summary_showMyContactsInUngrouped">显示只包含在系统组\"通讯录\"的联系人在\"未分组联系人\"。</string>
  <string name="toast_allSettingsToDefault">所有设置已经恢复为默认。</string>
  <string name="toast_settingsBackedSuccessfully">设置已经备份到 %s</string>
  <string name="toast_settingsBackedFailed">备份失败，确保您已设置了一个有效的备份路径。</string>
  <string name="toast_settingsRestorSuccessfully">从 %s 成功还原设置。</string>
  <string name="toast_settingsRestorFailed">恢复失败。确保您已设置了正确的路径，设置已经保存在哪里。</string>
  <string name="menu_newOrg">新建组织</string>
  <string name="menu_newTitle">新建职位</string>
  <string name="enterAName">输入名称</string>
  <string name="pref_title_t9Search">T9 搜索设置</string>
  <string name="pref_summary_t9Search">关于拨号器的高级选项，控制T9搜索的工作</string>
  <string name="pref_title_matchingAnywhere">匹配任意字符</string>
  <string name="pref_summary_matchingAnywhere">\"WTT\" 匹配 \"dW conTacTs\"</string>
  <string name="pref_title_matchingPart">匹配连续字符</string>
  <string name="pref_summary_matchingPart">\"NTA\" 匹配 \"dw coNTActs\"</string>
  <string name="pref_title_matchingFirstLetter">匹配首字母</string>
  <string name="pref_summary_matchingFirstLetter">\"DCO\" 匹配 \"Dw COntacts\"</string>
  <string name="pref_title_sortByDegreeOfMatch">根据匹配程度排序</string>
  <string name="menu_copyToClipboard">复制到剪贴板</string>
  <string name="menu_createEvent">创建约会</string>
  <string name="useLimitFeaturePrompt">您还可以使用此功能%d次在免费版本。</string>
  <string name="pref_title_appointmentSettings">约会设置</string>
  <string name="pref_title_defaultAppointmentText">默认约会文本</string>
  <string name="pref_summary_defaultAppointmentText">将添加到联系人名称或电话号码之前，作为约会主题。</string>
  <string name="pref_default_defaultAppointmentText">打电话给</string>
  <string name="titlesList">职位</string>
  <string name="eventsList">活动</string>
  <string name="pref_title_showInContactList">可显示的项目</string>
  <string-array name="pref_entries_showInContactList">
    <item>电话号码</item>
    <item>组织</item>
    <item>职位</item>
    <item>所属群组</item>
    <item>帐户图标</item>
    <item>联系人图片</item>
    <item>电子邮件按钮</item>
    <item>短信按钮</item>
    <item>拨号按钮</item>
    <item>备注</item>
  </string-array>
  <string name="pref_title_showNotesLines">限制备注行数</string>
  <string name="tips_clickToSeeAllText">通过单击列表项，您可以看到所有文本</string>
  <string name="pref_title_colorForGroups">群组背景颜色</string>
  <string name="pref_title_colorForOrganization">组织背景颜色</string>
  <string name="pref_title_colorForTitle">职位背景颜色</string>
  <string name="pref_title_fontSize2">字体大小（第2行）</string>
  <string name="pref_title_fontSize3">字体大小（第3行）</string>
  <string name="pref_title_useNumberSearch">使用号码搜索</string>
  <string name="pref_summary_useNumberSearch">激活它将搜索电话号码</string>
  <string name="noEmailAddress">没有电子邮件地址</string>
  <string name="pref_title_showCallLogOnPhone">显示通话记录</string>
  <string name="listTotalCallHistory">显示 %1$d 条记录 / 累计时间 %2$s</string>
  <string name="pref_title_showContactsOnPhoneStart">启动时显示联系人</string>
  <string name="pref_summary_showContactsOnPhoneStart">如果启用，所有联系人将显示在列表</string>
  <string name="listTotalCallLog">显示 %d 条不同号码的记录</string>
  <string name="upcoming">即将到来</string>
  <string name="pref_title_phoneSettings">拨号器设置</string>
  <string name="pref_title_mergeCallLog">合并通话记录</string>
  <string name="pref_title_showCounterOnMergedCallLog">在合并的通话记录项显示数量</string>
  <string name="pref_summary_showCounterOnMergedCallLog">如果激活它，将在联系人姓名的右侧显示一个计数器，指示有多少通话记录合并到一起</string>
  <string name="pref_title_groupCallLogByDate">按日期显示通话记录</string>
  <string name="pref_summary_groupCallLogByDate">如果激活，将按日期分组通话记录</string>
  <string name="pref_title_limitCallLogOnXDays">只显示最近%s天的通话记录</string>
  <string name="pref_summary_limitCallLogOnXDays">只显示最近%s天的通话记录(0=无限制)</string>
  <string name="pref_message_0toShowAllDays">0，则显示所有</string>
  <string name="pref_message_0toShowAllItems">0，则显示所有项目</string>
  <string name="pref_title_useOrgSearch">使用组织搜索</string>
  <string name="pref_title_matchingSkipWord">允许跳过单词</string>
  <string name="pref_summary_matchingSkipWord">\"DPH\" 匹配 \"Dw contacts &amp; PHone\"</string>
  <string name="pref_title_matchingSkipSpace">允许跳过空格</string>
  <string name="pref_summary_matchingSkipSpace">\"TSPH\" 匹配 \"dw contacTS &amp; PHone\"</string>
  <string name="pref_title_globalSettings">全局设置</string>
  <string name="pref_title_registrationStates">状态：%s</string>
  <string name="pref_summary_registrationStates">此版本%1$s到设备的序列号：%2$s</string>
  <string name="registered">已注册</string>
  <string name="unregistered">未注册</string>
  <string name="pref_title_onlineRegistrationCheck">在线注册检查</string>
  <string name="pref_summary_onlineRegistrationCheck">它会检查，如果您的设备未注册（需要互联网连接）。</string>
  <string name="pref_title_registration">注册软件</string>
  <string name="pref_summary_registration">解锁扩展功能，移除广告</string>
  <string name="pref_summary_showContactsWithPhoneNumber">如果禁用，将使用系统[联系人显示过滤]，您可以在[全局设置]中调整。</string>
  <string name="pref_title_historyViewSettings">历史视图设置</string>
  <string-array name="pref_entries_dialerPadTone">
    <item>DTMF音</item>
    <item>点击音</item>
    <item>关闭</item>
  </string-array>
  <string name="pref_title_limitNumberTitleToXChar">限制电话号码标题长度</string>
  <string name="pref_summary_limitNumberTitleToXChar">设置为 0 会显示完整长度的电话号码的标题</string>
  <string name="pref_title_supportForum">支持论坛</string>
  <string name="pref_title_textColor">文本颜色</string>
  <string name="historyList">历史</string>
  <string name="startProVerPrompt">检测到Pro版本。是否现在打开它？</string>
  <string name="pref_title_selectedBackgroundColor">按下的键的背景颜色</string>
  <string name="pref_title_dialpadThemeSettings">拨号键盘设置</string>
  <string name="pref_title_globalThemeSettings">全局主题设置</string>
  <string name="pref_title_showAlwaysAddIcon">总是显示*新增*图标</string>
  <string name="pref_summary_showAlwaysAddIcon">如果启用，在列表的第一行显示“+”图标，在这里您可以添加联系人</string>
  <string name="pref_title_eventGreetingText">事件问候文本</string>
  <string name="pref_default_eventGreetingText">"???：您好！祝您??A岁??E快乐！"</string>
  <string name="pref_title_eventGreetingSubject">事件问候主题</string>
  <string name="pref_summary_eventGreetingSubject">只当通过电子邮件发送时使用</string>
  <string name="pref_message_eventGreetingText">您可以使用变量。“???”为联系人姓名；“??F”为姓；“??G”为名；“??N”为昵称；“??A”为年龄；“??E”为事件类型。如果联系人没有包含指定的名称将使用他的姓名代替。</string>
  <string name="pref_default_eventGreetingSubject">祝??A岁??E快乐！</string>
  <string name="menu_sendGreetingSMSToContact">发送问候短信</string>
  <string name="menu_sendGreetingEmailToContact">发送问候Email</string>
  <string name="pref_title_storeSendSMSToSystemDB">存储已发送的短信/彩信到数据库</string>
  <string name="pref_summary_storeSendSMSToSystemDB">如果激活，已发送的短信/彩信将存储到系统数据库。</string>
  <!-- 	<string name="pref_title_backgroundImage">Background image</string> -->
  <!-- 	<string name="pref_summary_backgroundImageEn">If you use background image, the background color can be used simultaneously as color filter</string> -->
  <string name="pref_title_textColorSecond">文本颜色(第2，3行)</string>
  <string name="pref_title_textColorLabel">文本颜色(标签)</string>
  <string name="pref_summary_textColorLabel">这是标签中的组，组织和职位的文本颜色</string>
  <string name="pref_title_backgroundListSectionColor">列表章节背景颜色</string>
  <string name="pref_title_textListSectionColor">列表章节文本颜色</string>
  <string name="pref_title_showAlphabetListSection">在列表显示字母章节</string>
  <string name="pref_title_fontSizeforDigits">键盘数字字体大小</string>
  <string name="pref_title_fontSizeforLetters">键盘文本字体大小</string>
  <string name="pref_title_dialpadIconsArrangement">拨号盘图标次序</string>
  <string-array name="pref_entries_dialpadIconsArrangement">
    <item>拨号/输入框/删除</item>
    <item>删除/输入框/拨号</item>
    <item>输入框/删除/拨号</item>
  </string-array>
  <!-- 	quick jump to alphabetic listcreate new contact -->
  <string name="menu_quickJump">快速跳转</string>
  <string-array name="pref_entries_hideTab">
    <item>开启</item>
    <item>关闭</item>
    <item>自动</item>
  </string-array>
  <string name="pref_title_backgroundColorQuickJump">快速跳转背景颜色</string>
  <string name="pref_title_textColorQuickJump">快速跳转文本颜色</string>
  <string name="pref_title_disableSlideSwitchingTabs">禁用幻灯片切换标签</string>
  <string name="pref_title_showNumberKeyboardOnDialpad">显示数字拨号键盘</string>
  <string name="pref_summary_showNumberKeyboardOnDialpad">如果禁用，只会显示输入框、拨号和删除图标（有益的，如果您只想通过您的硬键盘拨打电话）</string>
  <string name="pref_title_dialpadToFullWidth">拨号盘到全屏幕的宽度</string>
  <string name="pref_summary_dialpadToFullWidth">如果激活，它会在横向模式下显示全屏宽度拨号盘（否则它显示在右边）</string>
  <string name="pref_title_smsSignature">短信/彩信签名</string>
  <string name="pref_summary_smsSignature">签名将被添加在短信/彩信的末尾</string>
  <string name="currentOrderNotSupportFastJump">当前次序不支持快速跳转。</string>
  <!-- 2.0.7 -->
  <string name="pref_title_languageForT9">T9 搜索语言</string>
  <string name="pref_summary_languageForT9">您可以添加额外的语言，应用于T9搜索</string>
  <string name="pref_title_quickJumpAlignment">快速跳转对齐方式</string>
  <string-array name="pref_entries_quickJumpAlignment">
    <item>顶部</item>
    <item>中心</item>
    <item>底部</item>
  </string-array>
  <string name="menu_gridView">网格视图</string>
  <string name="menu_listView">列表视图</string>
  <string name="pref_title_gridViewSettings">网格视图设置</string>
  <string name="pref_title_gridViewSize">网格大小</string>
  <string name="pref_title_lockGridSize">锁定网格大小</string>
  <string name="pref_summary_lockGridSize">如果它已被锁定，那么通过2个手指打开快速跳转可再次使用</string>
  <string name="pref_title_phoneDialpadHeight">拨号盘高度</string>
  <string name="pref_title_moreSettings">详细视图设置</string>
  <string name="pref_summary_moreSettings">针对每个标签的详细设置</string>
  <string name="pref_title_displayNameBelowThePicture">显示名称在图片的下面</string>
  <string name="menu_exportContactPicture">导出联系人图片</string>
  <string name="toast_saveFailed">保存失败！</string>
  <string name="toast_saveSuccessfully">成功保存到：%s</string>
  <string name="callConfirm">拨号确认</string>
  <string name="pref_summary_callConfirm">如果启用，在呼出号码前将弹出一个确认窗口</string>
  <string name="pref_title_automaticConfirmationDelay">自动确认延迟</string>
  <!-- It is an option to set a time for the control [Dialing confirmation] dialog.
     At the end of the counter automatically close [Dialing confirmation] dialog. -->
  <string name="pref_title_automaticCancelDelay">自动取消延迟</string>
  <string name="pref_summary_automaticConfirmationDelay">您可以触摸屏幕的任意位置来停止计时器</string>
  <string name="pref_title_picturePositionOnRight">显示图片在右边</string>
  <string name="updateCheck">更新检查</string>
  <string name="noUpdates">没有更新可用</string>
  <string name="download">下载</string>
  <string name="pref_title_globalIconSize">全局图标大小</string>
  <string name="pref_summary_globalIconSize">此大小定义所有图标的宽度，包括 拨号盘的拨号按钮、拨号盘的后退按钮、拨号、 短信、 电子邮件、 联系人图片等图标</string>
  <string name="pref_title_backKeyHideDailpad">按后退键隐藏拨号盘</string>
  <string name="pref_summary_backKeyHideDailpad">如果禁用，首次按硬件“返回”按钮将关闭应用程序。否则，会在退出之前隐藏拨号盘。</string>
  <string name="pref_title_hapticFeedbackVibration">触觉反馈</string>
  <string name="pref_title_hapticFeedbackStrength">触觉反馈强度</string>
  <string name="pref_title_limitCallLogOnXitems">限制最多显示%s条通话记录</string>
  <string name="pref_summary_limitCallLogOnXitems">限制最多显示%s条通话记录 (0=无限制)</string>
  <string name="pref_title_dividerLineColor">分隔线颜色</string>
  <string name="menu_quickDial">快速拨号</string>
  <string name="buying_tips_in_free">您可以使用 Google Play 购买 Pro 版。如果您所在地区不能使用 Google Play 购买应用程序。您可以下载注册版本,然后注册它。这两个版本有相同的功能。</string>
  <string name="buying_channel_registration">下载注册版本</string>
  <string name="buying_channel_registration_summary">"单击链接后，将开始下载应用程序，然后您可以单击该文件进行安装。安装应用后请按照注册说明注册"。</string>
  <string name="pref_title_buyAdvancedVersion">购买高级版本</string>
  <string name="freeVersionFound">在您的系统上找到免费版本</string>
  <string name="uninstallFreeVersionPrompt">我们建议您卸载免费版本和使用注册的版本。在卸载之前，您可能需要备份您的数据在免费版本。然后在注册版本中恢复。现在要卸载免费版本吗？</string>
  <string name="pref_title_copySerialNum">复制设备序列号到剪贴板</string>
  <string name="askToCheckRegistrationCode">"注册密钥无效或未注册。要立即通过互联网检查注册状态吗？"</string>
  <string name="deleteContactConfirmation">联系人\"%s\"将被删除。</string>
  <string name="enable">启用</string>
  <string name="allIncomingCalls">所有来电</string>
  <string name="anonymousIncomingCalls">匿名来电</string>
  <string name="anonymousIncomingCallsSummary">隐藏电话号码的来电</string>
  <string name="automaticGroups">自动组</string>
  <string name="pref_title_dialPrefix">拨号前缀</string>
  <string name="pref_summary_dialPrefix">如果设置了前缀，则会有额外的选项在联系人的长按菜单</string>
  <string name="pref_title_dialSuffix">拨号后缀</string>
  <string name="pref_summary_dialSuffix">如果设置了后缀，则会有额外的选项在联系人的长按菜单</string>
  <string name="pref_title_quickDialLimit">快速拨号限制</string>
  <string name="pref_title_languageForT9Keyboard">T9 键盘语言</string>
  <string name="pref_summary_languageForT9Keyboard">选择您要在 T9 拨号面板中显示的语言。</string>
  <string name="callFilterAction">动作</string>
  <string-array name="callFilterActions">
    <item>拦截</item>
    <item>允许</item>
    <item>静音</item>
  </string-array>
  <string name="callFilterActionIntercept">拦截</string>
  <string name="callFilterActionInterceptAndNotify">拦截并通知</string>
  <string name="callFilterActionAllows">允许</string>
  <string name="callFilterActionSilence">静音</string>
  <string name="callFilterType">过滤器类型</string>
  <string-array name="callFilterTypes">
    <item>组过滤</item>
    <item>号码过滤</item>
    <item>最近联系过的电话号码</item>
  </string-array>
  <string-array name="callFilterTypesHint">
    <item>请选择需要过滤的组</item>
    <item>请输入需要过滤的号码</item>
    <item>请选择有效时间</item>
  </string-array>
  <string name="ruleEditor">规则编辑器</string>
  <string name="label">标签</string>
  <string name="numberFilterExplain">* = 任何字符串，? = 任何字符</string>
  <string name="effectiveTimeOfTheRule">有效从 %1$s 到 %2$s</string>
  <string name="menu_viewRelatedContacts">查看相关的联系人</string>
  <string name="title_selectNumbers">请选择号码</string>
  <string name="title_selectEmailAddresses">请选择电子邮件地址</string>
  <string name="pref_title_lockView">锁定列表视图项目</string>
  <string name="pref_summary_lockView">关闭通过两手指滑动调整可显示项目的功能</string>
  <string name="selectedNumberOfContacts">选中%d个联系人</string>
  <string name="selectedNumberOfEmailAddresses">选中%d条地址，单击以复制到剪贴板</string>
  <string name="selectedNumberOfPhoneNumbers">选中%d个电话号码</string>
  <!-- 2.1.1 -->
  <string name="pref_title_nameFieldToShow">选择需显示的名称字段</string>
  <string name="pref_summary_nameFieldToShow">仅当设置 \"姓名显示次序\"为非默认时有效。</string>
  <string-array name="pref_entries_nameField">
    <item>名字</item>
    <item>姓氏</item>
    <item>中间名</item>
    <item>名称前缀</item>
    <item>名称后缀</item>
    <item>名字拼音</item>
    <item>姓氏拼音</item>
    <item>中间名拼音</item>
  </string-array>
  <string name="pref_title_showMatchFirstLetterResultsFirst">显示\"仅匹配首字母\"的结果在前面</string>
  <string name="pref_title_clickTheActions">单击列表条目动作</string>
  <string name="pref_summary_clickTheActions">当您单击列表条目的动作。</string>
  <string name="pref_summary_clickListIconActions">当您单击列表视图中的联系人图标时的动作。</string>
  <string name="action_viewItemAuto">查看项目 （自动联系人或历史记录）</string>
  <string name="action_viewContactDetails">查看联系人的详细信息</string>
  <string name="action_selectNumberToCall">选择要拨打的号码</string>
  <string name="action_viewContactHistory">查看联系人的历史记录</string>
  <string name="action_viewQuickContactBadge">显示快速联系卡</string>
  <string name="action_callCurrentNumber">呼叫当前号码</string>
  <string name="action_callDefaultNumber">呼叫默认号码</string>
  <string name="action_callUsingSIP">使用 SIP 呼叫</string>
  <string name="action_sendMessageToCurrentNumber">发送短信/彩信到当前号码</string>
  <string name="action_sendMessageToDefaultNumber">发送短信/彩信到默认号码</string>
  <string name="pref_title_clickIconActions">单击图标动作</string>
  <string name="pref_summary_clickIconActions">当您单击网格视图中的联系人图标时的动作。</string>
  <string name="pref_title_lockWindowPosition">锁定窗口位置</string>
  <string name="pref_summary_lockWindowPosition">如果您不想通过拖动来移动它。</string>
  <string name="pref_title_showCallerLocation">显示来电归属地</string>
  <string name="downloadPluginPrompt">需要安装插件，立即下载吗？</string>
  <string name="Default">默认</string>
  <string name="pref_title_searchCallLog">搜索通话记录</string>
  <string name="pref_summary_searchCallLog">需要打开\"显示通话记录\"在\"拨号器设置\"</string>
  <string name="menu_shareContacts">分享联系人</string>
  <string name="font_size">字体大小</string>
  <string name="show_call_log_filter">显示通话记录筛选器</string>
  <string name="hide_call_log_filter">隐藏通话记录筛选器</string>
  <string name="prompt_in_sms_tab">显示通过"DW 联系人"发送到组的短信。</string>
  <string name="pref_title_exitWhenCallEnds">通话结束时退出</string>
  <string name="pref_title_residesInMemory">驻留在内存</string>
  <string name="pref_summary_residesInMemory">同时打开"启用后台服务"可以保持在内存更长的时间。</string>
  <!-- Header that expands to list all of the types of settings -->
  <string name="optionsLabelsGroup">选项</string>
  <string name="pref_summary_textColorForSecondT9Languare">T9搜索第二语言显示颜色</string>
  <string name="pref_title_enableDualcardSuppout">启用双卡支持</string>
  <!-- 联系人详细信息 -->
  <string name="detailsList">详情</string>
  <string name="pref_title_minimumHeightOfListItem">列表项的最小高度</string>
  <string name="loading">加载中…</string>
  <string name="pref_title_displayWhenDialing">在拨号时显示</string>
  <string name="pref_title_usingMoreDetailedListSection">使用详细的列表章节</string>
  <string name="pref_summary_usingMoreDetailedListSection">这将使用快速跳转中的字符</string>
  <string name="desktop_widget_limit_messages">免费版本中只能创建一个桌面小部件。</string>
  <string name="label_customField">自定义字段</string>
  <string name="menu_otherContactViewer">其他联系人查看器</string>
  <string name="pref_title_hideStatistics">隐藏统计信息</string>
  <string name="pref_title_backupTheme">备份主题设置</string>
  <string name="pref_title_restoreTheme">还原主题设置</string>
  <string name="appwidget_titleText">标题</string>
  <string name="appwidget_summary_selectGroup">请选择要显示的联系人组。</string>
  <string name="iconSize">图标大小</string>
  <string name="widgetConfiguration">桌面小部件配置</string>
  <string name="pref_title_iconNumberOfColumns">图标的列数</string>
  <string name="pref_summary_iconNumberOfColumns">0表示自动调整</string>
  <string name="tips_contactAppWidget">单击小部件的标题可以进入此设置</string>
  <string name="pref_title_nameLines">姓名行数</string>
  <string name="pref_summary_nameLines">0，则隐藏名称</string>
  <string name="menu_deleteTheShownCallLog">删除显示的通话记录</string>
  <string-array name="pref_entries_contactListSearchOptions">
    <item>搜索所有字段</item>
    <item>搜索所有联系人</item>
    <item>在全局地址列表中搜索</item>
  </string-array>
  <string name="pref_title_defaultContactIcon">默认联系人图标</string>
  <string name="pref_title_defaultGroupIcon">默认组图标</string>
  <string name="prompt_restoreDefaultSettings">建议首先备份设置。现在要还原所有设置为默认吗？</string>
  <string name="pref_title_interceptCallsEvenDuringCall">拦截电话即使在通话期间</string>
  <string name="pref_summary_interceptCallsEvenDuringCall">这可能会导致结束当前通话。</string>
  <string name="pref_title_displayPromptWhenCallBlocked">呼叫被阻止时显示提示</string>
  <!-- Call Statistics -->
  <string name="call_statistics">通话统计</string>
  <string name="freeNumbersManager">免费号码管理器</string>
  <string name="tab_call_statistics">通话统计</string>
  <string name="call_type_incoming">来电</string>
  <string name="call_type_outgoing">外拨</string>
  <string name="call_type_missed">未接</string>
  <string name="call_type_blocked">拦截</string>
  <string name="call_type_all">所有</string>
  <string name="call_duration">通话时间</string>
  <string name="call_duration_minute">计费时间（分钟）</string>
  <string name="call_count">次数</string>
  <string name="call_statistics_time_billingCycle">计费周期</string>
  <string name="call_statistics_time_thisMonth">本月</string>
  <string name="call_statistics_time_thisWeek">本周</string>
  <string name="call_statistics_time_all">所有时间</string>
  <string name="pref_title_startDayOfBillingCycle">计费周期的起始日</string>
  <string name="pref_title_missedCallsTextColor">未接来电文本颜色</string>
  <string name="pref_summary_unansweredOutgoingCallsTextColor">无人应答的传出呼叫</string>
  <string name="pref_title_freeMonthlyTalkTime">每月免费通话时间</string>
  <string name="pref_title_freeIncomingCalls">接听免费</string>
  <string name="pref_title_costWarning">费用警告</string>
  <string name="pref_summary_costWarning">显示提醒当免费通话时间结束</string>
  <string name="prompt_freeTalkTimeIsOver">免费通话时间已经结束。</string>
  <string name="prompt_remainingFreeTalkTimer">剩余免费通话时间：%1$d分钟；每天：%2$d分钟。</string>
  <string name="pref_title_showGroupSContactsCount">显示联系人组的联系人计数</string>
  <string name="pref_summary_showGroupSContactsCount">打开它会影响联系人的载入速度。</string>
  <string name="pref_title_contactPictureZoomMode">联系人图片缩放模式</string>
  <string-array name="pref_entries_contactPictureZoomMode">
    <item>居中</item>
    <item>缩放</item>
    <item>比例放大</item>
    <item>适合宽度</item>
    <item>填充</item>
  </string-array>
  <string name="get_online_help">获取在线帮助</string>
  <string name="error_report">错误报告</string>
  <string name="hasNoPhoneNumberContacts">无号码联系人</string>
  <string name="pref_title_minimumBillableTime">最小计费时间</string>
  <string name="pref_summary_minimumBillableTime">当前设置是%s秒。如果通话时间是01:15。设置是30秒，计费时间将是01:30；设置是60秒，计费时间将是02:00。</string>
  <string name="menu_showSidebar">显示侧边栏</string>
  <string name="menu_hidesidebar">隐藏侧边栏</string>
  <string name="SIMCard1">SIM卡1</string>
  <string name="SIMCard2">SIM卡2</string>
  <string name="sim_card_office">办公室</string>
  <string name="sim_card_home">家庭</string>
  <string name="sim_card_call">通话</string>
  <string name="sim_card_internet">互联网</string>
  <string name="sim_card_heart">心形</string>
  <string name="lable_sim_card_name">名称：</string>
  <string name="lable_sim_card_icon">图标：</string>
  <string name="defaultSIMcard">默认SIM卡</string>
  <string name="prompt_inFirstUseDialer">拨打紧急电话依赖于系统提供的拨号软件。请确保它工作。</string>
  <string name="pref_title_enableBackgroundDataLoading">启用后台数据加载</string>
  <string name="pref_summary_enableBackgroundDataLoading">启用它可以提高软件响应速度。
请注意这将增加电池消耗。</string>
  <string name="pref_title_scaleToFitTheScreen">缩放以适合屏幕</string>
  <string name="pref_summary_scaleToFitTheScreen">自动缩放网格大小以适合屏幕</string>
  <string name="pref_summary_whenPortraitMode">纵向模式</string>
  <string name="pref_summary_whenTheSidebarIsOpen">纵向侧边栏模式</string>
  <string name="pref_summary_whenInLandscapeMode">横向模式</string>
  <string name="pref_summary_whenInLandscapeModeAndTheSidebarIsOpen">横向侧边栏模式</string>
  <string name="pref_title_usingMoreDetailedFastScroller">使用更详细的快速滚动文本</string>
  <string name="pref_title_contactFields">联系人字段</string>
  <string name="pref_summary_informationNeedSendToCalendar">选择需要发送到日历的信息</string>
  <string-array name="pref_entriesNeedSendToCalendar">
    <item>组织</item>
    <item>地址</item>
    <item>电话</item>
    <item>电子邮件</item>
    <item>备注</item>
  </string-array>
  <string name="menu_addConsecutiveNumbers">添加连续号码</string>
  <string name="startingNumber">起始号码</string>
  <string name="endingNumber">结束号码</string>
  <string name="prompt_ALotOfNumbersToAddToContact">%d个新号码将添加到联系人。这将需要一些时间。</string>
  <string name="prompt_numberParsingErrorInaddConsecutiveNumbers">号码解析出错！请不要输入格式化的号码。</string>
  <string name="prompt_needToAddNumbersTooMuch">这将导致%d个电话号码添加到联系人。添加太多的电话号码会导致手机缓慢。</string>
  <string name="prompt_addConsecutiveNumbers_accountDoesNotSupport">当前联系人帐户不支持增加这么多的电话号码。</string>
  <string name="pref_title_usingHDContactPicture">使用高清联系人图片</string>
  <string name="pref_title_linksInNotes">高亮备注中的链接</string>
  <string name="pref_summary_linksInNotes">当启用，在备注中的网址、电子邮件、街道地址和电话号码将可点击。</string>
  <string name="pref_title_enableInCallWidget">启用通话中小部件</string>
  <string name="pref_title_delayToClose">延迟关闭</string>
  <string name="pref_summary_delayToCloseInCallWidget">在呼叫结束后延迟%d秒关闭\"通话中小部件\"。</string>
  <string name="pref_title_closeWhenOffhook">接听时关闭</string>
  <string name="pref_summary_closeWhenOffhook">当您接听来电时自动关闭\"通话中小部件\"。</string>
  <string name="pref_summary_informationNeedShowInInCallWidget">选择需要显示在 \"通话中小部件\"的信息。</string>
  <string name="phoneNumberLabel">电话号码标签</string>
  <string name="last_contact_time">最后联系时间</string>
  <string name="contact_pictures">联系人图片</string>
  <string name="menu_importToQuickdialList">导入到快速拨号列表</string>
  <string name="confirm_importToQuickdialList">请注意导入的数据将覆盖现有数据。</string>
  <string name="toast_importToQuickdialListSuccessfully">%d条号码已导入</string>
  <string name="pref_title_frameColor">边框颜色</string>
  <string name="pref_title_hideDefaultIcon">隐藏默认图标</string>
  <string name="pref_summary_hideDefaultIcon">隐藏在列表视图中的默认图标。</string>
  <string name="pref_title_showInTheSidebar">在侧边栏中显示</string>
  <string name="pref_summary_showInTheSidebar">选择需要显示在侧边栏中项目</string>
  <string-array name="pref_entries_showInTheSidebar">
    <item>联系人组</item>
    <item>组织</item>
    <item>职位</item>
  </string-array>
  <string name="menu_addToQuickdialList">添加到快速拨号列表</string>
  <string name="toast_theNumberHasNeenAdded">号码已经添加。</string>
  <string name="pref_title_fontSizeSidebar">字体大小 （侧边栏）</string>
  <!-- 	<string name="hour">Hour</string> -->
  <string name="contactedLastXHours">最近%s小时联系过的</string>
  <!-- 	选中的邮件地址已经复制到剪贴板。您可以将它粘贴到邮件程序的地址字段 -->
  <string name="toast_selectedEmailAddressCopied">选定的电子邮件地址已复制到剪贴板中。您可以将其粘贴到电子邮件程序的收件人输入框。</string>
  <string name="pref_title_backUpAllData">备份所有数据</string>
  <!-- 	由于数据库的更新。还原数据可能导致组铃声、组图片和防火墙工作不正常。请检查它们在恢复数据后。 -->
  <string name="pref_summary_backUpAllData">由于数据库的更新。还原数据可能导致组铃声、组图片和防火墙工作不正常。请检查它们在恢复数据后。</string>
  <!-- 	注意这不会备份联系人数据库。 -->
  <string name="warning_notBackUpContactsDatabase">请注意这不会备份联系人数据库。</string>
  <string name="pref_title_restoreAllData">还原所有数据</string>
  <string name="toast_backedSuccessfully">已成功备份到 %s。</string>
  <string name="toast_backedFailed">备份失败。请确保您已设置了一个有效的备份路径。</string>
  <string name="toast_restorSuccessfully">从 %s 成功还原。</string>
  <string name="toast_restorFailed">还原失败。请确保您已设置了正确的路径。</string>
  <string name="close">关闭</string>
  <string name="minimize">最小化</string>
  <string name="maximize">最大化</string>
  <string name="call">呼叫</string>
  <string name="toast_notSuppouteditingNotes">此联系人不支持编辑备注。</string>
  <!-- An option in the event notification settings, open it automatically sends the blessing SMS comes in contact events. -->
  <string name="pref_title_automaticallySendGreetingsSMS">自动发送问候短信</string>
  <!-- 	注意发送消息时您不会得到通知，发送时间为事件当天的[通知时间]。 -->
  <string name="pref_summary_automaticallySendGreetingsSMS">注意发送消息时您不会得到通知，发送时间为事件当天的[通知时间]。</string>
  <!-- Prompt message before you delete a call log. -->
  <string name="prompt_deleteCallLog">注意：删除通话记录会影响通话统计结果。</string>
  <!--
    Dispaly in [In call Widget]
    Example:
    The last contact time: 5 days ago。 -->
  <string name="in_call_lastContactTime">最后联系时间: %s</string>
  <string name="recommendToFriends">推荐给朋友</string>
  <string name="filterMode">筛选模式</string>
  <!-- 	Show contacts filter Details Grp = Group; Com = Company; Tit = Title -->
  <string name="contactsFilterSummary">筛选: 群组: %1$s 公司: %2$s 职位: %3$s</string>
  <string name="pref_title_largeDialButton">大的拨号按钮</string>
  <!-- 	显示在联系人组编辑器，为编辑的组设置父组 -->
  <string name="parentGroup">父组</string>
  <string name="pref_title_formatPhoneNumber">格式化电话号码</string>
  <string name="menu_viewSelectedContacts">查看选定的联系人</string>
  <string name="filter_status_all">所有</string>
  <string name="pref_title_enableSlidingAction">启用滑动动作</string>
  <!-- 	启用滑动拨号等等，关闭它以便使用滑动切换号码。 -->
  <string name="pref_summary_enableSlidingAction">启用滑动拨号等等，关闭它以便使用滑动切换号码。</string>
  <!-- Click Open browser to select files or other data -->
  <string name="browse">浏览</string>
  <string name="companies">公司</string>
  <string name="company">公司</string>
  <string name="clear">清除</string>
  <string name="other">"其他"</string>
  <string name="voice_input">语音输入</string>
  <string name="app_widget_name_dialer_3_3">DW拨号 3 × 3</string>
  <string name="app_widget_name_dialer_2_3">DW拨号 2 × 3</string>
  <string name="app_widget_name_dialer_4_4">DW拨号 4 × 4</string>
  <string name="app_widget_name_agenda">DW 日程</string>
  <!-- 	A menu item is used to select mode grouping contacts. -->
  <string name="menu_groupBy">分组按…</string>
  <string name="menu_showHistory">显示历史记录</string>
  <string name="menu_sendMessage">发送短信/彩信</string>
  <string name="menu_sendMail">发送电子邮件</string>
  <string name="menu_setRingtone">设置铃声</string>
  <string name="menu_insert">插入</string>
  <string name="pref_title_disableAutomaticUpdates">禁用自动更新。</string>
  <string name="pref_title_showsLinkToContactList">显示到联系人列表的链接</string>
  <!-- A number label, recently contacted number，It shows in the contact details SMS TAB. Number selection drop-down list. For example: Recent:12345678 -->
  <string name="recent">最近</string>
  <string name="dialog_title_selectFieldsToShare">选择要分享的字段</string>
  <string name="pref_title_showSIMCardNumber">显示 SIM 卡号码</string>
  <string name="pref_title_swapSIMCardNumber">交换 SIM 卡号码</string>
  <string name="pref_summary_selectNeedToDisplayTabs">选择需要显示的选项卡</string>
  <!-- 	检测到您正使用屏幕阅读程序。是否显示“电话号码选择对话框”在拨号前？ -->
  <string name="prompt_usePhoneNumberSelectionDialogWhenUseScreenReader">检测到您正使用屏幕阅读程序。是否显示“电话号码选择对话框”在拨号前？</string>
  <string name="neverShowAgain">不要再次显示</string>
  <!-- 	选择[确定]，“通话中小部件”将不会再次显示。 -->
  <string name="prompt_neverShowAgain">选择 [%1$s]、 \"%2$s\"将不会再次显示。</string>
  <string name="dualSIMCardConfiguration">双卡配置</string>
  <!-- 	如果SIM卡编号显示不正确，请先通过两个SIM卡各拨打一个电话，然后点击[重新检测]按钮。 -->
  <string name="prompt_retestSIMCardNumber">如果SIM卡编号显示不正确，请先通过两个SIM卡各拨打一个电话，然后点击[重新检测]按钮。</string>
  <!-- 	重新检测 -->
  <string name="retest">重新检测</string>
  <!-- 	检测已完成 -->
  <string name="toast_retestSIMCardNumberCompleted">检测已完成</string>
  <string name="toast_settingsHaveBeenSaved">设置已保存</string>
  <!-- 	如果双卡功能不工作在您的设备。请尝试选择设备列表中的每一个设备，然后单击[拨号]按钮。当两个拨号按钮使用正确SIM卡拨号时，单击[保存]按钮。 -->
  <string name="prompt_dualSIMDialTest">如果双卡功能不工作在您的设备。请尝试选择设备列表中的每一个设备，然后单击[拨号]按钮。当两个拨号按钮使用正确SIM卡拨号时，单击[保存]按钮。</string>
  <string name="lable_device">设备：</string>
  <string name="lable_testNumber">测试号码：</string>
  <!-- 	 An option. When you enable the exchange of the SIM card used when making calls. When the dial buttons 1 and 2 do not correspond correct SIM card to select it. -->
  <string name="swapTheDialSIMcard">交换拨号SIM卡</string>
  <string name="shareMySettings">分享我的设置</string>
  <!-- 	已添加前缀/后缀（%s） -->
  <string name="toast_prefixOrSuffixHasBeenAdded">前缀/后缀已添加 (%s)</string>
  <string name="pref_title_downloadGeocoderPlugin">下载归属地插件</string>
  <string name="menu_bindTo">绑定到 %s</string>
  <string name="menu_clearBind">清除绑定</string>
  <string name="pref_title_twoDialOnTheDialpad">显示两个拨号按钮在拨号盘</string>
  <string name="pref_title_twoDialInTheContactList">显示两个拨号按钮在联系人列表</string>
  <!-- 	call using SIM card 1 -->
  <string name="description_dial_button_using">使用 %s 拨打</string>
  <string name="menu_shareAsText">通过文本分享</string>
  <string name="menu_shareAsvCard">通过电子名片分享</string>
  <string name="noItmeSelected">未选择任何项目</string>
  <string name="pref_title_leftHandedOperation">左手操作</string>
  <string name="description_goToSubGroups_button">转到子组列表</string>
  <!-- 一个选项，当打开备注会优先保存到联系人，而不是通话记录备注 -->
  <string name="pref_title_saveNotesToContacts">将备注保存到联系人</string>
  <string name="export_to_single_vcard_file">导出到单个 vCard 文件</string>
  <string name="export_to_multiple_vcard_files">导出到多个 vCard 文件</string>
  <string name="confirm_export_contacts_to_folder_message">您的联系人将被导出到文件夹: %s。</string>
  <!-- 读出来电显示号码 -->
  <string name="pref_title_speakCallerID">读出来电者姓名</string>
  <string name="pref_title_speakOrganization">阅读来电者组织</string>
  <string name="pref_title_speakNumber">阅读号码</string>
  <string name="pref_summary_speakNumber">如果来电者不在联系人中</string>
  <string name="pref_title_repeatCount">重复次数</string>
  <string name="pref_title_repeatInterval">重复间隔</string>
  <string name="pref_title_reverseList">反转列表</string>
  <string name="pref_title_openQuickJumpOnStartup">启动时打开快速跳转</string>
  <!-- 搜索历史记录 - 一个开关确定是否显示搜索历史记录 -->
  <string name="pref_title_searchHistory">搜索历史记录</string>
  <string name="menu_add_event">添加事件</string>
  <string name="notification_dataLoaderIsRunning">数据加载程序正在运行</string>
  <string name="clickToGetMoreInformation">单击此处可获取更多的信息</string>
  <!-- 	您好，试用期限将结束在5天后。现在要购买吗？ -->
  <string name="remind_trialPeriodWillEnd">您好，试用期限将结束在%d天后。现在要购买吗？</string>
  <string name="menu_addToBlockList">添加到阻止列表</string>
  <string name="menu_removeFromBlockList">从阻止列表中删除</string>
  <string name="blockList">阻止列表</string>
  <string name="font">字体</string>
  <string name="needToUpdate">需要更新</string>
  <string name="disable">禁用</string>
  <string name="pref_title_hideContactPicture">隐藏联系人图片</string>
  <string name="event_info_links_label">链接</string>
  <string name="pref_title_calllogFilterAtTop">显示 \"通话记录筛选器\"在屏幕的顶部</string>
  <!-- A menu, click the call methods available to display. For example: SIM card 2; Video call; Skype; SIP -->
  <string name="menu_callUsing">呼叫使用 …</string>
  <string name="video_call">视频呼叫</string>
  <string name="automatic_redial">自动重拨</string>
  <!-- Automatic redial after 3 seconds. -->
  <string name="automatic_redial_after">%s 后自动重拨。</string>
  <!-- Enter "Arrange mode", you can drag to sort items. -->
  <string name="menu_arrangeMode">排列模式</string>
  <string name="summary_arrangeMode">拖动项目进行排序</string>
  <string name="recommend_template">"您好! \n我一直使用 %1$s。这是一个非常棒的通讯录软件。您可以使用此链接下载: %2$s"</string>
  <string name="recommend_id_template">"别忘了输入我的 ID (%s) 到（工具箱选项卡-&gt; 推荐给朋友）。\n谢谢！"</string>
  <!-- An option to choose what to hide in the contact details -->
  <string name="pref_title_hideSection">隐藏章节</string>
  <string name="pref_title_automaticBackup">自动备份</string>
  <string name="pref_title_backupTime">备份时间</string>
  <string name="pref_title_backupCycle">备份周期</string>
  <string-array name="pref_entries_backupCycle">
    <item>每天</item>
    <item>每两天</item>
    <item>每三天</item>
    <item>每四天</item>
    <item>每五天</item>
    <item>每六天</item>
    <item>每周</item>
    <item>每月</item>
  </string-array>
  <string name="pref_title_contactsBackup">联系人备份</string>
  <string name="pref_summary_contactsBackup">选择要备份的组</string>
  <string name="pref_title_backupNow">立即备份</string>
  <string name="pref_title_disableInCarMode">在汽车模式中禁用</string>
  <string name="pref_summary_disableInCarMode">暂时禁用拨号确认，当您在车上</string>
  <!-- An alert message when adding a shortcut to the HomePage request has been sent. -->
  <string name="toast_requestHasBeenSent">请求已发送</string>
  <string name="pref_title_hideMenuButton">隐藏菜单按钮</string>
  <string name="pref_summary_hideMenuButton">如果您的设备没有菜单按钮，隐藏它，您将无法访问菜单</string>
  <string name="pref_title_deleteOldCallLogs">删除旧记录</string>
  <string name="pref_summary_deleteOldCallLogs">当数量达到 %s 时，删除旧的通话记录</string>
  <string name="menu_setContactPhoto">设置联系人图片</string>
  <!-- OPTION: When you restart the app. Restore the state when last used. -->
  <string name="pref_title_restoreStateWhenRestarted">重新启动时恢复状态</string>
  <string name="websiteTypeHomepage">主页</string>
  <string name="websiteTypeBlog">博客</string>
  <string name="websiteTypeProfile">个人资料</string>
  <string name="websiteTypeHome">家庭</string>
  <string name="websiteTypeWork">公司</string>
  <string name="websiteTypeFTP">FTP</string>
  <!--     <string name="description">Description</string> -->
  <!--     <string name="menu_add_link">Add link</string> -->
  <string name="pref_title_excludeNumbers">排除号码</string>
  <string name="pref_summary_excludeNumbers">拨打这些号码将不会显示 [拨号确认] 对话框</string>
  <!-- Menu item used to add custom field to contact -->
  <string name="menu_addCustomField">添加自定义字段</string>
  <!-- An automatic group name, which contains all has photo contacts -->
  <string name="hasPhotoContacts">有照片的联系人</string>
  <!-- Selectable menu item used to controls whether display "contacts events" in the "agenda list". -->
  <string name="menu_showContactsEvents">显示联系人事件</string>
  <!-- An option to define accent color. The color applied to framework controls in their activated (ex. checked) state. -->
  <string name="pref_title_accentColor">强调颜色</string>
  <!-- An option to define whether the appointment is created automatically send the invitation email.-->
  <string name="pref_title_sendInvitation">发送邀请</string>
  <!-- An option to define whether the appointment is created automatically send the invitation email.-->
  <string name="pref_summary_sendInvitation">将联系人电子邮件地址添加到与会者</string>
  <!-- An option to define whether use circle icon.-->
  <string name="pref_title_circleIcon">圆型头像</string>
  <string name="on">开启</string>
  <string name="off">关闭</string>
  <!-- Determined by the theme -->
  <string name="byTheme">按主题</string>
  <!-- An option to define color -->
  <string name="pref_title_callLogFilterBackground">通话记录过滤器背景</string>
  <!-- An option to define whether use colorful icon.-->
  <string name="pref_title_colorfulIcon">多彩图标</string>
  <!-- Select this option to Reduce the ring volume when reading the caller information. -->
  <string name="pref_title_reduceRingerVolume">降低铃声音量</string>
  <!-- Select this option to Reduce the ring volume when reading the caller information. -->
  <string name="pref_summary_reduceRingerVolume">降低铃声音量，当阅读来电者信息</string>
  <!-- Menu item used to Go to the "Calendar" App -->
  <string name="menu_goToCalendar">转到日历</string>
  <!-- Menu item used to add selected item to the Tab bar -->
  <string name="menu_addToTabBar">添加到标签栏</string>
  <!-- Menu item used to remove selected item from the Tab bar -->
  <string name="menu_removeFromTabBar">从标签栏中删除</string>
  <!-- Menu item used to browse and restore data -->
  <string name="menu_restoreFrom">还原从…</string>
  <!-- Menu item used to open [Backup Manager] -->
  <string name="menu_backupManager">备份管理器</string>
  <string name="typeface_bold">粗体</string>
  <string name="typeface_italic">斜体</string>
  <!-- A contact group option. Open it will automatically delete call logs, contacts belong to this group. -->
  <string name="pref_title_automaticallyDeleteCallLogs">自动删除通话记录</string>
  <!-- An option to control whether to display the contact's local time -->
  <string name="pref_title_showContactsLocalTime">显示联系人本地时间</string>
  <!-- An option -->
  <string name="pref_title_replaceMissedCallNotification">替换 \"未接来电通知\"</string>
  <!-- An option summary -->
  <string name="pref_summary_replaceMissedCallNotification">避免显示 \"选择应用\"对话框</string>
  <!-- An option in the dialog box to delete call records. Controls whether delete call log notes -->
  <string name="deleteNotes">删除备注</string>
  <string name="offset">偏移</string>
  <!-- Label above username EditText -->
  <string name="username">用户名</string>
  <!-- Button to sign in after entering username and password -->
  <string name="signIn">登录</string>
  <string name="message_createLocalContactAccount">创建一个本地的联系人帐号。保存在此帐号中的联系人，不会同步到网络。\n<b>注意：</b>卸载“DW联系人”会导致属于在此帐号的联系人自动删除。\n如果启用联系人同步，联系人会同步到“<b>SD卡</b>/DW/contacts/”文件夹。</string>
  <!-- "By number" merge call records, etc. -->
  <string name="byNumber">按号码</string>
  <!-- "By contact" merge call records, etc. -->
  <string name="byContact">按联系人</string>
  <string name="toast_switchToIntersectionMode">再次单击切换到 <b>交集模式</b></string>
  <!-- An option to control whether to display the message log in History -->
  <string name="pref_title_showMessageLog">显示消息日志</string>
  <!-- Menu item used to add data (E-mail address, etc.)  to contacts -->
  <string name="addToContact">添加到“联系人”</string>
  <!-- An option When you open it will maintain a fixed height In call widget. -->
  <string name="fixedHeight">固定高度</string>
  <!-- ****************************** Descriptions *********************************** -->
  <!--
         String describing the Keyboard switch ImageButton
         Used by AccessibilityService to announce the purpose of the button.
         [CHAR LIMIT=NONE]
    -->
  <string name="description_switch_keyboard">切换键盘</string>
  <string name="description_pick_contact">选择联系人</string>
  <!-- String describing the text for photo of a item(group, title, company，etc.). -->
  <string name="description_icon_for"><xliff:g id="name">%1$s</xliff:g>的图标</string>
  <!--An option. When opened, will use list long press menu.-->
  <string name="pref_title_useListMenu">使用列表菜单</string>
  <!--An option in Accessibility. When opened, Enter the number need to double click to confirm.-->
  <string name="pref_title_doubleClickEnterNumber">双击输入号码</string>
  <!--A item of list, control information needs to be displayed in the "In call widget"-->
  <string name="positionInQuickDial">快速拨号位置</string>
  <string name="prompt_requiresPermission">需要权限 <b>%1$s</b></string>
  <string name="pause">暂停</string>
  <string name="description_add_voice_tag">添加语音标记</string>
  <string name="pref_color_schemes">配色方案</string>
  <string name="navigation_drawer_open">显示导航栏</string>
  <string name="navigation_drawer_close">隐藏导航栏</string>
  <string name="toast_adjustColors">单击要调整的颜色</string>
  <string name="auto_close">自动关闭</string>
  <string name="voice_tag">语音标记</string>
  <!--An option title in [Contact Details]. When opened, Will merge items,When just labels different.-->
  <string name="pref_title_mergeItemsJustDiffLabel">合并项目</string>
  <!--An option summary in [Contact Details]. When opened, Will merge items,When just labels different.-->
  <string name="pref_summary_mergeItemsJustDiffLabel">合并电话号码等数据，当只有标签不同</string>
  <string name="todoList">待办事项</string>
  <string name="menu_add_todo">添加待办事项</string>
  <!-- Notification message when adding a number to the blacklist, but the call filter did not open. -->
  <string name="needEnableCallFilter">您还需要启用 [防火墙]</string>
  <!--An option title in [Events]. Define which events need to display. It filter events based on contact groups-->
  <string name="pref_title_eventsToDisplay">要显示的事件</string>
  <!--An option title in [Color schemes]. Used to define the "List section" Text Size -->
  <string name="section_header">节标题</string>
  <!--An option. When open: The starred contacts are displayed at the top of the list. -->
  <string name="showStarredAtTheTop">显示收藏的联系人在顶部</string>
</resources>
