<?xml version="1.0" encoding="utf-8"?>
<!--Generated by crowdin.com-->
<resources xmlns:xliff="urn:oasis:names:tc:xliff:document:1.2">
  <string name="label_ringtone">"铃声"</string>
  <string name="default_ringtone">"默认铃声"</string>
  <string name="menu_sendEmail">"发送电子邮件"</string>
  <string name="showFilterPhones">"仅显示有电话号码的联系人"</string>
  <string name="showFilterPhonesDescrip">"仅显示有电话号码的联系人"</string>
  <string name="headerContactGroups">"选择要显示的联系人"</string>
</resources>
