<?xml version="1.0" encoding="utf-8"?>
<!--Generated by crowdin.com-->
<resources xmlns:xliff="urn:oasis:names:tc:xliff:document:1.2">
  <string name="label_ringtone">"着信音"</string>
  <string name="default_ringtone">"プリセット着信音"</string>
  <string name="menu_sendEmail">"メールを送信"</string>
  <string name="showFilterPhones">"電話番号のある連絡先のみ"</string>
  <string name="showFilterPhonesDescrip">"電話番号のある連絡先のみ表示する"</string>
  <string name="headerContactGroups">"表示連絡先の選択"</string>
</resources>
