<?xml version="1.0" encoding="utf-8" standalone="no"?>
<!--Generated by crowdin.com-->
<resources xmlns:xliff="urn:oasis:names:tc:xliff:document:1.2">
  <string name="app_name">DW 電話帳</string>
  <string name="app_contacts_name">DW 電話帳</string>
  <string name="starred">お気に入り</string>
  <string name="coworkers">同僚</string>
  <string name="family">家族</string>
  <string name="friends">友人</string>
  <string name="myContacts">マイコンタクト</string>
  <string name="mergedContacts">連絡先を併合する</string>
  <string name="no_item_to_display">表示項目なし</string>
  <string name="allContact">全連絡先</string>
  <string name="no_phone_numbers">電話番号なし</string>
  <string name="menu_edit">編集</string>
  <string name="menu_edit_group">グループ編集</string>
  <string name="menu_add_contact_to_group">連絡先をグループに追加</string>
  <string name="menu_remove_contact_from_group">連絡先をグループから削除</string>
  <string name="groupNameLabel">グループ名</string>
  <string name="add">追加</string>
  <string name="message_del_system_group">このグループはシステム既定のグループです. 削除しても自動で再構築され不具合を生じます. それでもよろしいですか？</string>
  <string name="menu_select_mode">複数選択</string>
  <string name="menu_inverse_select">反転</string>
  <!--<string name="noContact">This group has no contact</string> -->
  <string name="pleaseWait">お待ちください</string>
  <string name="pref_send_title">SMS &amp; メール 設定</string>
  <string name="pref_title_sms_mms_send">SMS / MMS</string>
  <string name="pref_title_email_send">メール</string>
  <string name="pref_send_to">%s に送信</string>
  <string-array name="prefEntries_sms_mms_to">
    <item>既定または最初の携帯電話番号</item>
    <item>全携帯電話</item>
    <item>全電話</item>
  </string-array>
  <string-array name="prefEntries_email_to">
    <item>メインメールアドレス</item>
    <item>全メールアドレス</item>
  </string-array>
  <!--Recipients location -->
  <string name="pref_title_recipients_location">受信者側の記入欄</string>
  <string name="pref_recipients_location_summary">%s に受信者を記載</string>
  <string-array name="pref_entries_recipients_location">
    <item>Bcc</item>
    <item>Cc</item>
    <item>TO</item>
  </string-array>
  <string name="menu_preferences">設定</string>
  <string name="preferences_title">設定</string>
  <string name="error_report_email_explain">不具合を生じ申し訳ありません. アプリ改善のためエラーメッセージとシステム情報を含むレポートを送信して頂ければ助かります. プライバシーは守られます</string>
  <string name="no_contact_selected">連絡先が未選択です</string>
  <!--Firewall -->
  <string name="firewell_add_item">通話フィルター追加</string>
  <string name="lable_week">週</string>
  <string name="select_group_title">グループ選択</string>
  <!-- %s = call number-->
  <string name="call_blocking_message">%s の通話をブロックします</string>
  <string name="stat_notify_incoming_calls_were_intercepted">%d 件の着信が傍受されました</string>
  <string name="pref_firewall_title">通話フィルター設定</string>
  <string name="pref_title_firewall_enable">通話フィルター有効化</string>
  <string name="firewall_service_started">通話フィルター設定を開始します</string>
  <string name="firewall_state_label">DW 通話フィルター</string>
  <!-- The status bar at the top of the screen display a notification message. -->
  <string name="pref_title_firewall_allways_show_stat_notify">ステータスバーにアイコン表示</string>
  <string name="pref_firewall_allways_show_stat_notify_summary">ステータスバーメッセージを常時表示</string>
  <string name="menu_week_view">週別ビュー</string>
  <string name="menu_time_view">時間別ビュー</string>
  <string name="menu_view">ビュー</string>
  <string name="from">From</string>
  <string name="to">To</string>
  <string-array name="days">
    <item>日曜日</item>
    <item>月曜日</item>
    <item>火曜日</item>
    <item>水曜日</item>
    <item>木曜日</item>
    <item>金曜日</item>
    <item>土曜日</item>
  </string-array>
  <string-array name="days_short">
    <item>日</item>
    <item>月</item>
    <item>火</item>
    <item>水</item>
    <item>木</item>
    <item>金</item>
    <item>土</item>
  </string-array>
  <string name="firewall_label">通話フィルター</string>
  <string name="everyday">毎日</string>
  <string name="never">なし</string>
  <string name="search_hint">検索開始のタイプ</string>
  <string name="pref_title_display_system_group">システムグループを表示</string>
  <!-- Gmail the default, including the group. (Starred, Coworkers, Family, Friends, My Contacts) -->
  <string name="pref_display_system_group_summary">システム既定のグループを表示します</string>
  <string name="pref_title_merge_same_name_group">グループ統合</string>
  <string name="pref_merge_same_name_group_summary">同名複数のグループを統合します</string>
  <string name="pref_font_size_title">フォントサイズ（1行目）</string>
  <string name="pref_font_size_summary">サイズ:%s</string>
  <string name="removePicture">画像削除</string>
  <string name="changePicture">画像変更</string>
  <string name="attachToGroup">グループアイコン</string>
  <string name="use_photo_as_primary">この画像を使用</string>
  <string name="photoPickerNotFoundText">写真閲覧ソフトが見つかりませんでした</string>
  <string name="SMS">SMS</string>
  <string name="Email">メール</string>
  <string name="_null">""</string>
  <!-- It shows the contact event to the present time. -->
  <string name="days_after">%d 日以内</string>
  <string name="months_after">%d ヶ月以内</string>
  <string name="days_ago">%d 日前</string>
  <string name="months_ago">%d ヶ月前</string>
  <string name="today">今日</string>
  <string name="show_group_icon">グループアイコン表示</string>
  <string name="show_group_icon_summary">グループアイコンを表示します</string>
  <string name="using_system_sms_program">システムのSMSアプリを使用</string>
  <!-- According to user feedback that I might in the new version, use it again. -->
  <string name="using_system_sms_program_summary">SMS送信機能を無効にする</string>
  <string name="recipients_limit">受信者数上限</string>
  <string name="recipients_limit_summary">設定より受信者数が多い時は自動的に分割送信します</string>
  <string name="send">送信</string>
  <string name="confirm_send_message">残りの連絡先にも送信し続けますか?</string>
  <!-- For example, Tablet PC does not support sending text messages. However, click the SMS icon.
    I will call the SMS program. The system will report an exception. Then display this prompt. -->
  <string name="system_does_not_support">システムがサポートしていません</string>
  <string name="ungrouped_contacts">グループ未設定</string>
  <string name="multipleContactsDeleteConfirmation">選択した連絡先は削除されます。</string>
  <!--pref default view -->
  <string name="pref_title_default_view">起動時表示タブ</string>
  <string name="pref_default_view_summary">起動時の初期表示タブ: %s</string>
  <!--pref show auto groups -->
  <string name="pref_title_display_auto_group">自動グループ表示</string>
  <string name="pref_display_auto_group_summary">"全連絡先", "グループ未設定" もグループ表示します</string>
  <string name="label_hide">非表示</string>
  <string name="hide_group_summary">このグループを非表示</string>
  <string name="fast_scroll_alphabet">\u0020あかさたなはまやらわABCDEFGHIJKLMNOPQRSTUVWXYZ</string>
  <string name="fast_scroll_numeric_alphabet">\u00200123456789ABCDEFGHIJKLMNOPQRSTUVWXYZ</string>
  <!-- Because the different SMS programs. When I provide a phone number to the SMS program,
    some require the use of a semicolon to separate the numbers, and some require a comma. Therefore, this option provides. -->
  <string name="sms_compatibility_mode_title">SMS/MMS 送信モード</string>
  <string name="sms_compatibility_mode_summary">XT800のような電話番号を通常受信しないSMSプログラムで選択してください</string>
  <string name="menu_sort_hide">ソート &amp; 表示</string>
  <string name="menu_sort_alphabetically">アルファベット順</string>
  <string name="pref_in_call_widget_title">通話中ウィジェット</string>
  <string name="pref_help_title">ヘルプ</string>
  <string name="pref_online_help_title">オンラインヘルプ</string>
  <string name="menu_cancel_send_to_voicemail">表示連絡先からの着信ブロックを解除</string>
  <string name="pref_feedback_title">メールでフィードバック</string>
  <string name="pref_about_title">このプログラムについて</string>
  <string name="version">バージョン</string>
  <string name="pref_name_display_order_summary">表示順を変更できます. デフォルト以外には表示速度が低下します</string>
  <string name="pref_contacts_account_title">アカウント選択</string>
  <string name="pref_contacts_account_summary">表示中のアカウント:%s</string>
  <string name="all_account">全アカウント</string>
  <string name="pref_show_account_name_title">アカウント名表示</string>
  <string name="pref_show_account_name_summary">グループ名にの下にアカウント名を表示します.</string>
  <string name="select_account">アカウント選択</string>
  <string name="pref_register_code_title">登録コードの入力</string>
  <string name="pref_register_code_summary">支払い確認メール内のレジストレーションコードを入力して下さい (インターネット接続不要)</string>
  <!-- A setting item, click it to open, buy the software license key dialog box. -->
  <string name="pref_get_register_code_title">Pro版の購入</string>
  <string name="pref_get_register_code_summary">全機能をお使い頂くために登録をお願いします. 開発維持のために寄付をお願いします.</string>
  <string name="buying_tips">２つの支払方法があります。（どちらも機能は同じです）：デバイスのシリアル番号を使う方法（Paypal またはクレジット カード）、google アカウントで登録する方法（Google PlayでPro版を購入）があります。</string>
  <string-array name="purchase_channels">
    <item>Google Play</item>
    <item>PayPalまたはクレジットカード</item>
    <item>友達に薦める</item>
  </string-array>
  <string-array name="purchase_channels_summary">
    <item>このソフトウェアをgoogle アカウントに登録します。（Pro版を Google Playで購入してインストール）Pro版をインストールした後、フリー版をアンインストールしてください。</item>
    <item>デバイスのシリアル番号を登録してください: %s。支払後にレジストレーションコードを含めた確認のメールが届きます。その後 [オンライン登録チェック] をクリックし、登録を確認します。</item>
    <item>無料登録コードの取得</item>
  </string-array>
  <string name="menu_delete_all">全て削除</string>
  <!-- Menu title the user can use for trying to resend a message. -->
  <string name="menu_retry_sending">送信リトライ</string>
  <string name="message">メッセージ</string>
  <string name="failed">失敗</string>
  <string name="queued">整列</string>
  <string name="outbox">一時保管</string>
  <string name="sent">送信済</string>
  <string name="auto_replace_to_name">文字列「???」は連絡先のフルネームに; "??F" は姓に; "??G" は名に; "??N" はニックネームに変換されます.</string>
  <string name="example_message">もしもし, ???</string>
  <string name="sms_preview">プレビュー:</string>
  <string name="message_send_state_successfully">送信に成功しました.</string>
  <string name="message_send_state_failed">送信に失敗しました。</string>
  <string name="message_send_unknown_error">不明なエラー。%d メッセージは送信されませんでした。</string>
  <string name="message_send_no_signal">接続切れかフライトモード中です. %d メッセージは送信できませんでした</string>
  <string name="message_send_successfully">全メッセージが送信されました</string>
  <string name="need_the_paid_version">Pro版でのみ利用できます</string>
  <!-- As a "contact group"on the phone the main screen to create a shortcut. -->
  <string name="create_shortcut">ホームにショットカートを作成</string>
  <string name="menu_move_to_group">グループへ移動</string>
  <string name="pref_tabs_title">アクティブ＆並び替え</string>
  <string name="pref_tabs_summary">使用するタブを選択してソートできます</string>
  <!--pref theme -->
  <string name="pref_theme_title">システムテーマ</string>
  <!-- Change the software interface look. -->
  <string name="pref_theme_summary">テーマのベース設定</string>
  <string name="search">検索</string>
  <string name="pref_services_title">バックグランドサービスの設定</string>
  <!-- Settings screen, section heading for SMS-specific settings -->
  <string name="pref_sms_settings_title">"テキストメッセージ(SMS)設定"</string>
  <!-- Settings screen, section heading for EMAIL-specific settings -->
  <string name="pref_email_settings_title">"メール設定"</string>
  <!-- Settings item for boolean option to enable/disable SMS delivery reports -->
  <string name="pref_title_sms_delivery_reports">デリバリーレポート</string>
  <!-- Settings item description for boolean SMS delivery report setting -->
  <string name="pref_summary_sms_delivery_reports">送信メッセージ毎にデリバリーレポートを要求します</string>
  <string name="pref_contact_sort_order_title">ソート方法:</string>
  <string name="pref_contact_sort_order_summary">連絡先の並びを変更できますが初期設定以外では速度が落ちます</string>
  <!-- CHANGED ORDER -->
  <string name="contact_sort_order_FamilynameAlternate">苗字 - 代替</string>
  <string name="contact_sort_order_RecentContacted">最近の連絡歴</string>
  <string name="contact_sort_order_LongTimeNotContacted">長い間連絡していない</string>
  <string name="contact_sort_order_CreationTime">作成時刻</string>
  <string name="contact_sort_order_DefaultAlternate">デフォルト - 代替</string>
  <!-- An automatic group, it shows all the contacts included telephone numbers. -->
  <string name="has_phone_number_contacts">発信可能な連絡先</string>
  <string name="exit_prompt">再度バックキーで終了</string>
  <string name="pref_exit_prompt_title">終了前に確認</string>
  <string name="pref_exit_prompt_summary">終了前に警告メッセージを表示</string>
  <string name="pref_language_title">言語</string>
  <string name="load_license_success">ライセンスをネットワークからロードしました</string>
  <string name="load_license_failed">ネットワークからのライセンスのロードに失敗しました!</string>
  <string name="license_check_success">ライセンス認証完了</string>
  <string name="license_check_failed">ライセンス認証失敗!</string>
  <string name="load_license_unregistered">未登録です</string>
  <string name="sending">送信中...</string>
  <string name="error">エラー</string>
  <string name="clear_data_or_uninstall_app">データをクリアするかアプリをアンインストールしてください</string>
  <string name="database_update_error_message">"ごめんなさい. データベース構築中のエラーです.
データベースファイルの認可で生じるエラーで修復困難です。以下の3つの方法を試してみて下さい：
1. 電話の再起動
2. アプリケーションの管理画面でアプリのデータを消去
3. アプリのアンインストールして再インストール"</string>
  <!-- It shows the contact event to the present time. -->
  <string name="one_day_after">明日</string>
  <string name="one_month_after">1ヵ月以内</string>
  <string name="one_day_ago">昨日</string>
  <string name="one_month_ago">先月</string>
  <string name="menu_edit_event">イベント編集</string>
  <string name="menu_add_to_calendar">イベントをカレンダーに追加</string>
  <string name="menu_delete_event">イベントを連絡先から削除</string>
  <string name="menu_duplicate_contact">連絡先コピー</string>
  <string name="mes_sendSmsSystemLimit">システムの制限のため、%1$s 時間毎に%2$s のSMSしか送信できません. %1$s時間後自動的に再送信されます</string>
  <string name="sendInBatches">バッチモード</string>
  <string name="sendInSingle">個別送信</string>
  <string name="sendInBatchesMessage">受信者数が設定した数を越えています、テキストボックスにメッセージを入力して「分割送信」を選択して送信するか「個別送信」を選択して1つずつ送信して下さい</string>
  <string name="pref_title_eventNotification">イベント通知設定</string>
  <string name="pref_title_notificationTime">通知時間</string>
  <string name="pref_title_notificationRingtone">通知音</string>
  <string name="pref_summary_notificationTime">イベント通知のタイミングを調整</string>
  <string name="pref_title_notificationBeforeHappen">イベントの事前通知</string>
  <string name="pref_summary_notificationBeforeHappen">イベントの %s 日前に通知</string>
  <string name="pref_title_notification">通知</string>
  <string name="pref_title_reminder">リマインダー</string>
  <string name="pref_summary_reminder">%s 前</string>
  <string name="pref_title_ringtone">着信音</string>
  <string name="pref_title_alarm">アラーム</string>
  <string name="pref_title_mergeSubgroup">サブグループ統合</string>
  <string name="pref_summary_mergeSubgroup">サブグループを親グループに表示させます。</string>
  <string-array name="pref_entries_notificationTime">
    <item>1 分</item>
    <item>5 分</item>
    <item>10 分</item>
    <item>15 分</item>
    <item>20 分</item>
    <item>25 分</item>
    <item>30 分</item>
    <item>45 分</item>
    <item>1 時間</item>
    <item>2 時間</item>
    <item>3 時間</item>
    <item>12 時間</item>
    <item>24 時間</item>
    <item>二日</item>
    <item>一週間</item>
  </string-array>
  <!-- Not in phone book contacts. -->
  <string name="unknown_contacts">不明連絡先</string>
  <string name="not_in_phone_book_contacts">電話帳にない連絡先</string>
  <string name="eventNotification">イベント通知</string>
  <string name="eventNotificationMessage">"%s\'さんの誕生日がもうすぐです."</string>
  <!-- When using the "Firstname first" show name, "Firstname" and "Lastname" split between the symbols. Most language is a space. -->
  <string name="givenNameFirstSeparator">" "</string>
  <!-- When using the "Lastname first" show name, "Firstname" and "Lastname" split between the symbols. -->
  <string name="familyNameFirstSeparator">" "</string>
  <string name="vCard">vCard</string>
  <string name="text">テキスト</string>
  <string name="pref_title_likeTheSoftware">当社のソフトウェアのサポートをお願いします</string>
  <string name="pref_title_rating">評価</string>
  <string name="pref_summary_rating">Google marketでいい評価をお願いします</string>
  <string name="pref_title_share">共有</string>
  <string name="pref_summary_share">友達にこのアプリを推薦する</string>
  <string name="contact_group">グループ</string>
  <!-- Set the time to send text messages in the future. -->
  <string name="regularlySent">定期的に送信</string>
  <string name="time">時間</string>
  <string name="pref_title_EmailProgram">メールプログラム</string>
  <string name="pref_summary_on_EmailProgram">デフォルトのメールプログラムを使う。</string>
  <string name="pref_summary_off_EmailProgram">送信時に確認します</string>
  <string name="toolbox">ツールボックス</string>
  <string name="pref_title_SMSSendInterval">送信間隔</string>
  <string name="pref_summary_SMSSendInterval">テキストメッセージの送信間隔(秒)</string>
  <string name="app_dialer_name">DW ダイヤラー</string>
  <string name="menu_sort">ソート順</string>
  <string name="license_check_failed_message">ライセンス認証エラー！ Google Playに接続できません</string>
  <string name="menu_unselectAll">全解除</string>
  <string name="pref_title_themeCustomize">テーマ設定</string>
  <string name="pref_title_backgroundColor">背景色</string>
  <string name="pref_title_backgroundColorForTitles">タイトル背景色</string>
  <string name="pref_title_textColorForTitles">タイトル文字色</string>
  <string name="pref_title_textColorMarked">マークした文字色</string>
  <string name="pref_title_hideTheTitle">タイトルバー非表示</string>
  <string name="pref_title_hideTheStatusbar">ステータスバー非表示</string>
  <string name="pref_title_hideTabLabel">タブバーのラベル非表示</string>
  <string name="pref_title_autoHideTab">タブバーを非表示</string>
  <string name="pref_summary_autoHideTab">Auto設定ではタブ移動中のみ表示します</string>
  <string name="reset">リセット</string>
  <string name="pref_title_automaticRotation">自動回転</string>
  <string name="pref_summary_automaticRotation">自動スクリーン回転機能のon/off</string>
  <string name="menu_editNotes">メモの編集</string>
  <string name="addSelectedContactsToFavorites">お気に入りに追加</string>
  <string name="removeSelectedContactsFormFavorites">お気に入りから削除</string>
  <string name="deleteSelectedContacts">削除</string>
  <string name="duplicateSelectedContacts">複製</string>
  <string name="setGroupForSelectedContacts">グループ設定</string>
  <string name="forSelectedContacts">選択した連絡先のみ</string>
  <string name="searchAnything">検索範囲拡大</string>
  <string name="quickDialManager">クイックダイヤル管理</string>
  <string name="menu_shareNumber">電話番号共有</string>
  <string name="menu_setGroupForContact">連絡先のグループ設定</string>
  <string name="pref_title_tabSettings">タブ設定</string>
  <string name="sendSMStoShownContacts">表示中連絡先にSMS/MMSを送信</string>
  <string name="sendEmailtoShownContacts">表示中連絡先にメールを送信</string>
  <string name="setRingtoneForShownContacts">表示中連絡先の着信音設定</string>
  <string name="pref_title_enableEventNotification">イベント通知を有効化</string>
  <string name="forSelectedGroups">選択したグループについて</string>
  <string name="menu_send_group_message">SMS/MMS送信</string>
  <string name="menu_delete_group">グループ削除</string>
  <string name="menu_deleteGroups">選択グループを削除</string>
  <!-- 	<string name="forSelectedOrgs">For selected companies</string> -->
  <!-- 	<string name="menu_editOrg">Edit company</string> -->
  <!-- 	<string name="forSelectedTitles">For selected titles</string> -->
  <!-- 	<string name="menu_editTitle">Edit title</string> -->
  <string name="menu_editContactFromEvent">イベントから連絡先編集</string>
  <string name="menu_focus2Today">今日</string>
  <string name="generalDeleteConfirmation">本当に削除しますか？</string>
  <string name="addContactTo">連絡先を %s に追加</string>
  <string name="removeContactFrom">%s から連絡先を削除</string>
  <string name="pref_title_showTabAtTop">タブバーを上部に表示する</string>
  <!-- Within the group "contact list" label -->
  <string name="labelWithinGroupContactsList">連絡先</string>
  <string name="multipleChoicePrompt">フリーバージョンでは複数選択には%d個までの制限があるため, SMSもしくはメールの送信はグループリストで長押しのメニューからお願いします。</string>
  <string name="pref_title_dialerPadTone">ダイヤルパッド入力トーン音</string>
  <string name="recentChanges">最近の変更</string>
  <string name="more">その他</string>
  <string name="selectAll">全選択</string>
  <string name="pref_title_alwaysToDefTab">常に起動時表示タブで起動</string>
  <string name="pref_summary_alwaysToDefTab">DW dialerからの起動時も起動時表示タブ設定を有効にする</string>
  <string name="pref_title_showMostContactedBelowFavorites">よく使う連絡先をお気に入りの下に表示</string>
  <string name="pref_title_showEventsFromToday">今日からイベントを表示</string>
  <string name="pref_title_YPositionOfInfoWindow">情報ウィンドウのY座標</string>
  <string name="pref_summary_YPositionOfInfoWindow">情報ウィンドウの上下移動. 受信画面での上下移動も可能です.</string>
  <string name="pref_title_backupRestore">バックアップと復元</string>
  <string name="pref_title_backupAllSettings">設定をバックアップ</string>
  <string name="pref_title_restoreAllSettings">設定を復元</string>
  <string name="pref_title_restoreDefaultSettings">設定をリセット</string>
  <string name="pref_title_showMyContactsInUngrouped">システムグループの \"マイコンタクト\" を無視する</string>
  <string name="pref_title_startDialerWithoutDialerPad">ダイヤラー起動時にパッドなしで表示</string>
  <string name="pref_summary_showMyContactsInUngrouped">Googleアカウントの \"マイコンタクト\" の連絡先のみを \"グループ未設定\" に表示します</string>
  <string name="toast_allSettingsToDefault">全ての設定をリセットしました</string>
  <string name="toast_settingsBackedSuccessfully">%s に設定をバックアップしました</string>
  <string name="toast_settingsBackedFailed">バックアップに失敗しました. 有効なバックアップパスを指定してください</string>
  <string name="toast_settingsRestorSuccessfully">設定は %s から正常に復元されました.</string>
  <string name="toast_settingsRestorFailed">復元に失敗しました. 有効なパスを指定してかつバックアップファイルの存在を確認して下さい</string>
  <string name="menu_newOrg">新規所属</string>
  <string name="menu_newTitle">新規役職</string>
  <string name="enterAName">名前入力</string>
  <string name="pref_title_t9Search">T9検索設定</string>
  <string name="pref_summary_t9Search">電話タブとそこでのT9検索動作に関する詳細設定です</string>
  <string name="pref_title_matchingAnywhere">全検索</string>
  <string name="pref_summary_matchingAnywhere">例) \"WTT \"で\"dW conTacTs\"を検索可能</string>
  <string name="pref_title_matchingPart">部分一致検索</string>
  <string name="pref_summary_matchingPart">例) \"NTA \"で \"dw coNTActs\"を検索可能</string>
  <string name="pref_title_matchingFirstLetter">頭文字一致検索</string>
  <string name="pref_summary_matchingFirstLetter">例) \"DCO \"で \"Dw COntacts\"を検索可能</string>
  <string name="pref_title_sortByDegreeOfMatch">一致度でソート</string>
  <string name="menu_copyToClipboard">クリップボードにコピー</string>
  <string name="menu_createEvent">予定を作成</string>
  <string name="useLimitFeaturePrompt">この機能は無料版で %d 回のみ使用できます。</string>
  <string name="pref_title_appointmentSettings">予定設定</string>
  <string name="pref_title_defaultAppointmentText">文章の初期設定</string>
  <string name="pref_summary_defaultAppointmentText">名前と番号の前にテキストを追加します</string>
  <string name="pref_default_defaultAppointmentText">"予定電話: "</string>
  <string name="titlesList">役職</string>
  <string name="eventsList">予定</string>
  <string name="pref_title_showInContactList">表示項目</string>
  <string-array name="pref_entries_showInContactList">
    <item>電話番号</item>
    <item>所属</item>
    <item>役職</item>
    <item>グループ</item>
    <item>アカウントのアイコン</item>
    <item>連絡先画像</item>
    <item>電子メールボタン</item>
    <item>SMSボタン</item>
    <item>ダイヤルボタン</item>
    <item>メモ</item>
  </string-array>
  <string name="pref_title_showNotesLines">記載行数を制限</string>
  <string name="tips_clickToSeeAllText">リストアイテムをクリックすると、すべてのテキストを見ることができます。</string>
  <string name="pref_title_colorForGroups">ラベル背景色 - グループ</string>
  <string name="pref_title_colorForOrganization">ラベル背景色 - 所属</string>
  <string name="pref_title_colorForTitle">ラベル背景色 - 役職</string>
  <string name="pref_title_fontSize2">フォントサイズ（2行目）</string>
  <string name="pref_title_fontSize3">フォントサイズ（3行目）</string>
  <string name="pref_title_useNumberSearch">電話番号も検索</string>
  <string name="pref_summary_useNumberSearch">電話番号検索を追加します</string>
  <string name="noEmailAddress">メールアドレスなし</string>
  <string name="pref_title_showCallLogOnPhone">電話履歴の表示</string>
  <string name="listTotalCallHistory">通話回数 %1$d /持続時間 %2$s の表示</string>
  <string name="pref_title_showContactsOnPhoneStart">起動時に連絡先を表示</string>
  <string name="pref_summary_showContactsOnPhoneStart">全連絡先もリストに表示します</string>
  <string name="listTotalCallLog">%d 個の異なる電話番号を表示</string>
  <string name="upcoming">今後の予定</string>
  <string name="pref_title_phoneSettings">電話の設定</string>
  <string name="pref_title_mergeCallLog">通話ログの統合</string>
  <string name="pref_title_showCounterOnMergedCallLog">統合された通話ログ項目で回数表示をします</string>
  <string name="pref_summary_showCounterOnMergedCallLog">連絡先の登録電話番号総数を名前の右側に表示します</string>
  <string name="pref_title_groupCallLogByDate">通話ログのグループを日付順で表示</string>
  <string name="pref_summary_groupCallLogByDate">通話ログを日時でグループ化します</string>
  <string name="pref_title_limitCallLogOnXDays">通話履歴を%s 日間に制限</string>
  <string name="pref_summary_limitCallLogOnXDays">通話履歴を%s 日間に制限 (0 = 全表示)</string>
  <string name="pref_message_0toShowAllDays">0 入力で日数制限無し</string>
  <string name="pref_message_0toShowAllItems">0 入力で項目制限無し</string>
  <string name="pref_title_useOrgSearch">所属も検索</string>
  <string name="pref_title_matchingSkipWord">スキップして検索</string>
  <string name="pref_summary_matchingSkipWord">例) \"DPH\" で \"Dw contacts &amp; PHone\"を検索可能</string>
  <string name="pref_title_matchingSkipSpace">空白無視検索</string>
  <string name="pref_summary_matchingSkipSpace">"TSPH\" で "dw contacTS &amp; PHone\" を検索可能</string>
  <string name="pref_title_globalSettings">全体設定</string>
  <string name="pref_title_registrationStates">ステータス: %s</string>
  <string name="pref_summary_registrationStates">このバージョンはデバイスシリアル番号 %2$s につき %1$s　です</string>
  <string name="registered">登録済</string>
  <string name="unregistered">未登録</string>
  <string name="pref_title_onlineRegistrationCheck">オンライン登録チェック</string>
  <string name="pref_summary_onlineRegistrationCheck">デバイスが登録されていない場合チェックします（インターネット接続が必要）</string>
  <string name="pref_title_registration">登録</string>
  <string name="pref_summary_registration">拡張機能のロック解除と広告の削除</string>
  <string name="pref_summary_showContactsWithPhoneNumber">無効設定でシステムでの連絡先表示フィルタリングを使用します. これはグローバル設定下で調整できます.</string>
  <string name="pref_title_historyViewSettings">履歴表示設定</string>
  <string-array name="pref_entries_dialerPadTone">
    <item>プッシュ音</item>
    <item>発信音</item>
    <item>Off</item>
  </string-array>
  <string name="pref_title_limitNumberTitleToXChar">電話番号タイトルの長さ</string>
  <string name="pref_summary_limitNumberTitleToXChar">0設定で電話番号を全表示します.</string>
  <string name="pref_title_supportForum">サポートフォーラム</string>
  <string name="pref_title_textColor">文字色</string>
  <string name="historyList">履歴</string>
  <string name="startProVerPrompt">Pro版を検出しました. 起動しますか?</string>
  <string name="pref_title_selectedBackgroundColor">選択ボタンの背景色</string>
  <string name="pref_title_dialpadThemeSettings">ダイヤルパッド設定</string>
  <string name="pref_title_globalThemeSettings">全テーマ設定</string>
  <string name="pref_title_showAlwaysAddIcon">追加ボタンの常時表示</string>
  <string name="pref_summary_showAlwaysAddIcon">リストの先頭行に連絡先追加用の"+"アイコンを表示します</string>
  <string name="pref_title_eventGreetingText">イベント挨拶文</string>
  <string name="pref_default_eventGreetingText">こんにちは ???, あなたの??A\'th ??E を祝福します</string>
  <string name="pref_title_eventGreetingSubject">イベント挨拶の主部</string>
  <string name="pref_summary_eventGreetingSubject">メールを送信する場合にのみ使用</string>
  <string name="pref_message_eventGreetingText">"???" で連絡先のフルネーム; "??F" で姓; "??G" で名;
"??N" でニックネーム; "??A" で年齢;"??E" でイベントタイプを簡単入力できます</string>
  <string name="pref_default_eventGreetingSubject">"??A\'th ??E　おめでとう!"</string>
  <string name="menu_sendGreetingSMSToContact">イベントSMS / MMSを連絡先に送信</string>
  <string name="menu_sendGreetingEmailToContact">イベントメールを連絡先に送信</string>
  <string name="pref_title_storeSendSMSToSystemDB">SMS/MMS を保存</string>
  <string name="pref_summary_storeSendSMSToSystemDB">送信済みSMS/MMS をシステムのデータベースに保存します</string>
  <!-- 	<string name="pref_title_backgroundImage">Background image</string> -->
  <!-- 	<string name="pref_summary_backgroundImageEn">If you use background image, the background color can be used simultaneously as color filter</string> -->
  <string name="pref_title_textColorSecond">2/3行目の文字色</string>
  <string name="pref_title_textColorLabel">ラベル文字色</string>
  <string name="pref_summary_textColorLabel">グループ/組織/肩書きラベルの文字色</string>
  <string name="pref_title_backgroundListSectionColor">リスト区切り部背景色</string>
  <string name="pref_title_textListSectionColor">リスト区切り部文字色</string>
  <string name="pref_title_showAlphabetListSection">リストの頭文字区切りを表示</string>
  <string name="pref_title_fontSizeforDigits">数字のフォントサイズ</string>
  <string name="pref_title_fontSizeforLetters">文字のフォントサイズ</string>
  <string name="pref_title_dialpadIconsArrangement">ダイヤルパッドアイコン配置</string>
  <string-array name="pref_entries_dialpadIconsArrangement">
    <item>ダイヤル/入力ボックス/削除</item>
    <item>削除/入力ボックス/ダイヤル</item>
    <item>入力ボックス/削除/ダイヤル</item>
  </string-array>
  <!-- 	quick jump to alphabetic listcreate new contact -->
  <string name="menu_quickJump">クイックジャンプ</string>
  <string-array name="pref_entries_hideTab">
    <item>On</item>
    <item>Off</item>
    <item>Auto</item>
  </string-array>
  <string name="pref_title_backgroundColorQuickJump">クイックジャンプ背景色</string>
  <string name="pref_title_textColorQuickJump">クイックジャンプ文字色</string>
  <string name="pref_title_disableSlideSwitchingTabs">タブのスライド切り替えを無効化</string>
  <string name="pref_title_showNumberKeyboardOnDialpad">ダイヤルパッドで数字キーボードを表示</string>
  <string name="pref_summary_showNumberKeyboardOnDialpad">無効の場合, 入力ボックス/ダイヤル/削除ボタンのみ表示 (ハードキーのみ使用してダイヤルする場合に便利です)</string>
  <string name="pref_title_dialpadToFullWidth">フルスクリーン幅のダイヤルパッド</string>
  <string name="pref_summary_dialpadToFullWidth">Landscape(横表示)モードでダイヤルパッドを幅一杯に表示(off時は右側)</string>
  <string name="pref_title_smsSignature">SMS/MMSの署名</string>
  <string name="pref_summary_smsSignature">SMS/MMSの末尾に常に署名を追加</string>
  <string name="currentOrderNotSupportFastJump">現在の設定では、高速ジャンプをサポートしていません。</string>
  <!-- 2.0.7 -->
  <string name="pref_title_languageForT9">T9検索言語</string>
  <string name="pref_summary_languageForT9">T9検索用に言語を追加することができます</string>
  <string name="pref_title_quickJumpAlignment">クイックジャンプ配置</string>
  <string-array name="pref_entries_quickJumpAlignment">
    <item>上</item>
    <item>中央</item>
    <item>下</item>
  </string-array>
  <string name="menu_gridView">グリッド表示</string>
  <string name="menu_listView">リスト表示</string>
  <string name="pref_title_gridViewSettings">グリッド表示の設定</string>
  <string name="pref_title_gridViewSize">グリッドサイズ</string>
  <string name="pref_title_lockGridSize">グリッドサイズの固定</string>
  <string name="pref_summary_lockGridSize">固定すると2指スライダー操作が使えるようになります</string>
  <string name="pref_title_phoneDialpadHeight">ダイヤルパッドの高さ</string>
  <string name="pref_title_moreSettings">詳細表示の設定</string>
  <string name="pref_summary_moreSettings">各タブ表示のより詳細な設定</string>
  <string name="pref_title_displayNameBelowThePicture">画像の下に名前を表示</string>
  <string name="menu_exportContactPicture">連絡先の画像をエクスポート</string>
  <string name="toast_saveFailed">保存失敗!</string>
  <string name="toast_saveSuccessfully">%s に保存しました</string>
  <string name="callConfirm">ダイヤル確認</string>
  <string name="pref_summary_callConfirm">ダイヤルする毎に確認ウィンドウがポップアップします</string>
  <string name="pref_title_automaticConfirmationDelay">自動確定までの遅延</string>
  <!-- It is an option to set a time for the control [Dialing confirmation] dialog.
     At the end of the counter automatically close [Dialing confirmation] dialog. -->
  <string name="pref_title_automaticCancelDelay">自動キャンセル待機時間</string>
  <string name="pref_summary_automaticConfirmationDelay">画面上のどこかをタップすればタイマーを停止できます。</string>
  <string name="pref_title_picturePositionOnRight">画像を右側に表示</string>
  <string name="updateCheck">アップデートの確認</string>
  <string name="noUpdates">利用可能なアップデートはありません</string>
  <string name="download">ダウンロード</string>
  <string name="pref_title_globalIconSize">標準アイコンサイズ</string>
  <string name="pref_summary_globalIconSize">ダイヤルパッドのダイヤルとバックキー, ダイヤル, SMS, メール, 画像の全幅を定義します</string>
  <string name="pref_title_backKeyHideDailpad">バックキーでダイヤルパッドを非表示</string>
  <string name="pref_summary_backKeyHideDailpad">無効時バックキーで即アプリを終了します. 有効時はアプリ終了前にダイヤルパッド非表示にします.</string>
  <string name="pref_title_hapticFeedbackVibration">フィードバックバイブレーション</string>
  <string name="pref_title_hapticFeedbackStrength">触覚フィードバックの強度</string>
  <string name="pref_title_limitCallLogOnXitems">通話ログを %s 件までに制限します</string>
  <string name="pref_summary_limitCallLogOnXitems">最大 %s 件までに通話ログ制限 (0 = 無制限)</string>
  <string name="pref_title_dividerLineColor">区切り線の色</string>
  <string name="menu_quickDial">クイックダイヤル</string>
  <string name="buying_tips_in_free">「Google Play」を利用して、Proバージョンを購入することができます。「Google Play」で購入出来ない地域に住んでいる場合は、レジストレーション版をダウンロードして登録できます。両方のバージョンに機能に違いはありません。</string>
  <string name="buying_channel_registration">正規版のダウンロード</string>
  <string name="buying_channel_registration_summary">リンクのクリックでダウンロードが始まります. ダウンロード後は案内に従ってインストール手続きをして下さい.</string>
  <string name="pref_title_buyAdvancedVersion">Pro版の購入</string>
  <string name="freeVersionFound">フリー版がシステム内に見つかりました.</string>
  <string name="uninstallFreeVersionPrompt">フリー版をアンインストールしてプロ（登録）版を使用することをお勧めします. アンインストール前にフリー版データをバックアップしてプロ版で復元することも可能です. 
フリー版をアンインストールしますか?</string>
  <string name="pref_title_copySerialNum">デバイスのシリアル番号をクリップボードにコピーします</string>
  <string name="askToCheckRegistrationCode">レジストレーションキーが無効か登録されていません. 確認しますか?</string>
  <string name="deleteContactConfirmation">連絡先 \"%s\" を削除します.</string>
  <string name="enable">有効</string>
  <string name="allIncomingCalls">着信歴</string>
  <string name="anonymousIncomingCalls">匿名着信</string>
  <string name="anonymousIncomingCallsSummary">着信時に電話番号は送信されません</string>
  <string name="automaticGroups">自動グループ</string>
  <string name="pref_title_dialPrefix">ダイヤル プレフィックス</string>
  <string name="pref_summary_dialPrefix">プレフィックス設定にするとメニュー長押しで呼び出せるようになります.</string>
  <string name="pref_title_dialSuffix">ダイヤル サフィックス</string>
  <string name="pref_summary_dialSuffix">サフィックス設定にするとメニュー長押しで呼び出せるようになります.</string>
  <string name="pref_title_quickDialLimit">クイックダイヤル数制限</string>
  <string name="pref_title_languageForT9Keyboard">T9キーボード用言語</string>
  <string name="pref_summary_languageForT9Keyboard">T9ダイヤルパッドで表示したい言語を選択します.</string>
  <string name="callFilterAction">アクション</string>
  <string-array name="callFilterActions">
    <item>インターセプト</item>
    <item>許可</item>
    <item>サイレント</item>
  </string-array>
  <string name="callFilterActionIntercept">インターセプト</string>
  <string name="callFilterActionInterceptAndNotify">インターセプトして通知する</string>
  <string name="callFilterType">フィルタータイプ</string>
  <string-array name="callFilterTypes">
    <item>グループフィルター</item>
    <item>電話番号フィルター</item>
    <item>最近通話した電話番号</item>
  </string-array>
  <string-array name="callFilterTypesHint">
    <item>フィルターするグループを選択して下さい</item>
    <item>フィルターする電話番号を入力して下さい</item>
    <item>有効期間を選択</item>
  </string-array>
  <string name="ruleEditor">ルールエディタ</string>
  <string name="label">ラベル</string>
  <string name="numberFilterExplain">* = 任意の文字列, ? = 任意の文字</string>
  <string name="effectiveTimeOfTheRule">%1$s から %2$s までのアクティビティ</string>
  <string name="menu_viewRelatedContacts">関連連絡先を参照</string>
  <string name="title_selectNumbers">電話番号を選択して下さい</string>
  <string name="title_selectEmailAddresses">メールアドレスを選択して下さい</string>
  <string name="pref_title_lockView">固定項目表示の変更</string>
  <string name="pref_summary_lockView">2指スワイプ動作で固定表示する項目を変更します</string>
  <string name="selectedNumberOfContacts">%d個の連絡先を選択</string>
  <string name="selectedNumberOfEmailAddresses">選択した %d 個のアドレスをクリックしてクリップボードにコピーします.</string>
  <string name="selectedNumberOfPhoneNumbers">%d個の電話番号を選択</string>
  <!-- 2.1.1 -->
  <string name="pref_title_nameFieldToShow">表示する名前の項目を選択</string>
  <string name="pref_summary_nameFieldToShow">ソート順をデフォルト以外に設定したときのみ有効です.</string>
  <string-array name="pref_entries_nameField">
    <item>名</item>
    <item>姓</item>
    <item>ミドルネーム</item>
    <item>敬語の接頭辞</item>
    <item>敬語接尾辞</item>
    <item>名の読み</item>
    <item>姓の読み</item>
    <item>ミドルネームの読み</item>
  </string-array>
  <string name="pref_title_showMatchFirstLetterResultsFirst">文頭一致結果を最初に表示</string>
  <string name="pref_title_clickTheActions">一覧項目クリック時動作</string>
  <string name="pref_summary_clickTheActions">リスト表示時で項目クリック時の動作</string>
  <string name="pref_summary_clickListIconActions">リスト表示で連絡先アイコンをクリックした時の動作</string>
  <string name="action_viewContactDetails">連絡先詳細を表示</string>
  <string name="action_selectNumberToCall">電話番号を選択</string>
  <string name="action_viewContactHistory">連絡先履歴を表示</string>
  <string name="action_viewQuickContactBadge">簡易連絡先アイコンの表示</string>
  <string name="action_callCurrentNumber">現在の電話番号を呼び出す</string>
  <string name="action_callDefaultNumber">既定の番号に電話</string>
  <string name="action_sendMessageToCurrentNumber">SMS/MMS を現在の番号に送信します</string>
  <string name="action_sendMessageToDefaultNumber">既定の番号にSMS/MMS を送信します</string>
  <string name="pref_title_clickIconActions">アイコンクリック時動作</string>
  <string name="pref_summary_clickIconActions">グリッド表示でアイコンをクリック時の動作</string>
  <string name="pref_title_lockWindowPosition">ウィンドウ位置の固定</string>
  <string name="pref_summary_lockWindowPosition">ドラッグ操作で移動させたくない場合</string>
  <string name="pref_title_showCallerLocation">相手の位置を表示</string>
  <string name="downloadPluginPrompt">プラグインのインストールが必要です. ダウンロードしますか?</string>
  <string name="Default">既定値</string>
  <string name="pref_title_searchCallLog">電話履歴検索</string>
  <string name="pref_summary_searchCallLog">電話履歴の表示を開く必要があります.</string>
  <string name="menu_shareContacts">連絡先の共有</string>
  <string name="font_size">フォントサイズ</string>
  <string name="show_call_log_filter">通話ログフィルターを表示</string>
  <string name="hide_call_log_filter">通話ログフィルターを非表示</string>
  <string name="prompt_in_sms_tab">DW 電話帳でグループに送ったSMSを表示</string>
  <string name="pref_title_exitWhenCallEnds">通話終了時にアプリを終了する</string>
  <string name="pref_title_residesInMemory">メモリに常駐します。</string>
  <string name="pref_summary_residesInMemory">同時に「バック グラウンド サービスを有効にする」設定はメモリ時間長く保つことができます</string>
  <!-- Header that expands to list all of the types of settings -->
  <string name="optionsLabelsGroup">オプション</string>
  <string name="pref_summary_textColorForSecondT9Languare">第2のT9言語の色</string>
  <string name="pref_title_enableDualcardSuppout">デュアル カードサポートを有効化</string>
  <!-- 联系人详细信息 -->
  <string name="detailsList">詳細</string>
  <string name="pref_title_minimumHeightOfListItem">リスト項目の高さの最小値</string>
  <string name="loading">ロード中...</string>
  <string name="pref_title_displayWhenDialing">ダイヤル時表示</string>
  <string name="pref_title_usingMoreDetailedListSection">詳細なリスト表示</string>
  <string name="pref_summary_usingMoreDetailedListSection">素早く文字を飛ばすのに使用します</string>
  <string name="desktop_widget_limit_messages">無料のバージョンでのみウィジェットを作成できます</string>
  <string name="label_customField">カスタム フィールド</string>
  <string name="menu_otherContactViewer">その他の連絡先のビューアー</string>
  <string name="pref_title_hideStatistics">統計情報を非表示</string>
  <string name="pref_title_backupTheme">テーマ設定の保存</string>
  <string name="pref_title_restoreTheme">テーマ設定の復元</string>
  <string name="appwidget_titleText">タイトル</string>
  <string name="appwidget_summary_selectGroup">表示する連絡先グループを選択してください.</string>
  <string name="iconSize">アイコンのサイズ</string>
  <string name="widgetConfiguration">ウィジェット設定</string>
  <string name="pref_title_iconNumberOfColumns">アイコンの列数</string>
  <string name="pref_summary_iconNumberOfColumns">0は自動設定</string>
  <string name="tips_contactAppWidget">ウィジェットのタイトルをクリックすると設定画面を表示できます.</string>
  <string name="pref_title_nameLines">名前の行</string>
  <string name="pref_summary_nameLines">名前を隠すには0を入力</string>
  <string name="menu_deleteTheShownCallLog">表示中の呼び出しログを削除</string>
  <string-array name="pref_entries_contactListSearchOptions">
    <item>全ての項目を検索</item>
    <item>全ての連絡先を検索</item>
    <item>全 アドレスリストから検索</item>
  </string-array>
  <string name="pref_title_defaultContactIcon">既定の連絡先アイコン</string>
  <string name="pref_title_defaultGroupIcon">既定のグループアイコン</string>
  <string name="prompt_restoreDefaultSettings">予め設定のバックアップをお勧めします. 全ての設定を復元しますか?</string>
  <string name="pref_title_interceptCallsEvenDuringCall">通話中にも呼び出しを傍受します.</string>
  <string name="pref_summary_interceptCallsEvenDuringCall">実行中の通話を終了させる可能性があります.</string>
  <string name="pref_title_displayPromptWhenCallBlocked">通話がブロックされるとプロンプトを表示します</string>
  <!-- Call Statistics -->
  <string name="call_statistics">通話統計</string>
  <string name="freeNumbersManager">無料番号マネージャー</string>
  <string name="tab_call_statistics">統計情報</string>
  <string name="call_type_incoming">着信</string>
  <string name="call_type_outgoing">発信</string>
  <string name="call_type_missed">不在着信</string>
  <string name="call_type_blocked">ブロックしました</string>
  <string name="call_type_all">全て</string>
  <string name="call_duration">通話時間</string>
  <string name="call_duration_minute">課金時間</string>
  <string name="call_count">回数</string>
  <string name="call_statistics_time_billingCycle">請求サイクル</string>
  <string name="call_statistics_time_thisMonth">今月</string>
  <string name="call_statistics_time_thisWeek">今週</string>
  <string name="call_statistics_time_all">いつも</string>
  <string name="pref_title_startDayOfBillingCycle">請求サイクルの開始日</string>
  <string name="pref_title_missedCallsTextColor">不在着信の文字色</string>
  <string name="pref_summary_unansweredOutgoingCallsTextColor">通話できなかった発信</string>
  <string name="pref_title_freeMonthlyTalkTime">無料の毎月の通話時間</string>
  <string name="pref_title_freeIncomingCalls">無料着信</string>
  <string name="pref_title_costWarning">無料通話終了の通知</string>
  <string name="pref_summary_costWarning">無料通話時間の終了時にリマインダーを表示します</string>
  <string name="prompt_freeTalkTimeIsOver">無料通話時間は終わりです.</string>
  <string name="prompt_remainingFreeTalkTimer">残り無料通話時間: %1$d 分; 日: %2$d 分
</string>
  <string name="pref_title_showGroupSContactsCount">グループの連絡先件数を表示</string>
  <string name="pref_summary_showGroupSContactsCount">表示速度が低下します。</string>
  <string name="pref_title_contactPictureZoomMode">連絡先の画像拡大 設定</string>
  <string-array name="pref_entries_contactPictureZoomMode">
    <item>中央</item>
    <item>一辺のみ収まるよう等倍縮小</item>
    <item>両辺とも収まるよう等倍縮小</item>
    <item>画像中央で縮小</item>
    <item>各辺が収まるよう非等倍縮小</item>
  </string-array>
  <string name="get_online_help">オンラインヘルプを表示</string>
  <string name="error_report">エラー レポート</string>
  <string name="hasNoPhoneNumberContacts">連絡先の電話番号がありません。</string>
  <string name="pref_title_minimumBillableTime">最小 請求対象時間</string>
  <string name="pref_summary_minimumBillableTime">現在の設定は %s 秒です。通話時間が 1:15 の場合、設定が30秒の時、通話時間は 1:30 になります;設定が60秒の時、通話時間は 2:00 になります。</string>
  <string name="menu_showSidebar">サイドバーを表示</string>
  <string name="menu_hidesidebar">サイドバーを隠す</string>
  <string name="SIMCard1">SIMカード 1</string>
  <string name="SIMCard2">SIMカード 2</string>
  <string name="sim_card_office">職場</string>
  <string name="sim_card_home">自宅</string>
  <string name="sim_card_call">電話</string>
  <string name="sim_card_internet">インターネット</string>
  <string name="sim_card_heart">ハート（訳注：緊急連絡先？）</string>
  <string name="lable_sim_card_name">名前</string>
  <string name="lable_sim_card_icon">アイコン</string>
  <string name="defaultSIMcard">既定のSIMカード</string>
  <string name="prompt_inFirstUseDialer">緊急通報が出来るかは、システムに依存します。使用できるか確認して下さい。</string>
  <string name="pref_title_enableBackgroundDataLoading">バックグラウンドでのデータの読み込みを有効</string>
  <string name="pref_summary_enableBackgroundDataLoading">ソフトウェアの応答速度を向上させることができます。連絡先データベースを頻繁に更新します。バッテリーの消費を増加させるので注意して下さい。</string>
  <string name="pref_title_scaleToFitTheScreen">画面に合わせて拡大縮小</string>
  <string name="pref_summary_scaleToFitTheScreen">画面に合わせてグリッドのサイズを自動的に拡大縮小します。</string>
  <string name="pref_summary_whenPortraitMode">ポートレートモード</string>
  <string name="pref_summary_whenTheSidebarIsOpen">サイドバー付きポートレートモード</string>
  <string name="pref_summary_whenInLandscapeMode">ランドス ケープモード</string>
  <string name="pref_summary_whenInLandscapeModeAndTheSidebarIsOpen">サイドバー付きランドスケープモード</string>
  <string name="pref_title_usingMoreDetailedFastScroller">より詳細な高速スクロールを使用します。</string>
  <string name="pref_title_contactFields">連絡先フィールド</string>
  <string name="pref_summary_informationNeedSendToCalendar">カレンダーへ送る情報を選択します。</string>
  <string-array name="pref_entriesNeedSendToCalendar">
    <item>所属</item>
    <item>アドレス</item>
    <item>電話番号</item>
    <item>メール</item>
    <item>メモ</item>
  </string-array>
  <string name="menu_addConsecutiveNumbers">通し番号を加えます。</string>
  <string name="startingNumber">開始番号</string>
  <string name="endingNumber">最終番号</string>
  <string name="prompt_ALotOfNumbersToAddToContact">%d を連絡先に追加します。少し時間がかかります。</string>
  <string name="prompt_numberParsingErrorInaddConsecutiveNumbers">番号解析エラー! 初期化された数値を入力しないでください</string>
  <string name="prompt_needToAddNumbersTooMuch">%d 番号が連絡先の後に追加されます. 追加する数字が多いと発信が遅れます</string>
  <string name="prompt_addConsecutiveNumbers_accountDoesNotSupport">入力した追加文字数が過剰で連絡先のアカウントのサポート外です</string>
  <string name="pref_title_usingHDContactPicture">高解像度の連絡先画像を使用</string>
  <string name="pref_title_linksInNotes">メモのリンクを有効にする</string>
  <string name="pref_summary_linksInNotes">有効にすると、メモのUrl･メールアドレス･住所･電話番号をクリックできます。</string>
  <string name="pref_title_enableInCallWidget">通話中ウィジェットを有効化</string>
  <string name="pref_title_delayToClose">閉じるまでの遅延</string>
  <string name="pref_summary_delayToCloseInCallWidget">通話終了後 %ds 遅延させて \"通話中ウィジェット\" を閉じます.</string>
  <string name="pref_title_closeWhenOffhook">オフ・フック時終了</string>
  <string name="pref_summary_closeWhenOffhook">\"通話中ウィジェット\" を受話時に閉じます.</string>
  <string name="pref_summary_informationNeedShowInInCallWidget">\"通話中ウィジェット\" での表示情報選択</string>
  <string name="phoneNumberLabel">電話番号ラベル</string>
  <string name="last_contact_time">最終通信時刻</string>
  <string name="contact_pictures">連絡先画像</string>
  <string name="menu_importToQuickdialList">クイックダイヤルリストをインポートします。</string>
  <string name="confirm_importToQuickdialList">＊注意＊インポートしたデータは、既存のデータを上書きします。</string>
  <string name="toast_importToQuickdialListSuccessfully">%d 件の番号をインポートします。</string>
  <string name="pref_title_frameColor">フレームの色</string>
  <string name="pref_title_hideDefaultIcon">既定アイコンの非表示</string>
  <string name="pref_summary_hideDefaultIcon">リストビュー内で既定のアイコンを非表示にします.</string>
  <string name="pref_title_showInTheSidebar">サイドバーに表示します。</string>
  <string name="pref_summary_showInTheSidebar">サイドバーに表示する項目の選択</string>
  <string-array name="pref_entries_showInTheSidebar">
    <item>グループ</item>
    <item>所属</item>
    <item>役職</item>
  </string-array>
  <string name="menu_addToQuickdialList">クイック ダイヤル リストに追加します。</string>
  <string name="toast_theNumberHasNeenAdded">電話番号が追加されました.</string>
  <string name="pref_title_fontSizeSidebar">フォントサイズ (サイドバー)</string>
  <!-- 	<string name="hour">Hour</string> -->
  <string name="contactedLastXHours">過去 %s 時間内に通信がありました</string>
  <!-- 	选中的邮件地址已经复制到剪贴板。您可以将它粘贴到邮件程序的地址字段 -->
  <string name="toast_selectedEmailAddressCopied">選択したメールアドレスがクリップボードにコピーされました. メールソフトのアドレス欄へコピーができます.</string>
  <string name="pref_title_backUpAllData">全データのバックアップ</string>
  <!-- 	由于数据库的更新。还原数据可能导致组铃声、组图片和防火墙工作不正常。请检查它们在恢复数据后。 -->
  <string name="pref_summary_backUpAllData">データベースが更新されているため, データ復元時にグループ着信音やグループ画像やコールフィルターが正しく動作しません. リカバリデータ内で確認してください.</string>
  <!-- 	注意这不会备份联系人数据库。 -->
  <string name="warning_notBackUpContactsDatabase">連絡先データベースにはバックアップされないことに注意してください.</string>
  <string name="pref_title_restoreAllData">すべてのデータを復元します。</string>
  <string name="toast_backedSuccessfully">%s へのバックアップに成功しました.</string>
  <string name="toast_backedFailed">バックアップ失敗. 正しくバックアップ パスを設定しているか確認してください.</string>
  <string name="toast_restorSuccessfully">%s からの復元に成功しました.</string>
  <string name="toast_restorFailed">復元に失敗しました. 正しくパスを設定しているか確認してください.</string>
  <string name="close">閉じる</string>
  <string name="minimize">最小化</string>
  <string name="maximize">最大化</string>
  <string name="call">"発信"</string>
  <string name="toast_notSuppouteditingNotes">この連絡先はメモの編集をサポートしていません.</string>
  <!-- An option in the event notification settings, open it automatically sends the blessing SMS comes in contact events. -->
  <string name="pref_title_automaticallySendGreetingsSMS">グリーティングSMSを自動で送る</string>
  <!-- 	注意发送消息时您不会得到通知，发送时间为事件当天的[通知时间]。 -->
  <string name="pref_summary_automaticallySendGreetingsSMS">メッセージを送信する場合は通知は表示されません. イベント日における通知送信時間</string>
  <!-- Prompt message before you delete a call log. -->
  <string name="prompt_deleteCallLog">通話履歴の消去は統計に影響することに注意してください.</string>
  <!--
    Dispaly in [In call Widget]
    Example:
    The last contact time: 5 days ago。 -->
  <string name="in_call_lastContactTime">最終通信時刻: %s</string>
  <string name="recommendToFriends">友達に薦める</string>
  <string name="filterMode">フィルターモード</string>
  <!-- 	Show contacts filter Details Grp = Group; Com = Company; Tit = Title -->
  <string name="contactsFilterSummary">フィルター: グループ: %1$s 所属: %2$s 役職: %3$s</string>
  <string name="pref_title_largeDialButton">大きなダイｱルボタン</string>
  <!-- 	显示在联系人组编辑器，为编辑的组设置父组 -->
  <string name="parentGroup">親グループ</string>
  <string name="pref_title_formatPhoneNumber">電話番号の初期化</string>
  <string name="menu_viewSelectedContacts">選択した連絡先を表示</string>
  <string name="filter_status_all">すべて</string>
  <string name="pref_title_enableSlidingAction">スライド アクションの有効化</string>
  <!-- 	启用滑动拨号等等，关闭它以便使用滑动切换号码。 -->
  <string name="pref_summary_enableSlidingAction">スライド式ダイヤルなどを有効にします. スライドスイッチ番号を使用する時はオフにして下さい</string>
  <!-- Click Open browser to select files or other data -->
  <string name="browse">閲覧</string>
  <string name="companies">企業</string>
  <string name="company">会社</string>
  <string name="clear">クリア</string>
  <string name="other">その他</string>
  <string name="voice_input">音声入力</string>
  <string name="app_widget_name_dialer_3_3">DW ダイヤラー 3 × 3</string>
  <string name="app_widget_name_dialer_2_3">DW ダイヤラー 2 × 3</string>
  <string name="app_widget_name_dialer_4_4">DW ダイヤラー 4 × 4</string>
  <string name="app_widget_name_agenda">DW予定表</string>
  <!-- 	A menu item is used to select mode grouping contacts. -->
  <string name="menu_groupBy">グループ化</string>
  <string name="menu_showHistory">履歴表示</string>
  <string name="menu_sendMessage">SMS/MMS を送信</string>
  <string name="menu_sendMail">メールを送信</string>
  <string name="menu_setRingtone">着信音設定</string>
  <string name="menu_insert">挿入</string>
  <string name="pref_title_disableAutomaticUpdates">自動更新しない</string>
  <string name="pref_title_showsLinkToContactList">連絡先リストへのリンクを表示</string>
  <!-- A number label, recently contacted number，It shows in the contact details SMS TAB. Number selection drop-down list. For example: Recent:12345678 -->
  <string name="recent">最近</string>
  <string name="dialog_title_selectFieldsToShare">共有するフィールドを選択</string>
  <string name="pref_title_showSIMCardNumber">SIMカード番号の表示</string>
  <string name="pref_title_swapSIMCardNumber">SIMカード番号のスワップ</string>
  <string name="pref_summary_selectNeedToDisplayTabs">表示タブの選択</string>
  <!-- 	检测到您正使用屏幕阅读程序。是否显示“电话号码选择对话框”在拨号前？ -->
  <string name="prompt_usePhoneNumberSelectionDialogWhenUseScreenReader">スクリーンリーダープログラムを使用しているか検出します。\"Phone number selection dialog\" をダイヤルする前に表示しますか?</string>
  <string name="neverShowAgain">次回から表示しない</string>
  <!-- 	选择[确定]，“通话中小部件”将不会再次显示。 -->
  <string name="prompt_neverShowAgain">[%1$s]を選択すると \"%2$s\" は表示されなくなります</string>
  <string name="dualSIMCardConfiguration">デュアル SIM カード設定</string>
  <!-- 	如果SIM卡编号显示不正确，请先通过两个SIM卡各拨打一个电话，然后点击[重新检测]按钮。 -->
  <string name="prompt_retestSIMCardNumber">SIM カードの番号表示が正しくない場合は, 各SIM カードから電話をかけるみてから[再テスト] ボタンをクリックして下さい.</string>
  <!-- 	重新检测 -->
  <string name="retest">再テスト</string>
  <!-- 	检测已完成 -->
  <string name="toast_retestSIMCardNumberCompleted">テスト完了</string>
  <string name="toast_settingsHaveBeenSaved">設定が保存されました</string>
  <!-- 	如果双卡功能不工作在您的设备。请尝试选择设备列表中的每一个设备，然后单击[拨号]按钮。当两个拨号按钮使用正确SIM卡拨号时，单击[保存]按钮。 -->
  <string name="prompt_dualSIMDialTest">デュアルカード機能が働かない場合, デバイスリストから各SIMカードを選択してダイヤルボタンをクリックして下さい. 正しくSIMカードがダイヤルできるのを確認してから保存ボタンをクリックして下さい.</string>
  <string name="lable_device">デバイス:</string>
  <string name="lable_testNumber">テスト番号：</string>
  <!-- 	 An option. When you enable the exchange of the SIM card used when making calls. When the dial buttons 1 and 2 do not correspond correct SIM card to select it. -->
  <string name="swapTheDialSIMcard">ダイヤル SIM カードをスワップします</string>
  <string name="shareMySettings">私の設定を共有します</string>
  <!-- 	已添加前缀/后缀（%s） -->
  <string name="toast_prefixOrSuffixHasBeenAdded">プレフィックス/サフィックスが追加されました (%s)</string>
  <string name="pref_title_downloadGeocoderPlugin">ジオコーダのプラグインのダウンロード</string>
  <string name="menu_bindTo">%s に固定</string>
  <string name="menu_clearBind">ダイヤル固定の解除</string>
  <string name="pref_title_twoDialOnTheDialpad">ダイヤルパッドに2つのダイヤル ボタンを表示</string>
  <string name="pref_title_twoDialInTheContactList">連絡先リストに2つのダイヤルボタンを表示</string>
  <!-- 	call using SIM card 1 -->
  <string name="description_dial_button_using">%s を使用してダイヤル</string>
  <string name="menu_shareAsText">詳細を全てテキストとして共有します</string>
  <string name="menu_shareAsvCard">vCardとして共有します</string>
  <string name="noItmeSelected">項目が選択されていません</string>
  <string name="pref_title_leftHandedOperation">左手操作</string>
  <string name="description_goToSubGroups_button">サブ グループ一覧へ</string>
  <!-- 一个选项，当打开备注会优先保存到联系人，而不是通话记录备注 -->
  <string name="pref_title_saveNotesToContacts">連絡先にメモを保存</string>
  <string name="export_to_single_vcard_file">単一の vCard ファイルにエクスポート</string>
  <string name="export_to_multiple_vcard_files">複数の vCard ファイルにエクスポート</string>
  <string name="confirm_export_contacts_to_folder_message">連絡先をフォルダにエクスポートします: %s。</string>
  <!-- 读出来电显示号码 -->
  <string name="pref_title_speakCallerID">呼び出し元IDを音声にする</string>
  <string name="pref_title_speakOrganization">所属を話す</string>
  <string name="pref_title_speakNumber">電話番号を話す</string>
  <string name="pref_summary_speakNumber">連絡先から電話していない場合</string>
  <string name="pref_title_repeatCount">繰り返し回数</string>
  <string name="pref_title_repeatInterval">繰り返し間隔</string>
  <string name="pref_title_reverseList">逆順</string>
  <string name="pref_title_openQuickJumpOnStartup">起動時にクイック ジャンプを開く</string>
  <!-- 搜索历史记录 - 一个开关确定是否显示搜索历史记录 -->
  <string name="pref_title_searchHistory">検索履歴</string>
  <string name="menu_add_event">イベントを追加</string>
  <string name="notification_dataLoaderIsRunning">データ ローダーを実行中</string>
  <string name="clickToGetMoreInformation">詳細情報を取得</string>
  <!-- 	您好，试用期限将结束在5天后。现在要购买吗？ -->
  <string name="remind_trialPeriodWillEnd">こんにちは、試用期限は後 %d 日です。ご購入いかがですか？</string>
  <string name="menu_addToBlockList">ブロック リストに追加</string>
  <string name="menu_removeFromBlockList">ブロックリストから削除</string>
  <string name="blockList">ブロックリスト</string>
  <string name="font">フォント</string>
  <string name="needToUpdate">更新する必要があります</string>
  <string name="disable">無効化</string>
  <string name="pref_title_hideContactPicture">連絡先の画像を非表示</string>
  <string name="event_info_links_label">リンク</string>
  <string name="pref_title_calllogFilterAtTop">\"Call log filter\" を画面上部に表示</string>
  <!-- A menu, click the call methods available to display. For example: SIM card 2; Video call; Skype; SIP -->
  <string name="menu_callUsing">通話手段</string>
  <string name="video_call">ビデオ通話</string>
  <string name="automatic_redial">自動リダイヤル</string>
  <!-- Automatic redial after 3 seconds. -->
  <string name="automatic_redial_after">%s 後に自動リダイヤル</string>
  <!-- Enter "Arrange mode", you can drag to sort items. -->
  <string name="menu_arrangeMode">配置モード</string>
  <string name="summary_arrangeMode">項目をドラッグして並べ替え</string>
  <string name="recommend_template">"親愛なる友人へ！ \n 私は %1$s を使っています。最高の電話帳アプリです。このリンクでダウンロードできますよ: %2$s"</string>
  <string name="recommend_id_template">"私のID (%s) を (ツールボックスタブ -&gt; 友人に勧めます) に入力するのを忘れないでくださいね.\nありがとう!"</string>
  <!-- An option to choose what to hide in the contact details -->
  <string name="pref_title_hideSection">セクションを非表示</string>
  <string name="pref_title_automaticBackup">自動バックアップ</string>
  <string name="pref_title_backupTime">バックアップ時間</string>
  <string name="pref_title_backupCycle">バックアップ 周期</string>
  <string-array name="pref_entries_backupCycle">
    <item>毎日</item>
    <item>隔日毎</item>
    <item>3日毎</item>
    <item>4日毎</item>
    <item>5日毎</item>
    <item>6日毎</item>
    <item>毎週</item>
    <item>毎月</item>
  </string-array>
  <string name="pref_title_contactsBackup">連絡先のバックアップ</string>
  <string name="pref_summary_contactsBackup">バックアップするグループを選択</string>
  <string name="pref_title_backupNow">今すぐバックアップ</string>
  <string name="pref_title_disableInCarMode">ドライブモードでは無効化</string>
  <string name="pref_summary_disableInCarMode">ドライブモードでダイヤル確認を一時的に無効にします</string>
  <!-- An alert message when adding a shortcut to the HomePage request has been sent. -->
  <string name="toast_requestHasBeenSent">要望が送信されました</string>
  <string name="pref_title_hideMenuButton">メニューボタンを非表示</string>
  <string name="pref_summary_hideMenuButton">お使いのデバイスにメニュー ボタンがない場合はメニューにアクセスできなくなります</string>
  <string name="pref_title_deleteOldCallLogs">古い通話記録を削除</string>
  <string name="pref_summary_deleteOldCallLogs">記録数が %s 回に達すると古い通話記録を削除します</string>
  <string name="menu_setContactPhoto">連絡先画像の設定</string>
  <!-- OPTION: When you restart the app. Restore the state when last used. -->
  <string name="pref_title_restoreStateWhenRestarted">再起動時に状態を復元します</string>
  <string name="websiteTypeHomepage">ホームページ</string>
  <string name="websiteTypeBlog">ブログ</string>
  <string name="websiteTypeProfile">プロフィール</string>
  <string name="websiteTypeHome">ホーム</string>
  <string name="websiteTypeWork">ワーク</string>
  <string name="websiteTypeFTP">FTP</string>
  <!--     <string name="description">Description</string> -->
  <!--     <string name="menu_add_link">Add link</string> -->
  <string name="pref_title_excludeNumbers">除外する電話番号</string>
  <string name="pref_summary_excludeNumbers">電話をしても履歴に表示されません</string>
  <!-- Menu item used to add custom field to contact -->
  <!-- An automatic group name, which contains all has photo contacts -->
  <!-- Selectable menu item used to controls whether display "contacts events" in the "agenda list". -->
  <!-- An option to define accent color. The color applied to framework controls in their activated (ex. checked) state. -->
  <!-- An option to define whether the appointment is created automatically send the invitation email.-->
  <!-- An option to define whether the appointment is created automatically send the invitation email.-->
  <!-- An option to define whether use circle icon.-->
  <!-- Determined by the theme -->
  <string name="byTheme">テーマ</string>
  <!-- An option to define color -->
  <!-- An option to define whether use colorful icon.-->
  <string name="pref_title_colorfulIcon">カラフルなアイコン</string>
  <!-- Select this option to Reduce the ring volume when reading the caller information. -->
  <!-- Select this option to Reduce the ring volume when reading the caller information. -->
  <!-- Menu item used to Go to the "Calendar" App -->
  <!-- Menu item used to add selected item to the Tab bar -->
  <string name="menu_addToTabBar">タブバーに追加</string>
  <!-- Menu item used to remove selected item from the Tab bar -->
  <string name="menu_removeFromTabBar">タブバーから削除</string>
  <!-- Menu item used to browse and restore data -->
  <!-- Menu item used to open [Backup Manager] -->
  <!-- A contact group option. Open it will automatically delete call logs, contacts belong to this group. -->
  <!-- An option to control whether to display the contact's local time -->
  <!-- An option -->
  <!-- An option summary -->
  <!-- An option in the dialog box to delete call records. Controls whether delete call log notes -->
  <!-- Label above username EditText -->
  <!-- Button to sign in after entering username and password -->
  <!-- "By number" merge call records, etc. -->
  <!-- "By contact" merge call records, etc. -->
  <!-- An option to control whether to display the message log in History -->
  <!-- Menu item used to add data (E-mail address, etc.)  to contacts -->
  <!-- An option When you open it will maintain a fixed height In call widget. -->
  <!-- ****************************** Descriptions *********************************** -->
  <!--
         String describing the Keyboard switch ImageButton
         Used by AccessibilityService to announce the purpose of the button.
         [CHAR LIMIT=NONE]
    -->
  <string name="description_switch_keyboard">キーボード切り替え</string>
  <string name="description_pick_contact">連絡先の選択</string>
  <!-- String describing the text for photo of a item(group, title, company，etc.). -->
  <!--An option. When opened, will use list long press menu.-->
  <!--An option in Accessibility. When opened, Enter the number need to double click to confirm.-->
  <!--A item of list, control information needs to be displayed in the "In call widget"-->
  <!--An option title in [Contact Details]. When opened, Will merge items,When just labels different.-->
  <!--An option summary in [Contact Details]. When opened, Will merge items,When just labels different.-->
  <!-- Notification message when adding a number to the blacklist, but the call filter did not open. -->
  <!--An option title in [Events]. Define which events need to display. It filter events based on contact groups-->
  <!--An option title in [Color schemes]. Used to define the "List section" Text Size -->
  <!--An option. When open: The starred contacts are displayed at the top of the list. -->
</resources>
