<?xml version="1.0" encoding="utf-8" standalone="no"?>
<!--Generated by crowdin.com-->
<resources>
  <string name="market_title">DW 電話帳</string>
  <string name="market_description_s1">DW 電話帳は携帯にプリインストールされているような電話/電話帳アプリを凌駕する高機能な必須アプリです.

特徴
------------</string>
  <!-- max is 27 -->
  <string name="market_description_key_features_001">+ 任意の画面から連絡先を検索可能</string>
  <string name="market_description_key_features_002">* 通話履歴にメモを追加可能</string>
  <string name="market_description_key_features_003">* 連絡先用のアラームを作成し管理可能</string>
  <string name="market_description_key_features_004">+ 発信者番号を音声通知</string>
  <string name="market_description_key_features_005">+ 不在着信の呼び出し時間を表示</string>
  <string name="market_description_key_features_027">* 通話履歴制限なし</string>
  <string name="market_description_key_features_028">* 自動リダイアル</string>
  <string name="market_description_keywords">contact contacts address dial dialer dialing call caller calling phone telephone ringtone voice group groups organization company title addresses book sms mms email manager managing management history log best free</string>
  <!-- A brief description of the Google play, If you have a better description, please use your. Thank you! [CHAR LIMIT=80] -->
</resources>
