<?xml version="1.0" encoding="utf-8"?>
<!--Generated by crowdin.com-->
<resources>
  <!-- For the "T9" Search. "2ABC" means "2" matches the letter "A, B, C". 
		Translation modified "ABC" you need to search for characters. Only need upper 
		case. -->
  <string-array name="t9_search">
    <item>"0わゐゑをんゎー―-"</item>
    <item>"1\'.,あいうえおぁぃぅぇぉ"</item>
    <item>"2ABCかきくけこがぎぐげごヵヶ"</item>
    <item>"3DEFさしすせそざじずぜぞ"</item>
    <item>"4GHIたちつてとだぢづでど"</item>
    <item>"5JKLなにぬねの"</item>
    <item>"6MNOはひふへほばびぶべぼぱぴぷぺぽヴ"</item>
    <item>"7PQRSまみむめも"</item>
    <item>"8TUVやゆよゃゅょ"</item>
    <item>"9WXYZらりるれろ"</item>
  </string-array>
  <!-- These letters appear in the Dial button on the right. -->
  <string-array name="t9_keyboard">
    <item>"+"</item>
    <item>"\' . ,"</item>
    <item>"ABC"</item>
    <item>"DEF"</item>
    <item>"GHI"</item>
    <item>"JKL"</item>
    <item>"MNO"</item>
    <item>"PQRS"</item>
    <item>"TUV"</item>
    <item>"WXYZ"</item>
  </string-array>
</resources>
