<?xml version="1.0" encoding="utf-8" standalone="no"?>
<!--Generated by crowdin.com-->
<resources xmlns:xliff="urn:oasis:names:tc:xliff:document:1.2">
  <string name="app_name">DW 연락처 및 전화</string>
  <string name="app_contacts_name">DW연락처</string>
  <string name="starred">중요연락처</string>
  <string name="coworkers">동료</string>
  <string name="family">가족</string>
  <string name="friends">친구</string>
  <string name="myContacts">내 연락처</string>
  <string name="mergedContacts">통합연락처</string>
  <string name="no_item_to_display">표시할 항목이 없습니다.</string>
  <string name="allContact">모든 연락처</string>
  <string name="no_phone_numbers">전화번호 없음</string>
  <string name="menu_edit">편집</string>
  <string name="menu_edit_group">그룹 편집</string>
  <string name="menu_add_contact_to_group">그룹에 연락처 추가</string>
  <string name="menu_remove_contact_from_group">그룹에서 연락처 삭제</string>
  <string name="groupNameLabel">그룹명</string>
  <string name="add">추가</string>
  <string name="message_del_system_group">시스템 그룹은 삭제 후에도 자동으로 복원되어 다른 문제가 발생할 수도 있습니다. 계속 하시겠습니까?</string>
  <string name="menu_select_mode">다중 선택</string>
  <string name="menu_inverse_select">선택 건 반전</string>
  <!--<string name="noContact">This group has no contact</string> -->
  <string name="pleaseWait">잠시만 기다려 주십시오.</string>
  <string name="pref_send_title">SMS 및 e-mail 설정</string>
  <string name="pref_title_sms_mms_send">SMS/MMS 발송 대상</string>
  <string name="pref_title_email_send">Email 발송 대상</string>
  <string name="pref_send_to">%s에게 보내기</string>
  <string-array name="prefEntries_sms_mms_to">
    <item>대표번호 또는 첫 번째 휴대폰번호</item>
    <item>모든 휴대폰번호</item>
    <item>모든 전화번호</item>
  </string-array>
  <string-array name="prefEntries_email_to">
    <item>대표 이메일 주소</item>
    <item>모든 이메일 주소</item>
  </string-array>
  <!--Recipients location -->
  <string name="pref_title_recipients_location">수신자 지정</string>
  <string name="pref_recipients_location_summary">이메일 발송시 수신자는 %s (으)로 발송됩니다.</string>
  <string-array name="pref_entries_recipients_location">
    <item>비밀참조</item>
    <item>참조</item>
    <item>받는 사람</item>
  </string-array>
  <string name="menu_preferences">설정</string>
  <string name="preferences_title">설정</string>
  <string name="error_report_email_explain">죄송합니다.  예상치 못한 오류가 발생되었습니다.  에러 메시지와 시스템정보를 보내주시면 문제해결에 큰 도움이 됩니다. 제공해주신 정보는 소프트웨어 품질개선을 위해 참고용으로만 사용됩니다.</string>
  <string name="no_contact_selected">선택된 연락처가 없습니다.</string>
  <!--Firewall -->
  <string name="firewell_add_item">수신차단 조건 추가</string>
  <string name="lable_week">요일별로 차단하기</string>
  <string name="select_group_title">그룹 선택</string>
  <!-- %s = call number-->
  <string name="call_blocking_message">%s 건 차단 되었습니다.</string>
  <string name="stat_notify_incoming_calls_were_intercepted">전화수신 차단 %d</string>
  <string name="pref_firewall_title">수신차단 설정</string>
  <string name="pref_title_firewall_enable">수신차단 서비스 사용</string>
  <string name="firewall_service_started">수신차단 서비스가 시작되었습니다.</string>
  <string name="firewall_state_label">DW 수신차단 서비스</string>
  <!-- The status bar at the top of the screen display a notification message. -->
  <string name="pref_title_firewall_allways_show_stat_notify">상태 표시줄에 아이콘 표시하기</string>
  <string name="pref_firewall_allways_show_stat_notify_summary">상태 표시줄에 메시지 항상 표시</string>
  <string name="menu_week_view">주별로 보기</string>
  <string name="menu_time_view">시간순으로 보기</string>
  <string name="menu_view">보기</string>
  <string name="from">차단 시작시간</string>
  <string name="to">차단 해제시간</string>
  <string-array name="days">
    <item>일요일</item>
    <item>월요일</item>
    <item>화요일</item>
    <item>수요일</item>
    <item>목요일</item>
    <item>금요일</item>
    <item>토요일</item>
  </string-array>
  <string-array name="days_short">
    <item>일</item>
    <item>월</item>
    <item>화</item>
    <item>수</item>
    <item>목</item>
    <item>금</item>
    <item>토</item>
  </string-array>
  <string name="firewall_label">수신차단</string>
  <string name="everyday">매일</string>
  <string name="never">차단하지 않기</string>
  <string name="search_hint">검색어 입력</string>
  <string name="pref_title_display_system_group">시스템 그룹을 표시</string>
  <!-- Gmail the default, including the group. (Starred, Coworkers, Family, Friends, My Contacts) -->
  <string name="pref_display_system_group_summary">시스템 그룹 표시</string>
  <string name="pref_title_merge_same_name_group">그룹 병합</string>
  <string name="pref_merge_same_name_group_summary">유사한 이름의 그룹 합치기</string>
  <string name="pref_font_size_title">글꼴 크기 (1번째 줄)</string>
  <string name="pref_font_size_summary">크기: %s</string>
  <string name="removePicture">사진 삭제</string>
  <string name="changePicture">사진 변경</string>
  <string name="attachToGroup">그룹 사진</string>
  <string name="use_photo_as_primary">이 사진 사용하기</string>
  <string name="photoPickerNotFoundText">사진 선택 도구를 찾을 수 없습니다.</string>
  <string name="SMS">SMS</string>
  <string name="Email">e-mail</string>
  <string name="_null">""</string>
  <!-- It shows the contact event to the present time. -->
  <string name="days_after">%d일 이내</string>
  <string name="months_after">%d개월 이내</string>
  <string name="days_ago">%d일 전</string>
  <string name="months_ago">%d개월 전</string>
  <string name="today">오늘</string>
  <string name="show_group_icon">그룹 사진 표시</string>
  <string name="show_group_icon_summary">연락처 그룹별로 사진을 표시 합니다.</string>
  <string name="using_system_sms_program">기본 SMS 프로그램 사용</string>
  <!-- According to user feedback that I might in the new version, use it again. -->
  <string name="using_system_sms_program_summary">SMS 발송 기능을 사용 안 함</string>
  <string name="recipients_limit">받는 사람 인원 수 제한</string>
  <string name="recipients_limit_summary">받는 사람 수가 이 값 보다 큰 경우 배치 발송으로 자동 전환 됩니다.</string>
  <string name="send">발송</string>
  <string name="confirm_send_message">계속해서 다른 연락처에 메시지를 보내시겠습니까?</string>
  <!-- For example, Tablet PC does not support sending text messages. However, click the SMS icon.
    I will call the SMS program. The system will report an exception. Then display this prompt. -->
  <string name="system_does_not_support">지원되지 않는 시스템 입니다!</string>
  <string name="ungrouped_contacts">미분류 연락처</string>
  <string name="multipleContactsDeleteConfirmation">선택된 연락처가 삭제됩니다.</string>
  <!--pref default view -->
  <string name="pref_title_default_view">기본 탭</string>
  <string name="pref_default_view_summary">시작 시 기본 탭: %s</string>
  <!--pref show auto groups -->
  <string name="pref_title_display_auto_group">자동 그룹 보기</string>
  <string name="pref_display_auto_group_summary">\"모든 연락처\", \"미분류 연락처\" 포함</string>
  <string name="label_hide">숨기기</string>
  <string name="hide_group_summary">이 그룹 표시하지 않기</string>
  <string name="fast_scroll_alphabet">\u0020ㄱㄴㄷㄹㅁㅂㅅㅇㅈㅊㅋㅌㅎABCDEFGHIJKLMNOPQRSTUVWXYZ</string>
  <string name="fast_scroll_numeric_alphabet">\u00200123456789ㄱㄴㄷㄹㅁㅂㅅㅇㅈㅊㅋㅌㅎABCDEFGHIJKLMNOPQRSTUVWXYZ</string>
  <!-- Because the different SMS programs. When I provide a phone number to the SMS program,
    some require the use of a semicolon to separate the numbers, and some require a comma. Therefore, this option provides. -->
  <string name="sms_compatibility_mode_title">SMS/MMS 발송모드</string>
  <string name="sms_compatibility_mode_summary">듀얼유심 수신번호용 "SMS 프로그램"을 사용할 경우 선택해 주십시오.(모토글램폰 등)</string>
  <string name="menu_sort_hide">정렬 &amp; 숨기기</string>
  <string name="menu_sort_alphabetically">가나다 순으로</string>
  <string name="pref_in_call_widget_title">수신전화 위젯</string>
  <string name="pref_help_title">도움말</string>
  <string name="pref_online_help_title">온라인 도움말</string>
  <string name="menu_cancel_send_to_voicemail">표시된 연락처 중 차단되지 않은 번호</string>
  <string name="pref_feedback_title">email을 통해 피드백 보내기</string>
  <string name="pref_about_title">DW연락처는..</string>
  <string name="version">버전</string>
  <string name="pref_name_display_order_summary">이름 표시 정렬 순서를 바꿉니다. 디스플레이 속도에 영향을 미칠 수 있습니다.</string>
  <string name="pref_contacts_account_title">계정 데이터</string>
  <string name="pref_contacts_account_summary">연락처가 표시되는 계정: %s</string>
  <string name="all_account">모든 계정</string>
  <string name="pref_show_account_name_title">계정 이름 표시</string>
  <string name="pref_show_account_name_summary">그룹명 아래에 계정명 표시하기</string>
  <string name="select_account">계정 선택</string>
  <string name="pref_register_code_title">등록코드 입력</string>
  <string name="pref_register_code_summary">구매 확인 email에 동봉된 등록코드를 입력해야 합니다. (인터넷 연결 불필요)</string>
  <!-- A setting item, click it to open, buy the software license key dialog box. -->
  <string name="pref_get_register_code_title">유료버전 구매</string>
  <string name="pref_get_register_code_summary">모든 기능을 사용하기 위하여 어플리케이션을 등록하여 주십시오. 유료버전 구매는 본 프로그램의 지속적인 발전에 밑거름이 됩니다.</string>
  <string name="buying_tips">Paypal 또는 신용카드로 결제 후 사용 중인 기기의 기기번호를 등록하거나, 구글계정을 이용하여 Play스토어에서 Pro버전을 설치하실 수 있습니다. (어떤 방법으로 구매하시더라도 기능은 동일합니다.)</string>
  <string-array name="purchase_channels">
    <item>구글 플레이</item>
    <item>페이팔 또는 신용 카드</item>
    <item>DW연락처 소문내기</item>
  </string-array>
  <string-array name="purchase_channels_summary">
    <item>이 소프트웨어를 당신의 구글 계정에 등록하세요(구글 플레이를 통해 Pro 버전을 구매하고 설치하세요). Pro 버전 설치후, 무료 버전을 삭제해주세요.</item>
    <item>이 소프트웨어를 장치 시리얼 넘버:%s에 등록해주세요. 
지불 과정 후, 당신의 등록 코드로 확인 이메일을 받을 것입니다. 
그 후 [온라인 등록 확인]에서 원-클릭을 통해 등록을 확인하세요.</item>
    <item>등록코드 무료로 얻기</item>
  </string-array>
  <string name="menu_delete_all">일괄 삭제</string>
  <!-- Menu title the user can use for trying to resend a message. -->
  <string name="menu_retry_sending">재발송</string>
  <string name="message">메시지</string>
  <string name="failed">발송 실패</string>
  <string name="queued">발송 대기</string>
  <string name="outbox">보낼 편지함</string>
  <string name="sent">발송 완료</string>
  <string name="auto_replace_to_name">다음과 같이 "???"를 이용하여 연락처의 이름을 자동입력(메일머지)할 수 있습니다. 성씨로 발송 시 "??F", 이름은 "??G", 별명은 "??N", 특정 필드를 선택하지 않을 경우 "성명(full-name)"이 입력됩니다.  (ex, 성명이 "홍길동"인 경우 "홍"은 "??F", "길동"은 "??G"로 표기해야 함)</string>
  <string name="example_message">"???님 안녕하세요?"</string>
  <string name="sms_preview">미리보기:</string>
  <string name="message_send_state_successfully">발송 성공</string>
  <string name="message_send_state_failed">발송 실패</string>
  <string name="message_send_unknown_error">알 수 없는 오류로 %d개의 메시지가 전송되지 못했습니다.</string>
  <string name="message_send_no_signal">네트워크에 연결되지 않았거나 비행모드 실행 중으로 %d개의 메시지가 전송되지 못했습니다.</string>
  <string name="message_send_successfully">모든 메시지가 성공적으로 발송 되었습니다.</string>
  <string name="need_the_paid_version">유료 버전에서만 사용 가능한 메뉴 입니다.</string>
  <!-- As a "contact group"on the phone the main screen to create a shortcut. -->
  <string name="create_shortcut">홈에 바로 가기 만들기</string>
  <string name="menu_move_to_group">그룹으로 이동</string>
  <string name="pref_tabs_title">활성화 및 정렬</string>
  <string name="pref_tabs_summary">어떤 탭이 사용 가능한지 활성화하고 정렬할 수 있습니다.</string>
  <!--pref theme -->
  <string name="pref_theme_title">기본 테마</string>
  <!-- Change the software interface look. -->
  <string name="pref_theme_summary">기본 테마 설정</string>
  <string name="search">찾기</string>
  <string name="pref_services_title">백그라운드 서비스 설정</string>
  <!-- Settings screen, section heading for SMS-specific settings -->
  <string name="pref_sms_settings_title">"문자메시지(SMS) 설정"</string>
  <!-- Settings screen, section heading for EMAIL-specific settings -->
  <string name="pref_email_settings_title">"email 설정"</string>
  <!-- Settings item for boolean option to enable/disable SMS delivery reports -->
  <string name="pref_title_sms_delivery_reports">수신 확인</string>
  <!-- Settings item description for boolean SMS delivery report setting -->
  <string name="pref_summary_sms_delivery_reports">각 메시지별로 수신 확인 요청</string>
  <string name="pref_contact_sort_order_title">연락처 정렬 순서</string>
  <string name="pref_contact_sort_order_summary">연락처가 표시되는 순서를 변경할 수 있습니다.</string>
  <!-- CHANGED ORDER -->
  <string name="contact_sort_order_FamilynameAlternate">성씨(결혼전 성, 예명, 유사철자 고려) 순</string>
  <string name="contact_sort_order_RecentContacted">최근 연결</string>
  <string name="contact_sort_order_LongTimeNotContacted">연락 빈도순</string>
  <string name="contact_sort_order_CreationTime">연락처 등록시간 순</string>
  <string name="contact_sort_order_DefaultAlternate">기본 (교차검색)</string>
  <!-- An automatic group, it shows all the contacts included telephone numbers. -->
  <string name="has_phone_number_contacts">전화번호 보유 연락처</string>
  <string name="exit_prompt">종료하시려면 "취소"버튼을 한 번 더 눌러주십시오.</string>
  <string name="pref_exit_prompt_title">종료 하기 전에 확인</string>
  <string name="pref_exit_prompt_summary">끝내기 전에 추가 경고 표시</string>
  <string name="pref_language_title">언어</string>
  <string name="load_license_success">라이센스가 확인 되었습니다.</string>
  <string name="load_license_failed">라이센스 확인이 실패 하였습니다!</string>
  <string name="license_check_success">라이센스가 확인 되었습니다.</string>
  <string name="license_check_failed">라이센스 확인이 실패 하였습니다!</string>
  <string name="load_license_unregistered">미등록 된 어플입니다.</string>
  <string name="sending">전송중 …</string>
  <string name="error">오류</string>
  <string name="clear_data_or_uninstall_app">데이터 또는 어플을 삭제 후 재설치하여 주십시오.</string>
  <string name="database_update_error_message">"죄송합니다! DB 업데이트 중 오류가 발생하였습니다.
DB 파일 권한 문제로 오류가 발생되었습니다. (백업 소프트웨어 문제인 것으로 추정 됩니다.)
문제 해결을 위해 다음 각 단계를 순서대로 진행해 주시기 바랍니다. 각 단계 종료 후 정상여부를 확인해 주시기 바랍니다.
1. 휴대폰을 껏다가 다시 켭니다.;
2. 어플리케이션 관리 화면 에서 어플리케이션의 데이터를 삭제합니다.;
3. 어플을 삭제 후 재설치 합니다."</string>
  <!-- It shows the contact event to the present time. -->
  <string name="one_day_after">내일</string>
  <string name="one_month_after">한 달 안에</string>
  <string name="one_day_ago">어제</string>
  <string name="one_month_ago">지난 달</string>
  <string name="menu_edit_event">연락처에 이벤트 편집</string>
  <string name="menu_add_to_calendar">캘린더에 이벤트 추가</string>
  <string name="menu_delete_event">연락처에서 이벤트를 삭제</string>
  <string name="menu_duplicate_contact">중복 연락처</string>
  <string name="mes_sendSmsSystemLimit">시스템 제한으로 SMS는 %1$s시간에 %2$s건만 보낼 수 있습니다. %1$s시간 후에 자동으로 다시 시도합니다.</string>
  <string name="sendInBatches">배치 발송</string>
  <string name="sendInSingle">개별 발송</string>
  <string name="sendInBatchesMessage">선택된 수신자 전화번호가 설정하신의 "최대 발송 인원수"보다 많습니다. 배치 발송을 시작하시려면 메시지를 입력하시고, 개별 발송을 시작하려면 "개별 발송"을 선택하세요.</string>
  <string name="pref_title_eventNotification">이벤트 알림 설정</string>
  <string name="pref_title_notificationTime">알림 시간</string>
  <string name="pref_title_notificationRingtone">알림 벨소리</string>
  <string name="pref_summary_notificationTime">알림 시작 시간 조정</string>
  <string name="pref_title_notificationBeforeHappen">시작 전에 알리기</string>
  <string name="pref_summary_notificationBeforeHappen">알림 시작 %s일 전</string>
  <string name="pref_title_notification">알림</string>
  <string name="pref_title_reminder">미리 알림</string>
  <string name="pref_summary_reminder">%s 전</string>
  <string name="pref_title_ringtone">벨소리</string>
  <string name="pref_title_alarm">알람</string>
  <string name="pref_title_mergeSubgroup">하위 그룹 병합</string>
  <string name="pref_summary_mergeSubgroup">상위 그룹에서 표시되는 하위 연락처 그룹</string>
  <string-array name="pref_entries_notificationTime">
    <item>1 분</item>
    <item>5 분</item>
    <item>10 분</item>
    <item>15 분</item>
    <item>20 분</item>
    <item>25 분</item>
    <item>30 분</item>
    <item>45 분</item>
    <item>1 시간</item>
    <item>2 시간</item>
    <item>3 시간</item>
    <item>12 시간</item>
    <item>24 시간</item>
    <item>2 일</item>
    <item>1 주</item>
  </string-array>
  <!-- Not in phone book contacts. -->
  <string name="unknown_contacts">알 수 없는 연락처</string>
  <string name="not_in_phone_book_contacts">전화번호부 연락처에 없습니다.</string>
  <string name="eventNotification">이벤트 알림</string>
  <string name="eventNotificationMessage">"곧 %s의 생일/이벤트가 도래합니다."</string>
  <!-- When using the "Firstname first" show name, "Firstname" and "Lastname" split between the symbols. Most language is a space. -->
  <string name="givenNameFirstSeparator">" "</string>
  <!-- When using the "Lastname first" show name, "Firstname" and "Lastname" split between the symbols. -->
  <string name="familyNameFirstSeparator">", "</string>
  <string name="vCard">vCard</string>
  <string name="text">텍스트</string>
  <string name="pref_title_likeTheSoftware">소프트웨어 지원</string>
  <string name="pref_title_rating">평점</string>
  <string name="pref_summary_rating">마켓에서 좋은 평점 주기.</string>
  <string name="pref_title_share">공유</string>
  <string name="pref_summary_share">친구에게 추천하기</string>
  <string name="contact_group">그룹</string>
  <!-- Set the time to send text messages in the future. -->
  <string name="regularlySent">정기 발송</string>
  <string name="time">시간</string>
  <string name="pref_title_EmailProgram">email 프로그램</string>
  <string name="pref_summary_on_EmailProgram">기본 이메일 프로그램 사용</string>
  <string name="pref_summary_off_EmailProgram">email을 보낼 때 마다 email 발송 프로그램 선택하기</string>
  <string name="toolbox">도구상자</string>
  <string name="pref_title_SMSSendInterval">발송간격</string>
  <string name="pref_summary_SMSSendInterval">매 시간간격 (초)마다 텍스트 메시지를 보냅니다.</string>
  <string name="app_dialer_name">DW 다이얼러</string>
  <string name="menu_sort">정렬순서</string>
  <string name="license_check_failed_message">소프트웨어 라이센스 확인 오류! 지금 play스토어에 접속할 수 있는지 확인하세요.</string>
  <string name="menu_unselectAll">모두 선택 취소</string>
  <string name="pref_title_themeCustomize">테마 설정</string>
  <string name="pref_title_backgroundColor">배경 색상</string>
  <string name="pref_title_backgroundColorForTitles">배경 제목 색상</string>
  <string name="pref_title_textColorForTitles">텍스트 제목 색상</string>
  <string name="pref_title_textColorMarked">텍스트 표시 색</string>
  <string name="pref_title_hideTheTitle">제목 표시줄 숨기기</string>
  <string name="pref_title_hideTheStatusbar">상태 표시줄 숨기기</string>
  <string name="pref_title_hideTabLabel">탭 표시줄 레이블 숨기기</string>
  <string name="pref_title_autoHideTab">탭 표시줄 숨기기</string>
  <string name="pref_summary_autoHideTab">자동으로 다른 탭으로 이동 후 탭을 숨깁니다.</string>
  <string name="reset">재설정</string>
  <string name="pref_title_automaticRotation">자동 회전</string>
  <string name="pref_summary_automaticRotation">자동 화면 회전을 끄거나 켤 수 있습니다.</string>
  <string name="menu_editNotes">메모 수정</string>
  <string name="addSelectedContactsToFavorites">즐겨찾기에 연락처 추가</string>
  <string name="removeSelectedContactsFormFavorites">즐겨찾기에서 연락처 삭제</string>
  <string name="deleteSelectedContacts">연락처 삭제</string>
  <string name="duplicateSelectedContacts">중복 연락처</string>
  <string name="setGroupForSelectedContacts">연락처 그룹 설정</string>
  <string name="forSelectedContacts">선택된 연락처에 대해</string>
  <string name="searchAnything">아무거나 검색</string>
  <string name="quickDialManager">빠른 전화 걸기 관리자</string>
  <string name="menu_shareNumber">번호 공유</string>
  <string name="menu_setGroupForContact">연락처 그룹 설정</string>
  <string name="pref_title_tabSettings">탭 설정</string>
  <string name="sendSMStoShownContacts">표시 된 연락처로 SMS/MMS 보내기</string>
  <string name="sendEmailtoShownContacts">표시 된 연락처로 email 보내기</string>
  <string name="setRingtoneForShownContacts">표시된 연락처에 벨소리 설정</string>
  <string name="pref_title_enableEventNotification">이벤트 알림 활성화</string>
  <string name="forSelectedGroups">선택된 그룹에 대해</string>
  <string name="menu_send_group_message">그룹에 SMS/MMS 보내기</string>
  <string name="menu_delete_group">그룹 삭제</string>
  <string name="menu_deleteGroups">그룹 삭제</string>
  <!-- 	<string name="forSelectedOrgs">For selected companies</string> -->
  <!-- 	<string name="menu_editOrg">Edit company</string> -->
  <!-- 	<string name="forSelectedTitles">For selected titles</string> -->
  <!-- 	<string name="menu_editTitle">Edit title</string> -->
  <string name="menu_editContactFromEvent">이벤트에서 연락처 편집</string>
  <string name="menu_focus2Today">오늘로 이동하기</string>
  <string name="generalDeleteConfirmation">삭제 하시겠습니까?</string>
  <string name="addContactTo">%s에 연락처 추가</string>
  <string name="removeContactFrom">%s에서 연락을 제거</string>
  <string name="pref_title_showTabAtTop">상단에 탭 표시줄 표시</string>
  <!-- Within the group "contact list" label -->
  <string name="labelWithinGroupContactsList">연락처</string>
  <string name="multipleChoicePrompt">무료버전에서는 한번에 %d항목만 다중선택 하실 수 있습니다. 그룹별로 메시지를 보내시려면, 메뉴를 누르시고 그룹 목록을 사용하세요.</string>
  <string name="pref_title_dialerPadTone">전화번호 누를 때 소리나게 하기</string>
  <string name="recentChanges">최근 변경 사항</string>
  <string name="more">더보기</string>
  <string name="selectAll">전체 선택</string>
  <string name="pref_title_alwaysToDefTab">항상 기본탭에서 시작</string>
  <string name="pref_summary_alwaysToDefTab">앱을 시작하려면 기본 탭을 연 상태에서 다이얼 버튼을 누르세요.</string>
  <string name="pref_title_showMostContactedBelowFavorites">즐겨찾기 아래에 가장 많이 연락한 번호 표시</string>
  <string name="pref_title_showEventsFromToday">오늘부터 이벤트 표시</string>
  <string name="pref_title_YPositionOfInfoWindow">정보 표시창 세로위치 설정</string>
  <string name="pref_summary_YPositionOfInfoWindow">발신자 정보 세로표시 위치(전화 수신 시 직접선택 가능)</string>
  <string name="pref_title_backupRestore">백업 및 복원</string>
  <string name="pref_title_backupAllSettings">모든 설정 백업하기</string>
  <string name="pref_title_restoreAllSettings">모든 설정 복원하기</string>
  <string name="pref_title_restoreDefaultSettings">기본 설정 복원하기</string>
  <string name="pref_title_showMyContactsInUngrouped">시스템 그룹 \"My Contacts\" 무시하기</string>
  <string name="pref_title_startDialerWithoutDialerPad">다이얼러 패드 없이 다이얼러 시작</string>
  <string name="pref_summary_showMyContactsInUngrouped">시스템 그룹에만 속한 연락처는 \"미분류 연락처\" 아래 표시(ex, \"내 연락처\" 등)</string>
  <string name="toast_allSettingsToDefault">모든 설정은 기본값으로 복원</string>
  <string name="toast_settingsBackedSuccessfully">설정이 %s로 백업되었습니다.</string>
  <string name="toast_settingsBackedFailed">백업 실패. 유효한 백업 경로가 유효한지 확인해 주세요</string>
  <string name="toast_settingsRestorSuccessfully">설정이 %s에서 성공적으로 복원되었습니다.</string>
  <string name="toast_settingsRestorFailed">복원 실패. 설정된 복원경로가 올바른지 확인하여 주십시오</string>
  <string name="menu_newOrg">조직 추가</string>
  <string name="menu_newTitle">직위 추가</string>
  <string name="enterAName">이름을 입력하세요</string>
  <string name="pref_title_t9Search">T9 검색 설정(사용자 경험기반 검색, 초성검색)</string>
  <string name="pref_summary_t9Search">"전화" 탭과 T9-검색이 어떻게 사용되는지에 관련된 고급 옵션입니다.</string>
  <string name="pref_title_matchingAnywhere">문자단위로 입력문자의 포함여부만 확인</string>
  <string name="pref_summary_matchingAnywhere"> \"dW conTacTs\"에서 \"WTT\"입력 시 검색됨</string>
  <string name="pref_title_matchingPart">낱말단위로 입력문자의 정확한 부분일치여부 확인</string>
  <string name="pref_summary_matchingPart"> \"dw coNTActs\" 에서 \"NTA\"입력 시 검색됨</string>
  <string name="pref_title_matchingFirstLetter">첫 글자로만 일치여부 확인</string>
  <string name="pref_summary_matchingFirstLetter">\"Dw COntacts\" 에서 \"DCO\" 입력 시 검색됨</string>
  <string name="pref_title_sortByDegreeOfMatch">일치 정도 순으로 정렬</string>
  <string name="menu_copyToClipboard">클립보드에 복사하기</string>
  <string name="menu_createEvent">약속 등록하기</string>
  <string name="useLimitFeaturePrompt">무료 버전에서는 %d번만 이 기능을 사용할 수 있습니다.</string>
  <string name="pref_title_appointmentSettings">약속 설정</string>
  <string name="pref_title_defaultAppointmentText">기본 약속 문구</string>
  <string name="pref_summary_defaultAppointmentText">이름 + 번호를 추가 하기 전에 삽입 될 텍스트를 추가</string>
  <string name="pref_default_defaultAppointmentText">"전화걸기 : "</string>
  <string name="titlesList">직위</string>
  <string name="eventsList">이벤트</string>
  <string name="pref_title_showInContactList">표시할 항목</string>
  <string-array name="pref_entries_showInContactList">
    <item>숫자</item>
    <item>조직</item>
    <item>타이틀</item>
    <item>그룹</item>
    <item>계정 아이콘</item>
    <item>연락처 사진</item>
    <item>이메일 버튼</item>
    <item>SMS 버튼</item>
    <item>다이얼 버튼</item>
    <item>메모</item>
  </string-array>
  <string name="pref_title_showNotesLines">메모 표시 길이 설정</string>
  <string name="tips_clickToSeeAllText">선택 시 상세내역 확인 가능</string>
  <string name="pref_title_colorForGroups">배경 색상 - 그룹</string>
  <string name="pref_title_colorForOrganization">배경 색상 - 조직</string>
  <string name="pref_title_colorForTitle">배경 색상 - 직위</string>
  <string name="pref_title_fontSize2">글꼴 크기 (2번째 라인)</string>
  <string name="pref_title_fontSize3">글꼴 크기 (3번째 라인)</string>
  <string name="pref_title_useNumberSearch">전화번호 검색 허용</string>
  <string name="pref_summary_useNumberSearch">활성화 시, 전화번호도 검색합니다</string>
  <string name="noEmailAddress">email 주소 없음</string>
  <string name="pref_title_showCallLogOnPhone">Dw다이얼러에 전화이력 표시</string>
  <string name="listTotalCallHistory">누적 문자/통화량 %1$d통 / 누적 통화시간 %2$s</string>
  <string name="pref_title_showContactsOnPhoneStart">Dw다이얼러에 모든 연락처 표시</string>
  <string name="pref_summary_showContactsOnPhoneStart">활성화되면, DW다이얼러에 모든 연락처가 표시 됩니다</string>
  <string name="listTotalCallLog">%d개의 다른 전화번호를 표시합니다.</string>
  <string name="upcoming">다가오는</string>
  <string name="pref_title_phoneSettings">전화 설정</string>
  <string name="pref_title_mergeCallLog">콜 로그를 병합</string>
  <string name="pref_title_showCounterOnMergedCallLog">병합 된 호출 로그 항목에 카운터 표시</string>
  <string name="pref_summary_showCounterOnMergedCallLog">활성화되면, 연락처 이름 우측에 얼마나 많은 콜이 병합됐는지 보여줍니다.</string>
  <string name="pref_title_groupCallLogByDate">날짜별로 호출 로그 그룹 표시</string>
  <string name="pref_summary_groupCallLogByDate">활성화되면, 날짜별로 호출 로그를 그룹화합니다</string>
  <string name="pref_title_limitCallLogOnXDays">%s일로 호출 로그 제한</string>
  <string name="pref_summary_limitCallLogOnXDays">%s로 호출 로그 제한 (0=모두 보이기)</string>
  <string name="pref_message_0toShowAllDays">전체보기</string>
  <string name="pref_message_0toShowAllItems">모든 항목 표시</string>
  <string name="pref_title_useOrgSearch">검색시 조직 사용</string>
  <string name="pref_title_matchingSkipWord">단어 건너뛰기 허용</string>
  <string name="pref_summary_matchingSkipWord">\"DPH\" \"Dw 연락처 및 PHone\" 일치</string>
  <string name="pref_title_matchingSkipSpace">띄워쓰기 무시하고 검색</string>
  <string name="pref_title_globalSettings">전역 설정</string>
  <string name="pref_title_registrationStates">상태: %s</string>
  <string name="pref_summary_registrationStates">이 버전은 장치 시리얼 넘버:%2$s에 %1$s입니다</string>
  <string name="registered">등록됨</string>
  <string name="unregistered">미등록됨</string>
  <string name="pref_title_onlineRegistrationCheck">온라인 등록 확인</string>
  <string name="pref_summary_onlineRegistrationCheck">장치가 등록되어 있지 않은 경우 확인합니다(인터넷 연결 필요).</string>
  <string name="pref_title_registration">등록</string>
  <string name="pref_summary_registration">확장 기능 잠금 해체, 광고 제거</string>
  <string name="pref_summary_showContactsWithPhoneNumber">비활성화되면, [전역 설정]에서 조정되는 [연락처 표시 필터링] 시스템을 사용합니다</string>
  <string name="pref_title_historyViewSettings">기록 보기 설정</string>
  <string-array name="pref_entries_dialerPadTone">
    <item>DTMF 톤</item>
    <item>클릭 톤</item>
    <item>끄기</item>
  </string-array>
  <string name="pref_title_limitNumberTitleToXChar">전화 번호 제목 길이</string>
  <string name="pref_summary_limitNumberTitleToXChar">0으로 설정하면 전화 번호 제목의 모든 길이를 표시합니다.</string>
  <string name="pref_title_supportForum">지원 포럼</string>
  <string name="pref_title_textColor">텍스트 색</string>
  <string name="historyList">기록</string>
  <string name="startProVerPrompt">Pro 버전이 확인되었습니다. 지금 시작할까요?</string>
  <string name="pref_title_selectedBackgroundColor">선택된 버튼의 색상</string>
  <string name="pref_title_dialpadThemeSettings">전화 다이얼패드 설정</string>
  <string name="pref_title_globalThemeSettings">전역 테마 설정</string>
  <string name="pref_title_showAlwaysAddIcon">*추가* 아이콘 언제나 표시</string>
  <string name="pref_summary_showAlwaysAddIcon">활성화되면, 연락처를 추가할 수 있는 리스트 첫째줄에 "+" 아이콘을 표시합니다.</string>
  <string name="pref_title_eventGreetingText">행사 인사말 텍스트</string>
  <string name="pref_default_eventGreetingText">"???님 안녕하세요, ??A\'th ??E에 행운을 빕니다"</string>
  <string name="pref_title_eventGreetingSubject">행사 인사말 주제</string>
  <string name="pref_summary_eventGreetingSubject">이메일로 보내질 때만 사용가능</string>
  <string name="pref_message_eventGreetingText">연락처 검색 시 항목별로 다음과 같이 "???"를 사용하여 검색 가능합니다.\'s 성명 검색 시 "??F", 성씨는 "??G", 이름은 "??N", 별명은 "??A", 나이는 "??E"</string>
  <string name="pref_default_eventGreetingSubject">"??A\'th ??E에 인사드립니다."</string>
  <string name="menu_sendGreetingSMSToContact">연락처로 행사 SMS/MMS 보내기</string>
  <string name="menu_sendGreetingEmailToContact">연락처로 행사 이메일 보내기</string>
  <string name="pref_title_storeSendSMSToSystemDB">데이터베이스에 보내진 SMS/MMS 저장</string>
  <string name="pref_summary_storeSendSMSToSystemDB">활성화되면, 보낸 SMS/MMS가 시스템 데이터베이스에 저장됩니다.</string>
  <!-- 	<string name="pref_title_backgroundImage">Background image</string> -->
  <!-- 	<string name="pref_summary_backgroundImageEn">If you use background image, the background color can be used simultaneously as color filter</string> -->
  <string name="pref_title_textColorSecond">텍스트 색깔 두번째+셋째 선</string>
  <string name="pref_title_textColorLabel">레이블된 세번째 줄에 대한 텍스트 색</string>
  <string name="pref_summary_textColorLabel">레이블된 그룹, 조직과 제목을 위한 텍스트 색깔입니다.</string>
  <string name="pref_title_backgroundListSectionColor">백그라운드 리스트 구역 색깔</string>
  <string name="pref_title_textListSectionColor">텍스트 리스트 구역 색깔</string>
  <string name="pref_title_showAlphabetListSection">알파벳 리스트 구역 표시</string>
  <string name="pref_title_fontSizeforDigits">숫자에 대 한 글꼴 크기</string>
  <string name="pref_title_fontSizeforLetters">글씨에 대한 글자 크기</string>
  <string name="pref_title_dialpadIconsArrangement">다이얼패드 아이콘 정렬</string>
  <string-array name="pref_entries_dialpadIconsArrangement">
    <item>다이얼/입력/삭제</item>
    <item>삭제/입력/다이얼</item>
    <item>입력/삭제/다이얼</item>
  </string-array>
  <!-- 	quick jump to alphabetic listcreate new contact -->
  <string name="menu_quickJump">Quick-Jump</string>
  <string-array name="pref_entries_hideTab">
    <item>켜기</item>
    <item>끄기</item>
    <item>자동</item>
  </string-array>
  <string name="pref_title_backgroundColorQuickJump">Quick-Jump 배경 색깔</string>
  <string name="pref_title_textColorQuickJump">Quick-Jump 텍스트 색깔</string>
  <string name="pref_title_disableSlideSwitchingTabs">슬라이드 바꾸기 탭 비활성화</string>
  <string name="pref_title_showNumberKeyboardOnDialpad">다이얼패드에 숫자 키보드 표시</string>
  <string name="pref_summary_showNumberKeyboardOnDialpad">비활성화시, 입력 상자, 다이얼과 삭제 아이콘만 표시합니다(항상 하드웨어 키를 통해 다이얼하고 싶다면 유용합니다).</string>
  <string name="pref_title_dialpadToFullWidth">다이얼패드 전체 화면 표시</string>
  <string name="pref_summary_dialpadToFullWidth">활성화시, 다이얼러를 전체화면 크기로 표시합니다(아니면 우측에 표시됩니다).</string>
  <string name="pref_title_smsSignature">SMS/MMS 서명</string>
  <string name="pref_summary_smsSignature">서명은 항상 SMS/MMS의 끝에 표시됩니다.</string>
  <string name="currentOrderNotSupportFastJump">빠른이동을 사용할 수 없습니다</string>
  <!-- 2.0.7 -->
  <string name="pref_title_languageForT9">T9-검색 언어</string>
  <string name="pref_summary_languageForT9">T9-검색을 위해 사용될 추가 언어를 추가할 수 있습니다.</string>
  <string name="pref_title_quickJumpAlignment">Quick-Jump 맞춤</string>
  <string-array name="pref_entries_quickJumpAlignment">
    <item>맨 위로</item>
    <item>가운데</item>
    <item>맨 아래</item>
  </string-array>
  <string name="menu_gridView">격자 보기</string>
  <string name="menu_listView">목록 보기</string>
  <string name="pref_title_gridViewSettings">격자 보기 설정</string>
  <string name="pref_title_gridViewSize">격자 크기</string>
  <string name="pref_title_lockGridSize">격자 크기 잠금</string>
  <string name="pref_summary_lockGridSize">잠글 경우, Quick-jump가 다시 두 손가락 슬라이더를 통해 사용됩니다.</string>
  <string name="pref_title_phoneDialpadHeight">전화 다이얼패드 높이</string>
  <string name="pref_title_moreSettings">세부 정보 보기 설정</string>
  <string name="pref_summary_moreSettings">각 탭 보기에 대한 더 자세한 설정</string>
  <string name="pref_title_displayNameBelowThePicture">사진 아래에 이름 표시</string>
  <string name="menu_exportContactPicture">연락처 사진 내보내기</string>
  <string name="toast_saveFailed">저장 실패!</string>
  <string name="toast_saveSuccessfully">저장에 성공했습니다:%s</string>
  <string name="callConfirm">전화 확인</string>
  <string name="pref_summary_callConfirm">활성화시, 다이얼 전에 확인 요청 팝업창을 띄웁니다.</string>
  <string name="pref_title_automaticConfirmationDelay">확인이 지연되고 있습니다</string>
  <!-- It is an option to set a time for the control [Dialing confirmation] dialog.
     At the end of the counter automatically close [Dialing confirmation] dialog. -->
  <string name="pref_title_automaticCancelDelay">취소가 지연되고 있습니다</string>
  <string name="pref_summary_automaticConfirmationDelay">타이머를 중지하려면 화면을 터치하세요</string>
  <string name="pref_title_picturePositionOnRight">오른쪽에 그림 위치</string>
  <string name="updateCheck">업데이트 확인</string>
  <string name="noUpdates">업데이트를 사용할 수 없습니다.</string>
  <string name="download">다운로드</string>
  <string name="pref_title_globalIconSize">전체 아이콘 크기</string>
  <string name="pref_summary_globalIconSize">이 크기는 모든 아이콘의 너비를 정의합니다: 다이얼패드의 다이얼 버튼, 다이얼패드의 백키, 다이얼버튼, 문자, 이메일, 사진</string>
  <string name="pref_title_backKeyHideDailpad">백 키 숨김 다이얼패드</string>
  <string name="pref_summary_backKeyHideDailpad">비활성화시, "뒤로" 단추를 한번만 눌러도 어플리케이션이 종료됩니다. 그렇지않으면 종료 전에 다이얼패드를 숨깁니다.</string>
  <string name="pref_title_hapticFeedbackVibration">햅틱 피드백 진동</string>
  <string name="pref_title_hapticFeedbackStrength">햅틱반응(진동) 설정</string>
  <string name="pref_title_limitCallLogOnXitems">호출 로그 최대 %s항목으로 제한</string>
  <string name="pref_title_dividerLineColor">구분선 색깔</string>
  <string name="menu_quickDial">Quick-Dial</string>
  <string name="buying_tips_in_free">Pro 버전 구매를 위해 "구글 플레이"를 사용하실 수 있습니다. 어플리케이션 구매를 위해 "구글 플레이"를 사용할 수 없는 지역에 살고 계시다면, REG 버전을 다운받고 등록하실 수 있습니다. 두 버전 모두 같은 기능성을 가집니다.</string>
  <string name="buying_channel_registration">REG 버전 다운로드</string>
  <string name="buying_channel_registration_summary">"링크를 클릭하시면, 어플리케이션을 다운로드할 것이고, 파일을 클릭하면 설치됩니다. 
설치 후 어플리케이션을 실행하시고 등록 절차를 따르세요."</string>
  <string name="pref_title_buyAdvancedVersion">고급 버전 구매</string>
  <string name="freeVersionFound">시스템에서 무료 버전이 발견되었습니다.</string>
  <string name="uninstallFreeVersionPrompt">[유료버전 설치안내]
유료버전 설치 전 유료버전 삭제를 권합니다.
무료버전 삭제 전 데이터를 백업하시고, 유료버전 설치 후 복원하시기 바랍니다.
지금 무료버전을 삭제할까요?</string>
  <string name="pref_title_copySerialNum">클립보드로 장치 시리얼 넘버 복사</string>
  <string name="askToCheckRegistrationCode">"등록 키가 유효하지 않거나 등록되지 않았습니다. 지금 등록 코드를 확인하시겠습니까?"</string>
  <string name="deleteContactConfirmation">\"%s\" 연락처가 삭제됩니다.</string>
  <string name="enable">활성화</string>
  <string name="allIncomingCalls">모든 수신 전화</string>
  <string name="anonymousIncomingCalls">익명 수신 전화</string>
  <string name="anonymousIncomingCallsSummary">호출이 전화번호를 보내지 않을 때</string>
  <string name="automaticGroups">자동 그룹</string>
  <string name="pref_title_dialPrefix">국번</string>
  <string name="pref_summary_dialPrefix">국번이 주어지면, 롱 프레스 메뉴를 통해 그들을 호출할 수 있는 추가 옵션이 주어집니다.</string>
  <string name="pref_title_dialSuffix">다이얼 suffix</string>
  <string name="pref_summary_dialSuffix">suffix가 주어지면, 롱 프레스 메뉴를 통해 그들을 호출할 수 있는 추가 옵션이 주어집니다.</string>
  <string name="pref_title_quickDialLimit">Quick-dial 제한</string>
  <string name="pref_title_languageForT9Keyboard">T9-키보드 언어</string>
  <string name="pref_summary_languageForT9Keyboard">T9 다이얼 패드에 표시되길 원하는 언어를 선택하세요.</string>
  <string name="callFilterAction">활동</string>
  <string-array name="callFilterActions">
    <item>INTERCEPT</item>
    <item>허용</item>
    <item>무음</item>
  </string-array>
  <string name="callFilterActionIntercept">수신차단</string>
  <string name="callFilterActionInterceptAndNotify">수신차단 후 알림</string>
  <string name="callFilterActionAllows">허용</string>
  <string name="callFilterActionSilence">무음</string>
  <string name="callFilterType">필터 유형</string>
  <string-array name="callFilterTypes">
    <item>그룹 필터</item>
    <item>숫자 필터</item>
    <item>최근 연락 전화 번호</item>
  </string-array>
  <string-array name="callFilterTypesHint">
    <item>필터할 그룹 선택</item>
    <item>필터할 숫자 입력</item>
    <item>기간 선택</item>
  </string-array>
  <string name="ruleEditor">규칙 편집기</string>
  <string name="label">레이블</string>
  <string name="numberFilterExplain">*=모든 문자열, ?=모든 문자</string>
  <string name="effectiveTimeOfTheRule">"%1$s부터 %2$s까지의 활동"</string>
  <string name="menu_viewRelatedContacts">관련 연락처 보기</string>
  <string name="title_selectNumbers">번호를 선택해 주세요</string>
  <string name="title_selectEmailAddresses">이메일 주소를 선택해 주세요</string>
  <string name="pref_title_lockView">잠금 항목 보기 변경</string>
  <string name="pref_summary_lockView">두 손가락 슬라이딩을 통해 항목을 변경 하려면 잠금 항목 보기</string>
  <string name="selectedNumberOfContacts">선택한 %d 연락처</string>
  <string name="selectedNumberOfEmailAddresses">클릭하시면 선택 된 %d 개의 주소가 복사됩니다.</string>
  <string name="selectedNumberOfPhoneNumbers">선택한 %d 전화 번호</string>
  <!-- 2.1.1 -->
  <string name="pref_title_nameFieldToShow">표시할 이름 필드 선택</string>
  <string name="pref_summary_nameFieldToShow">\"~로 연락처 표시\'\" non-default 설정시에만 효과가 있습니다.</string>
  <string-array name="pref_entries_nameField">
    <item>이름</item>
    <item>성</item>
    <item>중간 이름</item>
    <item>경칭 접두사</item>
    <item>경칭 접미사</item>
    <item>이름\'의 발음</item>
    <item>성\' 발음</item>
    <item>중간 이름 발음</item>
  </string-array>
  <string name="pref_title_showMatchFirstLetterResultsFirst">\"첫 글자에 맞추기\" 결과 먼저 표시</string>
  <string name="pref_title_clickTheActions">목록 항목 작업</string>
  <string name="pref_summary_clickTheActions">목록 항목을 클릭하면 활성화됩니다.</string>
  <string name="pref_summary_clickListIconActions">목록 보기에서 연락처 아이콘을 눌렀을 때 활성화</string>
  <string name="action_viewItemAuto">항목 보기(자동 연락처 또는 기록)</string>
  <string name="action_viewContactDetails">연락처 세부 정보 보기</string>
  <string name="action_selectNumberToCall">전화 번호를 선택</string>
  <string name="action_viewContactHistory">연락처 기록 보기</string>
  <string name="action_viewQuickContactBadge">빠른 연락처 배지 보기</string>
  <string name="action_callCurrentNumber">현재 번호로 전화</string>
  <string name="action_callDefaultNumber">기본 번호로 전화</string>
  <string name="action_callUsingSIP">인터넷전화(SIP)로 전화하기</string>
  <string name="action_sendMessageToCurrentNumber">현재 번호로 SMS/MMS 보내기</string>
  <string name="action_sendMessageToDefaultNumber">기본 번호로 SMS/MMS 보내기</string>
  <string name="pref_title_clickIconActions">클릭하면 아이콘이 활성화됩니다.</string>
  <string name="pref_summary_clickIconActions">격자 보기에서 연락처 아이콘을 눌렀을 때 활성화.</string>
  <string name="pref_title_lockWindowPosition">창 위치 고정</string>
  <string name="pref_summary_lockWindowPosition">드래그해서 움직이는 것을 바라지 않는다면.</string>
  <string name="pref_title_showCallerLocation">발신자의 위치 표시</string>
  <string name="downloadPluginPrompt">플러그인 설치가 필요합니다. 지금 다운로드하시겠습니까?</string>
  <string name="Default">기본값</string>
  <string name="pref_title_searchCallLog">통화 로그 검색</string>
  <string name="pref_summary_searchCallLog">\"폰에 호출 로그 표시\"를 열어야 합니다.</string>
  <string name="menu_shareContacts">연락처 공유</string>
  <string name="font_size">글꼴 크기</string>
  <string name="show_call_log_filter">호출 로그 필터 표시</string>
  <string name="hide_call_log_filter">호출 로그 필터 숨기기</string>
  <string name="prompt_in_sms_tab">DW Contacts에 의해 그룹으로 보내진 SMS 표시.</string>
  <string name="pref_title_exitWhenCallEnds">콜이 끝날 때 종료</string>
  <string name="pref_title_residesInMemory">메모리에 상주</string>
  <string name="pref_summary_residesInMemory">"백그라운드 서비스 사용"을 선택하고 있는 동안 계속 메모리에 상주하게 됩니다.</string>
  <!-- Header that expands to list all of the types of settings -->
  <string name="optionsLabelsGroup">옵션</string>
  <string name="pref_summary_textColorForSecondT9Languare">두 번째 T9 언어의 색</string>
  <string name="pref_title_enableDualcardSuppout">듀얼 카드 지원 활성화</string>
  <!-- 联系人详细信息 -->
  <string name="detailsList">세부 정보</string>
  <string name="pref_title_minimumHeightOfListItem">목록 항목의 최소 높이</string>
  <string name="loading">로드 중입니다...</string>
  <string name="pref_title_displayWhenDialing">전화 걸기 때 표시</string>
  <string name="pref_title_usingMoreDetailedListSection">자세한 목록 섹션을 사용하여</string>
  <string name="pref_summary_usingMoreDetailedListSection">Quick Jump 문자에 사용됩니다.</string>
  <string name="desktop_widget_limit_messages">무료 버전에서는 데스크탑 위젯만 생성할 수 있습니다.</string>
  <string name="label_customField">사용자 정의 필드</string>
  <string name="menu_otherContactViewer">다른 연락처 뷰어</string>
  <string name="pref_title_hideStatistics">통계 숨기기</string>
  <string name="pref_title_backupTheme">백업 테마 설정</string>
  <string name="pref_title_restoreTheme">복원 테마 설정</string>
  <string name="appwidget_titleText">제목</string>
  <string name="appwidget_summary_selectGroup">표시할 연락처 그룹을 선택 하십시오.</string>
  <string name="iconSize">아이콘 크기</string>
  <string name="widgetConfiguration">위젯 구성</string>
  <string name="pref_title_iconNumberOfColumns">열 아이콘 번호</string>
  <string name="pref_summary_iconNumberOfColumns">0은 자동 맞춤</string>
  <string name="tips_contactAppWidget">위젯 제목을 누르면 설정에 진입할 수 있습니다</string>
  <string name="pref_title_nameLines">이름 선</string>
  <string name="pref_summary_nameLines">이름을 숨기려면 0</string>
  <string name="menu_deleteTheShownCallLog">표시 된 전화 로그 삭제</string>
  <string-array name="pref_entries_contactListSearchOptions">
    <item>모든 필드를 검색</item>
    <item>모든 연락처를 검색</item>
    <item>전체 주소 목록에서 검색</item>
  </string-array>
  <string name="pref_title_defaultContactIcon">기본 연락처 아이콘</string>
  <string name="pref_title_defaultGroupIcon">기본 그룹 아이콘</string>
  <string name="prompt_restoreDefaultSettings">설정 백업을 먼저 생성하는 걸 권유합니다. 지금 기본 설정으로 복원하시겠습니까?</string>
  <string name="pref_title_interceptCallsEvenDuringCall">전화하는 동안에도 전화 가로채기</string>
  <string name="pref_summary_interceptCallsEvenDuringCall">진행중인 전화가 종료될 수 있습니다.</string>
  <string name="pref_title_displayPromptWhenCallBlocked">전화를 차단하는 경우 메시지를 표시합니다.</string>
  <!-- Call Statistics -->
  <string name="call_statistics">전화 통계</string>
  <string name="freeNumbersManager">무료전화(080)관리</string>
  <string name="tab_call_statistics">통계</string>
  <string name="call_type_incoming">수신</string>
  <string name="call_type_outgoing">발신</string>
  <string name="call_type_missed">부재중</string>
  <string name="call_type_blocked">차단</string>
  <string name="call_type_all">전부</string>
  <string name="call_duration">기간</string>
  <string name="call_duration_minute">가격.분</string>
  <string name="call_count">횟수</string>
  <string name="call_statistics_time_billingCycle">결제 주기</string>
  <string name="call_statistics_time_thisMonth">이번 달</string>
  <string name="call_statistics_time_thisWeek">이번 주</string>
  <string name="call_statistics_time_all">모든 기간</string>
  <string name="pref_title_startDayOfBillingCycle">결제 주기 시작 일</string>
  <string name="pref_title_missedCallsTextColor">부재중 전화 텍스트 색깔</string>
  <string name="pref_summary_unansweredOutgoingCallsTextColor">미연결 발신통화</string>
  <string name="pref_title_freeMonthlyTalkTime">매월 무료 통화 시간</string>
  <string name="pref_title_freeIncomingCalls">무료 수신 전화</string>
  <string name="pref_title_costWarning">비용 경고</string>
  <string name="pref_summary_costWarning">무료 통화 시간 종료시 알림 표시</string>
  <string name="prompt_freeTalkTimeIsOver">무료 통화 시간이 끝났습니다.</string>
  <string name="prompt_remainingFreeTalkTimer">남은 무료 통화 시간:%1$d 분; 1일 %2$d 분.</string>
  <string name="pref_title_showGroupSContactsCount">Group\'의 연락처 수 표시</string>
  <string name="pref_summary_showGroupSContactsCount">열면 연락처 로딩 속도에 영향을 줍니다.</string>
  <string name="pref_title_contactPictureZoomMode">연락처 사진 줌 모드</string>
  <string-array name="pref_entries_contactPictureZoomMode">
    <item>센터</item>
    <item>연락처사진 중앙부위만 사용</item>
    <item>센터 안으로</item>
    <item>센터에 맞추어</item>
    <item>XY에 맞추어</item>
  </string-array>
  <string name="get_online_help">온라인 지원 받기</string>
  <string name="error_report">오류 보고</string>
  <string name="hasNoPhoneNumberContacts">전화번호 연락처 없음</string>
  <string name="pref_title_minimumBillableTime">최소 청구 시간</string>
  <string name="pref_summary_minimumBillableTime">현재 설정은 %s초입니다. 통화 시간이 01:15일 경우. 설정이 30초이면, 청구 시간은 01:30; 설정이 60초이면, 청구 시간은 02:00.</string>
  <string name="menu_showSidebar">사이드바를 표시</string>
  <string name="menu_hidesidebar">사이드바 숨기기</string>
  <string name="SIMCard1">SIM 카드 1</string>
  <string name="SIMCard2">SIM 카드 2</string>
  <string name="sim_card_office">SIM카드(업무용)</string>
  <string name="defaultSIMcard">기본 SIM 카드</string>
  <string name="prompt_inFirstUseDialer">dial-up 소프트웨어 제공을 위해 시스템 기반 응급 호출을 실행합니다. 작동되는지 확인하세요.</string>
  <string name="pref_title_enableBackgroundDataLoading">배경 자료 로딩 활성화</string>
  <string name="pref_summary_enableBackgroundDataLoading">소프트웨어 반응 속도를 개선하기 위해서 활성화하세요. 배터리 소비를 증가시킨다는 것을 기억하시고, 연락처 데이터베이스가 자주 업데이트됩니다.</string>
  <string name="pref_title_scaleToFitTheScreen">화면에 맞게 조절</string>
  <string name="pref_summary_scaleToFitTheScreen">자동으로 화면에 맞게 표 크기를 조정</string>
  <string name="pref_summary_whenPortraitMode">세로 모드</string>
  <string name="pref_summary_whenTheSidebarIsOpen">사이드 바 모드(세로)</string>
  <string name="pref_summary_whenInLandscapeMode">가로 모드</string>
  <string name="pref_summary_whenInLandscapeModeAndTheSidebarIsOpen">사이드 바 모드(가로)</string>
  <string name="pref_title_usingMoreDetailedFastScroller">더 자세한 빠른 스크롤 사용</string>
  <string name="pref_title_contactFields">주소록 항목</string>
  <string name="pref_summary_informationNeedSendToCalendar">캘린더로 보낼 항목 선택</string>
  <string-array name="pref_entriesNeedSendToCalendar">
    <item>조직</item>
    <item>주소</item>
    <item>전화</item>
    <item>email</item>
    <item>메모</item>
  </string-array>
  <string name="menu_addConsecutiveNumbers">연번(연속되는 번호) 추가</string>
  <string name="startingNumber">시작 번호</string>
  <string name="endingNumber">마지막 번호</string>
  <string name="prompt_ALotOfNumbersToAddToContact">%d 개의 새 번호가 연락처에 추가됩니다. 잠시만 기다려 주세요</string>
  <string name="prompt_numberParsingErrorInaddConsecutiveNumbers">번호입력 오류! 숫자만 입력해 주세요!</string>
  <string name="prompt_needToAddNumbersTooMuch">%d 개의 번호가 연락처에 추가됩니다. 연락처가 너무 많으면 휴대폰이 느려집니다.</string>
  <string name="prompt_addConsecutiveNumbers_accountDoesNotSupport">전화번호를 너무 많이 입력하셨습니다.</string>
  <string name="pref_title_usingHDContactPicture">HD화질의 연락처 사진 사용</string>
  <string name="pref_title_linksInNotes">메모에 링크</string>
  <string name="pref_summary_linksInNotes">메모에서 홈페이지주소, email, 주소, 전화번호를 선택 가능하게 합니다.</string>
  <string name="pref_title_enableInCallWidget">수신전화 위젯 사용하기</string>
  <string name="pref_title_delayToClose">종료가 지연되고 있습니다.</string>
  <string name="pref_summary_delayToCloseInCallWidget">전화 종료 %d 초 후 \"수신전화 위젯\" 종료</string>
  <string name="pref_title_closeWhenOffhook">통화 종료 시 닫기</string>
  <string name="pref_summary_closeWhenOffhook">전화를 받을 때 \"수신전화 위젯\" 닫기</string>
  <string name="pref_summary_informationNeedShowInInCallWidget">\"수신전화 위젯\"에 표시할 정보 선택</string>
  <string name="contact_pictures">연락처 사진</string>
  <string name="menu_importToQuickdialList">빠른 전화 걸기 목록 가져오기</string>
  <string name="confirm_importToQuickdialList">가져온 데이터가 기존 데이터를 덮어쓰게 됩니다.</string>
  <string name="toast_importToQuickdialListSuccessfully">%d 개의 번호를 가져왔습니다.</string>
  <string name="pref_title_frameColor">프레임 색상</string>
  <string name="pref_title_hideDefaultIcon">기본 아이콘 숨기기</string>
  <string name="pref_summary_hideDefaultIcon">목록 보기에서 기본 아이콘을 숨깁니다.</string>
  <string name="pref_title_showInTheSidebar">사이드바에 표시</string>
  <string name="pref_summary_showInTheSidebar">사이드 바에 표시될 항목 선택</string>
  <string-array name="pref_entries_showInTheSidebar">
    <item>그룹</item>
    <item>조직</item>
    <item>직위</item>
  </string-array>
  <string name="menu_addToQuickdialList">빠른 전화 걸기 목록에 추가</string>
  <string name="toast_theNumberHasNeenAdded">번호가 추가되었습니다.</string>
  <string name="pref_title_fontSizeSidebar">글꼴 크기 (사이드 바)</string>
  <!-- 	<string name="hour">Hour</string> -->
  <string name="contactedLastXHours">%s 시간 전에 연락</string>
  <!-- 	选中的邮件地址已经复制到剪贴板。您可以将它粘贴到邮件程序的地址字段 -->
  <string name="toast_selectedEmailAddressCopied">선택한 e-mail주소가 복사 되었습니다. e-mail 프로그램의 수신자란에 붙여넣을 수 있습니다.</string>
  <string name="pref_title_backUpAllData">모든 데이터를 백업</string>
  <!-- 	由于数据库的更新。还原数据可能导致组铃声、组图片和防火墙工作不正常。请检查它们在恢复数据后。 -->
  <string name="pref_summary_backUpAllData">DB업데이트 이후 데이터 복원 시 그룹 벨소리, 그룹 사진, 콜필터가 제대로 동작하지 않을 수 있으니 확인하시기 바랍니다.</string>
  <!-- 	注意这不会备份联系人数据库。 -->
  <string name="warning_notBackUpContactsDatabase">연락처 DB를 백업하지 않습니다.</string>
  <string name="pref_title_restoreAllData">모든 데이터를 복원</string>
  <string name="toast_backedSuccessfully">%s 개 백업성공</string>
  <string name="toast_backedFailed">백업 실패! 선택하신 백업경로가 유효한지 확인하세요!</string>
  <string name="toast_restorSuccessfully">%s에서 성공적으로 복원되었습니다.</string>
  <string name="toast_restorFailed">복원에 실패 했습니다. 올바른 경로 설정 했는지 확인해주세요</string>
  <string name="close">닫기</string>
  <string name="minimize">최소화</string>
  <string name="maximize">최대화</string>
  <string name="call">"전화걸기"</string>
  <string name="toast_notSuppouteditingNotes">이 연락처는 메모를 수정하실 수 없습니다</string>
  <!-- An option in the event notification settings, open it automatically sends the blessing SMS comes in contact events. -->
  <string name="pref_title_automaticallySendGreetingsSMS">안부SMS 자동발송</string>
  <!-- 	注意发送消息时您不会得到通知，发送时间为事件当天的[通知时间]。 -->
  <!-- Prompt message before you delete a call log. -->
  <!--
    Dispaly in [In call Widget]
    Example:
    The last contact time: 5 days ago。 -->
  <!-- 	Show contacts filter Details Grp = Group; Com = Company; Tit = Title -->
  <!-- 	显示在联系人组编辑器，为编辑的组设置父组 -->
  <!-- 	启用滑动拨号等等，关闭它以便使用滑动切换号码。 -->
  <!-- Click Open browser to select files or other data -->
  <!-- 	A menu item is used to select mode grouping contacts. -->
  <!-- A number label, recently contacted number，It shows in the contact details SMS TAB. Number selection drop-down list. For example: Recent:12345678 -->
  <!-- 	检测到您正使用屏幕阅读程序。是否显示“电话号码选择对话框”在拨号前？ -->
  <!-- 	选择[确定]，“通话中小部件”将不会再次显示。 -->
  <!-- 	如果SIM卡编号显示不正确，请先通过两个SIM卡各拨打一个电话，然后点击[重新检测]按钮。 -->
  <!-- 	重新检测 -->
  <!-- 	检测已完成 -->
  <!-- 	如果双卡功能不工作在您的设备。请尝试选择设备列表中的每一个设备，然后单击[拨号]按钮。当两个拨号按钮使用正确SIM卡拨号时，单击[保存]按钮。 -->
  <!-- 	 An option. When you enable the exchange of the SIM card used when making calls. When the dial buttons 1 and 2 do not correspond correct SIM card to select it. -->
  <!-- 	已添加前缀/后缀（%s） -->
  <!-- 	call using SIM card 1 -->
  <!-- 一个选项，当打开备注会优先保存到联系人，而不是通话记录备注 -->
  <!-- 读出来电显示号码 -->
  <!-- 搜索历史记录 - 一个开关确定是否显示搜索历史记录 -->
  <!-- 	您好，试用期限将结束在5天后。现在要购买吗？ -->
  <!-- A menu, click the call methods available to display. For example: SIM card 2; Video call; Skype; SIP -->
  <!-- Automatic redial after 3 seconds. -->
  <!-- Enter "Arrange mode", you can drag to sort items. -->
  <!-- An option to choose what to hide in the contact details -->
  <!-- An alert message when adding a shortcut to the HomePage request has been sent. -->
  <!-- OPTION: When you restart the app. Restore the state when last used. -->
  <!--     <string name="description">Description</string> -->
  <!--     <string name="menu_add_link">Add link</string> -->
  <!-- Menu item used to add custom field to contact -->
  <!-- An automatic group name, which contains all has photo contacts -->
  <!-- Selectable menu item used to controls whether display "contacts events" in the "agenda list". -->
  <!-- An option to define accent color. The color applied to framework controls in their activated (ex. checked) state. -->
  <!-- An option to define whether the appointment is created automatically send the invitation email.-->
  <!-- An option to define whether the appointment is created automatically send the invitation email.-->
  <!-- An option to define whether use circle icon.-->
  <!-- Determined by the theme -->
  <!-- An option to define color -->
  <!-- An option to define whether use colorful icon.-->
  <!-- Select this option to Reduce the ring volume when reading the caller information. -->
  <!-- Select this option to Reduce the ring volume when reading the caller information. -->
  <!-- Menu item used to Go to the "Calendar" App -->
  <!-- Menu item used to add selected item to the Tab bar -->
  <!-- Menu item used to remove selected item from the Tab bar -->
  <!-- Menu item used to browse and restore data -->
  <!-- Menu item used to open [Backup Manager] -->
  <!-- A contact group option. Open it will automatically delete call logs, contacts belong to this group. -->
  <!-- An option to control whether to display the contact's local time -->
  <!-- An option -->
  <!-- An option summary -->
  <!-- An option in the dialog box to delete call records. Controls whether delete call log notes -->
  <!-- Label above username EditText -->
  <!-- Button to sign in after entering username and password -->
  <!-- "By number" merge call records, etc. -->
  <!-- "By contact" merge call records, etc. -->
  <!-- An option to control whether to display the message log in History -->
  <!-- Menu item used to add data (E-mail address, etc.)  to contacts -->
  <!-- An option When you open it will maintain a fixed height In call widget. -->
  <!-- ****************************** Descriptions *********************************** -->
  <!--
         String describing the Keyboard switch ImageButton
         Used by AccessibilityService to announce the purpose of the button.
         [CHAR LIMIT=NONE]
    -->
  <!-- String describing the text for photo of a item(group, title, company，etc.). -->
  <!--An option. When opened, will use list long press menu.-->
  <!--An option in Accessibility. When opened, Enter the number need to double click to confirm.-->
  <!--A item of list, control information needs to be displayed in the "In call widget"-->
  <!--An option title in [Contact Details]. When opened, Will merge items,When just labels different.-->
  <!--An option summary in [Contact Details]. When opened, Will merge items,When just labels different.-->
  <!-- Notification message when adding a number to the blacklist, but the call filter did not open. -->
  <!--An option title in [Events]. Define which events need to display. It filter events based on contact groups-->
  <!--An option title in [Color schemes]. Used to define the "List section" Text Size -->
  <!--An option. When open: The starred contacts are displayed at the top of the list. -->
</resources>
