<?xml version="1.0" encoding="utf-8"?>
<!--Generated by crowdin.com-->
<resources xmlns:xliff="urn:oasis:names:tc:xliff:document:1.2">
  <string name="label_ringtone">"벨소리"</string>
  <string name="default_ringtone">"기본값"</string>
  <string name="menu_sendEmail">"이메일 보내기"</string>
  <string name="showFilterPhones">"전화번호가 있는 연락처만"</string>
  <string name="showFilterPhonesDescrip">"전화번호가 있는 연락처만 표시"</string>
  <string name="headerContactGroups">"표시할 연락처 선택"</string>
</resources>
