<?xml version="1.0" encoding="utf-8"?>
<!--Generated by crowdin.com-->
<resources>
  <!-- For the "T9" Search. "2ABC" means "2" matches the letter "A, B, C". 
		Translation modified "ABC" you need to search for characters. Only need upper 
		case. -->
  <string-array name="t9_search">
    <item>ㅇㅁ</item>
    <item>ㅣ</item>
    <item>ㅏ</item>
    <item>ㅡ</item>
    <item>ㄱㅋ</item>
    <item>ㄴㄹ</item>
    <item>ㄷㅌ</item>
    <item>ㅂㅍ</item>
    <item>ㅅㅎ</item>
    <item>ㅈㅊ</item>
  </string-array>
  <!-- These letters appear in the Dial button on the right. -->
  <string-array name="t9_keyboard">
    <item>"+"</item>
    <item>"\' . ,"</item>
    <item>"ABC"</item>
    <item>"DEF"</item>
    <item>"GHI"</item>
    <item>"JKL"</item>
    <item>"MNO"</item>
    <item>"PQRS"</item>
    <item>"TUV"</item>
    <item>"WXYZ"</item>
  </string-array>
</resources>
