<?xml version="1.0" encoding="utf-8"?>
<!--Generated by crowdin.com-->
<resources xmlns:xliff="urn:oasis:names:tc:xliff:document:1.2">
  <string name="label_ringtone">"Vyzváněcí tón"</string>
  <string name="default_ringtone">"Výchozí nastavení"</string>
  <string name="menu_sendEmail">"Odeslat e-mail"</string>
  <string name="showFilterPhones">"Pouze kontakty s telefony"</string>
  <string name="showFilterPhonesDescrip">"Zobrazit pouze kontakty s telefonními čísly"</string>
  <string name="headerContactGroups">"Zvolte kontakty, které budou zobrazeny"</string>
</resources>
