<?xml version="1.0" encoding="utf-8" standalone="no"?>
<!--Generated by crowdin.com-->
<resources xmlns:xliff="urn:oasis:names:tc:xliff:document:1.2">
  <string name="app_name">DW Contacts &amp; Telefon</string>
  <string name="app_contacts_name">DW Kontakty</string>
  <string name="starred">Označené hvězdičkou</string>
  <string name="coworkers">Spolupracovníci</string>
  <string name="family">Rodina</string>
  <string name="friends">Přátelé</string>
  <string name="myContacts">Mé kontakty</string>
  <string name="mergedContacts">Sloučené kontakty</string>
  <string name="no_item_to_display">Žádné položky k zobrazení</string>
  <string name="allContact">Všechny kontakty</string>
  <string name="no_phone_numbers">Žádná telefonní čísla</string>
  <string name="menu_edit">Upravit</string>
  <string name="menu_edit_group">Upravit skupinu</string>
  <string name="menu_add_contact_to_group">Přidání kontaktů do skupiny</string>
  <string name="menu_remove_contact_from_group">Odstranit kontakty ze skupiny</string>
  <string name="groupNameLabel">Název skupiny</string>
  <string name="add">Přidat</string>
  <string name="message_del_system_group">Toto je systémová skupina. Po odstranění může být znovu automaticky vytvořena, což může způsobit jiné problémy. Opravdu chcete pokračovat?</string>
  <string name="menu_select_mode">Hromadný výběr</string>
  <string name="menu_inverse_select">Inverzní</string>
  <!--<string name="noContact">This group has no contact</string> -->
  <string name="pleaseWait">Čekejte prosím</string>
  <string name="pref_send_title">SMS a nastavení e-mailu</string>
  <string name="pref_title_sms_mms_send">SMS/MMS</string>
  <string name="pref_title_email_send">Email</string>
  <string name="pref_send_to">Poslat do %s</string>
  <string-array name="prefEntries_sms_mms_to">
    <item>Výchozí nebo první mobilní číslo</item>
    <item>Všechna mobilní čísla</item>
    <item>Všechna čísla</item>
  </string-array>
  <string-array name="prefEntries_email_to">
    <item>Výchozí e-mailová adresa</item>
    <item>Všechny e-mailové adresy</item>
  </string-array>
  <!--Recipients location -->
  <string name="pref_title_recipients_location">Anonymita příjemců</string>
  <string name="pref_recipients_location_summary">V poli %s budou všechny adresy</string>
  <string-array name="pref_entries_recipients_location">
    <item>Skrytá kopie</item>
    <item>Kopie</item>
    <item>Komu</item>
  </string-array>
  <string name="menu_preferences">Nastavení</string>
  <string name="preferences_title">Nastavení</string>
  <string name="error_report_email_explain">Omlouváme se, došlo k chybě. Můžete nám pomoci zlepšit tento software tím, že pošle zprávu, která obsahuje chybové zprávy a některé systémové informace. Vaše soukromí bude respektováno.</string>
  <string name="no_contact_selected">Není vybrán žádný kontakt</string>
  <!--Firewall -->
  <string name="firewell_add_item">Přidat filtr volání</string>
  <string name="lable_week">Všední dny</string>
  <string name="select_group_title">Vyber skupinu</string>
  <!-- %s = call number-->
  <string name="call_blocking_message">%s byl zablokován</string>
  <string name="stat_notify_incoming_calls_were_intercepted">zachyceno %d příchozích hovorů</string>
  <string name="pref_firewall_title">Nastavení filtru volání</string>
  <string name="pref_title_firewall_enable">Povolit filtr volání</string>
  <string name="firewall_service_started">Služba filtrování volání je spuštěna</string>
  <string name="firewall_state_label">DW Call Filter</string>
  <!-- The status bar at the top of the screen display a notification message. -->
  <string name="pref_title_firewall_allways_show_stat_notify">Zobrazit ikony ve stavovém řádku</string>
  <string name="pref_firewall_allways_show_stat_notify_summary">Vždy zobrazovat zprávu ve stavovém řádku </string>
  <string name="menu_week_view">Týdenní přehled</string>
  <string name="menu_time_view">Časový přehled</string>
  <string name="menu_view">Zobrazit</string>
  <string name="from">Od</string>
  <string name="to">Komu</string>
  <string-array name="days">
    <item>Neděle</item>
    <item>Pondělí</item>
    <item>Úterý</item>
    <item>Středa</item>
    <item>Čtvrtek</item>
    <item>Pátek</item>
    <item>Sobota</item>
  </string-array>
  <string-array name="days_short">
    <item>Ne</item>
    <item>Po</item>
    <item>Út</item>
    <item>St</item>
    <item>Čt</item>
    <item>Pá</item>
    <item>So</item>
  </string-array>
  <string name="firewall_label">Filtr volání</string>
  <string name="everyday">Každý den</string>
  <string name="never">Nikdy</string>
  <string name="search_hint">Psaním začnete vyhledávat</string>
  <string name="pref_title_display_system_group">Zobrazit skupiny systému</string>
  <!-- Gmail the default, including the group. (Starred, Coworkers, Family, Friends, My Contacts) -->
  <string name="pref_display_system_group_summary">Zobrazit systémové skupiny</string>
  <string name="pref_title_merge_same_name_group">Sloučení skupin</string>
  <string name="pref_merge_same_name_group_summary">Sloučit podobně pojmenované skupiny</string>
  <string name="pref_font_size_title">Velikost písma (1. řádek)</string>
  <string name="pref_font_size_summary">Velikost: %s</string>
  <string name="removePicture">Odebrat obrázek</string>
  <string name="changePicture">Změnit obrázek</string>
  <string name="attachToGroup">Obrázek skupiny</string>
  <string name="use_photo_as_primary">Použít tento obrázek</string>
  <string name="photoPickerNotFoundText">Nástroj pro výběr fotografie nebyl nalezen.</string>
  <string name="SMS">SMS</string>
  <string name="Email">Email</string>
  <string name="_null">""</string>
  <!-- It shows the contact event to the present time. -->
  <string name="days_after">během %d dnů</string>
  <string name="months_after">během %d měsíců</string>
  <string name="days_ago">před %d dny</string>
  <string name="months_ago">před %d měsíci</string>
  <string name="today">dnes</string>
  <string name="show_group_icon">Zobrazit obrázek skupiny</string>
  <string name="show_group_icon_summary">Zobrazovat ikonu každé skupiny</string>
  <string name="using_system_sms_program">Použít výchozí SMS program</string>
  <!-- According to user feedback that I might in the new version, use it again. -->
  <string name="using_system_sms_program_summary">Zakázání softwarovou funkci odesílání SMS</string>
  <string name="recipients_limit">Limit pro počet příjemců</string>
  <string name="recipients_limit_summary">Pokud je počet příjemců vyšší než tato hodnota, pošlete v dávkách automaticky po</string>
  <string name="send">Odeslat</string>
  <string name="confirm_send_message">Pokračovat v odesílání zpráv zbývajícím kontaktům?</string>
  <!-- For example, Tablet PC does not support sending text messages. However, click the SMS icon.
    I will call the SMS program. The system will report an exception. Then display this prompt. -->
  <string name="system_does_not_support">Systém nepodporuje!</string>
  <string name="ungrouped_contacts">Nezařazené kontakty</string>
  <string name="multipleContactsDeleteConfirmation">Vybrané kontakty budou odstraněny.</string>
  <!--pref default view -->
  <string name="pref_title_default_view">Výchozí záložka</string>
  <string name="pref_default_view_summary">Výchozí záložka při spuštění: %s</string>
  <!--pref show auto groups -->
  <string name="pref_title_display_auto_group">Automaticky zobrazit skupiny</string>
  <string name="pref_display_auto_group_summary">Včetně \"Všechny kontakty\", \"Nezařazené kontakty\".</string>
  <string name="label_hide">Skryj</string>
  <string name="hide_group_summary">Nezobrazovat tuto skupinu</string>
  <string name="fast_scroll_alphabet">\u0020ABCDEFGHIJKLMNOPQRSTUVWXYZ</string>
  <string name="fast_scroll_numeric_alphabet">\u00200123456789ABCDEFGHIJKLMNOPQRSTUVWXYZ</string>
  <!-- Because the different SMS programs. When I provide a phone number to the SMS program,
    some require the use of a semicolon to separate the numbers, and some require a comma. Therefore, this option provides. -->
  <string name="sms_compatibility_mode_title">SMS/MMS odesílací režim</string>
  <string name="sms_compatibility_mode_summary">Vyberte tehdy, když váš "SMS program" není běžný příjem z telefonních čísel. Příklad: XT800</string>
  <string name="menu_sort_hide">Seřadit &amp; skrýt</string>
  <string name="menu_sort_alphabetically">Abecedně</string>
  <string name="pref_in_call_widget_title">Widget V hovoru</string>
  <string name="pref_help_title">Nápověda</string>
  <string name="pref_online_help_title">Online nápověda</string>
  <string name="menu_cancel_send_to_voicemail">Neblokovat volání ze zobrazených kontaktů</string>
  <string name="pref_feedback_title">Zpětná vazba prostřednictvím e-mailu</string>
  <string name="pref_about_title">O aplikaci</string>
  <string name="version">Verze</string>
  <string name="pref_name_display_order_summary">Změnit zobrazení jmén. To může ovlivnit rychlost zobrazení.</string>
  <string name="pref_contacts_account_title">Data účtu</string>
  <string name="pref_contacts_account_summary">Zobrazit kontakty z: %s</string>
  <string name="all_account">Všechny účty</string>
  <string name="pref_show_account_name_title">Zobrazit název účtu</string>
  <string name="pref_show_account_name_summary">Zobrazit názvy účtů pod názvy skupin.</string>
  <string name="select_account">Vybrat účet</string>
  <string name="pref_register_code_title">Zadejte registrační kód</string>
  <string name="pref_register_code_summary">Zadejte registrační kód (není požadováno připojení k Internetu), který máte v e-mailu potvrzení vaší platby</string>
  <!-- A setting item, click it to open, buy the software license key dialog box. -->
  <string name="pref_get_register_code_title">Koupit registrovanou verzi</string>
  <string name="pref_get_register_code_summary">Zaregistrujte si prosím naši aplikaci k využití plné funkcionality. Potřebujeme váš příspěvek na podporu udržitelného rozvoje tohoto softwaru.  </string>
  <string name="buying_tips">Máte 2 rovnocené možnosti: registrovat na sériové číslo vašeho zařízení (Paypal nebo kreditní karta) nebo na vašem účtu google(Google Play - instalace verze Pro )</string>
  <string-array name="purchase_channels">
    <item>Google Play</item>
    <item>PayPal nebo kreditní karta</item>
    <item>Doporučit přátelům</item>
  </string-array>
  <string-array name="purchase_channels_summary">
    <item>Zaregistrujte si tento software k vašemu účtu google (koupit a nainstalovat verzi Pro přes Google Play). Po instalaci verze Pro, odinstalujte verzi zdarma.</item>
    <item>Registrujte software na sériové číslo zařízení: %s.    Po zaplacení dostanete potvrzovací e-mail s registračním kódem.    Poté zkontrolujte registraci pomocí klepnutí na [Kontrola registrace online].</item>
    <item>Získejte zdarma registrační kód</item>
  </string-array>
  <string name="menu_delete_all">Odstranit vše</string>
  <!-- Menu title the user can use for trying to resend a message. -->
  <string name="menu_retry_sending">Opakovat odesílání</string>
  <string name="message">Zpráva</string>
  <string name="failed">Neúspěšný</string>
  <string name="queued">Ve frontě</string>
  <string name="outbox">K odeslání</string>
  <string name="sent">Odeslané</string>
  <string name="auto_replace_to_name">Automaticky nahradí "???" za celé jméno kontaktu; "??F" za příjmení; "??G" za křestní jméno; "??N" za přezdívku.</string>
  <string name="example_message">Ahoj, ???</string>
  <string name="sms_preview">Náhled:</string>
  <string name="message_send_state_successfully">Úspěšně odesláno.</string>
  <string name="message_send_state_failed">Odeslání se nezdařilo.</string>
  <string name="message_send_unknown_error">Neznámá chyba. %d zpráva nebyla odeslána.</string>
  <string name="message_send_no_signal">Žádný signál nebo je aktivní režim letadla. %d zpráv nebylo odesláno.</string>
  <string name="message_send_successfully">Všechny zprávy byly úspěšně odeslány.</string>
  <string name="need_the_paid_version">Dostupné pouze v placené verzi</string>
  <!-- As a "contact group"on the phone the main screen to create a shortcut. -->
  <string name="create_shortcut">Přidat zástupce na plochu</string>
  <string name="menu_move_to_group">Přesunout do skupiny</string>
  <string name="pref_tabs_title">Aktivovat &amp; Třídit</string>
  <string name="pref_tabs_summary">Můžete aktivovat a třídit, které záložky by mělo být možné použít</string>
  <!--pref theme -->
  <string name="pref_theme_title">Vzhled</string>
  <!-- Change the software interface look. -->
  <string name="pref_theme_summary">Nastavit základ motivu</string>
  <string name="search">Hledat</string>
  <string name="pref_services_title">Nastavení služeb na pozadí</string>
  <!-- Settings screen, section heading for SMS-specific settings -->
  <string name="pref_sms_settings_title">"Nastavení textových zpráv (SMS)"</string>
  <!-- Settings screen, section heading for EMAIL-specific settings -->
  <string name="pref_email_settings_title">"Nastavení e-mailu"</string>
  <!-- Settings item for boolean option to enable/disable SMS delivery reports -->
  <string name="pref_title_sms_delivery_reports">Oznámení o doručení</string>
  <!-- Settings item description for boolean SMS delivery report setting -->
  <string name="pref_summary_sms_delivery_reports">Vyžádat zprávu o doručení pro každou zprávu.</string>
  <string name="pref_contact_sort_order_title">Seřadit podle</string>
  <string name="pref_contact_sort_order_summary">Změnit řazení kontaktů. To může ovlivnit rychlost zobrazování.</string>
  <!-- CHANGED ORDER -->
  <string name="contact_sort_order_FamilynameAlternate">Příjmení - alternativní</string>
  <string name="contact_sort_order_RecentContacted">Naposledy kontaktován</string>
  <string name="contact_sort_order_LongTimeNotContacted">Dlouho nekontaktován</string>
  <string name="contact_sort_order_CreationTime">Čas vytvoření</string>
  <string name="contact_sort_order_DefaultAlternate">Výchozí - alternativní</string>
  <!-- An automatic group, it shows all the contacts included telephone numbers. -->
  <string name="has_phone_number_contacts">Kontakty s telefonním číslem</string>
  <string name="exit_prompt">Pro ukončení stiskněte znovu Zpět </string>
  <string name="pref_exit_prompt_title">Dotázat se před ukončení</string>
  <string name="pref_exit_prompt_summary">Zobrazit další varování před ukončením</string>
  <string name="pref_language_title">Jazyk</string>
  <string name="load_license_success">Načítání licence ze sítě bylo úspěšné.</string>
  <string name="load_license_failed">Načítání licence ze sítě selhalo!</string>
  <string name="license_check_success">Kontrola licence byla úspěšná.</string>
  <string name="license_check_failed">Kontrola licence selhala!</string>
  <string name="load_license_unregistered">Ještě jste se nezaregistrovali.</string>
  <string name="sending">Odesílání ...</string>
  <string name="error">Chyba</string>
  <string name="clear_data_or_uninstall_app">Vymazat data nebo odinstalovat aplikaci
</string>
  <string name="database_update_error_message">"Omlovuváme se!
Chyba při aktualizaci struktury databáze.
K této chybě došlo z důvodu oprávnění databázového souboru. Problém může být způsobem zálohovacím softwarem.
Zde jsou tři cesty pro vyřešení problému. Prosím zkuste jednu za druhou dokud nebude probém vyřešen.
1. Restartujte telefon;
2. Smažte data apikace ve správě aplikací;
3. Přeinstalujte software."</string>
  <!-- It shows the contact event to the present time. -->
  <string name="one_day_after">Zítra</string>
  <string name="one_month_after">Za 1 měsíc</string>
  <string name="one_day_ago">Včera</string>
  <string name="one_month_ago">Minulý měsíc</string>
  <string name="menu_edit_event">Upravit událost kontaktu</string>
  <string name="menu_add_to_calendar">Přidat událost do kalendáře</string>
  <string name="menu_delete_event">Odstranit událost z kontaktu</string>
  <string name="menu_duplicate_contact">Duplikovat Kontakt</string>
  <string name="mes_sendSmsSystemLimit">Kvůli systémovému limitu, %1$s hodinu můžete posílat pouze %2$s SMS. Automatické opakování za %1$s hodin.</string>
  <string name="sendInBatches">Dávky</string>
  <string name="sendInSingle">Samostatně</string>
  <string name="sendInBatchesMessage">Počet příjemců je vyšší než limit nastavený v nastavení. Vlož zprávu do textového pole a spusť dávkové odesílání nebo odesílání samostatně.</string>
  <string name="pref_title_eventNotification">Nastavení oznamování událostí</string>
  <string name="pref_title_notificationTime">Čas oznámení</string>
  <string name="pref_title_notificationRingtone">Vyzváněcí tón oznámení</string>
  <string name="pref_summary_notificationTime">Nastavte čas upozornění</string>
  <string name="pref_title_notificationBeforeHappen">Oznámení se stalo před</string>
  <string name="pref_summary_notificationBeforeHappen">%s dní před oznámením by se mělo stát</string>
  <string name="pref_title_notification">Oznámení</string>
  <string name="pref_title_reminder">Připomenutí</string>
  <string name="pref_summary_reminder">%s před</string>
  <string name="pref_title_ringtone">Vyzvánění</string>
  <string name="pref_title_alarm">Alarm</string>
  <string name="pref_title_mergeSubgroup">Sloučit podskupiny</string>
  <string name="pref_summary_mergeSubgroup">Zobrazit podskupiny kontaktů v nadřazené skupině.</string>
  <string-array name="pref_entries_notificationTime">
    <item>1 minuta</item>
    <item>5 minut</item>
    <item>10 minut</item>
    <item>15 minut</item>
    <item>20 minut</item>
    <item>25 minut</item>
    <item>30 minut</item>
    <item>45 minut</item>
    <item>1 hodina</item>
    <item>2 hodiny</item>
    <item>3 hodiny</item>
    <item>12 hodin</item>
    <item>24 hodin</item>
    <item>2 dny</item>
    <item>1 týden</item>
  </string-array>
  <!-- Not in phone book contacts. -->
  <string name="unknown_contacts">Neznámé kontakty</string>
  <string name="not_in_phone_book_contacts">Nejsou v telefonním seznamu kontaktů.</string>
  <string name="eventNotification">Oznamování událostí</string>
  <string name="eventNotificationMessage">"%s bude mít brzy narozeniny"</string>
  <!-- When using the "Firstname first" show name, "Firstname" and "Lastname" split between the symbols. Most language is a space. -->
  <string name="givenNameFirstSeparator">" "</string>
  <!-- When using the "Lastname first" show name, "Firstname" and "Lastname" split between the symbols. -->
  <string name="familyNameFirstSeparator">", "</string>
  <string name="vCard">vCard</string>
  <string name="text">Text</string>
  <string name="pref_title_likeTheSoftware">Podpořit náš software</string>
  <string name="pref_title_rating">Hodnocení</string>
  <string name="pref_summary_rating">Pošlete dobré hodnocení na Marketu.</string>
  <string name="pref_title_share">Sdílet</string>
  <string name="pref_summary_share">Doporučte tento software svým přátelům.</string>
  <string name="contact_group">Skupiny</string>
  <!-- Set the time to send text messages in the future. -->
  <string name="regularlySent">Normálně odeslané</string>
  <string name="time">Čas</string>
  <string name="pref_title_EmailProgram">E-mailový program</string>
  <string name="pref_summary_on_EmailProgram">Použít výchozí e-mailový program.</string>
  <string name="pref_summary_off_EmailProgram">Výzva k výběru při odesílání zpráv.</string>
  <string name="toolbox">Ostatní</string>
  <string name="pref_title_SMSSendInterval">Interval odesílání</string>
  <string name="pref_summary_SMSSendInterval">Odeslání textové zprávy každý časový interval (v sekundách).</string>
  <string name="app_dialer_name">DW Dialer</string>
  <string name="menu_sort">Řazení</string>
  <string name="license_check_failed_message">Chyba kontrola licence softwaru. Ujistěte se, že máte nyní přístup na Google Play.</string>
  <string name="menu_unselectAll">Zrušit výběr</string>
  <string name="pref_title_themeCustomize">Nastavení motivu</string>
  <string name="pref_title_backgroundColor">Barva pozadí</string>
  <string name="pref_title_backgroundColorForTitles">Barva pozadí nadpisu</string>
  <string name="pref_title_textColorForTitles">Barva textu nadpisu</string>
  <string name="pref_title_textColorMarked">Barva označeného textu</string>
  <string name="pref_title_hideTheTitle">Skrýt záhlaví</string>
  <string name="pref_title_hideTheStatusbar">Skrýt stavový řádek</string>
  <string name="pref_title_hideTabLabel">Skrýt popis záložky</string>
  <string name="pref_title_autoHideTab">Skrýt lištu záložek</string>
  <string name="pref_summary_autoHideTab">Automaticky, skryje záložky po přepnutí na jinou záložku</string>
  <string name="reset">Obnovit nastavení</string>
  <string name="pref_title_automaticRotation">Automatické otáčení</string>
  <string name="pref_summary_automaticRotation">Automatické otočení obrazovky lze zapnout nebo vypnout</string>
  <string name="menu_editNotes">Úprava poznámek</string>
  <string name="addSelectedContactsToFavorites">Přidat kontakty k oblíbeným položkám</string>
  <string name="removeSelectedContactsFormFavorites">Odstranit z oblíbených kontaktů</string>
  <string name="deleteSelectedContacts">Odstranit kontakty</string>
  <string name="duplicateSelectedContacts">Duplicitní kontakty</string>
  <string name="setGroupForSelectedContacts">Nastavit skupinu kontaktům</string>
  <string name="forSelectedContacts">Pro vybrané kontakty</string>
  <string name="searchAnything">Hledat cokoliv</string>
  <string name="quickDialManager">Správa rychlého vytáčení</string>
  <string name="menu_shareNumber">Sdílet číslo</string>
  <string name="menu_setGroupForContact">Nastavit skupinu kontaktu</string>
  <string name="pref_title_tabSettings">Nastavení záložek</string>
  <string name="sendSMStoShownContacts">Poslat SMS/MMS zobraz. kontaktům</string>
  <string name="sendEmailtoShownContacts">Poslat e-mail zobraz. kontaktům</string>
  <string name="setRingtoneForShownContacts">Vyzvánění zobrazených kontaktů</string>
  <string name="pref_title_enableEventNotification">Povolit oznamování událostí</string>
  <string name="forSelectedGroups">Pro vybrané skupiny</string>
  <string name="menu_send_group_message">Poslat SMS/MMS skupině</string>
  <string name="menu_delete_group">Odstranit skupinu</string>
  <string name="menu_deleteGroups">Odstranit skupiny</string>
  <!-- 	<string name="forSelectedOrgs">For selected companies</string> -->
  <!-- 	<string name="menu_editOrg">Edit company</string> -->
  <!-- 	<string name="forSelectedTitles">For selected titles</string> -->
  <!-- 	<string name="menu_editTitle">Edit title</string> -->
  <string name="menu_editContactFromEvent">Upravit kontakt z události</string>
  <string name="menu_focus2Today">Zaměřit se na dnešek</string>
  <string name="generalDeleteConfirmation">Jste si jisti, že chcete odstranit?</string>
  <string name="addContactTo">Přidat kontakt do %s</string>
  <string name="removeContactFrom">Odstranit kontakt z %s</string>
  <string name="pref_title_showTabAtTop">Zobrazovat lištu záložek, nahoře</string>
  <!-- Within the group "contact list" label -->
  <string name="labelWithinGroupContactsList">Kontakty</string>
  <string name="multipleChoicePrompt">Vícenásobný výběr je omezen v bezplatné verzi na %d položek pro jednu akci. Pokud potřebujete poslat vzkaz skupině, použijte menu v seznamu skupin.</string>
  <string name="pref_title_dialerPadTone">Tón při stisknutí klávesnice telefonu</string>
  <string name="recentChanges">Poslední změny</string>
  <string name="more">Více</string>
  <string name="selectAll">Vybrat vše</string>
  <string name="pref_title_alwaysToDefTab">Vždy začínat s výchozí záložkou</string>
  <string name="pref_summary_alwaysToDefTab">Tlačítko vytáčení při startu stále otvírá defaultní záložku.</string>
  <string name="pref_title_showMostContactedBelowFavorites">Zobrazit nejvíce kontaktované mezi oblíbenými</string>
  <string name="pref_title_showEventsFromToday">Zobrazit události od dnešního dne</string>
  <string name="pref_title_YPositionOfInfoWindow">Pozice Y informačního okna</string>
  <string name="pref_summary_YPositionOfInfoWindow">Pozice informačního okna nahoru/dolů. Pozici lze také přesunout přímo při příchozím hovoru.</string>
  <string name="pref_title_backupRestore">Záloha &amp; obnova</string>
  <string name="pref_title_backupAllSettings">Zálohování všech nastavení</string>
  <string name="pref_title_restoreAllSettings">Obnovení všech nastavení</string>
  <string name="pref_title_restoreDefaultSettings">Obnovit výchozí nastavení</string>
  <string name="pref_title_showMyContactsInUngrouped">Ignorovat systémovou skupinu \"My Contacts\"</string>
  <string name="pref_title_startDialerWithoutDialerPad">Spustit vytáčení bez klávesnice telefonu</string>
  <string name="pref_summary_showMyContactsInUngrouped">Zobrazit kontakty (které jsou pouze v systémové skupině \"My Contacts\") pod \"Ungrouped contacts\".</string>
  <string name="toast_allSettingsToDefault">Všechna nastavení byla obnovena na výchozí.</string>
  <string name="toast_settingsBackedSuccessfully">Nastavení byly zálohovány na %s</string>
  <string name="toast_settingsBackedFailed">Zálohování se nezdařilo. Ujistěte se, že jste nastavili platnou cestu pro zálohování.</string>
  <string name="toast_settingsRestorSuccessfully">Nastavení bylo úspěšně obnoveno z %s.</string>
  <string name="toast_settingsRestorFailed">Obnovení selhalo. Ujistěte se, že jste nastavili správnou cestu, kde jsou uložena nastavení.</string>
  <string name="menu_newOrg">Nová organizace</string>
  <string name="menu_newTitle">Nový titul</string>
  <string name="enterAName">Zadejte jméno</string>
  <string name="pref_title_t9Search">Nastavení hledání T9</string>
  <string name="pref_summary_t9Search">Jedná se o rozšířené možnosti, které se vztahují k záložce "telefon" a způsobu práce T9-vyhledávání</string>
  <string name="pref_title_matchingAnywhere">Porovnej slova kdekoliv</string>
  <string name="pref_summary_matchingAnywhere">\"WTT\" odpovídá \"dW konTakTy\"</string>
  <string name="pref_title_matchingPart">Porovnej přesnou část slovní fráze</string>
  <string name="pref_summary_matchingPart">\"NTA\" odpovídá \"dw coNTActs\"</string>
  <string name="pref_title_matchingFirstLetter">Porovnej první písmeno</string>
  <string name="pref_summary_matchingFirstLetter">\"DCO\" odpovídá \"Dw COntacts\"</string>
  <string name="pref_title_sortByDegreeOfMatch">Seřazeno podle stupně shody</string>
  <string name="menu_copyToClipboard">Kopírovat do schránky</string>
  <string name="menu_createEvent">Vytvořit událost</string>
  <string name="useLimitFeaturePrompt">Tuto funkci lze použít pouze %d krát v bezplatné verzi.</string>
  <string name="pref_title_appointmentSettings">Nastavení událostí</string>
  <string name="pref_title_defaultAppointmentText">Výchozí text události</string>
  <string name="pref_summary_defaultAppointmentText">Přidejte text, který bude vložen před přidáním jména + čísla</string>
  <string name="pref_default_defaultAppointmentText">"Volat "</string>
  <string name="titlesList">Tituly</string>
  <string name="eventsList">Výročí</string>
  <string name="pref_title_showInContactList">Položky k zobrazení</string>
  <string-array name="pref_entries_showInContactList">
    <item>Čísla</item>
    <item>Organizace</item>
    <item>Titulek</item>
    <item>Skupiny</item>
    <item>Ikona účtu</item>
    <item>Obrázky kontaktů</item>
    <item>Tlačítko E-mail</item>
    <item>SMS tlačítko</item>
    <item>Tlačítko vytáčení</item>
    <item>Poznámky</item>
  </string-array>
  <string name="pref_title_showNotesLines">Omezit poznámky na x řádek</string>
  <string name="tips_clickToSeeAllText">Po klepnutí na položku seznamu, můžete vidět, celý text</string>
  <string name="pref_title_colorForGroups">Barva pozadí - skupiny</string>
  <string name="pref_title_colorForOrganization">Barva pozadí - organizace</string>
  <string name="pref_title_colorForTitle">Barva pozadí - titulky</string>
  <string name="pref_title_fontSize2">Velikost písma (2. řádek)</string>
  <string name="pref_title_fontSize3">Velikost písma (3. řádek)</string>
  <string name="pref_title_useNumberSearch">Použít číslo ve vyhledávání</string>
  <string name="pref_summary_useNumberSearch">Pokud je aktivní, bude také hledat čísla</string>
  <string name="noEmailAddress">Žádná E-mailová adresa</string>
  <string name="pref_title_showCallLogOnPhone">Zobrazit záznamy volání v telefonu</string>
  <string name="listTotalCallHistory">Zobrazení %1$d volání / délka %2$s</string>
  <string name="pref_title_showContactsOnPhoneStart">Zobrazit kontakty při startu</string>
  <string name="pref_summary_showContactsOnPhoneStart">Pokud je povoleno, jsou všechny kontakty také zobrazeny v seznamu</string>
  <string name="listTotalCallLog">Zobrazení %d rozdílných čísel</string>
  <string name="upcoming">Příchozí</string>
  <string name="pref_title_phoneSettings">Nastavení telefonu</string>
  <string name="pref_title_mergeCallLog">Sloučit záznamy o volání</string>
  <string name="pref_title_showCounterOnMergedCallLog">Zobrazit počítadlo na sloučených položkách seznamu volání</string>
  <string name="pref_summary_showCounterOnMergedCallLog">Je-li aktivován, zobrazí na pravé straně jména kontaktu počítadlo, kolik hovorů je sloučeno</string>
  <string name="pref_title_groupCallLogByDate">Zobrazit seznam volání seskupen podle datumu</string>
  <string name="pref_summary_groupCallLogByDate">Je-li aktivováno, bude seskupovat seznam volání podle data</string>
  <string name="pref_title_limitCallLogOnXDays">Limit pro seznam volání %s dní</string>
  <string name="pref_summary_limitCallLogOnXDays">Limit pro seznam volání %s dní (0 = zobrazit vše)</string>
  <string name="pref_message_0toShowAllDays">0 zobrazit všechny dny</string>
  <string name="pref_message_0toShowAllItems">0 zobrazit všechny položky</string>
  <string name="pref_title_useOrgSearch">V hledání používat organizace</string>
  <string name="pref_title_matchingSkipWord">Umožňuje přeskočit slovo</string>
  <string name="pref_summary_matchingSkipWord">\"DTE\" odpovídá \"Dw kontakty &amp; TElefonní\"</string>
  <string name="pref_title_matchingSkipSpace">Umožní přeskočit mezeru</string>
  <string name="pref_summary_matchingSkipSpace">\"TSPH\" je shodné s \"dw contacTS &amp; PHone\"</string>
  <string name="pref_title_globalSettings">Globální nastavení</string>
  <string name="pref_title_registrationStates">Stav: %s</string>
  <string name="pref_summary_registrationStates">Tato verze je %1$s pro zařízení - sériové číslo : %2$s</string>
  <string name="registered">Registrován</string>
  <string name="unregistered">Neregistrovaný</string>
  <string name="pref_title_onlineRegistrationCheck">Kontrola registrace online </string>
  <string name="pref_summary_onlineRegistrationCheck">Bude kontrolovat, jestliže vaše zařízení není zaregistrováno (je vyžadováno připojení na Internet).</string>
  <string name="pref_title_registration">Registrace</string>
  <string name="pref_summary_registration">Odemknout rozšířené funkce, odstranění reklamy</string>
  <string name="pref_summary_showContactsWithPhoneNumber">Je-li zakázáno, bude používat systém [Filtrování zobrazení kontaktu], které lze upravit v [Globální nastavení]</string>
  <string name="pref_title_historyViewSettings">Nastavení zobrazení historie</string>
  <string-array name="pref_entries_dialerPadTone">
    <item>DTMF tón</item>
    <item>Tón kliknutí</item>
    <item>VYPNUTO</item>
  </string-array>
  <string name="pref_title_limitNumberTitleToXChar">Délka titulku telefonního čísla</string>
  <string name="pref_summary_limitNumberTitleToXChar">Nastavením na 0 zobrazí plnou délku názvu telefonního čísla</string>
  <string name="pref_title_supportForum">Fórum podpory</string>
  <string name="pref_title_textColor">Barva textu</string>
  <string name="historyList">Historie</string>
  <string name="startProVerPrompt">Pro verze je detekována. Má se nyní spustit?</string>
  <string name="pref_title_selectedBackgroundColor">Barva pozadí stisknuté klávesy </string>
  <string name="pref_title_dialpadThemeSettings">Nastavení číselníku telefonu</string>
  <string name="pref_title_globalThemeSettings">Nastavení globálního motivu</string>
  <string name="pref_title_showAlwaysAddIcon">Vždy zobrazit ikonu *přidání*</string>
  <string name="pref_summary_showAlwaysAddIcon">Pokud je povoleno, bude zobrazovat v seznamu na prvním řádku ikonu "+", kterou si můžete přidat kontakt</string>
  <string name="pref_title_eventGreetingText">Text pozdravu události</string>
  <string name="pref_default_eventGreetingText">Ahoj ???, Přeji vám vše nejlepší k vašim ??A\tinám ??E</string>
  <string name="pref_title_eventGreetingSubject">Předmět pozdravu události</string>
  <string name="pref_summary_eventGreetingSubject">Používá se pouze v případě odesílání e-mailem</string>
  <string name="pref_message_eventGreetingText">Můžete také použít proměnnou "???" celé jméno kontaktu; "??F" příjmení; "??G" křestní jméno;                "??N" nick; "??A" věk; "??E" pro typ události</string>
  <string name="pref_default_eventGreetingSubject">Pozdravy k vašim ??A ??E</string>
  <string name="menu_sendGreetingSMSToContact">Odeslání události SMS/MMS na kontakt</string>
  <string name="menu_sendGreetingEmailToContact">Odeslání události e-mail na kontakt</string>
  <string name="pref_title_storeSendSMSToSystemDB">Ukládat odeslané SMS/MMS do databáze</string>
  <string name="pref_summary_storeSendSMSToSystemDB">Je-li aktivován, budou poslané SMS/MMS uloženy do databáze systému.</string>
  <!-- 	<string name="pref_title_backgroundImage">Background image</string> -->
  <!-- 	<string name="pref_summary_backgroundImageEn">If you use background image, the background color can be used simultaneously as color filter</string> -->
  <string name="pref_title_textColorSecond">Barva textu 2. + 3. řádek</string>
  <string name="pref_title_textColorLabel">Barva textu pro označený 3. řádek</string>
  <string name="pref_summary_textColorLabel">Toto je pro barvu textu označených skupin, organizací a titulů</string>
  <string name="pref_title_backgroundListSectionColor">Barva pozadí seznamu sekce</string>
  <string name="pref_title_textListSectionColor">Barva textu seznamu sekce</string>
  <string name="pref_title_showAlphabetListSection">Zobrazit abecedu seznamu sekcí</string>
  <string name="pref_title_fontSizeforDigits">Velikost písma pro číslice</string>
  <string name="pref_title_fontSizeforLetters">Velikost písma pro znaky</string>
  <string name="pref_title_dialpadIconsArrangement">Uspořádání ikon vytáčení</string>
  <string-array name="pref_entries_dialpadIconsArrangement">
    <item>Vytočit/Vložit/Odstranit</item>
    <item>Odstranit/Vložit/Vytočit</item>
    <item>Vložit/Odstranit/Vytočit</item>
  </string-array>
  <!-- 	quick jump to alphabetic listcreate new contact -->
  <string name="menu_quickJump">Rychlý skok</string>
  <string-array name="pref_entries_hideTab">
    <item>Zapnout</item>
    <item>Vypnout</item>
    <item>Automaticky</item>
  </string-array>
  <string name="pref_title_backgroundColorQuickJump">Rychlý-skok barva pozadí</string>
  <string name="pref_title_textColorQuickJump">Rychlý-skok barva textu</string>
  <string name="pref_title_disableSlideSwitchingTabs">Zakázat přepínání záložek tažením</string>
  <string name="pref_title_showNumberKeyboardOnDialpad">Zobrazit číselnou klávesnici na číselníku</string>
  <string name="pref_summary_showNumberKeyboardOnDialpad">Je-li zakázáno, zobrazí pouze vstupní pole, ikonu vytáčení a mazání (užitečné, pokud chcete vždy volat přes hardwarové klávesy")</string>
  <string name="pref_title_dialpadToFullWidth">Číselník na celou šířku obrazovky</string>
  <string name="pref_summary_dialpadToFullWidth">Je-li aktivován, v režimu na šířku zobrazí číselník na celou šířku obrazovky (jinak je na pravé straně)</string>
  <string name="pref_title_smsSignature">SMS/MMS podpis</string>
  <string name="pref_summary_smsSignature">Podpis, bude přidán vždy na konci SMS/MMS</string>
  <string name="currentOrderNotSupportFastJump">Aktuální setřídění nepodporuje rychlý skok.</string>
  <!-- 2.0.7 -->
  <string name="pref_title_languageForT9">Jazyk pro T9-hledání</string>
  <string name="pref_summary_languageForT9">Můžete přidat další jazyky, které by měly být použity pro T9-hledání</string>
  <string name="pref_title_quickJumpAlignment">Zarovnání rychlého skoku</string>
  <string-array name="pref_entries_quickJumpAlignment">
    <item>Nahoru</item>
    <item>Na střed</item>
    <item>Dole</item>
  </string-array>
  <string name="menu_gridView">Zobrazení mřížky</string>
  <string name="menu_listView">Zobrazení seznamu</string>
  <string name="pref_title_gridViewSettings">Nastavení zobrazení mřížky</string>
  <string name="pref_title_gridViewSize">Velikost mřížky</string>
  <string name="pref_title_lockGridSize">Zamknout velikost mřížky</string>
  <string name="pref_summary_lockGridSize">Při zamčení je možno znovu použít rychlý skok pomocí 2 prstového posuvníku</string>
  <string name="pref_title_phoneDialpadHeight">Výška číselníku telefonu</string>
  <string name="pref_title_moreSettings">Nastavení zobrazení detailu</string>
  <string name="pref_summary_moreSettings">Podrobnější nastavení pro každé zobrazení karty</string>
  <string name="pref_title_displayNameBelowThePicture">Zobrazit jméno pod obrázkem</string>
  <string name="menu_exportContactPicture">Exportovat obrázek kontaktu</string>
  <string name="toast_saveFailed">Uložení se nezdařilo!</string>
  <string name="toast_saveSuccessfully">Úspěšně uloženo do: %s</string>
  <string name="callConfirm">Potvrzení volání</string>
  <string name="pref_summary_callConfirm">Při povolení, zobrazí před vytáčením vyskakovací okno pro potvrzení požadavku</string>
  <string name="pref_title_automaticConfirmationDelay">Automatické potvrzení zpoždění</string>
  <!-- It is an option to set a time for the control [Dialing confirmation] dialog.
     At the end of the counter automatically close [Dialing confirmation] dialog. -->
  <string name="pref_title_automaticCancelDelay">Zpoždění automatického zrušení</string>
  <string name="pref_summary_automaticConfirmationDelay">Pro zastavení časovače se můžete dotknout kdekoli na obrazovce</string>
  <string name="pref_title_picturePositionOnRight">Umístění obrázku vpravo</string>
  <string name="updateCheck">Kontrola aktualizací</string>
  <string name="noUpdates">Žádné aktualizace nejsou k dispozici</string>
  <string name="download">Stáhnout</string>
  <string name="pref_title_globalIconSize">Globální velikost ikony</string>
  <string name="pref_summary_globalIconSize">Tato velikost určuje šířku všech ikon: volání v číselníku telefonu, klávesa zpět v číselníku telefonu, volání, sms, email, obrázek</string>
  <string name="pref_title_backKeyHideDailpad">Klávesa zpět skrývá číselník</string>
  <string name="pref_summary_backKeyHideDailpad">Je-li zakázáno, prvním klepnutím na hardwarové tlačítko "zpět" ukončíte aplikaci. Jinak před ukončením skryje číselník</string>
  <string name="pref_title_hapticFeedbackVibration">Hmatová zpětná vazba vibrací</string>
  <string name="pref_title_hapticFeedbackStrength">Síla hmatové odezvy</string>
  <string name="pref_title_limitCallLogOnXitems">Limit záznamů volání na max %s položek</string>
  <string name="pref_summary_limitCallLogOnXitems">Omezit záznamy o volání na max %s položek (0 = neomezeně)</string>
  <string name="pref_title_dividerLineColor">Barva dělicí čáry</string>
  <string name="menu_quickDial">Rychlé vytáčení</string>
  <string name="buying_tips_in_free">Verzi pro lze zakoupit na "Google Play". Pokud žijete v oblasti,kde nelze použít "Google Play" pro nákup aplikací. Můžete si stáhnout verzi REG a pak jí zaregistrovat. Obě verze mají stejnou funkcionalitu.</string>
  <string name="buying_channel_registration">Stáhnout verzi REG</string>
  <string name="buying_channel_registration_summary">"Po kliknutí na odkaz, bude stažena aplikace. Kliknutím na tento soubor můžete aplikaci nainstalovat. Po zahájení instalace postupujte podle pokynů pro registraci." </string>
  <string name="pref_title_buyAdvancedVersion">Koupit rozšířenou verzi</string>
  <string name="freeVersionFound">Ve vašem systému byla nalezena BEZPLATNÁ verze.</string>
  <string name="uninstallFreeVersionPrompt">Doporučujeme odinstalovat verzi zdarma a používat  registrovanou verzi. Před odinstalováním služby, je třeba zálohovat data v bezplatné verzi. Poté obnovit v Pro verzi.
Má se nyní odinstalovat bezplatná verze?</string>
  <string name="pref_title_copySerialNum">Kopírovat sériové číslo zařízení do schránky</string>
  <string name="askToCheckRegistrationCode">"Registrační klíč není platný nebo není zaregistrován. Chcete nyní zkontrolovat registrační kód?"</string>
  <string name="deleteContactConfirmation">Kontakt %s bude odstraněn.</string>
  <string name="enable">Povolit</string>
  <string name="allIncomingCalls">Všechny příchozí hovory</string>
  <string name="anonymousIncomingCalls">Anonymní příchozí hovory</string>
  <string name="anonymousIncomingCallsSummary">Když hovory nezašlou telefonní číslo</string>
  <string name="automaticGroups">Automatické skupiny</string>
  <string name="pref_title_dialPrefix">Předpona vytáčení</string>
  <string name="pref_summary_dialPrefix">Pokud je předpona uvedena, bude zobrazena jako možnost volání v menu při dlouhém stisku</string>
  <string name="pref_title_dialSuffix">Přípona vytáčení</string>
  <string name="pref_summary_dialSuffix">Pokud je přípona uvedena, bude zobrazena jako možnost volání v menu při dlouhém stisku</string>
  <string name="pref_title_quickDialLimit">Limit rychlého vytáčení</string>
  <string name="pref_title_languageForT9Keyboard">Jazyk pro T9-klávesnici</string>
  <string name="pref_summary_languageForT9Keyboard">Vyberte jazyk, který chcete zobrazit v režimu T9 číselné klávesnice.</string>
  <string name="callFilterAction">Akce</string>
  <string-array name="callFilterActions">
    <item>Zachytit</item>
    <item>Umožňuje</item>
    <item>Ticho</item>
  </string-array>
  <string name="callFilterActionIntercept">Zachytit</string>
  <string name="callFilterActionInterceptAndNotify">Zachytit a upozornit</string>
  <string name="callFilterActionAllows">Umožňuje</string>
  <string name="callFilterActionSilence">Ticho</string>
  <string name="callFilterType">Typ filtru</string>
  <string-array name="callFilterTypes">
    <item>Filtr skupiny</item>
    <item>Filtr čísel</item>
    <item>Nedávno kontaktované telefonní číslo</item>
  </string-array>
  <string-array name="callFilterTypesHint">
    <item>Zvolte skupiny pro filtr</item>
    <item>Vložte číslo pro filtr</item>
    <item>Vyberte platnou dobu trvání</item>
  </string-array>
  <string name="ruleEditor">Editor pravidel</string>
  <string name="label">Popisek</string>
  <string name="numberFilterExplain">* = libovolný řetězec,? = libovolný znak</string>
  <string name="effectiveTimeOfTheRule">"Aktivita od %1$s do %2$s"</string>
  <string name="menu_viewRelatedContacts">Zobrazit související kontakty</string>
  <string name="title_selectNumbers">Prosím, vyberte čísla</string>
  <string name="title_selectEmailAddresses">Prosím, vyberte e-mailové adresy</string>
  <string name="pref_title_lockView">Změny v zobrazení zamčených položek</string>
  <string name="pref_summary_lockView">Změnit položky posunem 2 prstů v zobrazení zamčených položek</string>
  <string name="selectedNumberOfContacts">Vybráno %d kontaktů</string>
  <string name="selectedNumberOfEmailAddresses">Vybráno %d adres, klepněte pro kopírování do schránky.</string>
  <string name="selectedNumberOfPhoneNumbers">Vybráno %d telefonních čísel</string>
  <!-- 2.1.1 -->
  <string name="pref_title_nameFieldToShow">Části jména k zobrazení</string>
  <string name="pref_summary_nameFieldToShow">Účinné pouze při nastavení \"Zobrazit konakt jako\" jiném než výchozí.</string>
  <string-array name="pref_entries_nameField">
    <item>Křestní jméno</item>
    <item>Příjmení</item>
    <item>Druhé křestní jméno</item>
    <item>Titul před jménem</item>
    <item>Titul za jménem</item>
    <item>Fonetika jména</item>
    <item>Fonetika příjmení</item>
    <item>Fonetika druhého jména</item>
  </string-array>
  <string name="pref_title_showMatchFirstLetterResultsFirst">Zobrazit výsledky \"Shoda prvního písmena\" jako první</string>
  <string name="pref_title_clickTheActions">Akce kliknutí na položku seznamu</string>
  <string name="pref_summary_clickTheActions">Akce po kliknutí na položku seznamu.</string>
  <string name="pref_summary_clickListIconActions">Akce po klepnutí na ikonu kontaktů v seznamu.</string>
  <string name="action_viewItemAuto">Zobrazit položku (kontakt nebo historii)</string>
  <string name="action_viewContactDetails">Zobrazit detaily kontaktu</string>
  <string name="action_selectNumberToCall">Vyberte volané číslo</string>
  <string name="action_viewContactHistory">Zobrazit historii kontaktu</string>
  <string name="action_viewQuickContactBadge">Zobrazit symbol rychlého kontaktu</string>
  <string name="action_callCurrentNumber">Volat aktuální číslo</string>
  <string name="action_callDefaultNumber">Volat výchozí číslo</string>
  <string name="action_callUsingSIP">Volat pomocí SIP</string>
  <string name="action_sendMessageToCurrentNumber">Poslat SMS/MMS na aktuální číslo</string>
  <string name="action_sendMessageToDefaultNumber">Poslat SMS/MMS na výchozí číslo</string>
  <string name="pref_title_clickIconActions">Akce kliknutí na ikonu</string>
  <string name="pref_summary_clickIconActions">Akce po kliknutí na ikonu kontaktu v zobrazení tabulky.</string>
  <string name="pref_title_lockWindowPosition">Uzamknout polohu okna</string>
  <string name="pref_summary_lockWindowPosition">Pokud nechcete přesouvat přetažením.</string>
  <string name="pref_title_showCallerLocation">Zobrazit polohu volajícího</string>
  <string name="downloadPluginPrompt">Je třeba instalovat moduly(plug-ins). Stáhnout nyní?</string>
  <string name="Default">Výchozí</string>
  <string name="pref_title_searchCallLog">Hledat v záznamech hovorů</string>
  <string name="pref_summary_searchCallLog">Je nutné otevřít \"Zobrazit záznamy volání v telefonu\"</string>
  <string name="menu_shareContacts">Sdílení kontaktů</string>
  <string name="font_size">Velikost písma</string>
  <string name="show_call_log_filter">Zobrazit filtr záznamů volání</string>
  <string name="hide_call_log_filter">Skrýt filtr záznamů volání</string>
  <string name="prompt_in_sms_tab">Zobraz SMS zaslané skupině prostřednictvím DW Contacts.</string>
  <string name="pref_title_exitWhenCallEnds">Ukončit po skončení hovoru</string>
  <string name="pref_title_residesInMemory">Zůstává v paměti</string>
  <string name="pref_summary_residesInMemory">Současně otevřené "Povolit služby na pozadí" , může být uchováváno v paměti delší dobu.</string>
  <!-- Header that expands to list all of the types of settings -->
  <string name="optionsLabelsGroup">Možnosti</string>
  <string name="pref_summary_textColorForSecondT9Languare">Barva druhého jazyka T9</string>
  <string name="pref_title_enableDualcardSuppout">Povolit podporu 2 SIM</string>
  <!-- 联系人详细信息 -->
  <string name="detailsList">Podrobnosti</string>
  <string name="pref_title_minimumHeightOfListItem">﻿Minimální výška položky seznamu</string>
  <string name="loading">﻿Načítání...</string>
  <string name="pref_title_displayWhenDialing">﻿Zobrazit při vytáčení</string>
  <string name="pref_title_usingMoreDetailedListSection">Skrze více detailní seznam</string>
  <string name="pref_summary_usingMoreDetailedListSection">Toto bude použito pro rychlý skok</string>
  <string name="desktop_widget_limit_messages">V bezplatné verzi lze vytvořit pouze prvek pracovní plochy.</string>
  <string name="label_customField">Vlastní pole</string>
  <string name="menu_otherContactViewer">Jiný prohlížeč kontaktů</string>
  <string name="pref_title_hideStatistics">Skrýt statistiky</string>
  <string name="pref_title_backupTheme">Zálohování vzhledu</string>
  <string name="pref_title_restoreTheme">Obnovení vzhledu</string>
  <string name="appwidget_titleText">Název</string>
  <string name="appwidget_summary_selectGroup">Vyberte prosím skupiny k zobrazení.</string>
  <string name="iconSize">Velikost ikon</string>
  <string name="widgetConfiguration">Nastavení widgetu</string>
  <string name="pref_title_iconNumberOfColumns">Počet sloupců ikon</string>
  <string name="pref_summary_iconNumberOfColumns">0 pro automatické přizpůsobení</string>
  <string name="tips_contactAppWidget">Kliknutím na nadpis widgetu můžete otevřít nastavení</string>
  <string name="pref_title_nameLines">Řádky názvu</string>
  <string name="pref_summary_nameLines">0 skryje jméno</string>
  <string name="menu_deleteTheShownCallLog">Odstranit zobrazený výpis volání</string>
  <string-array name="pref_entries_contactListSearchOptions">
    <item>Hledat ve všech polích</item>
    <item>Proledat všechny kontakty</item>
    <item>Vyhledávání v globálním seznamu adres</item>
  </string-array>
  <string name="pref_title_defaultContactIcon">Výchozí ikona kontaktů</string>
  <string name="pref_title_defaultGroupIcon">Výchozí ikona skupiny</string>
  <string name="prompt_restoreDefaultSettings">Je doporučeno provést nejprve zálohu. Chcete nyní obnovit všechna nastavení na výchozí ?</string>
  <string name="pref_title_interceptCallsEvenDuringCall">Přerušit hovor i během telefonování</string>
  <string name="pref_summary_interceptCallsEvenDuringCall">Toto může vést k ukončení probíhajícího hovoru.</string>
  <string name="pref_title_displayPromptWhenCallBlocked">Při blokovaném volání zobrazí dotaz.</string>
  <!-- Call Statistics -->
  <string name="call_statistics">Statistiky volání</string>
  <string name="freeNumbersManager">Správce volných čísel</string>
  <string name="tab_call_statistics">Statistiky</string>
  <string name="call_type_incoming">Příchozí</string>
  <string name="call_type_outgoing">Odchozí</string>
  <string name="call_type_missed">Zmeškané</string>
  <string name="call_type_blocked">Blokováno</string>
  <string name="call_type_all">Všechny</string>
  <string name="call_duration">Doba trvání</string>
  <string name="call_duration_minute">Cena.Min</string>
  <string name="call_count">Počet</string>
  <string name="call_statistics_time_billingCycle">Účtovací cyklus</string>
  <string name="call_statistics_time_thisMonth">Tento měsíc</string>
  <string name="call_statistics_time_thisWeek">Tento týden</string>
  <string name="call_statistics_time_all">Všechny časy</string>
  <string name="pref_title_startDayOfBillingCycle">Počáteční den účtovacího cyklu</string>
  <string name="pref_title_missedCallsTextColor">Barva textu zmeškaných hovorů</string>
  <string name="pref_summary_unansweredOutgoingCallsTextColor">Nezodpovězené odchozí hovory</string>
  <string name="pref_title_freeMonthlyTalkTime">Čas hovorů zdarma za měsíc</string>
  <string name="pref_title_freeIncomingCalls">Příchozí hovory zdarma</string>
  <string name="pref_title_costWarning">Cena-varování</string>
  <string name="pref_summary_costWarning">Při skončení hovorů zdarma, zobrazí připomenutí</string>
  <string name="prompt_freeTalkTimeIsOver">Konec hovorů zdarma.</string>
  <string name="prompt_remainingFreeTalkTimer">Zbývající doba hovoru zdarma: %1$d minut; denně: %2$d min.</string>
  <string name="pref_title_showGroupSContactsCount">Zobrazit počet kontaktů ve skupině</string>
  <string name="pref_summary_showGroupSContactsCount">Otevření bude mít vliv na rychlost načítání kontaktu.</string>
  <string name="pref_title_contactPictureZoomMode">Režim zvětšení obrázku kontaktu</string>
  <string-array name="pref_entries_contactPictureZoomMode">
    <item>Na střed</item>
    <item>Na střed s oříznutím</item>
    <item>Přizpůsobit</item>
    <item>Na střed</item>
    <item>Vyplnit</item>
  </string-array>
  <string name="get_online_help">Získat nápovědu Online</string>
  <string name="error_report">Chybová zpráva</string>
  <string name="hasNoPhoneNumberContacts">Nemá žádné telefonní kontakty</string>
  <string name="pref_title_minimumBillableTime">Minimální účtovaný čas</string>
  <string name="pref_summary_minimumBillableTime">Aktuální nastavení je %s sekund. Je-li délka hovoru 01:15. Nastavení je 30 sekund, zpoplatněný čas bude 01:30; nastavení je 60 sekund, zpoplatněný čas bude 02:00.</string>
  <string name="menu_showSidebar">Zobrazit postranní panel</string>
  <string name="menu_hidesidebar">Skrýt postranní panel</string>
  <string name="SIMCard1">SIM karta 1</string>
  <string name="SIMCard2">SIM karta 2</string>
  <string name="sim_card_office">Kancelář</string>
  <string name="sim_card_home">Domů</string>
  <string name="sim_card_call">Volání</string>
  <string name="sim_card_internet">Internet</string>
  <string name="sim_card_heart">Srdce</string>
  <string name="lable_sim_card_name">Jméno:</string>
  <string name="lable_sim_card_icon">Ikona:</string>
  <string name="defaultSIMcard">Výchozí SIM karta</string>
  <string name="prompt_inFirstUseDialer">Provedení nouzového volání závisí na software, který je poskytovaný systémem. Přesvědčte se prosím, že funguje.</string>
  <string name="pref_title_enableBackgroundDataLoading">Povolit načítání dat na pozadí</string>
  <string name="pref_summary_enableBackgroundDataLoading">Povolte pro zvýšení rychlosti odpovědí software.
Vemte prosím na vědomí, že tato volba zvýší spotřebu baterie, protože je databáze kontaktů častěji aktualizována.</string>
  <string name="pref_title_scaleToFitTheScreen">Měřítko, aby se vešly na obrazovku</string>
  <string name="pref_summary_scaleToFitTheScreen">Automaticky přizpůsobit velikost mřížky na celou obrazovku</string>
  <string name="pref_summary_whenPortraitMode">Režim na výšku</string>
  <string name="pref_summary_whenTheSidebarIsOpen">Postraního panel v režimu na výšku</string>
  <string name="pref_summary_whenInLandscapeMode">Režim na šířku</string>
  <string name="pref_summary_whenInLandscapeModeAndTheSidebarIsOpen">Postraního panel v režimu na šířku</string>
  <string name="pref_title_usingMoreDetailedFastScroller">Použití podrobnějšího rychlého posuvníku</string>
  <string name="pref_title_contactFields">Pole kontaktu</string>
  <string name="pref_summary_informationNeedSendToCalendar">Vyberte informace, které musí být zaslány do kalendáře</string>
  <string-array name="pref_entriesNeedSendToCalendar">
    <item>Organizace</item>
    <item>Adresa</item>
    <item>Telefon</item>
    <item>E-mail</item>
    <item>Poznámky</item>
  </string-array>
  <string name="menu_addConsecutiveNumbers">Přidat pořadová čísla</string>
  <string name="startingNumber">Počáteční číslo</string>
  <string name="endingNumber">Koncové číslo</string>
  <string name="prompt_ALotOfNumbersToAddToContact">%d nových čísel bude přidáno do kontaktu. Bude to nějaký čas trvat.</string>
  <string name="prompt_numberParsingErrorInaddConsecutiveNumbers">Chyba analýzy čísla! Prosím nezadávejte formátované číslo.</string>
  <string name="prompt_needToAddNumbersTooMuch">Toto povede k přidání %d čísel ke kontaktu. Přidání příliš mnoho čísel způsobí zpomalení telefonu.</string>
  <string name="prompt_addConsecutiveNumbers_accountDoesNotSupport">Účet kontaktu nepodporuje přidání tolika telefonních čísel.</string>
  <string name="pref_title_usingHDContactPicture">Používání HD obrázku kontaktu</string>
  <string name="pref_title_linksInNotes">Odkazy v poznámkách</string>
  <string name="pref_summary_linksInNotes">Je-li povolena, budou web URL, e-maily, adresy a telefonní čísla v poznámkách klikací.</string>
  <string name="pref_title_enableInCallWidget">Povolit widget V hovoru</string>
  <string name="pref_title_delayToClose">Zpoždění uzavření</string>
  <string name="pref_summary_delayToCloseInCallWidget">Zpoždění %ds Zavření \"V hovoru widget\" po ukončení hovoru.</string>
  <string name="pref_title_closeWhenOffhook">Uzavřít při zavěšení</string>
  <string name="pref_summary_closeWhenOffhook">Zavřít \"widget v hovoru\" při přijmutí hovoru.</string>
  <string name="pref_summary_informationNeedShowInInCallWidget">Vyberte informace zobrazované ve \"widgetu V hovoru\".</string>
  <string name="phoneNumberLabel">Popisek telefonního čísla</string>
  <string name="last_contact_time">Poslední doba kontaktu</string>
  <string name="contact_pictures">Kontaktní fotografie</string>
  <string name="menu_importToQuickdialList">Importovat do seznamu rychlého vytáčení</string>
  <string name="confirm_importToQuickdialList">Poznámka: Importovaná data přepíší existující data.</string>
  <string name="toast_importToQuickdialListSuccessfully">%d čísel bylo importováno</string>
  <string name="pref_title_frameColor">Barva rámečku</string>
  <string name="pref_title_hideDefaultIcon">Skrýt výchozí ikonu</string>
  <string name="pref_summary_hideDefaultIcon">Skrýt výchozí ikonu v seznamu.</string>
  <string name="pref_title_showInTheSidebar">Zobrazovat v postranním panelu</string>
  <string name="pref_summary_showInTheSidebar">Výberte položky, které se mají zobrazit v postranním panelu</string>
  <string-array name="pref_entries_showInTheSidebar">
    <item>Skupiny</item>
    <item>Organizace</item>
    <item>Tituly</item>
  </string-array>
  <string name="menu_addToQuickdialList">Přidat do seznamu rychlého vytáčení</string>
  <string name="toast_theNumberHasNeenAdded">Číslo bylo přidáno.</string>
  <string name="pref_title_fontSizeSidebar">Velikost písma (postranní panel)</string>
  <!-- 	<string name="hour">Hour</string> -->
  <string name="contactedLastXHours">Kontaktován v posledních %s hodinách</string>
  <!-- 	选中的邮件地址已经复制到剪贴板。您可以将它粘贴到邮件程序的地址字段 -->
  <string name="toast_selectedEmailAddressCopied">Vybraná e-mailová adresa byla zkopírována do schránky. Můžete ji vložit do pole adresy e-mailového programu.</string>
  <string name="pref_title_backUpAllData">Zálohovat všechna data</string>
  <!-- 	由于数据库的更新。还原数据可能导致组铃声、组图片和防火墙工作不正常。请检查它们在恢复数据后。 -->
  <string name="pref_summary_backUpAllData">Po aktualizaci databáze. Když jsou data obnovena nemusí vyzvánění skupin, obrázky skupin a filtr volání fungovat korektně. Zkontrolujte je prosím.</string>
  <!-- 	注意这不会备份联系人数据库。 -->
  <string name="warning_notBackUpContactsDatabase">Všimněte si, že toto nezálohuje databázi kontaktů.</string>
  <string name="pref_title_restoreAllData">Obnovit všechna data</string>
  <string name="toast_backedSuccessfully">Úspěšně zálohováno na %s.</string>
  <string name="toast_backedFailed">Zálohování se nezdařilo. Ujistěte se, zda jste nastavili platnou cestu pro zálohování.</string>
  <string name="toast_restorSuccessfully">Úspěšně obnoveno z %s.</string>
  <string name="toast_restorFailed">Obnovení se nezdařilo. Ujistěte se, zda jste nastavili správnou cestu.</string>
  <string name="close">Zavřít</string>
  <string name="minimize">Minimalizovat</string>
  <string name="maximize">Maximalizovat</string>
  <string name="call">Volat</string>
  <string name="toast_notSuppouteditingNotes">Tento kontakt nepodporuje úpravy poznámek.</string>
  <!-- An option in the event notification settings, open it automatically sends the blessing SMS comes in contact events. -->
  <string name="pref_title_automaticallySendGreetingsSMS">Automaticky odesílá SMS pozdravy</string>
  <!-- 	注意发送消息时您不会得到通知，发送时间为事件当天的[通知时间]。 -->
  <string name="pref_summary_automaticallySendGreetingsSMS">Všimněte si, že při odesílání zprávy, nedostanete oznámení. čas odeslání události den [Notification time]</string>
  <!-- Prompt message before you delete a call log. -->
  <string name="prompt_deleteCallLog">Poznámka: odstraněním záznamů volání ovlivníte statistiky volání.</string>
  <!--
    Dispaly in [In call Widget]
    Example:
    The last contact time: 5 days ago。 -->
  <string name="in_call_lastContactTime">Poslední doba kontaktu: %s</string>
  <string name="recommendToFriends">Doporučit přátelům</string>
  <string name="filterMode">Režim filtru</string>
  <!-- 	Show contacts filter Details Grp = Group; Com = Company; Tit = Title -->
  <string name="contactsFilterSummary">Filtrování: Skup: %1$s Org: %2$s Tit: %3$s</string>
  <string name="pref_title_largeDialButton">Velké tlačítko volání</string>
  <!-- 	显示在联系人组编辑器，为编辑的组设置父组 -->
  <string name="parentGroup">Nadřazená skupina</string>
  <string name="pref_title_formatPhoneNumber">Upravit formát telefonního čísla</string>
  <string name="menu_viewSelectedContacts">Zobrazit vybrané kontakty</string>
  <string name="filter_status_all">VŠECHNY</string>
  <string name="pref_title_enableSlidingAction">Povolit akce klouznutím</string>
  <!-- 	启用滑动拨号等等，关闭它以便使用滑动切换号码。 -->
  <string name="pref_summary_enableSlidingAction">Povolit vytáčení klouznutím atd. Můžete vypnout, aby bylo možné klouznutí používat k přechodu mezi čísly.</string>
  <!-- Click Open browser to select files or other data -->
  <string name="browse">Procházet</string>
  <string name="companies">Společnosti</string>
  <string name="company">Společnost</string>
  <string name="clear">Vymazat</string>
  <string name="other">Ostatní</string>
  <string name="voice_input">Hlasový vstup</string>
  <string name="app_widget_name_dialer_3_3">DW Dialer 3 × 3</string>
  <string name="app_widget_name_dialer_2_3">DW Dialer 2 × 3</string>
  <string name="app_widget_name_dialer_4_4">DW Dialer 4 × 4</string>
  <string name="app_widget_name_agenda">DW Agenda</string>
  <!-- 	A menu item is used to select mode grouping contacts. -->
  <string name="menu_groupBy">Seskupit podle</string>
  <string name="menu_showHistory">Zobrazit historii</string>
  <string name="menu_sendMessage">Poslat SMS/MMS</string>
  <string name="menu_sendMail">Odeslat e-mail</string>
  <string name="menu_setRingtone">Nastavit vyzvánění</string>
  <string name="menu_insert">Vložit</string>
  <string name="pref_title_disableAutomaticUpdates">Zakázat automatické aktualizace.</string>
  <string name="pref_title_showsLinkToContactList">Zobrazí odkaz na seznam kontaktů</string>
  <!-- A number label, recently contacted number，It shows in the contact details SMS TAB. Number selection drop-down list. For example: Recent:12345678 -->
  <string name="recent">Nedávná</string>
  <string name="dialog_title_selectFieldsToShare">Vyberte pole, která chcete sdílet</string>
  <string name="pref_title_showSIMCardNumber">Zobrazit číslo SIM karty</string>
  <string name="pref_title_swapSIMCardNumber">Prohodit čísla SIM karty</string>
  <string name="pref_summary_selectNeedToDisplayTabs">Vybrat záložky, které je třeba zobrazit</string>
  <!-- 	检测到您正使用屏幕阅读程序。是否显示“电话号码选择对话框”在拨号前？ -->
  <string name="prompt_usePhoneNumberSelectionDialogWhenUseScreenReader">Zjistí, že používáte program pro čtení obrazovky. Má se před vytáčením zobrazit \"Dialog pro výběr telefonního čísla\" ?</string>
  <string name="neverShowAgain">Znovu nezobrazovat</string>
  <!-- 	选择[确定]，“通话中小部件”将不会再次显示。 -->
  <string name="prompt_neverShowAgain">Výběrem [%1$s],  \"%2$s\" se již znovu nezobrazí.</string>
  <string name="dualSIMCardConfiguration">Konfigurace duální SIM karty</string>
  <!-- 	如果SIM卡编号显示不正确，请先通过两个SIM卡各拨打一个电话，然后点击[重新检测]按钮。 -->
  <string name="prompt_retestSIMCardNumber">Není-li zobrazené správné číslo SIM karty , proveďtě prosím hovor z obou dvou SIM karet, a pak klepněte na tlačítko [Přezkoušet].</string>
  <!-- 	重新检测 -->
  <string name="retest">Přezkoušet</string>
  <!-- 	检测已完成 -->
  <string name="toast_retestSIMCardNumberCompleted">Testování bylo dokončeno.</string>
  <string name="toast_settingsHaveBeenSaved">Nastavení bylo uloženo.</string>
  <!-- 	如果双卡功能不工作在您的设备。请尝试选择设备列表中的每一个设备，然后单击[拨号]按钮。当两个拨号按钮使用正确SIM卡拨号时，单击[保存]按钮。 -->
  <string name="prompt_dualSIMDialTest">Pokud na vašem zařízení funkce pro duální karty nefungují, zkuste vybrat každě zařízení v seznamu a potom klepnou na tlačítko [Volat]. Po správném použití volání i dvou SIM karet, klepněte na tlačítko [Uložit].</string>
  <string name="lable_device">Zařízení:</string>
  <string name="lable_testNumber">Testovací číslo:</string>
  <!-- 	 An option. When you enable the exchange of the SIM card used when making calls. When the dial buttons 1 and 2 do not correspond correct SIM card to select it. -->
  <string name="swapTheDialSIMcard">Prohodit SIM karty pro volání</string>
  <string name="shareMySettings">Sdílet moje nastavení</string>
  <!-- 	已添加前缀/后缀（%s） -->
  <string name="toast_prefixOrSuffixHasBeenAdded">Prefix / Sufix  byl přidán (%s)</string>
  <string name="pref_title_downloadGeocoderPlugin">Stáhnout Geocoder plugin</string>
  <string name="menu_bindTo">Navázat na %s</string>
  <string name="menu_clearBind">Zrušit vazbu</string>
  <string name="pref_title_twoDialOnTheDialpad">Zobraz dvě tlačítka vytáčení na číselníku</string>
  <string name="pref_title_twoDialInTheContactList">Zobraz dvě tlačítka vytáčení v seznamu kontaktů</string>
  <!-- 	call using SIM card 1 -->
  <string name="description_dial_button_using">Volat pomocí %s</string>
  <string name="menu_shareAsText">Sdílet všechny detaily jako text</string>
  <string name="menu_shareAsvCard">Sdílet jako vCard</string>
  <string name="noItmeSelected">Není vybrána žádná položka</string>
  <string name="pref_title_leftHandedOperation">Obsluha levou rukou</string>
  <string name="description_goToSubGroups_button">Přejít na seznam podskupin</string>
  <!-- 一个选项，当打开备注会优先保存到联系人，而不是通话记录备注 -->
  <string name="pref_title_saveNotesToContacts">Uložit poznámky ke kontaktům</string>
  <string name="export_to_single_vcard_file">Exportovat do jednoho souboru vCard</string>
  <string name="export_to_multiple_vcard_files">Exportovat do více souborů vCard</string>
  <string name="confirm_export_contacts_to_folder_message">Kontakty budou exportovány do složky: %s.</string>
  <!-- 读出来电显示号码 -->
  <string name="pref_title_speakCallerID">Vyslovit ID volajícího</string>
  <string name="pref_title_speakOrganization">Vyslovit organizaci</string>
  <string name="pref_title_speakNumber">Vyslovit číslo</string>
  <string name="pref_summary_speakNumber">Pokud volající není v kontaktech</string>
  <string name="pref_title_repeatCount">Počet opakování</string>
  <string name="pref_title_repeatInterval">Interval opakování</string>
  <string name="pref_title_reverseList">Obrátit seznam</string>
  <string name="pref_title_openQuickJumpOnStartup">Otevřít Rychlý skok při startu</string>
  <!-- 搜索历史记录 - 一个开关确定是否显示搜索历史记录 -->
  <string name="pref_title_searchHistory">Historie hledání</string>
  <string name="menu_add_event">Přidat událost</string>
  <string name="notification_dataLoaderIsRunning">Je spuštěn zavaděč dat</string>
  <string name="clickToGetMoreInformation">Klikněte pro více informací</string>
  <!-- 	您好，试用期限将结束在5天后。现在要购买吗？ -->
  <string name="remind_trialPeriodWillEnd">Dobrý den, zkušební období skončí za %d dní. Chcete nyní koupit?</string>
  <string name="menu_addToBlockList">Přidat do seznamu blokovaných</string>
  <string name="menu_removeFromBlockList">Odebrat ze seznamu blokovaných</string>
  <string name="blockList">Seznam blokovaných</string>
  <string name="font">Písmo</string>
  <string name="needToUpdate">Je třeba aktualizovat</string>
  <string name="disable">Zakázat</string>
  <string name="pref_title_hideContactPicture">Skrýt obrázek kontaktu</string>
  <string name="event_info_links_label">Odkazy</string>
  <string name="pref_title_calllogFilterAtTop">Zobrazit \"Filtr výpisu volání\"  v horní části obrazovky</string>
  <!-- A menu, click the call methods available to display. For example: SIM card 2; Video call; Skype; SIP -->
  <string name="menu_callUsing">Volat pomocí …</string>
  <string name="video_call">Video hovor</string>
  <string name="automatic_redial">Automatická opakovaná volba</string>
  <!-- Automatic redial after 3 seconds. -->
  <string name="automatic_redial_after">Automatická opakovaná volba po %s.</string>
  <!-- Enter "Arrange mode", you can drag to sort items. -->
  <string name="menu_arrangeMode">Režim uspořádání</string>
  <string name="summary_arrangeMode">Pro setřídění přetáhněte položku</string>
  <string name="recommend_template">"Milý příteli! \nPoužívám %1$s. To je program pro správu kontaktů, který musíte mít. Můžete použít tento odkaz ke stažení: %2$s "</string>
  <string name="recommend_id_template">"Nezapomeňte zadat své ID (%s) (karta v panelu -&gt; doporučit přátelům). \nDěkujeme!"</string>
  <!-- An option to choose what to hide in the contact details -->
  <string name="pref_title_hideSection">Skrýt sekci</string>
  <string name="pref_title_automaticBackup">Automatická záloha</string>
  <string name="pref_title_backupTime">Čas zálohy</string>
  <string name="pref_title_backupCycle">Cyklus zálohování</string>
  <string-array name="pref_entries_backupCycle">
    <item>Každý den</item>
    <item>Každé dva dny</item>
    <item>Každé tři dny</item>
    <item>Každé čtyři dny</item>
    <item>Každých pět dní</item>
    <item>Každých šest dní</item>
    <item>Týdně</item>
    <item>Měsíčně</item>
  </string-array>
  <string name="pref_title_contactsBackup">Zálohovat kontakty</string>
  <string name="pref_summary_contactsBackup">Vyberte skupinu, která má být zálohována</string>
  <string name="pref_title_backupNow">Nyní zálohovat</string>
  <string name="pref_title_disableInCarMode">Zakázat v režimu automobil</string>
  <string name="pref_summary_disableInCarMode">V autě dočasně zakázat potvrzení vytáčení</string>
  <!-- An alert message when adding a shortcut to the HomePage request has been sent. -->
  <string name="toast_requestHasBeenSent">Požadavek byl odeslán</string>
  <string name="pref_title_hideMenuButton">Skrýt tlačítko Menu</string>
  <string name="pref_summary_hideMenuButton">Pokud vaše zařízení nemá tlačítko Menu, skrytím ztratíte přístup do menu</string>
  <string name="pref_title_deleteOldCallLogs">Odstranit staré záznamy o hovorech</string>
  <string name="pref_summary_deleteOldCallLogs">Odstraňte staré záznamy o hovorech, když počet dosáhne %s</string>
  <string name="menu_setContactPhoto">Nastavení fotografie kontaktu</string>
  <!-- OPTION: When you restart the app. Restore the state when last used. -->
  <string name="pref_title_restoreStateWhenRestarted">Obnovit stav po restartu</string>
  <string name="websiteTypeHomepage">Domovská stránka</string>
  <string name="websiteTypeBlog">Blog</string>
  <string name="websiteTypeProfile">Profil</string>
  <string name="websiteTypeHome">Domácí</string>
  <string name="websiteTypeWork">Pracovní</string>
  <string name="websiteTypeFTP">FTP</string>
  <!--     <string name="description">Description</string> -->
  <!--     <string name="menu_add_link">Add link</string> -->
  <string name="pref_title_excludeNumbers">Vyjmout čísla</string>
  <string name="pref_summary_excludeNumbers">Při volání těchto čísel nebude zobrazen [Dialing confirmation] dialog</string>
  <!-- Menu item used to add custom field to contact -->
  <string name="menu_addCustomField">Přidat vlastní pole</string>
  <!-- An automatic group name, which contains all has photo contacts -->
  <string name="hasPhotoContacts">Kontakty s fotkou</string>
  <!-- Selectable menu item used to controls whether display "contacts events" in the "agenda list". -->
  <string name="menu_showContactsEvents">Zobrazit události kontaktů</string>
  <!-- An option to define accent color. The color applied to framework controls in their activated (ex. checked) state. -->
  <string name="pref_title_accentColor">Barva zvýraznění</string>
  <!-- An option to define whether the appointment is created automatically send the invitation email.-->
  <string name="pref_title_sendInvitation">Odeslat pozvánku</string>
  <!-- An option to define whether the appointment is created automatically send the invitation email.-->
  <string name="pref_summary_sendInvitation">Přidat účastníkům kontaktní e-mailovou adresu</string>
  <!-- An option to define whether use circle icon.-->
  <string name="pref_title_circleIcon">Kruhová ikona</string>
  <string name="on">Zapnuto</string>
  <string name="off">Vypnuto</string>
  <!-- Determined by the theme -->
  <string name="byTheme">Podle tématu</string>
  <!-- An option to define color -->
  <string name="pref_title_callLogFilterBackground">Pozadí filtru záznamů volání</string>
  <!-- An option to define whether use colorful icon.-->
  <string name="pref_title_colorfulIcon">Barevné ikony</string>
  <!-- Select this option to Reduce the ring volume when reading the caller information. -->
  <string name="pref_title_reduceRingerVolume">Snížit hlasitost vyzvánění</string>
  <!-- Select this option to Reduce the ring volume when reading the caller information. -->
  <string name="pref_summary_reduceRingerVolume">Snížit hlasitost vyzvánění, při čtení informací o volajícím</string>
  <!-- Menu item used to Go to the "Calendar" App -->
  <string name="menu_goToCalendar">Jdi na kalendář</string>
  <!-- Menu item used to add selected item to the Tab bar -->
  <string name="menu_addToTabBar">Přidat do záložek</string>
  <!-- Menu item used to remove selected item from the Tab bar -->
  <string name="menu_removeFromTabBar">Odebrat z lišty karet</string>
  <!-- Menu item used to browse and restore data -->
  <string name="menu_restoreFrom">Obnovit z ...</string>
  <!-- Menu item used to open [Backup Manager] -->
  <string name="menu_backupManager">Správce zálohování</string>
  <string name="typeface_bold">Tučné</string>
  <string name="typeface_italic">Kurzíva</string>
  <!-- A contact group option. Open it will automatically delete call logs, contacts belong to this group. -->
  <string name="pref_title_automaticallyDeleteCallLogs">Automaticky odstranit staré záznamy o hovorech</string>
  <!-- An option to control whether to display the contact's local time -->
  <string name="pref_title_showContactsLocalTime">Zobrazit místní čas kontaktu</string>
  <!-- An option -->
  <string name="pref_title_replaceMissedCallNotification">Nahradit \"Oznámení nepřijatých hovorů\"</string>
  <!-- An option summary -->
  <string name="pref_summary_replaceMissedCallNotification">Zamezit zobrazení dialogu \"Vyberte aplikaci\"</string>
  <!-- An option in the dialog box to delete call records. Controls whether delete call log notes -->
  <string name="deleteNotes">Odstranit poznámky</string>
  <string name="offset">Posun</string>
  <!-- Label above username EditText -->
  <string name="username">Uživatelské jméno</string>
  <!-- Button to sign in after entering username and password -->
  <string name="signIn">Přihlásit se</string>
  <string name="message_createLocalContactAccount">Vytvořte účet pro místní kontakty.
         Kontakty uložené v tomto účtu nejsou synchronizovány se sítí.
         \n <b>Poznámka:</b> odinstalací aplikace \"DW Contacts\" budou kontakty patřící k tomuto účtu automaticky odstraněny.
           Pokud povolíte synchronizaci kontaktů, budou se kontakty synchronizovat do složky \"<b>SD Card</b>/DW/kontakty / \".</string>
  <!-- "By number" merge call records, etc. -->
  <string name="byNumber">Podle čísla</string>
  <!-- "By contact" merge call records, etc. -->
  <string name="byContact">Podle kontaktu</string>
  <string name="toast_switchToIntersectionMode">Znovu klikněte pro přepnuti do <b>režimu průnik</b></string>
  <!-- An option to control whether to display the message log in History -->
  <string name="pref_title_showMessageLog">Zobrazit záznam zpráv</string>
  <!-- Menu item used to add data (E-mail address, etc.)  to contacts -->
  <string name="addToContact">Přidat do kontaktů</string>
  <!-- An option When you open it will maintain a fixed height In call widget. -->
  <string name="fixedHeight">Pevná výška</string>
  <!-- ****************************** Descriptions *********************************** -->
  <!--
         String describing the Keyboard switch ImageButton
         Used by AccessibilityService to announce the purpose of the button.
         [CHAR LIMIT=NONE]
    -->
  <string name="description_switch_keyboard">Přepnout klávesnici</string>
  <string name="description_pick_contact">Vybrat kontakt</string>
  <!-- String describing the text for photo of a item(group, title, company，etc.). -->
  <string name="description_icon_for">Ikona pro <xliff:g id="name">%1$s</xliff:g></string>
  <!--An option. When opened, will use list long press menu.-->
  <string name="pref_title_useListMenu">Použít seznam menu</string>
  <!--An option in Accessibility. When opened, Enter the number need to double click to confirm.-->
  <string name="pref_title_doubleClickEnterNumber">Vložit číslo poklepáním</string>
  <!--A item of list, control information needs to be displayed in the "In call widget"-->
  <string name="positionInQuickDial">Pozice v rychlém vytáčení</string>
  <string name="prompt_requiresPermission">Vyžaduje oprávnění <b>%1$s</b>.</string>
  <string name="pause">Pauza</string>
  <string name="description_add_voice_tag">Přidat hlasový záznam</string>
  <string name="pref_color_schemes">Barevné schéma</string>
  <string name="navigation_drawer_open">Otevřít navigační panel</string>
  <string name="navigation_drawer_close">Zavřít navigační panel</string>
  <string name="toast_adjustColors">Klepněte na místo, kde chcete upravit barvy</string>
  <string name="auto_close">Automaticky zavřít</string>
  <string name="voice_tag">Hlasový záznam</string>
  <!--An option title in [Contact Details]. When opened, Will merge items,When just labels different.-->
  <string name="pref_title_mergeItemsJustDiffLabel">Sloučit položky</string>
  <!--An option summary in [Contact Details]. When opened, Will merge items,When just labels different.-->
  <string name="pref_summary_mergeItemsJustDiffLabel">Jen když se liší popisky</string>
  <string name="todoList">Úkoly</string>
  <string name="menu_add_todo">Přidat úkol</string>
  <!-- Notification message when adding a number to the blacklist, but the call filter did not open. -->
  <string name="needEnableCallFilter">Je třeba také povolit [Filtr volání]</string>
  <!--An option title in [Events]. Define which events need to display. It filter events based on contact groups-->
  <string name="pref_title_eventsToDisplay">Události k zobrazení</string>
  <!--An option title in [Color schemes]. Used to define the "List section" Text Size -->
  <string name="section_header">Záhlaví oddílu</string>
  <!--An option. When open: The starred contacts are displayed at the top of the list. -->
  <string name="showStarredAtTheTop">Zobrazit kontakty s hvězdičkou jako první</string>
</resources>
