<?xml version="1.0" encoding="utf-8" standalone="no"?>
<!--Generated by crowdin.com-->
<resources>
  <string name="market_title">DW kontakty &amp; Telefon &amp; Číselník</string>
  <string name="market_description_s1">Skvělá náhrada Vášeho stávajícího dialeru, správy kontaktů a nastavení telefonu, kterou musíte mít</string>
  <!-- max is 27 -->
  <string name="market_description_key_features_001">+ Vyhledání kontaktu podle libovolného pole</string>
  <string name="market_description_key_features_002">* Zápis poznámek do záznamů volání</string>
  <string name="market_description_key_features_003">* Vytváření a správa připomenutí pro kontakty</string>
  <string name="market_description_key_features_004">+ Čtení volajícího ID</string>
  <string name="market_description_key_features_005">+ Zobrazení doby vyzvánění u \"Nepřijatých hovorů\"</string>
  <string name="market_description_key_features_027">* Neomezené záznamy volání</string>
  <string name="market_description_key_features_006">* Podpora VoIP: System SIP, Viber, Skype, Fring, GrooVe IP Lite, MobileVOIP, BT SmartTalk&#8230;</string>
  <string name="market_description_key_features_007">+ Sdílení kontaktů (text, vcard) prostřednictvím SMS, e-mail...</string>
  <string name="market_description_key_features_008">* Dávkový režim pro hromadné doručení SMS, MMS, emailů na jendo a vícenásobný výběr (kontakty, skupiny, organizace, tituly)</string>
  <string name="market_description_key_features_009">+ V hovoru widget: Rozšířené zobrazení příchozího volání (ukazuje organizaci, skupinu, poznámku, úprava poznámky během volání)</string>
  <string name="market_description_key_features_010">+ Filtr volání: blokování příchozích hovorů podle volně definovatelného datumu a časových pásem</string>
  <string name="market_description_key_features_011">+ Filtrování kontaktů: podle skupiny kontaktů, pracovního zařazení, společnosti</string>
  <string name="market_description_key_features_012">+ Statistika volání: Ukazuje dobu trvání hovoru. Oznamuje konec období volání zdarma.</string>
  <string name="market_description_key_features_013">+ Kontaktní údaje: Zobrazuje všechny kontaktní informace pohromadě (sms, historii volání, statistiky volání, události)</string>
  <string name="market_description_key_features_014">+ Správa kontaktů podle kontaktní adresy</string>
  <string name="market_description_key_features_015">* Velmi flexibilní při konfiguraci zobrazení každého pohledu (pořadí řazení, velikost písma, barva, průhlednost)</string>
  <string name="market_description_key_features_016">+ Konfigurovatený seznam kontaktů, způsob zobrazení seznamu (příjmení, křestní jméno, přezdívka, organizace, titul, číslo, poznámky...)</string>
  <string name="market_description_key_features_017">+ Podpora pro vrstvené skupiny, podskupiny (podskupina přes Obchod/VIP = Obchod -&gt; VIP)</string>
  <string name="market_description_key_features_018">+ Nastavení vyzvánění pomocí vícenásobného výběru (kontakty, skupiny, organizace, tituly)</string>
  <string name="market_description_key_features_019">* Oznámení událostí u kontaktů  a správa událostí  kontaktů (narozeniny, výročí)</string>
  <string name="market_description_key_features_020">+ Číselník vytáčení s T9-vyhledáváním - má mnoho možností nastavení, pro fungování přesně podle vašich představ</string>
  <string name="market_description_key_features_021">+ Vytáčení a číselník jsou škálovatelné. Mají nastavitelnou velikost, pozadí, barvu, velikost písma</string>
  <string name="market_description_key_features_028">* Automatická opakovaná volba</string>
  <string name="market_description_key_features_022">+ Podpora dual SIM (není podporováno všemi zařízeními, protože neexistuje žádné otevřené API)</string>
  <string name="market_description_key_features_023">+ Správce rychlého vytáčení: Podporuje až 1000 čísel rychlého vytáčení. Sté číslo vytáčí zadáním 100#</string>
  <string name="market_description_key_features_024">+ Záloha a obnova kontaktů vCard, obsahuje skupinu kontaktů</string>
  <string name="market_description_key_features_025">+ Většina funkcí je dostupná pomocí *DLOUHÉHO STISKU* (klepnutím a přidržením) libovolné položky a nebo použití klávesy *MENU*</string>
  <string name="market_description_key_features_026">+ Multi-jazyková podpora (Díky všem nadšeným uživatelům poskytujícím překlad pro DWC)</string>
  <string name="market_description_s2">Prosím ohodnoťte naší práci a kupte si verzi PRO, která má velice pěkné funkce!
Vyzkoušejte náš software a doporučte jej svým přátelům. 
Tipy:
 Pokud máte nějaké návrhy pro zlepšení -&gt; napište na fórum: http://forum.dw-p.net nebo použijte funkci *Zpětná vazba prostřednictvím e-mailu* v menu nastavení .
 Pokud provádíte upgrade na novější verzi a nejde spustit (pokud stahování nebo instalace není možná), pokuste se nejdříve odinstalovat předchozí verzi.
 Další tipy a triky najdete http://wiki.dw-p.net/DWC:Tips_ %26_Tricks </string>
  <string name="market_description_limitation">Bezplatná verze je omezena na některé funkce:
 - reklamní zprávy 
 - omezená úprava témat
 - vícenásobný výběr omezen na 5 položek pro jednu akci 
 - zápis poznámky do protokolu volání 
 - lze vytvořit pouze jeden widget app 
 - v klíčových funkcí obsahuje seznam \"*\" položky</string>
  <string name="market_description_keywords">kontakt kontakty adresa volat číselník volání zavolat volající zavolání tel telefon vyzváněcí tón hlace skupina skupiny organizace firma titul adresy kniha sms mms email správce spravující správa historie záznam nejlepší zdarma</string>
  <!-- A brief description of the Google play, If you have a better description, please use your. Thank you! [CHAR LIMIT=80] -->
  <string name="market_brief_description">Výkonná aplikace pro správu kontaktů. Naším cílem je zlepšit efektivitu vaší práce</string>
</resources>
