<?xml version="1.0" encoding="utf-8"?>
<!--Generated by crowdin.com-->
<resources>
  <!-- For the "T9" Search. "2ABC" means "2" matches the letter "A, B, C". 
		Translation modified "ABC" you need to search for characters. Only need upper 
		case. -->
  <string-array name="t9_search">
    <item>0</item>
    <item>1\'.,</item>
    <item>2ABCÁČ</item>
    <item>3DEFĎÉĚ</item>
    <item>4GHIÍ</item>
    <item>5JKL</item>
    <item>6MNOÓŇ</item>
    <item>7PQRSŘŠ</item>
    <item>8TUVÚŮŤ</item>
    <item>9WXYZÝŽ</item>
  </string-array>
  <!-- These letters appear in the Dial button on the right. -->
  <string-array name="t9_keyboard">
    <item>"+"</item>
    <item>"\' . ,"</item>
    <item>"ABCÁČ"</item>
    <item>"DEFĎÉĚ"</item>
    <item>"GHIÍ"</item>
    <item>"JKL"</item>
    <item>"MNOÓŇ"</item>
    <item>"PQRSŘŠ"</item>
    <item>"TUVÚŮŤ"</item>
    <item>"WXYZÝŽ"</item>
  </string-array>
</resources>
