<?xml version="1.0" encoding="utf-8"?>
<!--Generated by crowdin.com-->
<resources xmlns:xliff="urn:oasis:names:tc:xliff:document:1.2">
  <string name="label_ringtone">Ringsignal</string>
  <string name="default_ringtone">Standardinställning</string>
  <string name="menu_sendEmail">Skicka e-post</string>
  <string name="showFilterPhones">"Bara kontakter med telefoner"</string>
  <string name="showFilterPhonesDescrip">"Visa bara kontakter med telefonnummer"</string>
  <string name="headerContactGroups">"Välj kontakter att visa"</string>
</resources>
