<?xml version="1.0" encoding="utf-8" standalone="no"?>
<!--Generated by crowdin.com-->
<resources>
  <string name="market_title">DW Kontakter &amp; Telefon</string>
  <string name="market_description_s1">Det här är \"ett måste-tillägg\" för uppringare, kontakter och telefonhanteringsprogram</string>
  <!-- max is 27 -->
  <string name="market_description_key_features_001">+ Sök kontakter ut valfria fält</string>
  <string name="market_description_key_features_002">* Skriv anteckningar i samtalsloggen</string>
  <string name="market_description_key_features_003">* Skapa och hantera påminnelser för kontakter</string>
  <string name="market_description_key_features_004">+ Nummerpresentatör</string>
  <string name="market_description_key_features_005">+ Visa tiden för \"Missade samtal\"</string>
  <string name="market_description_key_features_027">* Obegränsad samtalslogg</string>
  <string name="market_description_key_features_006">* Stödjer VoIP: System SIP, Viber, Skype, Fring, GrooVe IP Lite, Mobile, BT SmartTalk&#8230;</string>
  <string name="market_description_key_features_007">+ Dela kontakter (text, vcard) via SMS, e-post&#8230;</string>
  <string name="market_description_key_features_008">* Batch-läge för massutskick på SMS, MMS, e-post på singel- och multiurval (kontakter, grupper, organisationer, titlar)</string>
  <string name="market_description_key_features_009">+ Samtal widget: utökad infovy vid inkommande samtal (organisation, grupp, anteckningar, redigering av anteckningar under samtal)</string>
  <string name="market_description_key_features_010">+ Samtalsfilter: blockera inkommande samtal på valfria datum och tidszoner</string>
  <string name="market_description_key_features_011">+ Kontaktfiltrering: Baserat på kontaktgruppen, jobbtitel, företagsfilter</string>
  <string name="market_description_key_features_012">+ Samtalsstatistik: Visa samtalstid. Avisering vid slutet av fri samtalstid.</string>
  <string name="market_description_key_features_013">+ Kontaktuppgifter: Visar samlat alla kontaktuppgifter (sms, samtalslogg, samtalsstatistik, händelser)</string>
  <string name="market_description_key_features_014">+ Hantera dina kontakter utifrån kontaktadressen</string>
  <string name="market_description_key_features_015">* Mycket flexibel utformningen av alla visningsvyer (sortering, teckensnitt storlek, färg, genomskinlighet)</string>
  <string name="market_description_key_features_016">+ Konfigurerbar kontaktlistsvy, hur listan skall visas (efternamn, förnamn, smeknamn, organisation, titel, telefonnummer, anteckningar...)</string>
  <string name="market_description_key_features_017">+ Stöd för skiktad grupper, undergrupper (undergruppen via företag/VIP = Företag -&gt; VIP)</string>
  <string name="market_description_key_features_018">+ Ange ringsignaler för flerval (kontakter, grupper, organisationer, titlar)</string>
  <string name="market_description_key_features_019">* Avisering av händelser med kontakter och annant händelsehantering (födelsedag, årsdag)</string>
  <string name="market_description_key_features_020">+ Teelefonknappsats med T9-Sök  med många alternativ för egen anpassning</string>
  <string name="market_description_key_features_021">+ Uppringare och knappsatsen är justerbara i storlek, bakgrund, färg och teckenstorlek</string>
  <string name="market_description_key_features_028">* Automatisk återuppringning</string>
  <string name="market_description_key_features_022">+ Hantering för uppringning med dubbla simkort (stöds inte i av alla enheter pga avsaknaden av Open API)</string>
  <string name="market_description_key_features_023">+ Hanterare för kortnummer: stöder upp till 1000 kortnummer. Slår de 100: e nummer genom att slå in 100#</string>
  <string name="market_description_key_features_024">+ Säkerhetskopiera och återställa kontakter till vCard, innehåller kontaktgrupp</string>
  <string name="market_description_key_features_025">+ De flesta funktionerna är tillgängliga med hjälp av * långtryck* (tryck och håll ned) på alla objekt alt. via * MENY-tangenten</string>
  <string name="market_description_key_features_026">+ Flerspråksstöd (Tack alla entusiastiska användare ger översättning för DWC)</string>
  <string name="market_description_s2">Vänligen stöd vårt arbete med att köpa PRO-versionen, med dess utökade funktionalitet! 
Vänligen prova vår programvara och rekommendera det till dina vänner.
Tips:
Om du har förslag för förbättringar -&gt; Skriv på forum: http://forum.dw-p.net eller använda den * Feedback via e-post * funktion i inställningsmenyn. Om du uppgraderar till en nyare version och det inte startas (om det inte går Ladda ner eller installera), försök att avinstallera den tidigare versionen innan. 
Fler Tips &amp; Trick se http://wiki.dw-p.net/DWC:Tips_%26_Tricks
</string>
  <string name="market_description_limitation">Gratisversion har en del begränsningar:
  - annonser  
  - begränsade temaanpassning
  - flerval begränsat till 5 poster åt gången
  - inskrivning av anteckningar i samtalsloggen
  - endast en appwidget
  - inga wild card \"*\" sökningar</string>
  <string name="market_description_keywords">Kontakt kontakter Kontaktpersoner dialer postadress ringer ringa telefon ringsignal röst grupp Grupper titel organisation företagsadresser bok sms mms email hantera ledningen historikloggen bästa gratis </string>
  <!-- A brief description of the Google play, If you have a better description, please use your. Thank you! [CHAR LIMIT=80] -->
  <string name="market_brief_description">Det är en kraftfull kontakthanterare. Vårt mål är att förbättra effektiviteten i ditt arbete</string>
</resources>
