<?xml version="1.0" encoding="utf-8" standalone="no"?>
<!--Generated by crowdin.com-->
<resources>
  <string name="market_title">DW contacten &amp; Telefoon &amp; Dialer</string>
  <string name="market_description_s1">is en krachtige (moet je hebben) extensie voor uw algemene nummer kiezer, contacten en telefoon beheer

Toets eigenschappen</string>
  <string name="market_description_key_features_001">+ Zoek contactpersonen op elk gewenst veld</string>
  <string name="market_description_key_features_002">* Schrijf notities naar de bellijst</string>
  <string name="market_description_key_features_003">* Maken en beheren van herinneringen voor contacten</string>
  <string name="market_description_key_features_004">+ Spreken beller-ID</string>
  <string name="market_description_key_features_005">+ \"Gemiste oproepen\" ring tijd weergeven</string>
  <string name="market_description_key_features_027">* Onbeperkt bellijst</string>
  <string name="market_description_key_features_006">* ondersteunt VoIP: Systeem SIP, Viber, Skype, Fring, GrooVe IP Lite, MobileVOIP, BT SmartTalk...</string>
  <string name="market_description_key_features_007">+ Contactpersonen (tekst, vcard) via SMS, e-mail delen...</string>
  <string name="market_description_key_features_008">* Batchmodus voor massale levering met SMS, MMS, e-mail op single en multi selectie (contactpersonen, groepen, organisaties, titels)</string>
  <string name="market_description_key_features_009">+ In gesprek widget: uitgebreid inkomende oproep weergave (Toon organisatie, groep, notities, notitie bewerken in bellen)</string>
  <string name="market_description_key_features_010">+ Bel filter: inkomende oproepen blokkeren op vrij definieerbare datum en tijdzones</string>
  <string name="market_description_key_features_011">+ Contact filteren: op basis van de contactgroep, functie, bedrijf filtratie contacten</string>
  <string name="market_description_key_features_012">+ Oproep statistieken: De duur van uw gesprek. Wanneer het einde van de gratis gesprekstijd moet worden meegedeeld.</string>
  <string name="market_description_key_features_013">+ Contactgegevens: Toon alle gegevens van de contactpersoon samen (sms, bellijst, Bel statistieken, evenementen)</string>
  <string name="market_description_key_features_014">+ Het beheren van uw contacten volgens het contactadres</string>
  <string name="market_description_key_features_015">* Zeer flexibel voor het configureren van het ontwerp van elke weergave (sorteervolgorde, lettertypen, grootte, kleur, transparantie)</string>
  <string name="market_description_key_features_016">+ Configureerbare lijst met contactpersonen weergeven, hoe de lijst eruit moet komen te zien (laatste naam, eerste naam, bijnaam, organisatie, titel, nummer, notities...)</string>
  <string name="market_description_key_features_017">+ Ondersteuning voor onderliggende groepen, sub-groep (sub-groep via buisness/VP = Business -&gt; VIP)</string>
  <string name="market_description_key_features_018">+ Set ringtones op multi selecteren (contactpersonen, groepen, organisaties, titels)</string>
  <string name="market_description_key_features_019">* Contact gebeurtenis melding en contact gebeurtenis beheer (Verjaardag)</string>
  <string name="market_description_key_features_020">+ kiezer(telefoon) met T9 zoek functie - heeft vele mogelijkheden om naar je eigen wensen in te richten</string>
  <string name="market_description_key_features_021">+ Kiezen en kiespad aanpasbaar in grootte, achtergrond, kleur, lettertype grootte</string>
  <string name="market_description_key_features_028">* Automatisch opnieuw kiezen</string>
  <string name="market_description_key_features_022">+ Dual SIM-kaart kiezen ondersteuning (niet ondersteund door alle apparaten, omdat er geen open API is)</string>
  <string name="market_description_key_features_023">+ Snel bellen manager: ondersteunt maximaal 1000 nummers bellen. 100e nummer wordt gekozen door het invoeren van 100#</string>
  <string name="market_description_key_features_024">+ Backup en restore contacten naar vCard, bevat contactgroep</string>
  <string name="market_description_key_features_025">+ De meeste functies zijn toegankelijk via de * lange druk op * (tikken en vasthouden) op een item of gebruik * MENU-toets</string>
  <string name="market_description_key_features_026">+ Multi-taal ondersteuning (dankzij  alle door  enthousiaste gebruikers verstrekte vertaling voor DWC)</string>
  <string name="market_description_s2">AUB waardeer ons werk en koop de PRO versie, welke zeer aan te bevelen valt wat betreft zijn functionaliteit!
AUB probeer onze software en beveel hem aan bij vrienden.
Suggestie\'s
Als je verbeterpunten hebt -&gt; schrijf dat in het forum: http://forum.dw-p.net 
of gebruik je e-mail functie in het instellings menu.
Als je upgrade naar een nieuwere versie en het wil niet starten (als downloaden en instaleren  niet mogelijk is) probeer dan de oude versie eerst te verwijderen.
Meer tips &amp; http://wiki.dw-p.net/DWC:Tips_%26_Tricks
</string>
  <string name="market_description_limitation">De gratis versie heeft enkele beperking:
- reklame boodschappen
- thema aanpassingen zijn beperkt
- multi-select tot maximaal 5 items per actie
- notities plaats in oproeplijst niet mogelijk
- slechts 1 widget maken
- in belangrijke functies lijst bevat \"*\" items</string>
  <string name="market_description_keywords">Neem contact op contacten adres bel beller bellen oproep oproeper telefoon telefoon ringtone stem groep groepen organisatie bedrijf titel adres book sms mms email bewerker bewerken bewerking geschiedenis log best gratis</string>
  <string name="market_brief_description">Het is een krachtige contacten app. Ons doel is het verbeteren van de efficiëntie van uw werk</string>
</resources>
