<?xml version="1.0" encoding="utf-8"?>
<!--Generated by crowdin.com-->
<resources xmlns:xliff="urn:oasis:names:tc:xliff:document:1.2">
  <string name="label_ringtone">"Beltoon"</string>
  <string name="default_ringtone">"Standaard"</string>
  <string name="menu_sendEmail">"E-mail verzenden"</string>
  <string name="showFilterPhones">"Alleen contacten met tel.nr."</string>
  <string name="showFilterPhonesDescrip">"Alleen contacten weergeven met telefoonnummers"</string>
  <string name="headerContactGroups">"Contacten voor weergave kiezen"</string>
</resources>
