<?xml version="1.0" encoding="utf-8" standalone="no"?>
<!--Generated by crowdin.com-->
<resources xmlns:xliff="urn:oasis:names:tc:xliff:document:1.2">
  <string name="app_name">DW contacten &amp; telefoon</string>
  <string name="app_contacts_name">DW Contacten</string>
  <string name="starred">Ster</string>
  <string name="coworkers">Collega\'s</string>
  <string name="family">Familie</string>
  <string name="friends">Vrienden</string>
  <string name="myContacts">Mijn contacten</string>
  <string name="mergedContacts">Samengevoegde contactpersonen</string>
  <string name="no_item_to_display">Geen items voorhanden</string>
  <string name="allContact">Alle contacten</string>
  <string name="no_phone_numbers">Geen telefoon nummer</string>
  <string name="menu_edit">Edit</string>
  <string name="menu_edit_group">Groep bewerken</string>
  <string name="menu_add_contact_to_group">Contactpersonen aan de groep toevoegen</string>
  <string name="menu_remove_contact_from_group">Contactpersonen verwijderen uit groep</string>
  <string name="groupNameLabel">Groep naam</string>
  <string name="add">Toevoegen</string>
  <string name="message_del_system_group">Dit is een contactgroep systeem. Na verwijdering, zal het automatisch weer toegevoegd worden, wat nieuwe problemen kan veroorzaken. weet U zeker dat U dit wilt doen?</string>
  <string name="menu_select_mode">Multi-select</string>
  <string name="menu_inverse_select">Omkeren</string>
  <!--<string name="noContact">This group has no contact</string> -->
  <string name="pleaseWait">Even wachten</string>
  <string name="pref_send_title">SMS &amp; E-mailinstellingen</string>
  <string name="pref_title_sms_mms_send">SMS/MMS</string>
  <string name="pref_title_email_send">Email</string>
  <string name="pref_send_to">Stuur naar %s</string>
  <string-array name="prefEntries_sms_mms_to">
    <item>Standaard of eerste mobiele nummer</item>
    <item>Alle mobiele nummers</item>
    <item>Alle nummers</item>
  </string-array>
  <string-array name="prefEntries_email_to">
    <item>Standaard e-mailadres</item>
    <item>Alle e-mailadressen</item>
  </string-array>
  <!--Recipients location -->
  <string name="pref_title_recipients_location">Anomiteit van de ontvanger</string>
  <string name="pref_recipients_location_summary">Alle adressen worden in het veld %s</string>
  <string-array name="pref_entries_recipients_location">
    <item>Bcc</item>
    <item>Cc</item>
    <item>Aan</item>
  </string-array>
  <string name="menu_preferences">Instellingen</string>
  <string name="preferences_title">Instellingen</string>
  <string name="error_report_email_explain">Het spijt ons, er is een fout opgetreden. U kunt ons helpen deze software beter te maken door het sturen van een verslag welke foutmeldingen en sommige systeem informatie bevat. Uw privacy zal worden gerespecteerd.</string>
  <string name="no_contact_selected">Niemand gekozen</string>
  <!--Firewall -->
  <string name="firewell_add_item">Oproep filter toevoegen</string>
  <string name="lable_week">Weekdagen</string>
  <string name="select_group_title">Selecteer groep</string>
  <!-- %s = call number-->
  <string name="call_blocking_message">%s is geblokkeerd</string>
  <string name="stat_notify_incoming_calls_were_intercepted">%d oproepen werden onderschept</string>
  <string name="pref_firewall_title">Bel filterinstellingen</string>
  <string name="pref_title_firewall_enable">Oproep filter inschakelen</string>
  <string name="firewall_service_started">Bel filter service gestart</string>
  <string name="firewall_state_label">DW Call Filter</string>
  <!-- The status bar at the top of the screen display a notification message. -->
  <string name="pref_title_firewall_allways_show_stat_notify">Toon pictogram in de statusbalk</string>
  <string name="pref_firewall_allways_show_stat_notify_summary">Statusbalk altijd tonen</string>
  <string name="menu_week_view">Week overzicht</string>
  <string name="menu_time_view">Tijd overzicht</string>
  <string name="menu_view">Overzicht</string>
  <string name="from">Van</string>
  <string name="to">Naar</string>
  <string-array name="days">
    <item>Zondag</item>
    <item>Maandag</item>
    <item>Dinsdag</item>
    <item>Woensdag</item>
    <item>Donderdag</item>
    <item>Vrijdag</item>
    <item>Zaterdag</item>
  </string-array>
  <string-array name="days_short">
    <item>Zo</item>
    <item>Ma</item>
    <item>Di</item>
    <item>Wo</item>
    <item>Do</item>
    <item>Vr</item>
    <item>Za</item>
  </string-array>
  <string name="firewall_label">Bel Filter</string>
  <string name="everyday">Dagelijks</string>
  <string name="never">Nooit</string>
  <string name="search_hint">Begin te zoeken dmv typen</string>
  <string name="pref_title_display_system_group">Systeemgroepen weergeven</string>
  <!-- Gmail the default, including the group. (Starred, Coworkers, Family, Friends, My Contacts) -->
  <string name="pref_display_system_group_summary">Laat system groep zien</string>
  <string name="pref_title_merge_same_name_group">Groepen samenvoegen</string>
  <string name="pref_merge_same_name_group_summary">Soortgelijke benoemde groepen samenvoegen</string>
  <string name="pref_font_size_title">Lettergrootte (1e lijn)</string>
  <string name="pref_font_size_summary">Grootte:%s</string>
  <string name="removePicture">Afbeelding verwijderen</string>
  <string name="changePicture">Afbeelding wijzigen</string>
  <string name="attachToGroup">Groepsfoto</string>
  <string name="use_photo_as_primary">Gebruik deze foto</string>
  <string name="photoPickerNotFoundText">Foto picker niet gevonden</string>
  <string name="SMS">SMS</string>
  <string name="Email">Email</string>
  <string name="_null">""</string>
  <!-- It shows the contact event to the present time. -->
  <string name="days_after">in %d dagen</string>
  <string name="months_after">in %d maanden</string>
  <string name="days_ago">%d dagen terug</string>
  <string name="months_ago">%d maanden terug</string>
  <string name="today">Vandaag</string>
  <string name="show_group_icon">Toon groepsfoto</string>
  <string name="show_group_icon_summary">Toon alle groeps iconen</string>
  <string name="using_system_sms_program">Gebruik standaard SMS-programma</string>
  <!-- According to user feedback that I might in the new version, use it again. -->
  <string name="using_system_sms_program_summary">Schakel SMS functie uit</string>
  <string name="recipients_limit">Limiet voor het aantal ontvangers</string>
  <string name="recipients_limit_summary">Wanneer het aantal ontvangers groter dan deze waarde is, automatisch in batches  verzenden</string>
  <string name="send">Sturen</string>
  <string name="confirm_send_message">Verder gaan met het sturen van berichten naar de overgebleven contacten?</string>
  <!-- For example, Tablet PC does not support sending text messages. However, click the SMS icon.
    I will call the SMS program. The system will report an exception. Then display this prompt. -->
  <string name="system_does_not_support">Systeem ondersteund niet!</string>
  <string name="ungrouped_contacts">verwijderde contacten uit groepen</string>
  <string name="multipleContactsDeleteConfirmation">Geselecteerde contacten zullen worden verwijderd.</string>
  <!--pref default view -->
  <string name="pref_title_default_view">Standaardtabblad</string>
  <string name="pref_default_view_summary">Het standaardtabblad bij het opstarten: %s</string>
  <!--pref show auto groups -->
  <string name="pref_title_display_auto_group">Automatische groepen weergeven</string>
  <string name="pref_display_auto_group_summary">Inclusief \ "Alle contacten \", \ "Ongegroepeerde contacten \".</string>
  <string name="label_hide">Verbergen</string>
  <string name="hide_group_summary">Laat deze groep niet zien</string>
  <string name="fast_scroll_alphabet">\u0020ABCDEFGHIJKLMNOPQRSTUVWXYZ</string>
  <string name="fast_scroll_numeric_alphabet">\u00200123456789ABCDEFGHIJKLMNOPQRSTUVWXYZ</string>
  <!-- Because the different SMS programs. When I provide a phone number to the SMS program,
    some require the use of a semicolon to separate the numbers, and some require a comma. Therefore, this option provides. -->
  <string name="sms_compatibility_mode_title">sms/mms versturen</string>
  <string name="sms_compatibility_mode_summary">Selecteer dit als uw "SMS programma," niet de normale ontvangst van telefoonnummers. Bijvoorbeeld: XT800</string>
  <string name="menu_sort_hide">sorteren &amp;verbergen</string>
  <string name="menu_sort_alphabetically">Alfabetisch</string>
  <string name="pref_in_call_widget_title">In gesprek widget</string>
  <string name="pref_help_title">Help</string>
  <string name="pref_online_help_title">Online Help</string>
  <string name="menu_cancel_send_to_voicemail">Deblokkeren oproepen van de weergegeven contacten</string>
  <string name="pref_feedback_title">Feedback via e-mail</string>
  <string name="pref_about_title">Over</string>
  <string name="version">Versie</string>
  <string name="pref_name_display_order_summary">De Weergavevolgorde wijzigen van de te tonen naam. Dit kan invloed hebben op de weergavesnelheid.</string>
  <string name="pref_contacts_account_title">Accountgegevens</string>
  <string name="pref_contacts_account_summary">Weergave van contactpersonen van: %s</string>
  <string name="all_account">Alle accounts</string>
  <string name="pref_show_account_name_title">Toon accountnaam</string>
  <string name="pref_show_account_name_summary">Toon accountnamen onder de groepsnamen.</string>
  <string name="select_account">Selecteer Account</string>
  <string name="pref_register_code_title">Registratiecode invoeren</string>
  <string name="pref_register_code_summary">U moet de code van de registratie invoeren (geen internetverbinding vereist), die je in de bevestigingsmail van je betaling hebt gekregen</string>
  <!-- A setting item, click it to open, buy the software license key dialog box. -->
  <string name="pref_get_register_code_title">Geregistreerde versie kopen</string>
  <string name="pref_get_register_code_summary">Gelieve te registreren om onze applicatie te gebruiken met de volledige functionaliteit. We hebben uw donatie nodig ter ondersteuning van de duurzame ontwikkeling van deze software.</string>
  <string name="buying_tips">Hier zijn 2 mogelijkheden (beide hebben de zelfde mogelijkheden). Je kunt het registreren met je apperaat serie nummer (paypal of creditcard) of via je google account (google play - installeer pro versie)</string>
  <string-array name="purchase_channels">
    <item>Google Play</item>
    <item>PayPal of Credit Card</item>
    <item>Aanbevelen aan vrienden</item>
  </string-array>
  <string-array name="purchase_channels_summary">
    <item>Registreer deze software met uw google-account (koop en installeer de proversie via Google Play). Verwijder na het installeren van de Pro-versie, de gratis versie.</item>
    <item>Registreer deze software met u gsm serial nummer. %s.
Na het betalingsproces, krijgt U een bevestigings mail met de registratie kode.
Check naderhand de registratie via online registration check.</item>
    <item>Krijg een vrije registratiecode</item>
  </string-array>
  <string name="menu_delete_all">Alles verwijderen</string>
  <!-- Menu title the user can use for trying to resend a message. -->
  <string name="menu_retry_sending">Opnieuw sturen</string>
  <string name="message">Bericht</string>
  <string name="failed">Bericht</string>
  <string name="queued">In de wachtrij</string>
  <string name="outbox">Postvak uit</string>
  <string name="sent">Verzonden</string>
  <string name="auto_replace_to_name">Automatisch vervangen van "???" met de volledige naam van de contact\; "??F" met de achternaam;   "??G"met de roepnaam; "??N" met de bijnaam.</string>
  <string name="example_message">Hallo, ???</string>
  <string name="sms_preview">Voorbeeld:</string>
  <string name="message_send_state_successfully">Succesvol verzonden.</string>
  <string name="message_send_state_failed">Verzenden is mislukt.</string>
  <string name="message_send_unknown_error">Onbekende fout.  %d bericht is niet verzonden.</string>
  <string name="message_send_no_signal">Geen signaal, of vliegtuig-modus actief is.  %d bericht is niet verzonden.</string>
  <string name="message_send_successfully">Alle berichten zijn verzonden.</string>
  <string name="need_the_paid_version">Alleen beschikbaar in de betaalde versie</string>
  <!-- As a "contact group"on the phone the main screen to create a shortcut. -->
  <string name="create_shortcut">Maak een snelkoppeling naar startpagina</string>
  <string name="menu_move_to_group">plaats naar groep</string>
  <string name="pref_tabs_title">Activeer &amp; sorteer</string>
  <string name="pref_tabs_summary">U kunt activeren en sorteren, welke tabs gebruikt kunnen worden </string>
  <!--pref theme -->
  <string name="pref_theme_title">thema basis</string>
  <!-- Change the software interface look. -->
  <string name="pref_theme_summary">De basis van het thema instellen</string>
  <string name="search">Zoeken</string>
  <string name="pref_services_title">Achtergrond service-instellingen</string>
  <!-- Settings screen, section heading for SMS-specific settings -->
  <string name="pref_sms_settings_title">"SMS-berichten (SMS)-instellingen"</string>
  <!-- Settings screen, section heading for EMAIL-specific settings -->
  <string name="pref_email_settings_title">"E-mailinstellingen"</string>
  <!-- Settings item for boolean option to enable/disable SMS delivery reports -->
  <string name="pref_title_sms_delivery_reports">Afleveringsrapporten</string>
  <!-- Settings item description for boolean SMS delivery report setting -->
  <string name="pref_summary_sms_delivery_reports">Vraag een bezorgingsrapport voor elk bericht.</string>
  <string name="pref_contact_sort_order_title">Sorteren op</string>
  <string name="pref_contact_sort_order_summary">De sorteervolgorde van de lijst met contactpersonen wijzigen. Dit kan invloed hebben op de weergavesnelheid.</string>
  <!-- CHANGED ORDER -->
  <string name="contact_sort_order_FamilynameAlternate">Achternaam - alternatieve</string>
  <string name="contact_sort_order_RecentContacted">recent contact mee opgenomen</string>
  <string name="contact_sort_order_CreationTime">Aanmaaktijd</string>
  <string name="contact_sort_order_DefaultAlternate">Standaard - alternatieve</string>
  <!-- An automatic group, it shows all the contacts included telephone numbers. -->
  <string name="has_phone_number_contacts">Heeft telefoonnummer contacten</string>
  <string name="exit_prompt">Druk nogmaals terug om af te sluiten.</string>
  <string name="pref_exit_prompt_title">Bevestiging vragen voor afsluiten</string>
  <string name="pref_exit_prompt_summary">Toon een extra waarschuwing voor af te sluiten</string>
  <string name="pref_language_title">Taal</string>
  <string name="load_license_success">Het laden van licentie van het netwerk was succesvol.</string>
  <string name="load_license_failed">Het laden van licentie van het netwerk mislukt!</string>
  <string name="license_check_success">Controleren Licentie was succesvol.</string>
  <string name="license_check_failed">Licentie controle mislukt!</string>
  <string name="load_license_unregistered">U bent nog niet geregistreerd.</string>
  <string name="sending">Versturen</string>
  <string name="error">Fout</string>
  <string name="clear_data_or_uninstall_app">Verwijderd data of verwijder App</string>
  <string name="database_update_error_message">"Sorry! Fout in het bijwerken van database-structuur. Deze fout treedt op omdat de database geen permissies heeft. Mogelijke oorzaak van het probleem, de back-up software. Hier zijn drie manieren om het probleem te verhelpen. Probeer een voor een totdat het probleem is verholpen. 1 . Herstart de telefoon, 2 in de mobiele software beheer-interface, de applicatie gegevens wissen,... 3 verwijderen en opnieuw installeren van de software "</string>
  <!-- It shows the contact event to the present time. -->
  <string name="one_day_after">Morgen</string>
  <string name="one_month_after">In 1 maand</string>
  <string name="one_day_ago">Gisteren</string>
  <string name="one_month_ago">Vorige maand</string>
  <string name="menu_edit_event">Gebeurtenis voor contactpersoon bewerken</string>
  <string name="menu_add_to_calendar">Voeg gebeurtenis toe aan agenda</string>
  <string name="menu_delete_event">Gebeurtenis van contactpersoon verwijderen</string>
  <string name="menu_duplicate_contact">Dubbele contactpersoon</string>
  <string name="mes_sendSmsSystemLimit">Vanwege systeem beperking, kunt %1$s per uur alleen %2$s SMS verzenden. Automatisch opnieuw proberen na %1$s uur.</string>
  <string name="sendInBatches">Batches</string>
  <string name="sendInSingle">Single</string>
  <string name="sendInBatchesMessage">Nummer van geadresseerde hoger  dan de "limiet voor aantal geadresseerden" in de instellingen. Voer het bericht in het tekst vak in en start batch verzenden of kies "Single" Start een enkele verzenden.</string>
  <string name="pref_title_eventNotification">Gebeurtenis melding instellingen</string>
  <string name="pref_title_notificationTime">Kennisgeving tijd</string>
  <string name="pref_title_notificationRingtone">Ringtoon bij melding</string>
  <string name="pref_summary_notificationTime">Tijd wanneer melding moet gebeuren aanpassen</string>
  <string name="pref_title_notificationBeforeHappen">Meldingen voor het gebeuren</string>
  <string name="pref_summary_notificationBeforeHappen">%s dagen voordat melding moet plaatsvinden</string>
  <string name="pref_title_notification">Kennisgeving</string>
  <string name="pref_title_reminder">Herinnering</string>
  <string name="pref_summary_reminder">%s voordat</string>
  <string name="pref_title_ringtone">Ringtone</string>
  <string name="pref_title_alarm">Alarm</string>
  <string name="pref_title_mergeSubgroup">Subgroep samenvoegen</string>
  <string name="pref_summary_mergeSubgroup">Subgroepen van contactpersonen weergegeven in de bovenliggende groep.</string>
  <string-array name="pref_entries_notificationTime">
    <item>1 minuut</item>
    <item>5 minuten</item>
    <item>10 minuten</item>
    <item>15 minuten</item>
    <item>20 minuten</item>
    <item>25 minuten</item>
    <item>30 minuten</item>
    <item>45 minuten</item>
    <item>1 uur</item>
    <item>2 uur</item>
    <item>3 uur</item>
    <item>12 uur</item>
    <item>24 uur</item>
    <item>2 dagen</item>
    <item>1 week</item>
  </string-array>
  <!-- Not in phone book contacts. -->
  <string name="unknown_contacts">Onbekende contactpersonen</string>
  <string name="not_in_phone_book_contacts">niet in contactenlijst</string>
  <string name="eventNotification">Melding van gebeurtenissen</string>
  <string name="eventNotificationMessage">"%s de verjaardag of gebeurtenis binnenkort."</string>
  <!-- When using the "Firstname first" show name, "Firstname" and "Lastname" split between the symbols. Most language is a space. -->
  <string name="givenNameFirstSeparator">" "</string>
  <!-- When using the "Lastname first" show name, "Firstname" and "Lastname" split between the symbols. -->
  <string name="familyNameFirstSeparator">", "</string>
  <string name="vCard">vCard</string>
  <string name="text">Tekst</string>
  <string name="pref_title_likeTheSoftware">Ondersteuning van onze software</string>
  <string name="pref_title_rating">Waardering</string>
  <string name="pref_summary_rating">Geef een goede waardering in de market.</string>
  <string name="pref_title_share">Delen</string>
  <string name="pref_summary_share">Deze software aanbevelen bij vrienden.</string>
  <string name="contact_group">Groepen</string>
  <!-- Set the time to send text messages in the future. -->
  <string name="regularlySent">Regelmatig verzonden</string>
  <string name="time">Tijd</string>
  <string name="pref_title_EmailProgram">E-mail-programma</string>
  <string name="pref_summary_on_EmailProgram">Gebruik het standaard e-mailprogramma.</string>
  <string name="pref_summary_off_EmailProgram">Geef keuze mogelijheid bij het verzenden van berichten</string>
  <string name="toolbox">Werkset</string>
  <string name="pref_title_SMSSendInterval">Interval verzenden</string>
  <string name="pref_summary_SMSSendInterval">Stuur een SMS-bericht elk tijdsinterval (in seconden).</string>
  <string name="app_dialer_name">DW beller</string>
  <string name="menu_sort">Sorteervolgorde</string>
  <string name="license_check_failed_message">Sofware licentie controle fout! zorg dat je toegang hebt tot google play.</string>
  <string name="menu_unselectAll">Alles deselecteren</string>
  <string name="pref_title_themeCustomize">Thema-instellingen</string>
  <string name="pref_title_backgroundColor">Achtergrond kleur</string>
  <string name="pref_title_backgroundColorForTitles">Titel achtergrondkleur</string>
  <string name="pref_title_textColorForTitles">De kleur van de titel van de tekst</string>
  <string name="pref_title_textColorMarked">Gemarkeerde tekst kleur</string>
  <string name="pref_title_hideTheTitle">Titelbalk verbergen</string>
  <string name="pref_title_hideTheStatusbar">Statusbalk verbergen</string>
  <string name="pref_title_hideTabLabel">Tab bar label verbergen</string>
  <string name="pref_title_autoHideTab">Verberg tabbalk</string>
  <string name="pref_summary_autoHideTab">Automatisch, zal de tabbladen verbergen na het overschakelen naar een ander tabblad</string>
  <string name="reset">Reset</string>
  <string name="pref_title_automaticRotation">Automatische rotatie</string>
  <string name="pref_summary_automaticRotation">Automatische schermrotatie  in- of uitschakelen</string>
  <string name="menu_editNotes">Notities bewerken</string>
  <string name="addSelectedContactsToFavorites">Contactpersonen toevoegen aan favorieten</string>
  <string name="removeSelectedContactsFormFavorites">Contactpersonen verwijderen uit favorieten</string>
  <string name="deleteSelectedContacts">Contactpersonen verwijderen</string>
  <string name="duplicateSelectedContacts">Dubbele contactpersonen</string>
  <string name="setGroupForSelectedContacts">Stel groep in voor contacten</string>
  <string name="forSelectedContacts">Voor geselecteerde contactpersonen</string>
  <string name="searchAnything">zoeken algemeen</string>
  <string name="quickDialManager">Snelkies manager</string>
  <string name="menu_shareNumber">Nummer delen</string>
  <string name="menu_setGroupForContact">Stel groep in voor contact</string>
  <string name="pref_title_tabSettings">Instellingen op het tabblad</string>
  <string name="sendSMStoShownContacts">Stuur SMS/MMS naar de getoonde contacten</string>
  <string name="sendEmailtoShownContacts">E-mail verzenden naar getoonde contacten</string>
  <string name="setRingtoneForShownContacts">Set ringtone voor getoonde contacten</string>
  <string name="pref_title_enableEventNotification">Melding van gebeurtenissen inschakelen</string>
  <string name="forSelectedGroups">Voor geselecteerde groepen</string>
  <string name="menu_send_group_message">Stuur SMS/MMS naar groep</string>
  <string name="menu_delete_group">Groep verwijderen</string>
  <string name="menu_deleteGroups">Groepen verwijderen</string>
  <!-- 	<string name="forSelectedOrgs">For selected companies</string> -->
  <!-- 	<string name="menu_editOrg">Edit company</string> -->
  <!-- 	<string name="forSelectedTitles">For selected titles</string> -->
  <!-- 	<string name="menu_editTitle">Edit title</string> -->
  <string name="menu_editContactFromEvent">Contactpersoon uit het gebeurtenis bewerken</string>
  <string name="menu_focus2Today">Richten tot vandaag</string>
  <string name="generalDeleteConfirmation">Ben je zeker dat je wilt verwijderen?</string>
  <string name="addContactTo">Contactpersoon toevoegen aan %s</string>
  <string name="removeContactFrom">Verwijder de contactpersoon van %s</string>
  <string name="pref_title_showTabAtTop">Toon tabbalk aan bovenkant</string>
  <!-- Within the group "contact list" label -->
  <string name="labelWithinGroupContactsList">Contactpersonen</string>
  <string name="multipleChoicePrompt">Multi-select is beperkt in de gratis versie tot %d items per actie. Als je een bericht wilt verzenden naar de groep, doe dit dan vanuit de groeplijst.</string>
  <string name="pref_title_dialerPadTone">Toon voor indrukken dialer pad</string>
  <string name="recentChanges">Recente wijzigingen</string>
  <string name="more">Meer</string>
  <string name="selectAll">Selecteer alle</string>
  <string name="pref_title_alwaysToDefTab">Begin altijd met standaard tab</string>
  <string name="pref_summary_alwaysToDefTab">Bel-toets om de app te starten opent nog steeds de standaard tabblad.</string>
  <string name="pref_title_showMostContactedBelowFavorites">Toon meest gecontacteerd onder Favorieten</string>
  <string name="pref_title_showEventsFromToday">Gebeurtenissen vanaf vandaag weergeven</string>
  <string name="pref_title_YPositionOfInfoWindow">Y-positie van info venster</string>
  <string name="pref_summary_YPositionOfInfoWindow">De omhoog/omlaag positie van informatievenster. Ook kan de positie direct verplaatst worden bij een inkomende oproep.</string>
  <string name="pref_title_backupRestore">Backup &amp; Herstellen</string>
  <string name="pref_title_backupAllSettings">Back-up van alle instellingen</string>
  <string name="pref_title_restoreAllSettings">Herstellen van alle instellingen</string>
  <string name="pref_title_restoreDefaultSettings">Standaardinstellingen herstellen</string>
  <string name="pref_title_showMyContactsInUngrouped">negeeer systeem-groep \"mijn contacten"</string>
  <string name="pref_title_startDialerWithoutDialerPad">Start dialer zonder dialer pad</string>
  <string name="pref_summary_showMyContactsInUngrouped">Toon Contacten (die alleen in het groep-systeem staan \"mijn contacten\") onder \"niet gegroepeerde contacten\".</string>
  <string name="toast_allSettingsToDefault">Alle instellingen zijn hersteld naar de beginwaarden</string>
  <string name="toast_settingsBackedSuccessfully">Instellingen gebackupt naar %s</string>
  <string name="toast_settingsBackedFailed">Back-up is mislukt. Zorg ervoor dat u een geldige back-up pad hebt ingevoerd.</string>
  <string name="toast_settingsRestorSuccessfully">Instelling zijn met succes terug geplaatst vanuit %s.</string>
  <string name="toast_settingsRestorFailed">Terugzetten is mislukt. Zorg ervoor dat u het juiste pad, waar de instellingen worden opgeslagen, hebt ingesteld.</string>
  <string name="menu_newOrg">Nieuwe organisatie</string>
  <string name="menu_newTitle">Nieuwe titel</string>
  <string name="enterAName">Voer een naam in</string>
  <string name="pref_title_t9Search">T9 zoekinstellingen</string>
  <string name="pref_summary_t9Search">Dit zijn geavanceerde opties, die betrekking hebben op het tabblad "telefoon" en hoe de T9-zoekopdracht zal werken</string>
  <string name="pref_title_matchingAnywhere">Overeenkomen met de woorden overal</string>
  <string name="pref_summary_matchingAnywhere">\"NTA\" overeenkomen met \"dw coNTActs\"</string>
  <string name="pref_title_matchingPart">Overeenkomen met exacte deel van zin</string>
  <string name="pref_summary_matchingPart">\"NTA\" overeenkomen met \"dw coNTActs\"</string>
  <string name="pref_title_matchingFirstLetter">komt overeen met de eerste letter</string>
  <string name="pref_summary_matchingFirstLetter">\"DCO\" overeenkomen met \"Dw COntacts\"</string>
  <string name="pref_title_sortByDegreeOfMatch">Gesorteerd op mate van overeenkomst</string>
  <string name="menu_copyToClipboard">Kopiëren naar het klembord</string>
  <string name="menu_createEvent">Maak een afspraak</string>
  <string name="useLimitFeaturePrompt">Je kunt deze mogelijkheid slecht %d keer gebruiken in de gratis versie.</string>
  <string name="pref_title_appointmentSettings">Afspraak instellingen</string>
  <string name="pref_title_defaultAppointmentText">Standaard afspraak tekst</string>
  <string name="pref_summary_defaultAppointmentText">Voeg een tekst, die zal worden ingevoegd vóór het toevoegen van naam + aantal</string>
  <string name="pref_default_defaultAppointmentText">"Bellen met"</string>
  <string name="titlesList">Titels</string>
  <string name="eventsList">Gebeurtenissen</string>
  <string name="pref_title_showInContactList">Items die u wilt weergeven</string>
  <string-array name="pref_entries_showInContactList">
    <item>Nummers</item>
    <item>Organisatie</item>
    <item>Titel</item>
    <item>Groepen</item>
    <item>Account icoon</item>
    <item>Contact foto</item>
    <item>E-mail-knop</item>
    <item>SMS-toets</item>
    <item>Bel toets</item>
    <item>Notities</item>
  </string-array>
  <string name="pref_title_showNotesLines">Beperk toelichting op x-lijnen</string>
  <string name="pref_title_colorForGroups">Achtergrond kleur - groepen</string>
  <string name="pref_title_colorForOrganization">Achtergrond kleur - organisaties</string>
  <string name="pref_title_colorForTitle">Achtergrond kleur - titels</string>
  <string name="pref_title_fontSize2">Lettergrootte (2e lijn)</string>
  <string name="pref_title_fontSize3">Lettergrootte (3e lijn)</string>
  <string name="pref_title_useNumberSearch">Gebruik nummer uit de zoekopdracht</string>
  <string name="pref_summary_useNumberSearch">Indien geactiveerd, zal het ook zoeken naar nummers</string>
  <string name="noEmailAddress">Geen E-mailadres</string>
  <string name="pref_title_showCallLogOnPhone">Toon bellijst op telefoon</string>
  <string name="listTotalCallHistory">Weergeven van %1$d oproepen / duur %2$s</string>
  <string name="pref_title_showContactsOnPhoneStart">Tonen contacten bij het starten</string>
  <string name="pref_summary_showContactsOnPhoneStart">Indien ingeschakeld, worden alle contacten ook weergegeven in de lijst</string>
  <string name="listTotalCallLog">%d verschillende telefoonnummers weergeven</string>
  <string name="upcoming">Aankomende</string>
  <string name="pref_title_phoneSettings">Telefooninstellingen</string>
  <string name="pref_title_mergeCallLog">Samenvoegen oproeplogboek</string>
  <string name="pref_title_showCounterOnMergedCallLog">Toon teller op samengevoegde call log items</string>
  <string name="pref_summary_showCounterOnMergedCallLog">Indien ingeschakeld, zal het aan de rechterkant van de contact naam de teller tonen hoeveel gesprekken worden samengevoegd</string>
  <string name="pref_title_groupCallLogByDate">Toon gesprekslog groep op datum</string>
  <string name="pref_summary_groupCallLogByDate">Indien geactiveerd, zal het oproep logs groeperen op datum</string>
  <string name="pref_title_limitCallLogOnXDays">Beperk oproeplogboek op dag %s</string>
  <string name="pref_summary_limitCallLogOnXDays">Beperk oproeplogboek op dag %s (0 = toon alle)</string>
  <string name="pref_message_0toShowAllDays">0 om alle dagen te laten zien</string>
  <string name="pref_message_0toShowAllItems">0 om alles te laten zien</string>
  <string name="pref_title_useOrgSearch">Gebruik de organisatie op zoek naar</string>
  <string name="pref_title_matchingSkipWord">laat het overslaan van een woord toe</string>
  <string name="pref_summary_matchingSkipWord">\"DPH\" overeenkomsten met \"Dw contacten &amp; PHone\"</string>
  <string name="pref_title_matchingSkipSpace">Spatie overslaan toestaan</string>
  <string name="pref_summary_matchingSkipSpace">\"TSPH\" overeenkomst \"dw contacTS &amp; gsm\"</string>
  <string name="pref_title_globalSettings">Algemene instellingen</string>
  <string name="pref_title_registrationStates">Status: %s</string>
  <string name="pref_summary_registrationStates">Deze versie is %1$s voor apparaat serienummer: %2$s</string>
  <string name="registered">Geregistreerd</string>
  <string name="unregistered">Niet-geregistreerde</string>
  <string name="pref_title_onlineRegistrationCheck">Online registratie controleren</string>
  <string name="pref_summary_onlineRegistrationCheck">Het zal controleren of uw toestel niet is geregistreerd (internet verbinding vereist).</string>
  <string name="pref_title_registration">Registratie</string>
  <string name="pref_summary_registration">Uitgebreide functies ontgrendelen, verwijder advertenties</string>
  <string name="pref_summary_showContactsWithPhoneNumber">Indien uitgeschakeld, zal het systeem gebruikt worden, (contact filter instelling), welke ingesteld kan worden onder "landen instelling"</string>
  <string name="pref_title_historyViewSettings">Geschiedenis weergave-instellingen</string>
  <string-array name="pref_entries_dialerPadTone">
    <item>DTMF Toon</item>
    <item>Toets toon</item>
    <item>UIT</item>
  </string-array>
  <string name="pref_title_limitNumberTitleToXChar">De lengte van telefoonnummer titel</string>
  <string name="pref_summary_limitNumberTitleToXChar">Op 0 zetten toont de volledige lengte of telefoonnummer titel</string>
  <string name="pref_title_supportForum">Ondersteuningsforum</string>
  <string name="pref_title_textColor">Tekstkleur</string>
  <string name="historyList">Geschiedenis</string>
  <string name="startProVerPrompt">Pro-versie is gedetecteerd. Nu starten?</string>
  <string name="pref_title_selectedBackgroundColor">Ingedrukte toets voor achtergrond kleur</string>
  <string name="pref_title_dialpadThemeSettings">Telefoonkiezer instellingen</string>
  <string name="pref_title_globalThemeSettings">Globale thema-instellingen</string>
  <string name="pref_title_showAlwaysAddIcon">Toon altijd * toevoegen * pictogram</string>
  <string name="pref_summary_showAlwaysAddIcon">Als ingeschakeld, het zal in de lijst op eerste regel "+" pictogram wordt weergegeven, waarmee u een contactpersoon kunt toevoegen</string>
  <string name="pref_title_eventGreetingText">Gebeurtenis begroeting</string>
  <string name="pref_default_eventGreetingText">Hallo???, ik wens je het allerbeste voor uw??A\'th??E</string>
  <string name="pref_title_eventGreetingSubject">Gebeurtenis groet onderwerp</string>
  <string name="pref_summary_eventGreetingSubject">Alleen gebruikt bij verzenden via e-mail</string>
  <string name="pref_message_eventGreetingText">U kunt bovendien variabele "???" met de volledige naam van de contact\; "??F"met de achternaam; "??G "met de gegeven naam;"??N"met de nick naam; "??A"voor leeftijd; "??E"voor de gebeurtenis typt</string>
  <string name="pref_default_eventGreetingSubject">Groeten met je??A\'th??E</string>
  <string name="menu_sendGreetingSMSToContact">Stuur gebeurtenis sms/mms naar contact</string>
  <string name="menu_sendGreetingEmailToContact">Stuur evenement e-mail naar contact</string>
  <string name="pref_title_storeSendSMSToSystemDB">zend verzonden SMS/MMS naar database</string>
  <string name="pref_summary_storeSendSMSToSystemDB">Indien geactiveerd, worden verzonden SMS / MMS opgeslagen in de systeem database.</string>
  <!-- 	<string name="pref_title_backgroundImage">Background image</string> -->
  <!-- 	<string name="pref_summary_backgroundImageEn">If you use background image, the background color can be used simultaneously as color filter</string> -->
  <string name="pref_title_textColorSecond">Tekstkleur 2e + 3e lijn</string>
  <string name="pref_title_textColorLabel">Tekstkleur voor het label 3e lijn</string>
  <string name="pref_summary_textColorLabel">Dit is voor tekst kleur voor gelabelde groepen, organisaties en titels</string>
  <string name="pref_title_backgroundListSectionColor">Achtergrond lijst sectie kleur</string>
  <string name="pref_title_textListSectionColor">Tekstlijst sectie kleur</string>
  <string name="pref_title_showAlphabetListSection">Tonen alfabet lijst sectie</string>
  <string name="pref_title_fontSizeforDigits">Lettergrootte voor cijfers</string>
  <string name="pref_title_fontSizeforLetters">Lettergrootte voor brieven</string>
  <string name="pref_title_dialpadIconsArrangement">Numerieke toetsenblok pictogrammen arrangement</string>
  <string-array name="pref_entries_dialpadIconsArrangement">
    <item>Dial / Input / verwijderen</item>
    <item>Verwijderen/Input/Dial</item>
    <item>Invoer/Delete/Dial</item>
  </string-array>
  <!-- 	quick jump to alphabetic listcreate new contact -->
  <string name="menu_quickJump">Quick-Jump</string>
  <string-array name="pref_entries_hideTab">
    <item>aan</item>
    <item>Uit</item>
    <item>Auto</item>
  </string-array>
  <string name="pref_title_backgroundColorQuickJump">Quick-Jump achtergrondkleur</string>
  <string name="pref_title_textColorQuickJump">Quick-Jump tekstkleur</string>
  <string name="pref_title_disableSlideSwitchingTabs">Schakel slide-wissel tabs uit</string>
  <string name="pref_title_showNumberKeyboardOnDialpad">Tonen nummer toetsenbord op numerieke toetsenblok</string>
  <string name="pref_summary_showNumberKeyboardOnDialpad">Als uitgeschakeld, zal het alleen het invoervak Tonen, bellen en verwijderen pictogram (bruikbaarheid, als u wilt altijd bellen via uw hardware toetsen")</string>
  <string name="pref_title_dialpadToFullWidth">Toetsenblok in volledige scherm breedte</string>
  <string name="pref_summary_dialpadToFullWidth">Indien geactiveerd, gaat de dialer naar het volledige scherm breedte in in landscape-modus  (anders is het aan de rechterkant)</string>
  <string name="pref_title_smsSignature">SMS/MMS handtekening</string>
  <string name="pref_summary_smsSignature">Handtekening, zal altijd worden toegevoegd aan het einde van de SMS/MMS</string>
  <!-- 2.0.7 -->
  <string name="pref_title_languageForT9">Taal voor T9-search</string>
  <string name="pref_summary_languageForT9">U kunt extra talen, die moeten worden gebruikt voor T9-zoekopdracht toevoegen</string>
  <string name="pref_title_quickJumpAlignment">Quick-Jump uitlijning</string>
  <string-array name="pref_entries_quickJumpAlignment">
    <item>Boven</item>
    <item>in het midden</item>
    <item>Onderkant</item>
  </string-array>
  <string name="menu_gridView">Rasterweergave</string>
  <string name="menu_listView">Lijstweergave</string>
  <string name="pref_title_gridViewSettings">Raster weergave-instellingen</string>
  <string name="pref_title_gridViewSize">Rastergrootte</string>
  <string name="pref_title_lockGridSize">Rastergrootte vergrendelen</string>
  <string name="pref_summary_lockGridSize">Als het is vergrendeld, kan vervolgens de quick-sprong opnieuw worden gebruikt via 2 vinger schuiven</string>
  <string name="pref_title_phoneDialpadHeight">Telefoon dialpad oplichten</string>
  <string name="pref_title_moreSettings">Detail weergave-instellingen</string>
  <string name="pref_summary_moreSettings">Meer gedetailleerde instellingen voor elk tabblad Weergave</string>
  <string name="pref_title_displayNameBelowThePicture">Toon naam onder de afbeelding</string>
  <string name="menu_exportContactPicture">Foto van contactpersoon exporteren</string>
  <string name="toast_saveFailed">Opslaan is mislukt!</string>
  <string name="toast_saveSuccessfully">Succesvol opgeslagen op:%s</string>
  <string name="callConfirm">Kiezen bevestiging</string>
  <string name="pref_summary_callConfirm">Indien ingeschakeld, zal er een popup scherm verschijnen met een bevestigings verzoek, voor kiezen van het nummer</string>
  <string name="pref_title_automaticConfirmationDelay">automatische bevestiging uitstellen</string>
  <!-- It is an option to set a time for the control [Dialing confirmation] dialog.
     At the end of the counter automatically close [Dialing confirmation] dialog. -->
  <string name="pref_title_automaticCancelDelay">Automatische annuleren vertraging</string>
  <string name="pref_summary_automaticConfirmationDelay">Je kunt overal het scherm aanraken om de timer te stoppen</string>
  <string name="pref_title_picturePositionOnRight">Afbeeldings positie aan rechterkant</string>
  <string name="updateCheck">Update check</string>
  <string name="noUpdates">Geen updates beschikbaar</string>
  <string name="download">Downloaden</string>
  <string name="pref_title_globalIconSize">Global pictogram grootte</string>
  <string name="pref_summary_globalIconSize">Deze grootte definiërt de breedte van alle iconen: inbellen dialpad, terug toets dialpad, dial, sms, e-mail, afbeelding</string>
  <string name="pref_title_backKeyHideDailpad">Terug toets om dialpad verbergen</string>
  <string name="pref_summary_backKeyHideDailpad">Indien uitgeschakeld, Klik eerst op hardware knop "terug" waarmee de toepassing gesloten wordt. Anders zal het, het dialpad verbergen voordat u afsluit</string>
  <string name="pref_title_hapticFeedbackVibration">Haptische feedback trillingen</string>
  <string name="pref_title_hapticFeedbackStrength">Tril sterkte tijdens feedback</string>
  <string name="pref_title_limitCallLogOnXitems">Beperk het oproeplogboek op max%s items</string>
  <string name="pref_summary_limitCallLogOnXitems">Beperkte oproep logboek van max %s items (0 = onbeperkt)</string>
  <string name="pref_title_dividerLineColor">Scheidingslijn kleur</string>
  <string name="menu_quickDial">Snel kiezen</string>
  <string name="buying_tips_in_free">Je kunt google play gebruiken om de pro versie te kopen. Als je geen toegang hebt tot google play om applicatie\'s te kopen, kun je het downloaden en dan registreren. Beide versie\'s hebben de zelfde funtionaliteit.</string>
  <string name="buying_channel_registration">De REG-versie downloaden</string>
  <string name="buying_channel_registration_summary">"Nadat u op de koppeling hebt geklikt, zal het downloaden van de toepassing beginnen, vervolgens klikt U op dat bestand voor installatie. Na installatie start de applicatie en volg de registratie instructies." </string>
  <string name="pref_title_buyAdvancedVersion">Geavanceerde versie kopen</string>
  <string name="freeVersionFound">GRATIS versie gevonden op uw systeem.</string>
  <string name="uninstallFreeVersionPrompt">Wij raden aan om de Free versie te verwijderen en de geregistreerde versie te gebruiken. Maak evt een back-up van U gegevens, voordat U de Free versie verwijderd. Daarna herstel in de Pro versie.
Moet ik nu de Free versie verwijderen?</string>
  <string name="pref_title_copySerialNum">Kopieer serienummer van het apparaat naar het klembord</string>
  <string name="askToCheckRegistrationCode">"Registratie nummer niet geldig of niet geregistreerd. Wilt u dit nummer nu controleren?"</string>
  <string name="deleteContactConfirmation">Contact \"%s\" zal worden verwijderd.</string>
  <string name="enable">Inschakelen</string>
  <string name="allIncomingCalls">Alle inkomende gesprekken</string>
  <string name="anonymousIncomingCalls">Anonieme oproepen</string>
  <string name="anonymousIncomingCallsSummary">Wanneer geen telefoon nummer getoont word </string>
  <string name="automaticGroups">Automatische groepen</string>
  <string name="pref_title_dialPrefix">vooraf ingestelde nummers</string>
  <string name="pref_summary_dialPrefix">Als voorkeuze nummer is ingevoerd, is er een extra opties om het op te roepen via lang drukken op menu</string>
  <string name="pref_title_dialSuffix">nummer achtervoegsel</string>
  <string name="pref_summary_dialSuffix">Als voorkeuze nummer is ingevoerd, is er een extra opties om het op te roepen via lang drukken op menu</string>
  <string name="pref_title_quickDialLimit">voorkeuze limiet</string>
  <string name="pref_title_languageForT9Keyboard">Taal voor T9-toetsenbord</string>
  <string name="pref_summary_languageForT9Keyboard">Selecteer de taal die u wilt weergeven in de T9 kiestoetsen.</string>
  <string name="callFilterAction">Actie</string>
  <string-array name="callFilterActions">
    <item>Onderscheppen</item>
    <item>toestaan</item>
    <item>Stilte</item>
  </string-array>
  <string name="callFilterType">Filtertype</string>
  <string-array name="callFilterTypes">
    <item>Groep filter</item>
    <item>nummer filter</item>
    <item>recent gebeld nummer</item>
  </string-array>
  <string-array name="callFilterTypesHint">
    <item>Selecteer groepen voor filter</item>
    <item>geef nummer voor filter</item>
    <item>Selecteer de geldige duur</item>
  </string-array>
  <string name="ruleEditor">Regeleditor</string>
  <string name="label">Label</string>
  <string name="numberFilterExplain">*= elk woord, ?= elk teken</string>
  <string name="effectiveTimeOfTheRule">"Activiteit van %1$s tot %2$s"</string>
  <string name="menu_viewRelatedContacts">Verwante contactpersonen weergeven</string>
  <string name="title_selectNumbers">Selecteer nummers</string>
  <string name="title_selectEmailAddresses">Selecteer e-mailadressen</string>
  <string name="pref_title_lockView">beveilig items layout verandering</string>
  <string name="pref_summary_lockView">zet items bekijken vast om items te veranderen via 2 vinger schuiven</string>
  <string name="selectedNumberOfContacts">Geselecteerde %d contacten</string>
  <string name="selectedNumberOfEmailAddresses">Geselecteerde %d adressen, klik om te  kopiëren naar het Klembord.</string>
  <string name="selectedNumberOfPhoneNumbers">Geselecteerde %d telefoonnummers</string>
  <!-- 2.1.1 -->
  <string name="pref_title_nameFieldToShow">Selecteer naamveld om te laten zien</string>
  <string name="pref_summary_nameFieldToShow">Alleen effectief als "laat contact zien als" niet als standaard is ingesteld</string>
  <string-array name="pref_entries_nameField">
    <item>Voornaam</item>
    <item>Achternaam</item>
    <item>tussenvoegsel</item>
    <item>Eervol voorvoegsel</item>
    <item>Eervol Achtervoegsel</item>
    <item>voornaam / fonetisch</item>
    <item>Achternaam \ fonetisch</item>
    <item>tussenvoegsel / fonetisch</item>
  </string-array>
  <string name="pref_title_showMatchFirstLetterResultsFirst">Toon \"gelijk aan de eerste letter\" eerste resultaten</string>
  <string name="pref_title_clickTheActions">klik lijst akties invoer</string>
  <string name="pref_summary_clickTheActions">Actie wanneer u klikt op het item uit de lijst.</string>
  <string name="pref_summary_clickListIconActions">Actie wanneer u op het contact icon klikt in de lijstweergave.</string>
  <string name="action_viewContactDetails">Bekijk kontact gegeven</string>
  <string name="action_selectNumberToCall">Kies een nummer om te bellen</string>
  <string name="action_viewContactHistory">Bekijk kontakt geschiedenis</string>
  <string name="action_viewQuickContactBadge">Snel kontact gegevens bekijken</string>
  <string name="action_callCurrentNumber">Bel huidig nummer</string>
  <string name="action_callDefaultNumber">Bel standaard nummer</string>
  <string name="action_sendMessageToCurrentNumber">Stuur SMS/MMS naar huidige nummer</string>
  <string name="action_sendMessageToDefaultNumber">SMS/MMS verzenden naar standaardnummer</string>
  <string name="pref_title_clickIconActions">Klik op pictogram acties</string>
  <string name="pref_summary_clickIconActions">Actie wanneer u op het contact icon klikt in de rasterweergave.</string>
  <string name="pref_title_lockWindowPosition">Het vensterpositie vergrendelen</string>
  <string name="pref_summary_lockWindowPosition">Als u niet wilt verplaatsen door te slepen.</string>
  <string name="pref_title_showCallerLocation">De locatie van de beller weergeven</string>
  <string name="downloadPluginPrompt">Moet plug-ins installeren. nu downloaden?</string>
  <string name="Default">Standaard</string>
  <string name="pref_title_searchCallLog">Zoek in bellijst</string>
  <string name="pref_summary_searchCallLog">Noodzakelijk om te openen \"toon oproeplijst op de telefoon\";</string>
  <string name="menu_shareContacts">Contactpersonen delen</string>
  <string name="font_size">Tekengrootte</string>
  <string name="show_call_log_filter">Toon oproep log filter</string>
  <string name="hide_call_log_filter">verberg oproep log filter</string>
  <string name="prompt_in_sms_tab">Toon de SMS die naar de groep verzonden is door DW contactpersonen.</string>
  <string name="pref_title_exitWhenCallEnds">Afsluiten wanneer de oproep is beëindigd</string>
  <string name="pref_title_residesInMemory">Bevindt zich in het geheugen</string>
  <string name="pref_summary_residesInMemory">In de zelfde tijd "background service aan" kan langer in het geheugen gehouden worden.</string>
  <!-- Header that expands to list all of the types of settings -->
  <string name="optionsLabelsGroup">Opties</string>
  <string name="pref_summary_textColorForSecondT9Languare">De kleur van de tweede T9 taal</string>
  <string name="pref_title_enableDualcardSuppout">Ondersteuning voor dual-kaart inschakelen</string>
  <!-- 联系人详细信息 -->
  <string name="detailsList">Details</string>
  <string name="pref_title_minimumHeightOfListItem">Minimale hoogte van de item lijst</string>
  <string name="loading">Laden</string>
  <string name="pref_title_displayWhenDialing">Laat zien tijdens bellen</string>
  <string name="pref_title_usingMoreDetailedListSection">Gebruik meer gedetalieerde lijst</string>
  <string name="pref_summary_usingMoreDetailedListSection">Dit wordt gebruikt om snel naar letters te gaan</string>
  <string name="desktop_widget_limit_messages">In deze gratis versie kun je alleen een desktop widget maken</string>
  <string name="label_customField">Aangepaste velden</string>
  <string name="menu_otherContactViewer">Andere contact viewer</string>
  <string name="pref_title_hideStatistics">Statistieken verbergen</string>
  <string name="pref_title_backupTheme">Back-up thema-instellingen</string>
  <string name="pref_title_restoreTheme">Thema-instellingen herstellen</string>
  <string name="appwidget_titleText">Titel</string>
  <string name="appwidget_summary_selectGroup">Selecteer de contactgroep om weer te geven.</string>
  <string name="iconSize">Icongrootte</string>
  <string name="widgetConfiguration">Widget configuratie</string>
  <string name="pref_title_iconNumberOfColumns">Aantal kolommen voor icon</string>
  <string name="pref_summary_iconNumberOfColumns">0 voor automatisch aanpassen</string>
  <string name="tips_contactAppWidget">Klik op de widget titel voor instellingen</string>
  <string name="pref_title_nameLines">Naam lijnen</string>
  <string name="pref_summary_nameLines">0 om de naam te verbergen</string>
  <string name="menu_deleteTheShownCallLog">De getoonde bellijst verwijderen</string>
  <string-array name="pref_entries_contactListSearchOptions">
    <item>Zoeken in alle velden</item>
    <item>In alle contactpersonen zoeken</item>
    <item>Zoek in de algemene adreslijst</item>
  </string-array>
  <string name="pref_title_defaultContactIcon">Standaard kontakt icon</string>
  <string name="pref_title_defaultGroupIcon">Standaard groep icon</string>
  <string name="prompt_restoreDefaultSettings">Eerst een instellings backup maken is aangeraden. Zet alle instelling terug naar standaard nu?</string>
  <string name="pref_title_interceptCallsEvenDuringCall">Onderschept oproepen zelf gedurende een oproep</string>
  <string name="pref_summary_interceptCallsEvenDuringCall">Dit kan het toe leiden dat de oproep wordt beïndigd die aan de gang is</string>
  <string name="pref_title_displayPromptWhenCallBlocked">Laat een popup zien als de oproep geblokeerd is.</string>
  <!-- Call Statistics -->
  <string name="call_statistics">oproepen statiek</string>
  <string name="freeNumbersManager">Vrije nummer manager</string>
  <string name="tab_call_statistics">Statistiek</string>
  <string name="call_type_incoming">binnenkomend</string>
  <string name="call_type_outgoing">Uitgaand</string>
  <string name="call_type_missed">Gemist</string>
  <string name="call_type_blocked">Geblokkeerd</string>
  <string name="call_type_all">Alle</string>
  <string name="call_duration">Duur</string>
  <string name="call_duration_minute">Kosten/min</string>
  <string name="call_count">Teller</string>
  <string name="call_statistics_time_billingCycle">Afrekening cyclus</string>
  <string name="call_statistics_time_thisMonth">Deze maand</string>
  <string name="call_statistics_time_thisWeek">Deze week</string>
  <string name="call_statistics_time_all">Altijd</string>
  <string name="pref_title_startDayOfBillingCycle">De start dag van de afrekening cyclus</string>
  <string name="pref_title_missedCallsTextColor">Gemiste gespreken tekst kleur</string>
  <string name="pref_summary_unansweredOutgoingCallsTextColor">Onbeantwoorde uitgaande gesprekken</string>
  <string name="pref_title_freeMonthlyTalkTime">Gratis gespreks tijd per maand</string>
  <string name="pref_title_freeIncomingCalls">Gratis oproepen</string>
  <string name="pref_title_costWarning">Kosten waarschuwing</string>
  <string name="pref_summary_costWarning">Popup ter herinnering voor het einde van de gratis gesprekken </string>
  <string name="prompt_freeTalkTimeIsOver">Gratis gesprekken zijn op.</string>
  <string name="prompt_remainingFreeTalkTimer">Resterende gratis gesprekken tijd: %1$d minuten; dagelijks: %2$d minuten.</string>
  <string name="pref_title_showGroupSContactsCount">Laat groeps contact teller zien</string>
  <string name="pref_summary_showGroupSContactsCount">indien geopend zal het de laad snelheid van contacten beïnvloeden.</string>
  <string name="pref_title_contactPictureZoomMode">Kontakt afbeelding zoom mode</string>
  <string-array name="pref_entries_contactPictureZoomMode">
    <item>Midden</item>
    <item>Midden verkleinen</item>
    <item>centreer binnen</item>
    <item>passend in het midden</item>
    <item>Fit XY</item>
  </string-array>
  <string name="get_online_help">krijg online hulp</string>
  <string name="error_report">Fout report</string>
  <string name="hasNoPhoneNumberContacts">Heeft kontakten zonder telefoon nummer</string>
  <string name="pref_title_minimumBillableTime">Minimale tijd welke in rekening gebracht wordt</string>
  <string name="pref_summary_minimumBillableTime">De huidige instelling is %s seconden, als de gesprektijd 01:15 is. Is de instelling 30 seconden dan is tijd die verrekend wordt 01.30. Is de instelling 60seconden, is de tijd die verrekend wordt 02:00.</string>
  <string name="menu_showSidebar">laat sidebar zien</string>
  <string name="menu_hidesidebar">verberg sidebar</string>
  <string name="SIMCard1">Sim kaart 1</string>
  <string name="SIMCard2">Sim kaart 2</string>
  <string name="sim_card_office">Kantoor</string>
  <string name="sim_card_home">Thuis</string>
  <string name="sim_card_call">oproep</string>
  <string name="sim_card_internet">internet</string>
  <string name="sim_card_heart">hart</string>
  <string name="lable_sim_card_name">Naam:</string>
  <string name="lable_sim_card_icon">Icon:</string>
  <string name="defaultSIMcard">Standaad SIM kaart</string>
  <string name="prompt_inFirstUseDialer">Een noodroep maken hangt van het systeem af dat voorkomt dial-up software. Zorg er voor dat het werkt.</string>
  <string name="pref_title_enableBackgroundDataLoading">zet data laden op de achtergrond aan</string>
  <string name="pref_summary_enableBackgroundDataLoading">Aanzetten om de reactietijd van software te versnellen.
Hou in de gaten dat hierbij wel het batterij verbruik toeneemt. De kontakten database wordt regelmatig geupdate.</string>
  <string name="pref_title_scaleToFitTheScreen">Schaal om aan het scherm aan te passen</string>
  <string name="pref_summary_scaleToFitTheScreen">Schaal automatisch de grid groote aan het formaat van het scherm</string>
  <string name="pref_summary_whenPortraitMode">Portret-modus</string>
  <string name="pref_summary_whenTheSidebarIsOpen">Sidebar in Portrait mode</string>
  <string name="pref_summary_whenInLandscapeMode">Landscape modus</string>
  <string name="pref_summary_whenInLandscapeModeAndTheSidebarIsOpen">Sidebar in landscape mode</string>
  <string name="pref_title_usingMoreDetailedFastScroller">gebruik een meer gedetalieerde snelle scroller</string>
  <string name="pref_title_contactFields">Kontakt velden</string>
  <string name="pref_summary_informationNeedSendToCalendar">Selecteer info welke naar de kalender gestuurd moet worden</string>
  <string-array name="pref_entriesNeedSendToCalendar">
    <item>Organisatie</item>
    <item>Adres</item>
    <item>Telefoon</item>
    <item>E-mail</item>
    <item>Notities</item>
  </string-array>
  <string name="menu_addConsecutiveNumbers">Opeenvolgende nummers toevoegen</string>
  <string name="startingNumber">Start nummer</string>
  <string name="endingNumber">Laatste nummer</string>
  <string name="prompt_ALotOfNumbersToAddToContact">De %d nieuwe nummers worden toegevoegd aan de kontact. Dit zal wat tijd kosten.</string>
  <string name="prompt_numberParsingErrorInaddConsecutiveNumbers">Nummer Parseerfout! Voer niet het formated nummer in.</string>
  <string name="prompt_needToAddNumbersTooMuch">Dit zal leiden tot het %d nummer dat is toegevoegd aan contaacten. Te veel nummers toevoegen zal leiding tot vertraging in je gsm.</string>
  <string name="prompt_addConsecutiveNumbers_accountDoesNotSupport">Contact account biedt geen ondersteuning voor het toevoegen van zo veel telefoon nummers.</string>
  <string name="pref_title_usingHDContactPicture">Gebruik HD contact foto</string>
  <string name="pref_title_linksInNotes">links in notities</string>
  <string name="pref_summary_linksInNotes">Indien ingeschakeld, web urls, email-, straat adressen en telefoonnummers in notities zijn aan te klikken.</string>
  <string name="pref_title_enableInCallWidget">Inschakelen In gesprek widget</string>
  <string name="pref_title_delayToClose">Vertraging van het sluiten</string>
  <string name="pref_summary_delayToCloseInCallWidget">Vertraging %ds sluit de \"In oproep widget\" wanneer de oproep is beëindigd.</string>
  <string name="pref_title_closeWhenOffhook">Sluiten wanner van de haak</string>
  <string name="pref_summary_closeWhenOffhook">Sluit de \"oproep bezig widget\" wanneer je de oproep aanneemt.</string>
  <string name="pref_summary_informationNeedShowInInCallWidget">Selecteer informatie nodig Toon in \"In oproep widget\".</string>
  <string name="last_contact_time">Laatste keer contact mee opgenomen</string>
  <string name="contact_pictures">Afbeelding van contact</string>
  <string name="menu_importToQuickdialList">Importeer in snel oproep lijst</string>
  <string name="confirm_importToQuickdialList">Merk op dat de geïmporteerde gegevens de bestaande gegevens overschrijven.</string>
  <string name="toast_importToQuickdialListSuccessfully">%d nummer is ingevoerd</string>
  <string name="pref_title_frameColor">Frame-kleur</string>
  <string name="pref_title_hideDefaultIcon">Standaardpictogram verbergen</string>
  <string name="pref_summary_hideDefaultIcon">Het standaardpictogram in de lijstweergave verbergen.</string>
  <string name="pref_title_showInTheSidebar">In de zijbalk weergeven</string>
  <string name="pref_summary_showInTheSidebar">Selecteer items die moeten worden weergegeven in de zijbalk</string>
  <string-array name="pref_entries_showInTheSidebar">
    <item>"Groepen"</item>
    <item>Organisaties</item>
    <item>Titels</item>
  </string-array>
  <string name="menu_addToQuickdialList">Toevoegen aan snel bel lijst</string>
  <string name="toast_theNumberHasNeenAdded">Het nummer is toegevoegd.</string>
  <string name="pref_title_fontSizeSidebar">Tekengrootte (zijbalk)</string>
  <!-- 	<string name="hour">Hour</string> -->
  <string name="contactedLastXHours">Contact opgenomen met laatste %s uren</string>
  <!-- 	选中的邮件地址已经复制到剪贴板。您可以将它粘贴到邮件程序的地址字段 -->
  <string name="toast_selectedEmailAddressCopied">Het geselecteerde e-mailadres is gekopieerd naar het Klembord. U kunt het plakken in het adresveld van het e-mailprogramma.</string>
  <string name="pref_title_backUpAllData">Back-up van alle gegevens</string>
  <!-- 	由于数据库的更新。还原数据可能导致组铃声、组图片和防火墙工作不正常。请检查它们在恢复数据后。 -->
  <string name="pref_summary_backUpAllData">sinds de update van de database, Als de data is hersteld, kan het leiden tot het niet goed werken van de groep beltoon, icons en oproepfilter. Controleer dit in de back up data.</string>
  <!-- 	注意这不会备份联系人数据库。 -->
  <string name="warning_notBackUpContactsDatabase">Let op dat dit geen back up maakt van de contactpersonen database.</string>
  <string name="pref_title_restoreAllData">Alle gegevens terugzetten</string>
  <string name="toast_backedSuccessfully">Succesvol back up tot %s.</string>
  <string name="toast_backedFailed">Backup mislukt. Zorg ervoor dat u een geldig pad voor back-up hebt ingesteld.</string>
  <string name="toast_restorSuccessfully">Succesvol hersteld van %s.</string>
  <string name="toast_restorFailed">Terugzetten is mislukt. Zorg ervoor dat u het juiste pad hebt ingesteld.</string>
  <string name="close">Sluiten</string>
  <string name="minimize">Minimaliseren</string>
  <string name="maximize">Maximaliseren</string>
  <string name="call">"Bellen"</string>
  <string name="toast_notSuppouteditingNotes">Deze contactpersoon bied geen ondersteuning voor bewerken van notities.</string>
  <!-- An option in the event notification settings, open it automatically sends the blessing SMS comes in contact events. -->
  <string name="pref_title_automaticallySendGreetingsSMS">Automatisch een "groet" sms versturen</string>
  <!-- 	注意发送消息时您不会得到通知，发送时间为事件当天的[通知时间]。 -->
  <string name="pref_summary_automaticallySendGreetingsSMS">Let op dat bij het verzenden van een bericht, U geen bericht ontvangt, verzenden tijd van de gebeurtenis op de dag van de kennisgeving</string>
  <!-- Prompt message before you delete a call log. -->
  <string name="prompt_deleteCallLog">Let op, het verwijderen van oproepen, heeft effect op de bel lijst.</string>
  <!--
    Dispaly in [In call Widget]
    Example:
    The last contact time: 5 days ago。 -->
  <string name="in_call_lastContactTime">Laatst contact tijd: %s</string>
  <string name="recommendToFriends">Aanbevelen aan vrienden</string>
  <string name="filterMode">Filter</string>
  <!-- 	Show contacts filter Details Grp = Group; Com = Company; Tit = Title -->
  <string name="contactsFilterSummary">Filteren: Grp: %1$s Com: %2$s Tit: %3$s</string>
  <string name="pref_title_largeDialButton">Grote dial knop</string>
  <!-- 	显示在联系人组编辑器，为编辑的组设置父组 -->
  <string name="parentGroup">Bovenliggende groep</string>
  <string name="pref_title_formatPhoneNumber">Opmaak telefoonnummer</string>
  <string name="menu_viewSelectedContacts">De geselecteerde contactpersonen weergeven</string>
  <string name="filter_status_all">ALLE</string>
  <string name="pref_title_enableSlidingAction">veeg actie inschakelen</string>
  <!-- 	启用滑动拨号等等，关闭它以便使用滑动切换号码。 -->
  <string name="pref_summary_enableSlidingAction">Inschakelen van bellen door middel van vegen
Je kunt het uitschakelen om vegen met nummer te gebruiken.</string>
  <!-- Click Open browser to select files or other data -->
  <string name="browse">Bladeren</string>
  <string name="companies">Bedrijven</string>
  <string name="company">Bedrijf</string>
  <string name="clear">Leegmaken</string>
  <string name="other">"Overig"</string>
  <string name="voice_input">Stem input</string>
  <string name="app_widget_name_dialer_3_3">DW Dialer 3 × 3</string>
  <string name="app_widget_name_dialer_2_3">DW Dialer 2 × 3</string>
  <string name="app_widget_name_dialer_4_4">DW Dialer 4 × 4</string>
  <string name="app_widget_name_agenda">DW Agenda</string>
  <!-- 	A menu item is used to select mode grouping contacts. -->
  <string name="menu_groupBy">Groeperen op</string>
  <string name="menu_showHistory">Geschiedenis weergeven</string>
  <string name="menu_sendMessage">SMS/MMS verzenden</string>
  <string name="menu_sendMail">Stuur e-mail</string>
  <string name="menu_setRingtone">Stel ringtone in</string>
  <string name="menu_insert">Invoegen</string>
  <string name="pref_title_disableAutomaticUpdates">Automatische updates uitschakelen.</string>
  <string name="pref_title_showsLinkToContactList">Toont een koppeling naar de lijst met contactpersonen</string>
  <!-- A number label, recently contacted number，It shows in the contact details SMS TAB. Number selection drop-down list. For example: Recent:12345678 -->
  <string name="recent">Recent</string>
  <string name="dialog_title_selectFieldsToShare">Selecteer veld om te delen</string>
  <string name="pref_title_showSIMCardNumber">Laat sim kaart nummer zien</string>
  <string name="pref_title_swapSIMCardNumber">Wissel sim kaart nummer</string>
  <string name="pref_summary_selectNeedToDisplayTabs">kiezen kan allen bij het zichtbaar zijn van de tabs
</string>
  <!-- 	检测到您正使用屏幕阅读程序。是否显示“电话号码选择对话框”在拨号前？ -->
  <string name="prompt_usePhoneNumberSelectionDialogWhenUseScreenReader">Detecteert dat u een schermleesprogramma gebruikt. Of u wilt weergeven van \"Phone nummer selectie dialog\" alvorens te kiezen?</string>
  <string name="neverShowAgain">Nooit meer weergeven</string>
  <!-- 	选择[确定]，“通话中小部件”将不会再次显示。 -->
  <string name="prompt_neverShowAgain">Selecteer [%1$s], de \"%2$s\" zal niet opnieuw worden weergegeven.</string>
  <string name="dualSIMCardConfiguration">Dual SIM-kaart configuratie</string>
  <!-- 	如果SIM卡编号显示不正确，请先通过两个SIM卡各拨打一个电话，然后点击[重新检测]按钮。 -->
  <string name="prompt_retestSIMCardNumber">Als de SIM-kaart nummerweergave niet klopt, via twee SIM kaaten Maak per kaart een oproep, klik vervolgens op de knop [hertest].</string>
  <!-- 	重新检测 -->
  <string name="retest">Nieuwe test</string>
  <!-- 	检测已完成 -->
  <string name="toast_retestSIMCardNumberCompleted">Testen is voltooid.</string>
  <string name="toast_settingsHaveBeenSaved">Instellingen zijn opgeslagen.</string>
  <!-- 	如果双卡功能不工作在您的设备。请尝试选择设备列表中的每一个设备，然后单击[拨号]按钮。当两个拨号按钮使用正确SIM卡拨号时，单击[保存]按钮。 -->
  <string name="prompt_dualSIMDialTest">Als dual kaart functie niet op uw apparaat werkt. Probeer elk apparaat in de lijst met apparaten te selecteren en klik vervolgens op de knop [Dial]. Wanneer de twee knoppen met behulp van de juiste SIM kaart kiezen,  klikt u op de knop [opslaan].</string>
  <string name="lable_device">Apparaat:</string>
  <string name="lable_testNumber">Test-nummer:</string>
  <!-- 	 An option. When you enable the exchange of the SIM card used when making calls. When the dial buttons 1 and 2 do not correspond correct SIM card to select it. -->
  <string name="swapTheDialSIMcard">De SIM-kaart wisselen</string>
  <string name="shareMySettings">Mijn instellingen delen</string>
  <!-- 	已添加前缀/后缀（%s） -->
  <string name="toast_prefixOrSuffixHasBeenAdded">Voorvoegsel / achtervoegsel is toegevoegd (%s)</string>
  <string name="pref_title_downloadGeocoderPlugin">Geocoder plugin downloaden</string>
  <string name="menu_bindTo">Vastmaken aan %s</string>
  <string name="menu_clearBind">vastmaken opheffen</string>
  <string name="pref_title_twoDialOnTheDialpad">Toon 2 bel toetsen op het kiesscherm</string>
  <string name="pref_title_twoDialInTheContactList">Laat 2 bel toetsen zien in de contact lijst</string>
  <!-- 	call using SIM card 1 -->
  <string name="description_dial_button_using">bellen met behulp van %s</string>
  <string name="menu_shareAsText">Delen van alle details als tekst</string>
  <string name="menu_shareAsvCard">Delen als vCard</string>
  <string name="noItmeSelected">Geen item geselecteerd</string>
  <string name="pref_title_leftHandedOperation">Linkshandige bediening</string>
  <string name="description_goToSubGroups_button">Ga naar lijst van sub-groepen</string>
  <!-- 一个选项，当打开备注会优先保存到联系人，而不是通话记录备注 -->
  <string name="pref_title_saveNotesToContacts">Notities bij de contactpersonen opslaan</string>
  <string name="export_to_single_vcard_file">Exporteren naar een enkel vcard bestand </string>
  <string name="export_to_multiple_vcard_files">Exporteren naar meerdere vCard-bestanden</string>
  <string name="confirm_export_contacts_to_folder_message">Uw contactpersonen worden geëxporteerd naar map: %s.</string>
  <!-- 读出来电显示号码 -->
  <string name="pref_title_speakCallerID">Spreken van beller-ID</string>
  <string name="pref_title_speakOrganization">Organiseren van spraak</string>
  <string name="pref_title_speakNumber">Nummer uitspreken</string>
  <string name="pref_summary_speakNumber">Als de beller niet in je contactlijst staat</string>
  <string name="pref_title_repeatCount">Opnieuw tellen</string>
  <string name="pref_title_repeatInterval">herhaling interval</string>
  <string name="pref_title_reverseList">Omgekeerde lijst</string>
  <string name="pref_title_openQuickJumpOnStartup">open snel start bij opstarten</string>
  <!-- 搜索历史记录 - 一个开关确定是否显示搜索历史记录 -->
  <string name="pref_title_searchHistory">Zoek geschiedenis</string>
  <string name="menu_add_event">Gebeurtenis toevoegen</string>
  <string name="notification_dataLoaderIsRunning">Data downladen is bezig</string>
  <string name="clickToGetMoreInformation">Klik om meer info te krijgen</string>
  <!-- 	您好，试用期限将结束在5天后。现在要购买吗？ -->
  <string name="remind_trialPeriodWillEnd">De trial periode zal eindigen in %d dagen. Wil je het kopen?</string>
  <string name="menu_addToBlockList">Aan blokkeer lijst toevoegen</string>
  <string name="menu_removeFromBlockList">van blokkeer lijst verwijderen</string>
  <string name="blockList">Blokkeer lijst</string>
  <string name="font">Font</string>
  <string name="needToUpdate">Update nodig</string>
  <string name="disable">Uitzetten</string>
  <string name="pref_title_hideContactPicture">Contact foto verbergen</string>
  <string name="event_info_links_label">links</string>
  <string name="pref_title_calllogFilterAtTop">laat \"Call log filter\" zien in de bovenkant van het scherm</string>
  <!-- A menu, click the call methods available to display. For example: SIM card 2; Video call; Skype; SIP -->
  <string name="menu_callUsing">oproep door ... te gebruiken</string>
  <string name="video_call">Video oproep</string>
  <string name="automatic_redial">Automatisch herkiezen</string>
  <!-- Automatic redial after 3 seconds. -->
  <string name="automatic_redial_after">Automatisch herkiezen naar %s.</string>
  <!-- Enter "Arrange mode", you can drag to sort items. -->
  <string name="menu_arrangeMode">Sorteer optie</string>
  <string name="summary_arrangeMode">Sleep om te sorteren</string>
  <string name="recommend_template">"Lieve vriend! \nI\'ve maak gebruik van %1$s. Het is een "moet je hebben" contact software. U kunt deze link gebruiken om te downloaden: %2$s "</string>
  <string name="recommend_id_template">"Vergeet niet om mijn ID (%s) om de (Toolbox TAB -&gt; aanbevelen aan vrienden). \nDank je wel!"</string>
  <!-- An option to choose what to hide in the contact details -->
  <string name="pref_title_hideSection">Sectie verbergen</string>
  <string name="pref_title_automaticBackup">Automatische back-up</string>
  <string name="pref_title_backupTime">Backup-tijdstip</string>
  <string name="pref_title_backupCycle">Backup-cyclus</string>
  <string-array name="pref_entries_backupCycle">
    <item>Elke dag</item>
    <item>Om de twee dagen</item>
    <item>Om de drie dagen</item>
    <item>Elke vier dagen</item>
    <item>Om de vijf dagen</item>
    <item>Om de zes dagen</item>
    <item>Wekelijks</item>
    <item>Maandelijks</item>
  </string-array>
  <string name="pref_title_contactsBackup">Back-up van contactpersonen</string>
  <string name="pref_summary_contactsBackup">Selecteer de groep waarvan een back-up moet worden gemaakt</string>
  <string name="pref_title_backupNow">Nu back-up maken</string>
  <string name="pref_title_disableInCarMode">In de auto modus uitschakelen</string>
  <string name="pref_summary_disableInCarMode">Tijdelijk uitschakelen van de kies bevestiging , wanneer u in de auto bent</string>
  <!-- An alert message when adding a shortcut to the HomePage request has been sent. -->
  <string name="toast_requestHasBeenSent">Aanvraag is verzonden</string>
  <string name="pref_title_hideMenuButton">Menuknop verbergen</string>
  <string name="pref_summary_hideMenuButton">Als uw apparaat geen menuknop heeft , met verbergen kunt U de toegang tot de menu \'s verliezen</string>
  <string name="pref_title_deleteOldCallLogs">Verwijderen oude oproep logs</string>
  <string name="pref_summary_deleteOldCallLogs">Wanneer het aantal %s bereikt, verwijderen oude oproep logs</string>
  <string name="menu_setContactPhoto">Set Contactpersoonafbeelding</string>
  <!-- OPTION: When you restart the app. Restore the state when last used. -->
  <string name="pref_title_restoreStateWhenRestarted">Herstelt status bij opnieuw opstarten</string>
  <string name="websiteTypeHomepage">Startpagina</string>
  <string name="websiteTypeBlog">Blog</string>
  <string name="websiteTypeProfile">Profiel</string>
  <string name="websiteTypeHome">Beginscherm</string>
  <string name="websiteTypeWork">Werk</string>
  <string name="websiteTypeFTP">FTP</string>
  <!--     <string name="description">Description</string> -->
  <!--     <string name="menu_add_link">Add link</string> -->
  <string name="pref_title_excludeNumbers">Uitsluiten van nummers</string>
  <string name="pref_summary_excludeNumbers">Het kiezen van deze nummers, zal niet het bevestigings dialoog venster tonen</string>
  <!-- Menu item used to add custom field to contact -->
  <string name="menu_addCustomField">Aangepast veld toevoegen</string>
  <!-- An automatic group name, which contains all has photo contacts -->
  <string name="hasPhotoContacts">Heeft foto contacten</string>
  <!-- Selectable menu item used to controls whether display "contacts events" in the "agenda list". -->
  <string name="menu_showContactsEvents">Contactpersonen gebeurtenissen weergeven</string>
  <!-- An option to define accent color. The color applied to framework controls in their activated (ex. checked) state. -->
  <string name="pref_title_accentColor">Accentkleur</string>
  <!-- An option to define whether the appointment is created automatically send the invitation email.-->
  <string name="pref_title_sendInvitation">Uitnodiging verzenden</string>
  <!-- An option to define whether the appointment is created automatically send the invitation email.-->
  <string name="pref_summary_sendInvitation">Het contact e-mailadres toevoegen aan deelnemers</string>
  <!-- An option to define whether use circle icon.-->
  <string name="pref_title_circleIcon">Cirkel pictogram</string>
  <string name="on">Aan</string>
  <string name="off">UIT</string>
  <!-- Determined by the theme -->
  <string name="byTheme">Per thema</string>
  <!-- An option to define color -->
  <string name="pref_title_callLogFilterBackground">Bel log filter achtergrond</string>
  <!-- An option to define whether use colorful icon.-->
  <string name="pref_title_colorfulIcon">Kleurrijke pictogram</string>
  <!-- Select this option to Reduce the ring volume when reading the caller information. -->
  <string name="pref_title_reduceRingerVolume">Verminderen van het belvolume</string>
  <!-- Select this option to Reduce the ring volume when reading the caller information. -->
  <string name="pref_summary_reduceRingerVolume">De beltoon volume verminderen bij het lezen van de informatie over de beller</string>
  <!-- Menu item used to Go to the "Calendar" App -->
  <string name="menu_goToCalendar">Ga naar agenda</string>
  <!-- Menu item used to add selected item to the Tab bar -->
  <!-- Menu item used to remove selected item from the Tab bar -->
  <!-- Menu item used to browse and restore data -->
  <!-- Menu item used to open [Backup Manager] -->
  <!-- A contact group option. Open it will automatically delete call logs, contacts belong to this group. -->
  <!-- An option to control whether to display the contact's local time -->
  <!-- An option -->
  <!-- An option summary -->
  <!-- An option in the dialog box to delete call records. Controls whether delete call log notes -->
  <!-- Label above username EditText -->
  <!-- Button to sign in after entering username and password -->
  <!-- "By number" merge call records, etc. -->
  <!-- "By contact" merge call records, etc. -->
  <!-- An option to control whether to display the message log in History -->
  <!-- Menu item used to add data (E-mail address, etc.)  to contacts -->
  <!-- An option When you open it will maintain a fixed height In call widget. -->
  <!-- ****************************** Descriptions *********************************** -->
  <!--
         String describing the Keyboard switch ImageButton
         Used by AccessibilityService to announce the purpose of the button.
         [CHAR LIMIT=NONE]
    -->
  <!-- String describing the text for photo of a item(group, title, company，etc.). -->
  <!--An option. When opened, will use list long press menu.-->
  <!--An option in Accessibility. When opened, Enter the number need to double click to confirm.-->
  <!--A item of list, control information needs to be displayed in the "In call widget"-->
  <!--An option title in [Contact Details]. When opened, Will merge items,When just labels different.-->
  <!--An option summary in [Contact Details]. When opened, Will merge items,When just labels different.-->
  <!-- Notification message when adding a number to the blacklist, but the call filter did not open. -->
  <!--An option title in [Events]. Define which events need to display. It filter events based on contact groups-->
  <!--An option title in [Color schemes]. Used to define the "List section" Text Size -->
  <!--An option. When open: The starred contacts are displayed at the top of the list. -->
</resources>
