<?xml version="1.0" encoding="utf-8"?>
<!--Generated by crowdin.com-->
<resources xmlns:xliff="urn:oasis:names:tc:xliff:document:1.2">
  <string name="label_ringtone">Тон звоњења</string>
  <string name="default_ringtone">Подразумевано</string>
  <string name="menu_sendEmail">Слање елекронске поште</string>
  <string name="showFilterPhones">Само контакти са телефонима</string>
  <string name="showFilterPhonesDescrip">Приказати само контакте који имају телефонске бројеве</string>
  <string name="headerContactGroups">Избор контаката који ће се приказивати</string>
</resources>
