<?xml version="1.0" encoding="utf-8" standalone="no"?>
<!--Generated by crowdin.com-->
<resources>
  <string name="market_title">„DW Contacts &amp; Phone &amp; Dialer”</string>
  <string name="market_description_s1">Је моћно (MUST HAVE) проширење уграђеног бројчаника и управљања контактима и позивима

ОСНОВНЕ КАРАКТЕРИСТИКЕ
------------</string>
  <!-- max is 27 -->
  <string name="market_description_key_features_001">+ Претражи контакте по било ком пољу</string>
  <string name="market_description_key_features_002">* Упиши напомене у дневник позива</string>
  <string name="market_description_key_features_003">* Користи подсетнике за контакт</string>
  <string name="market_description_key_features_004">+ Изговара caller ID</string>
  <string name="market_description_key_features_005">+ Показује време које су звонили \"Пропуштени позиви\" </string>
  <string name="market_description_key_features_027">* Неограничени дневник позива</string>
  <string name="market_description_key_features_006">* Подржава VoIP: System SIP, Viber, Skype, Fring, GrooVe IP Lite, MobileVOIP, BT SmartTalk&#8230;</string>
  <string name="market_description_key_features_007">+ Дели контакте (текст, vcard) путем SMS-а, email-а&#8230;</string>
  <string name="market_description_key_features_008">* Batch опција за масовно слање SMS, MMS, emails уз појединачну и on групну селекцију (контакти, групе, организације, титуле)</string>
  <string name="market_description_key_features_009">+ In call widget: проширени приказ долазног позива (показује организацију, групу, напомене, измену напомене током разговора)</string>
  <string name="market_description_key_features_010">+ Филтер позива: блокира долазне позиве за изабране датуме и временске зоне</string>
  <string name="market_description_key_features_011">+ Избор контакта на бази групе, функције и компаније</string>
  <string name="market_description_key_features_012">+ Статистика ћелије: прикажи трајање позива и означи када је достигнут крај бесплатног разговора.</string>
  <string name="market_description_key_features_013">+ Детаљи контакта: прикажи заједно све информације (SMS, историју позива, статистике, догађаје)</string>
  <string name="market_description_key_features_014">+ Управљај контактима према њиховој адреси</string>
  <string name="market_description_key_features_015">* Пролагодљив приказ (поредак, величина фонта, боја и транспарентност)</string>
  <string name="market_description_key_features_016">+ Подесив приказ листе контаката (презиме, име, надимак, компанија, функција, број, напомене...)</string>
  <string name="market_description_key_features_017">+ Подршка за групе и подгрупе (преко Business/VIP = Business -&gt; VIP)</string>
  <string name="market_description_key_features_018">+ Подешавање звона за вишеструки избор (контакти, групе, предузећа, функције)</string>
  <string name="market_description_key_features_019">* Обавештења о догађајима и управљање догађајима (рођендани, прославе)</string>
  <string name="market_description_key_features_020">+ Бројчаник телефона са Т9 претрагом - многе опције за прилагођење вашим жељама</string>
  <string name="market_description_key_features_021">+ Величина бројчаника се може мењати, као и позадина, боја и величина фонта</string>
  <string name="market_description_key_features_028">* Аутоматрско понавно позивање</string>
  <string name="market_description_key_features_022">+ Подршка за Dual SIM card (само за неке телефоне, пошто нема отвореног API)</string>
  <string name="market_description_key_features_023">+ Управљање брзим бирањем: подржава до 1000 бројева за брзо бирање. Избор 100. броја уношењем 100#</string>
  <string name="market_description_key_features_024">+ Сачувај и обнови контакте на vCard, садржи контакт групу</string>
  <string name="market_description_key_features_025">+ Већина функција је доступна коришћењем *LONG PRESS* (држање) на неко поље или употребом *MENU* тастера</string>
  <string name="market_description_key_features_026">+ Подршка за пуно језика (захваљујући корисницима који обезбеђују превођење за DWC)</string>
  <!-- A brief description of the Google play, If you have a better description, please use your. Thank you! [CHAR LIMIT=80] -->
</resources>
