<?xml version="1.0" encoding="utf-8" standalone="no"?>
<!--Generated by crowdin.com-->
<resources xmlns:xliff="urn:oasis:names:tc:xliff:document:1.2">
  <string name="app_name">DW Contacts &amp; Телефон</string>
  <string name="app_contacts_name">DW kontakti</string>
  <string name="starred">Означени</string>
  <string name="coworkers">Сарадници</string>
  <string name="family">Породица</string>
  <string name="friends">Пријатељи</string>
  <string name="myContacts">Моји контакти</string>
  <string name="mergedContacts">Увезани контакти</string>
  <string name="no_item_to_display">Није нађено</string>
  <string name="allContact">Сви контакти</string>
  <string name="no_phone_numbers">Нема броја телефона</string>
  <string name="menu_edit">Измени</string>
  <string name="menu_edit_group">Измени групу</string>
  <string name="menu_add_contact_to_group">Додај контакт у групу</string>
  <string name="menu_remove_contact_from_group">Уклони контакте из групе</string>
  <string name="groupNameLabel">Назив групе</string>
  <string name="add">Додај</string>
  <string name="message_del_system_group">Ово је системска контакт група. Након уклањања аутоматски ће се креирати, што може створити проблеме. Да ли сте сигурни да желите да то урадите?</string>
  <string name="menu_select_mode">Вишеструки избор</string>
  <string name="menu_inverse_select">Инверзно</string>
  <!--<string name="noContact">This group has no contact</string> -->
  <string name="pleaseWait">Молимо сачекајте</string>
  <string name="pref_send_title">подешавања SMS и Email</string>
  <string name="pref_title_sms_mms_send">SMS/MMS</string>
  <string name="pref_title_email_send">Email</string>
  <string name="pref_send_to">Послати %s</string>
  <string-array name="prefEntries_sms_mms_to">
    <item>Подразумевани или први мобилни број</item>
    <item>Сви мобилни бројеви</item>
    <item>Сви бројеви</item>
  </string-array>
  <string-array name="prefEntries_email_to">
    <item>Подразумевана Email адреса</item>
    <item>Све Email адресе</item>
  </string-array>
  <!--Recipients location -->
  <string name="pref_title_recipients_location">Анонимност примаоца</string>
  <string name="pref_recipients_location_summary">Све адресе ће бити у пољу %s</string>
  <string-array name="pref_entries_recipients_location">
    <item>Bcc</item>
    <item>Cc</item>
    <item>За</item>
  </string-array>
  <string name="menu_preferences">Подешавања</string>
  <string name="preferences_title">Подешавања</string>
  <string name="error_report_email_explain">We are sorry, an error has occurred. You can help us make this software better by sending a report which includes error messages and some system information. Your privacy will be respected.</string>
  <string name="no_contact_selected">Нисте изабрали контакт</string>
  <!--Firewall -->
  <string name="firewell_add_item">Додај филтер позива</string>
  <string name="lable_week">Дани у недељи</string>
  <string name="select_group_title">Изабери групу</string>
  <!-- %s = call number-->
  <string name="call_blocking_message">%s је блокиран</string>
  <string name="stat_notify_incoming_calls_were_intercepted">%d позива је пресретнуто</string>
  <string name="pref_firewall_title">Подешавања филтра позива</string>
  <string name="pref_title_firewall_enable">Активирај филтер позива</string>
  <string name="firewall_service_started">Активиран филтер позива</string>
  <string name="firewall_state_label">DW филтер позива</string>
  <!-- The status bar at the top of the screen display a notification message. -->
  <string name="pref_title_firewall_allways_show_stat_notify">Прикажи икону у статусној линији</string>
  <string name="pref_firewall_allways_show_stat_notify_summary">Прикажи увек поруке статусне линије</string>
  <string name="menu_week_view">Приказ недеље</string>
  <string name="menu_time_view">Приказ времена</string>
  <string name="menu_view">Приказ</string>
  <string name="from">Од</string>
  <string name="to">За</string>
  <string-array name="days">
    <item>Nedelja</item>
    <item>Ponedeljak</item>
    <item>Уторак</item>
    <item>Среда</item>
    <item>Четвртак</item>
    <item>Петак</item>
    <item>Субота</item>
  </string-array>
  <string-array name="days_short">
    <item>Нед</item>
    <item>Пон</item>
    <item>уто</item>
    <item>Сре</item>
    <item>чет</item>
    <item>Пет</item>
    <item>Суб</item>
  </string-array>
  <string name="firewall_label">Филтер позива</string>
  <string name="everyday">Свакодневно</string>
  <string name="never">Никада</string>
  <string name="search_hint">Откуцај за претрагу</string>
  <string name="pref_title_display_system_group">Покажи групе система</string>
  <!-- Gmail the default, including the group. (Starred, Coworkers, Family, Friends, My Contacts) -->
  <string name="pref_display_system_group_summary">Прикажи групу система</string>
  <string name="pref_title_merge_same_name_group">Споји групе</string>
  <string name="pref_merge_same_name_group_summary">Споји групе сличног назива</string>
  <string name="pref_font_size_title">Величина Font-а (1. линија)</string>
  <string name="pref_font_size_summary">Величина: %s</string>
  <string name="removePicture">Уклони слику</string>
  <string name="changePicture">Измени слику</string>
  <string name="attachToGroup">Групна слика</string>
  <string name="use_photo_as_primary">Користи ову слику</string>
  <string name="photoPickerNotFoundText">Није нађен бирач боја</string>
  <string name="SMS">SMS</string>
  <string name="Email">Email</string>
  <string name="_null">""</string>
  <!-- It shows the contact event to the present time. -->
  <string name="days_after">за %d дана</string>
  <string name="months_after">за %d месеци</string>
  <string name="days_ago">%d pre ... dana</string>
  <string name="months_ago">%d pre ... meseci</string>
  <string name="today">Danas</string>
  <string name="show_group_icon">Прикажи групну слику</string>
  <string name="show_group_icon_summary">Прикажи икону сваке групе</string>
  <string name="using_system_sms_program">Користи default SMS програм</string>
  <!-- According to user feedback that I might in the new version, use it again. -->
  <string name="using_system_sms_program_summary">Блокирај софтверску  SMS send функцију</string>
  <string name="recipients_limit">Ограничи број промаоца</string>
  <string name="recipients_limit_summary">Када је број промаоца већи од ове вредности, пошаљи поруке аутоматски</string>
  <string name="send">Pošalji</string>
  <string name="confirm_send_message">Настави слање порука преосталим контактима?</string>
  <!-- For example, Tablet PC does not support sending text messages. However, click the SMS icon.
    I will call the SMS program. The system will report an exception. Then display this prompt. -->
  <string name="system_does_not_support">Систем не подржава!</string>
  <string name="ungrouped_contacts">Негруписани контакти</string>
  <string name="multipleContactsDeleteConfirmation">Изабрани контакти ће бити обрисани.</string>
  <!--pref default view -->
  <string name="pref_title_default_view">Default језичак</string>
  <string name="pref_default_view_summary">Почетни језичак (default): %s</string>
  <!--pref show auto groups -->
  <string name="pref_title_display_auto_group">Прикажи аутоматске групе</string>
  <string name="pref_display_auto_group_summary">Укључи \"Сви контакти\", \"Негруписани контакти\".</string>
  <string name="label_hide">Sakrij</string>
  <string name="hide_group_summary">Ne prikazati ovu grupu</string>
  <string name="fast_scroll_alphabet">\u0020АБВГДЂЕЖЗИЈКЛЉМНЊОПРСТЋУФХЦЧЏШ</string>
  <string name="fast_scroll_numeric_alphabet">\u00200123456789АБВГДЂЕЖЗИЈКЛЉМНЊОПРСТЋУФХЦЧЏШ</string>
  <!-- Because the different SMS programs. When I provide a phone number to the SMS program,
    some require the use of a semicolon to separate the numbers, and some require a comma. Therefore, this option provides. -->
  <string name="sms_compatibility_mode_title">SMS/MMS način slanja</string>
  <string name="sms_compatibility_mode_summary">Изабери ово ако "SMS програм," нема очекивани
		пријем телефонских бројева. На пример: XT800</string>
  <string name="menu_sort_hide">Уреди &amp; Сакри</string>
  <string name="menu_sort_alphabetically">По абецеди</string>
  <string name="pref_in_call_widget_title">widget за вожњу</string>
  <string name="pref_help_title">Pomoć</string>
  <string name="pref_online_help_title">Online помоћ</string>
  <string name="menu_cancel_send_to_voicemail">Одблокирај позиве приказаних контаката</string>
  <string name="pref_feedback_title">Повратне информације путем електронске поште</string>
  <string name="pref_about_title">О програму</string>
  <string name="version">Верзија</string>
  <string name="pref_name_display_order_summary">Измени начин сортирања имена. Ово може утицати на брзину приказа.</string>
  <string name="pref_contacts_account_title">Информације о кориснику</string>
  <string name="pref_contacts_account_summary">Прикажи контакте из: %s</string>
  <string name="all_account">Сви налози</string>
  <string name="pref_show_account_name_title">Прикажи назив рачуна</string>
  <string name="pref_show_account_name_summary">Прикажи назив рачуна испод назива групе.</string>
  <string name="select_account">Изабери рачун</string>
  <string name="pref_register_code_title">Унесите регистрациони код</string>
  <string name="pref_register_code_summary">Морате унети регистрациони код који сте добили у поруци електронске поште којом је потврђена ваша уплата (повезаност са Интернетом није потребна)</string>
  <!-- A setting item, click it to open, buy the software license key dialog box. -->
  <string name="pref_get_register_code_title">Куповина регистроване верзије</string>
  <string name="pref_get_register_code_summary">Молимо вас да региструјете нашу апликацију да бисте могли користити њену пуну функционалност. Потребне су нам ваше донације ради одрживости даљега развијања овога софтвера.</string>
  <string name="buying_tips">
Постоје 2 могућности (обе имају исту функцију): Можете регистровати серијски број уређаја (путем кредитне картице или PayPal) или на ваш Гугл налог (Google Play - инсталација Pro верзије)</string>
  <string-array name="purchase_channels">
    <item>Google Play</item>
    <item>„PayPal” или кредитна картица</item>
    <item>Препоручи пријатељима</item>
  </string-array>
  <string-array name="purchase_channels_summary">
    <item>Региструјте овај програм на свој Гугл налог (купите и инсталирајте Pro везију путем Google Play). По инсталирању Pro верзије деинстаријте бесплатну (Free) верзију.</item>
    <item>Региструј програм за уређај серијског броја: %s.
			Након уплате, добићете email са потврдом и шифром за регистрацију.
			Затим уносите регистрацију кликом (Online registration check).</item>
    <item>Обезбедите бесплатну шифру за регистровање</item>
  </string-array>
  <string name="menu_delete_all">Обриши све</string>
  <!-- Menu title the user can use for trying to resend a message. -->
  <string name="menu_retry_sending">Покушај поново слање</string>
  <string name="message">Порука</string>
  <string name="failed">Неуспешно</string>
  <string name="queued">На чекању</string>
  <string name="outbox">За слање</string>
  <string name="sent">Послато</string>
  <string name="auto_replace_to_name">Аутоматски замени "???" пуним
		именом контакта; "??F" презименом;
		"??G" личним именом; "??N" надимком.</string>
  <string name="example_message">Здраво, ???</string>
  <string name="sms_preview">Преглед:</string>
  <string name="message_send_state_successfully">Успешно послато.</string>
  <string name="message_send_state_failed">Слање није успело.</string>
  <string name="message_send_unknown_error">Непозната грешка. %d порука није послата.</string>
  <string name="message_send_no_signal">Нема сигнала или је укључен мод за авион. %d порука није послата.</string>
  <string name="message_send_successfully">Све поруке су успешно послате.</string>
  <string name="need_the_paid_version">Доступно само у плаћеној верзији</string>
  <!-- As a "contact group"on the phone the main screen to create a shortcut. -->
  <string name="create_shortcut">Направи пречицу за home</string>
  <string name="menu_move_to_group">Помери у групу</string>
  <string name="pref_tabs_title">Активирање сортирања</string>
  <string name="pref_tabs_summary">Можете одредити које картице и у којем редоследу је могуће користити</string>
  <!--pref theme -->
  <string name="pref_theme_title">Основна тема</string>
  <!-- Change the software interface look. -->
  <string name="pref_theme_summary">Постави основу теме</string>
  <string name="search">Претражи</string>
  <string name="pref_services_title">Подешавање сервиса у позадини</string>
  <!-- Settings screen, section heading for SMS-specific settings -->
  <string name="pref_sms_settings_title">"Подешавања текст порука (SMS)"</string>
  <!-- Settings screen, section heading for EMAIL-specific settings -->
  <string name="pref_email_settings_title">"Подешавање Email-а"</string>
  <!-- Settings item for boolean option to enable/disable SMS delivery reports -->
  <string name="pref_title_sms_delivery_reports">Извештај након испоруке</string>
  <!-- Settings item description for boolean SMS delivery report setting -->
  <string name="pref_summary_sms_delivery_reports">Захтевај извештај о испоруци за сваку поруку.</string>
  <string name="pref_contact_sort_order_title">Уреди листу по</string>
  <string name="pref_contact_sort_order_summary">Измени начин сортирања листе контаката. Ово може утицати на брзину приказа.</string>
  <!-- CHANGED ORDER -->
  <string name="contact_sort_order_FamilynameAlternate">Презиме - алтернативно</string>
  <string name="contact_sort_order_RecentContacted">Скоро контактирани</string>
  <string name="contact_sort_order_CreationTime">Време уписа</string>
  <string name="contact_sort_order_DefaultAlternate">Подразумевано - алтернативно</string>
  <!-- An automatic group, it shows all the contacts included telephone numbers. -->
  <string name="has_phone_number_contacts">Контакти са телефонским бројем</string>
  <string name="exit_prompt">Поново стисни return за излазак.</string>
  <string name="pref_exit_prompt_title">Тражи потврду пре изласка</string>
  <string name="pref_exit_prompt_summary">Прикажи додатно упозорење пре изласка</string>
  <string name="pref_language_title">Језик</string>
  <string name="load_license_success">Успешан увоз лиценце са мреже.</string>
  <string name="load_license_failed">Неуспешан увоз лиценце са мреже!</string>
  <string name="license_check_success">Успешна провера лиценце.</string>
  <string name="license_check_failed">Неуспешна провера лиценце!</string>
  <string name="load_license_unregistered">Нисте се још увек регистровали.</string>
  <string name="sending">Слање …</string>
  <string name="error">Грешка</string>
  <string name="clear_data_or_uninstall_app">Обриши податке или деинсталирај програм</string>
  <string name="database_update_error_message">"Жао нам је!
Грешка у ажурирању струтуре базе података.
Ова грешка је настала јер база података има изузетак у дозволи приступа.
Постоје 3 начина да се реши порблем. Покушајте једну по једну док се проблем не реши.
1. Рестартујте уређај;
2.  На екрану за контролу апликација, очистите податке апликације;
3. Деинсталирајте и поново инсталирајте програм."</string>
  <!-- It shows the contact event to the present time. -->
  <string name="one_day_after">Сутра</string>
  <string name="one_month_after">За месец дана</string>
  <string name="one_day_ago">Јуче</string>
  <string name="one_month_ago">Прошлог месеца</string>
  <string name="menu_edit_event">Ажурирање догађаја од значаја везаних за контакт</string>
  <string name="menu_add_to_calendar">Додати догађај у календар</string>
  <string name="menu_delete_event">Брисање догађаја од значаја из информација о контакту</string>
  <string name="menu_duplicate_contact">Дупли контакт</string>
  <string name="mes_sendSmsSystemLimit">Због ограничења система, %1$s сат може послати само  %2$s SMS-а. Аутиматско понављање за %1$s сат.</string>
  <string name="sendInBatches">Групе</string>
  <string name="sendInSingle">Појединачно</string>
  <string name="sendInBatchesMessage">Број промаоца је већи од "Граница броја примаоца" у подешавањима. Унесите поруку у текстуални оквир, изаберите групно или појединачно слање. Налижите слање поруке.</string>
  <string name="pref_title_eventNotification">Подешавања обавештења о догађају</string>
  <string name="pref_title_notificationTime">Време обавештавања</string>
  <string name="pref_title_notificationRingtone">Звук обавештења</string>
  <string name="pref_summary_notificationTime">Подеси време за нотификацију</string>
  <string name="pref_title_notificationBeforeHappen">Обавести пре него што се деси</string>
  <string name="pref_summary_notificationBeforeHappen">%s дана пре нотификације</string>
  <string name="pref_title_notification">Нотификација</string>
  <string name="pref_title_reminder">Подсетник</string>
  <string name="pref_summary_reminder">%s пре</string>
  <string name="pref_title_ringtone">Звук звона</string>
  <string name="pref_title_alarm">Аларм</string>
  <string name="pref_title_mergeSubgroup">Споји подгрупе</string>
  <string name="pref_summary_mergeSubgroup">Контакти подгрупе приказани у матичној групи.</string>
  <string-array name="pref_entries_notificationTime">
    <item>1 минут</item>
    <item>5 минута</item>
    <item>10 минута</item>
    <item>15 минута</item>
    <item>20 минута</item>
    <item>25 минута</item>
    <item>30 минута</item>
    <item>45 минута</item>
    <item>1 сат</item>
    <item>2 сата</item>
    <item>3 сата</item>
    <item>12 сати</item>
    <item>24 сата</item>
    <item>2 дана</item>
    <item>1 недеља</item>
  </string-array>
  <!-- Not in phone book contacts. -->
  <string name="unknown_contacts">Непознати контакти</string>
  <string name="not_in_phone_book_contacts">Није међу контактима у телефонском именику.</string>
  <string name="eventNotification">Обавештење о догађају</string>
  <string name="eventNotificationMessage">"Рођендан "%s ускоро."</string>
  <!-- When using the "Firstname first" show name, "Firstname" and "Lastname" split between the symbols. Most language is a space. -->
  <string name="givenNameFirstSeparator">" "</string>
  <!-- When using the "Lastname first" show name, "Firstname" and "Lastname" split between the symbols. -->
  <string name="familyNameFirstSeparator">", "</string>
  <string name="vCard">vCard</string>
  <string name="text">Текст</string>
  <string name="pref_title_likeTheSoftware">Подржите наш софтвер</string>
  <string name="pref_title_rating">Оцена</string>
  <string name="pref_summary_rating">Пошаљи добру оцену на Market.</string>
  <string name="pref_title_share">Подели</string>
  <string name="pref_summary_share">Препоручи софтвер пријатељима.</string>
  <string name="contact_group">Групе</string>
  <!-- Set the time to send text messages in the future. -->
  <string name="regularlySent">Послато редовно</string>
  <string name="time">Време</string>
  <string name="pref_title_EmailProgram">E-mail програм</string>
  <string name="pref_summary_on_EmailProgram">Користи подразумевани E-mail програм.</string>
  <string name="pref_summary_off_EmailProgram">Потврда пре слања поруке.</string>
  <string name="toolbox">Алати</string>
  <string name="pref_title_SMSSendInterval">Интервал слања</string>
  <string name="pref_summary_SMSSendInterval">Послати текстуалну поруку на сваких (секунди).</string>
  <string name="menu_sort">Редослед приказивања</string>
  <string name="license_check_failed_message">Грешка при превери лиценце! Проверите да имате приступ на Google Play.</string>
  <string name="menu_unselectAll">Ништа одабрано</string>
  <string name="pref_title_themeCustomize">Подешавања теме</string>
  <string name="pref_title_backgroundColor">Боја позадине</string>
  <string name="pref_title_backgroundColorForTitles">Боја позадине наслова</string>
  <string name="pref_title_textColorForTitles">Боја текста наслова</string>
  <string name="pref_title_textColorMarked">Боја означеног текста</string>
  <string name="pref_title_hideTheTitle">Сакриј насловну линију</string>
  <string name="pref_title_hideTheStatusbar">Сакриј статусну линију</string>
  <string name="pref_title_hideTabLabel">Сакриј ознаку језичка</string>
  <string name="pref_title_autoHideTab">Сакривање линије са језичцима</string>
  <string name="pref_summary_autoHideTab">Аутоматски - сакриће језичке након преласка на неку другу картицу</string>
  <string name="reset">Постави на почетне вредности</string>
  <string name="pref_title_automaticRotation">Аутоматско ротирање</string>
  <string name="pref_summary_automaticRotation">Аутоматско ротирање исписа на екрану може бити укључено или искључено</string>
  <string name="menu_editNotes">Преправи белешке</string>
  <string name="addSelectedContactsToFavorites">Додавање контаката у омиљене</string>
  <string name="removeSelectedContactsFormFavorites">Уклањање контаката из омиљених</string>
  <string name="deleteSelectedContacts">Брисање контаката</string>
  <string name="duplicateSelectedContacts">Дуплирање контаката</string>
  <string name="setGroupForSelectedContacts">Подесити којој групи контакти припададају</string>
  <string name="forSelectedContacts">За одабране контакте</string>
  <string name="searchAnything">Тражи било шта</string>
  <string name="quickDialManager">Управљач „брзим бирањем”</string>
  <string name="menu_shareNumber">Подели број</string>
  <string name="menu_setGroupForContact">Подесити којој групи контакт припада</string>
  <string name="pref_title_tabSettings">Подешавања картице</string>
  <string name="sendSMStoShownContacts">Слање „SMS/MMS” поруке приказаним контактима</string>
  <string name="sendEmailtoShownContacts">Слање електронске поште приказаним контактима</string>
  <string name="setRingtoneForShownContacts">Постави тон звоњења за приказане контакте</string>
  <string name="pref_title_enableEventNotification">Омогућити обавештавање о догађајима од значаја</string>
  <string name="forSelectedGroups">За одабране групе</string>
  <string name="menu_send_group_message">Послати „SMS/MMS” групи</string>
  <string name="menu_delete_group">Обрисати групу</string>
  <string name="menu_deleteGroups">Брисање група</string>
  <!-- 	<string name="forSelectedOrgs">For selected companies</string> -->
  <!-- 	<string name="menu_editOrg">Edit company</string> -->
  <!-- 	<string name="forSelectedTitles">For selected titles</string> -->
  <!-- 	<string name="menu_editTitle">Edit title</string> -->
  <string name="menu_editContactFromEvent">Преправи контакт у догађају</string>
  <string name="menu_focus2Today">Усредсреди се на данас</string>
  <string name="generalDeleteConfirmation">Да ли заиста да се обрише?</string>
  <string name="addContactTo">Додај контакт у %s</string>
  <string name="removeContactFrom">Уклони контакт из %s</string>
  <string name="pref_title_showTabAtTop">Линију са језичцима приказивати у врху</string>
  <!-- Within the group "contact list" label -->
  <string name="labelWithinGroupContactsList">Контакти</string>
  <string name="multipleChoicePrompt">
	Multi-select је ограничен у БЕСПЛАТНОЈ верзији на %d ставки. Ако желите
	да пошаљете поруку групи, користите group list опцију.</string>
  <string name="pref_title_dialerPadTone">Тон приликом притискања на тастатуру бирача</string>
  <string name="recentChanges">Недавне промене</string>
  <string name="more">Још</string>
  <string name="selectAll">Одабери све</string>
  <string name="pref_title_alwaysToDefTab">При покретању увек приказати подразумевану картицу</string>
  <string name="pref_summary_alwaysToDefTab">Икона за апликацију отвара подразумевани таб.</string>
  <string name="pref_title_showMostContactedBelowFavorites">Приказати најчешће контактиране испод омиљених</string>
  <string name="pref_title_showEventsFromToday">Прикажи данашње догађаје од значаја</string>
  <string name="pref_title_YPositionOfInfoWindow">Y координата „инфо” прозора</string>
  <string name="pref_summary_YPositionOfInfoWindow">Вертикална позиција прозора информација. Позиција се може мењати и директно при долазном позиву.</string>
  <string name="pref_title_backupRestore">Прављење резервне копије &amp; Учитавање из резервне копије</string>
  <string name="pref_title_backupAllSettings">Прављење резервне копије свих подешавања</string>
  <string name="pref_title_restoreAllSettings">Учитавање свих подешавања из резервне копије</string>
  <string name="pref_title_restoreDefaultSettings">Враћање подешавања на почетне вредности</string>
  <string name="pref_title_showMyContactsInUngrouped">Игнорисати системску групу \"Моји контакти\"</string>
  <string name="pref_title_startDialerWithoutDialerPad">Покрени бирач без тастатуре</string>
  <string name="pref_summary_showMyContactsInUngrouped">Прикажи контакте (који су само у системској групи \"Моји контакти\") под \"Негруписани контакти\".</string>
  <string name="toast_allSettingsToDefault">Сва подешавања враћена су на почетне вредности.</string>
  <string name="toast_settingsBackedSuccessfully">Резервна копија подешавања снимљене су на локацију %s</string>
  <string name="toast_settingsBackedFailed">Прављење резервне копије неуспешно. Проверите да ли сте унели исправну путању за резервну копију.</string>
  <string name="toast_settingsRestorSuccessfully">Подешавања су успешно преузета са %s.</string>
  <string name="toast_settingsRestorFailed">Учитавање неуспешно. Проверите да ли сте унели исправну путању, која садржи снимљена подешавања.</string>
  <string name="menu_newOrg">Нова организација</string>
  <string name="menu_newTitle">Нови назив</string>
  <string name="enterAName">Унесите име</string>
  <string name="pref_title_t9Search">Подешавање T9 претраге</string>
  <string name="pref_summary_t9Search">Ово су напредне опције за картицу „телефонирање” и начин на који ће „T9” претрага на њој радити</string>
  <string name="pref_title_matchingAnywhere">Упари речи без обзира на позицију</string>
  <string name="pref_summary_matchingAnywhere">\"WTT\" подудариће се са \"dW conTacTs\"</string>
  <string name="pref_title_matchingPart">Упари са дословним делом фразе</string>
  <string name="pref_summary_matchingPart">\"NTA\" подудариће се са \"dw coNTActs\"</string>
  <string name="pref_title_matchingFirstLetter">Упари прво слово</string>
  <string name="pref_summary_matchingFirstLetter">\"DCO\" означава \"Dw COntacts\"</string>
  <string name="pref_title_sortByDegreeOfMatch">Сортирано по степену подударности</string>
  <string name="menu_copyToClipboard">Копирај на клипборд</string>
  <string name="menu_createEvent">Направи догађај</string>
  <string name="useLimitFeaturePrompt">Може се користити ова могућност само %d пута у бесплатној верзији.</string>
  <string name="pref_title_appointmentSettings">Подешавање догађаја</string>
  <string name="pref_title_defaultAppointmentText">Предефинисани текст догађаја</string>
  <string name="pref_summary_defaultAppointmentText">Унеси текст који ће се убацити пре име + број</string>
  <string name="pref_default_defaultAppointmentText">"Позови са "</string>
  <string name="titlesList">Називи</string>
  <string name="eventsList">Догађаји</string>
  <string name="pref_title_showInContactList">Ставке које се приказују</string>
  <string-array name="pref_entries_showInContactList">
    <item>Бројеви</item>
    <item>Компанија</item>
    <item>Титула</item>
    <item>Групе</item>
    <item>Икона рачуна</item>
    <item>Слика контакта</item>
    <item>Дугме за Email</item>
    <item>Дугме за SMS</item>
    <item>Дугме бројчаника</item>
    <item>Напомене</item>
  </string-array>
  <string name="pref_title_showNotesLines">Ограничи напомене на x линија</string>
  <string name="pref_title_colorForGroups">Боја позадине - групе</string>
  <string name="pref_title_colorForOrganization">Боја позадине - компаније</string>
  <string name="pref_title_colorForTitle">Боја позадине - титуле</string>
  <string name="pref_title_fontSize2">Величина фонта (2. линија)</string>
  <string name="pref_title_fontSize3">Величина фонта (3. линија)</string>
  <string name="pref_title_useNumberSearch">Користи број приликом тражења</string>
  <string name="pref_summary_useNumberSearch">Активно: такође претражује бројеве</string>
  <string name="noEmailAddress">Нема Email адресу</string>
  <string name="pref_title_showCallLogOnPhone">Покажи call log на телефону</string>
  <string name="listTotalCallHistory">Приказано %1$d позива / трајање %2$s</string>
  <string name="pref_title_showContactsOnPhoneStart">Приказивати контакте при покретању</string>
  <string name="pref_summary_showContactsOnPhoneStart">Ако се омогући, сви контакти ће се такође приказати у листи</string>
  <string name="listTotalCallLog">Приказано %d различитих бројева позива</string>
  <string name="upcoming">Предстојећи</string>
  <string name="pref_title_phoneSettings">Подешавања телефона</string>
  <string name="pref_title_mergeCallLog">Обједини дневник позива</string>
  <string name="pref_title_showCounterOnMergedCallLog">Прикажи бројач код обједињених ставки у дневнику позива</string>
  <string name="pref_summary_showCounterOnMergedCallLog">Ако се активира, десно од имена контакта приказаће се укупан број позива у вези са тим контактом</string>
  <string name="pref_title_groupCallLogByDate">Прикажи ставке дневника позива груписане по датумима</string>
  <string name="pref_summary_groupCallLogByDate">Ако се активира, ставке дневника позива биће груписане по датумима</string>
  <string name="pref_title_limitCallLogOnXDays">Ограничити дневник позива на %s дана</string>
  <string name="pref_summary_limitCallLogOnXDays">Ограничити дневник позива на %s дана (0 = приказати све)</string>
  <string name="pref_message_0toShowAllDays">0 за приказ свих дана</string>
  <string name="pref_message_0toShowAllItems">0 за приказ свих ставки</string>
  <string name="pref_title_useOrgSearch">Користи организације приликм тражења</string>
  <string name="pref_title_matchingSkipWord">Дозвољено skip word</string>
  <string name="pref_summary_matchingSkipWord">\"DPH\" ће се подударити са \"Dw contacts &amp; PHone\"</string>
  <string name="pref_title_matchingSkipSpace">Дозвољено skip space</string>
  <string name="pref_summary_matchingSkipSpace">\"TSPH\" означава \"dw contacTS &amp; PHone\"</string>
  <string name="pref_title_globalSettings">Општа подешавања</string>
  <string name="pref_title_registrationStates">Статус: %s</string>
  <string name="pref_summary_registrationStates">Ово је верзија %1$s регистрована за уређај серијског броја: %2$s</string>
  <string name="registered">Регистровано</string>
  <string name="unregistered">Нерегистровано</string>
  <string name="pref_title_onlineRegistrationCheck">„Online” провера регистрације</string>
  <string name="pref_summary_onlineRegistrationCheck">Провера да ли је ваш уређај регистрован (захтева да будете повезани на Интернет).</string>
  <string name="pref_title_registration">Регистровање</string>
  <string name="pref_summary_registration">Откључајте додатне функције, уклоните рекламе</string>
  <string name="pref_summary_showContactsWithPhoneNumber">Ако је онемогућен, користиће системски [Contact display filtering], што се може подешавати у [Global settings]</string>
  <string name="pref_title_historyViewSettings">Подешавање приказа историје</string>
  <string-array name="pref_entries_dialerPadTone">
    <item>„DTMF” тон</item>
    <item>Тон клика</item>
    <item>ИСКЉУЧЕНО</item>
  </string-array>
  <string name="pref_title_limitNumberTitleToXChar">Дужина за назив контакта</string>
  <string name="pref_summary_limitNumberTitleToXChar">0 приказује цео назив</string>
  <string name="pref_title_supportForum">Форум за подршку</string>
  <string name="pref_title_textColor">Боја текста</string>
  <string name="historyList">Историја</string>
  <string name="startProVerPrompt">Детектована „Про” верзија. Да ли покренути њу?</string>
  <string name="pref_title_selectedBackgroundColor">Боја позадине за притуснут тастер</string>
  <string name="pref_title_dialpadThemeSettings">Подешавања бирача</string>
  <string name="pref_title_globalThemeSettings">Глобална подешавања теме</string>
  <string name="pref_title_showAlwaysAddIcon">Увек приказивати иконицу *додај*</string>
  <string name="pref_summary_showAlwaysAddIcon">Ако се омогући, приказиваће у првој линији иконицу „+”, путем које можете додати контакт</string>
  <string name="pref_title_eventGreetingText">Текст честитке поводом догађаја</string>
  <string name="pref_default_eventGreetingText">

Здраво ???, желим вам све најбоље поводом вашег ??A\'th ??E</string>
  <string name="pref_title_eventGreetingSubject">Тема за честитку поводом догађаја</string>
  <string name="pref_summary_eventGreetingSubject">Користи се само при слању електронском поштом</string>
  <string name="pref_message_eventGreetingText">Такође можете користити и промењиву "???" са пуним именом и презименом контакта; "??П" са презименом; "??И" са именом;
"??Н" са надимком; "??Г" за године старости; "??Д" за тип догађаја</string>
  <string name="pref_default_eventGreetingSubject">Поздрав вашим ??A\'th ??E</string>
  <string name="menu_sendGreetingSMSToContact">Пошањи контакту поруку о догађају путем „SMS/MMS” поруке</string>
  <string name="menu_sendGreetingEmailToContact">Пошаљи контакту поруку о догађају путем електронске поште</string>
  <string name="pref_title_storeSendSMSToSystemDB">Снимање послатих „SMS/MMS” порука у базу података</string>
  <string name="pref_summary_storeSendSMSToSystemDB">Ако се активира, послате „SMS/MMS” биће смештене у системску базу података</string>
  <!-- 	<string name="pref_title_backgroundImage">Background image</string> -->
  <!-- 	<string name="pref_summary_backgroundImageEn">If you use background image, the background color can be used simultaneously as color filter</string> -->
  <string name="pref_title_textColorSecond">Боја текста, 2. + 3. линија</string>
  <string name="pref_title_textColorLabel">Боја текста за означену 3. линију</string>
  <string name="pref_summary_textColorLabel">Ово је за боју текста на означеним групама, организацијама и називима</string>
  <string name="pref_title_backgroundListSectionColor">Боја избора листе у позадини</string>
  <string name="pref_title_textListSectionColor">Боја секције текстуалне листе</string>
  <string name="pref_title_showAlphabetListSection">Прикажи секцију алфабетске листе</string>
  <string name="pref_title_fontSizeforDigits">Величина цифара</string>
  <string name="pref_title_fontSizeforLetters">Величина слова</string>
  <string name="pref_title_dialpadIconsArrangement">Распоред иконица бирача</string>
  <string-array name="pref_entries_dialpadIconsArrangement">
    <item>Бирање/Унос/Брисање</item>
    <item>Брисање/Унос/Бирање</item>
    <item>Унос/Брисање/Бирање</item>
  </string-array>
  <!-- 	quick jump to alphabetic listcreate new contact -->
  <string name="menu_quickJump">„Брзи скок”</string>
  <string-array name="pref_entries_hideTab">
    <item>Укључено</item>
    <item>Искључено</item>
    <item>Аутоматски</item>
  </string-array>
  <string name="pref_title_backgroundColorQuickJump">Боја позадине за „брзи-прелаз”</string>
  <string name="pref_title_textColorQuickJump">Боја текста за „брзи прелаз” (quick-jump)</string>
  <string name="pref_title_disableSlideSwitchingTabs">Онемогући прелазак са картице на картицу превлачењем</string>
  <string name="pref_title_showNumberKeyboardOnDialpad">Прикажи нумеричку тастатуру на бирачу</string>
  <string name="pref_summary_showNumberKeyboardOnDialpad">Ако је онемогућено, приказаће се само оквир за унос, бројчаник и тастер за брисање (корисно, ако увек желите да бирате преко бројчаника)</string>
  <string name="pref_title_dialpadToFullWidth">Бирач у пуној ширини екрана</string>
  <string name="pref_summary_dialpadToFullWidth">Ако се активира, бирач се приказује пуном ширином екрана при његовој положеној оријентацији (у супротном, на десној је страни)</string>
  <string name="pref_title_smsSignature">Потпис „SMS/MMS” порука</string>
  <string name="pref_summary_smsSignature">Потпис, који ће увек бити додат иза текста унетог у SMS/MMS</string>
  <!-- 2.0.7 -->
  <string name="pref_title_languageForT9">Језик за T9 претрагу</string>
  <string name="pref_summary_languageForT9">Можете додати још језика који ће се користити за Т9 претрагу</string>
  <string name="pref_title_quickJumpAlignment">Quick-Jump поравнање</string>
  <string-array name="pref_entries_quickJumpAlignment">
    <item>Врх</item>
    <item>Центар</item>
    <item>Дно</item>
  </string-array>
  <string name="menu_gridView">Поглед „мрежа”</string>
  <string name="menu_listView">Поглед „листа”</string>
  <string name="pref_title_gridViewSettings">Подешавања мреже за приказ</string>
  <string name="pref_title_gridViewSize">Величина мреже</string>
  <string name="pref_title_lockGridSize">Величина мреже закључавања</string>
  <string name="pref_summary_lockGridSize">Ако је блокирано, брзи избор се ипак може користити преко клизања са 2 прста</string>
  <string name="pref_title_phoneDialpadHeight">Висина бројчаника за бирање</string>
  <string name="pref_title_moreSettings">Подешавања погледа „детаљи”</string>
  <string name="pref_summary_moreSettings">Додатна подешавања за језичке</string>
  <string name="pref_title_displayNameBelowThePicture">Прикажи име испод слике</string>
  <string name="menu_exportContactPicture">Извези слику контакта</string>
  <string name="toast_saveFailed">Неуспешно снимање!</string>
  <string name="toast_saveSuccessfully">Успешно снимљено у: %s</string>
  <string name="callConfirm">Потврда бирања</string>
  <string name="pref_summary_callConfirm">Ако је активирано, искочиће оквир за потврду пре бирања</string>
  <string name="pref_title_automaticConfirmationDelay">Одлагање аутоматске потврде</string>
  <!-- It is an option to set a time for the control [Dialing confirmation] dialog.
     At the end of the counter automatically close [Dialing confirmation] dialog. -->
  <string name="pref_title_automaticCancelDelay">Чекање на аутоматско поништавање</string>
  <string name="pref_summary_automaticConfirmationDelay">Можете додирнути било где на екрану да зауставите тајмер</string>
  <string name="pref_title_picturePositionOnRight">Слику ставити десно</string>
  <string name="updateCheck">Провера ажурирања прохрама</string>
  <string name="noUpdates">Нема доступних ажурирања програма</string>
  <string name="download">Download</string>
  <string name="pref_title_globalIconSize">Глобална величина иконе</string>
  <string name="pref_summary_globalIconSize">Ова величина одређује ширину свих икона: тастера на бројчанику, back key...</string>
  <string name="pref_title_backKeyHideDailpad">Сакриј back key на бројчанику</string>
  <string name="pref_summary_backKeyHideDailpad">Ако је неактивно, први клик на back ће затворити апликацију. Иначе ће затворити тастатуру пре изласка</string>
  <string name="pref_title_hapticFeedbackVibration">Вибрација код додора</string>
  <string name="pref_title_hapticFeedbackStrength">Јачина реакције код додира</string>
  <string name="pref_title_limitCallLogOnXitems">Ограничи историју позива на највише %s</string>
  <string name="pref_summary_limitCallLogOnXitems">Ограничи историју позива на највише %s (0 = неограничено)</string>
  <string name="pref_title_dividerLineColor">Боја црте која одваја ставке</string>
  <string name="menu_quickDial">Брзо бирање</string>
  <string name="buying_tips_in_free">Професионална верзија се може купити на "Google Play". Ако сте онемогућени да користите "Google Play" за куповину апликација, можете са интернета скинути REG верзију а затим је регистровати. Обе верзије имају исту функционалност.</string>
  <string name="buying_channel_registration">Download за REG верзију</string>
  <string name="buying_channel_registration_summary">"Након што сте кликнули на линк, апликације ће се скинути са интернета, а затим треба да кликнете на тај фајл ради инсталације. После инсталирања отворите апликацију и пратите упутства за регистровање."</string>
  <string name="pref_title_buyAdvancedVersion">Купите напредну верзију</string>
  <string name="freeVersionFound">Нађена је бесплатна вертија на вашем уређају.</string>
  <string name="uninstallFreeVersionPrompt">Препоручује се да уклоните бесплатну и користите регистровану верзију. Пре уклањања, можете сачувати податке из бесплатне верзије, а затим их унети у професионалну верзију.
Да ли да уклоним бесплатну верзију?</string>
  <string name="pref_title_copySerialNum">Прекопирајте серијски број уређаја на клипборд</string>
  <string name="askToCheckRegistrationCode">"Регистрациони кључ није важећи или није регистровано. Да ли желите да сада проверите регистрациони кључ?"</string>
  <string name="deleteContactConfirmation">Контакт \"%s\" биће обрисан.</string>
  <string name="enable">Омогући</string>
  <string name="allIncomingCalls">Сви долазни позиви</string>
  <string name="anonymousIncomingCalls">Анонимни долазни позиви</string>
  <string name="anonymousIncomingCallsSummary">Када позив не пренесе број телефона</string>
  <string name="automaticGroups">Аутоматске групе</string>
  <string name="pref_title_dialPrefix">Префикс за позивање</string>
  <string name="pref_summary_dialPrefix">Ако је задат префикс, постојаће додатна опција да се позове путем менија на дуги притисак</string>
  <string name="pref_title_dialSuffix">Суфикс код позовања</string>
  <string name="pref_summary_dialSuffix">Ако је задат суфикс, постојаће додатна опција да се позове путем менија на дуги притисак</string>
  <string name="pref_title_quickDialLimit">Лимит за брзо позивање</string>
  <string name="pref_title_languageForT9Keyboard">Језик за Т9 тастатуру</string>
  <string name="pref_summary_languageForT9Keyboard">Изабери језик који желите да прикажете на Т9 бројчанику.</string>
  <string name="callFilterAction">Активност</string>
  <string-array name="callFilterActions">
    <item>Пресретање</item>
    <item>Дозволи</item>
    <item>Тихо</item>
  </string-array>
  <string name="callFilterType">Врста филтера</string>
  <string-array name="callFilterTypes">
    <item>Групни филтер</item>
    <item>Филтер за број</item>
    <item>Скоро контактирани број</item>
  </string-array>
  <string-array name="callFilterTypesHint">
    <item>Изабери групу за филтер</item>
    <item>Унеси број за филтер</item>
    <item>Изабери важеће трајање</item>
  </string-array>
  <string name="ruleEditor">Едитор правила</string>
  <string name="label">Ознака</string>
  <string name="numberFilterExplain">* = било какав текст, ? = било какав знак</string>
  <string name="effectiveTimeOfTheRule">"Активност од %1$s до %2$s"</string>
  <string name="menu_viewRelatedContacts">Види повезане контакте</string>
  <string name="title_selectNumbers">Изаберите бројеве</string>
  <string name="title_selectEmailAddresses">Изебарите email адресе</string>
  <string name="pref_title_lockView">Блокирај измене приказа података</string>
  <string name="pref_summary_lockView">Подесите приказ података да се податак мења помоћу клизања са 2 прста</string>
  <string name="selectedNumberOfContacts">Изабрано %d контак(а)та</string>
  <string name="selectedNumberOfEmailAddresses">Изабрано %d адреса, Кликни да копираш у клипборд.</string>
  <string name="selectedNumberOfPhoneNumbers">Изабрано %d бројева телефона</string>
  <!-- 2.1.1 -->
  <string name="pref_title_nameFieldToShow">Изабери назив поља за приказ</string>
  <string-array name="pref_entries_nameField">
    <item>Лично име</item>
    <item>Презиме</item>
    <item>Средње име</item>
    <item>Титула, префикс</item>
    <item>Суфикс имена</item>
    <item>Фонетски лично име</item>
    <item>Фонетски презиме</item>
    <item>Фонетски средње име</item>
  </string-array>
  <string name="font_size">Величина знакова</string>
  <string name="show_call_log_filter">Приказ филтера дневника позива</string>
  <string name="pref_title_residesInMemory">Резидентно у меморији</string>
  <!-- Header that expands to list all of the types of settings -->
  <string name="optionsLabelsGroup">Опције</string>
  <!-- 联系人详细信息 -->
  <string name="detailsList">Детаљи</string>
  <!-- Call Statistics -->
  <string name="contact_pictures">Слика контакта</string>
  <!-- 	<string name="hour">Hour</string> -->
  <!-- 	选中的邮件地址已经复制到剪贴板。您可以将它粘贴到邮件程序的地址字段 -->
  <!-- 	由于数据库的更新。还原数据可能导致组铃声、组图片和防火墙工作不正常。请检查它们在恢复数据后。 -->
  <!-- 	注意这不会备份联系人数据库。 -->
  <string name="call">"Позови"</string>
  <!-- An option in the event notification settings, open it automatically sends the blessing SMS comes in contact events. -->
  <!-- 	注意发送消息时您不会得到通知，发送时间为事件当天的[通知时间]。 -->
  <!-- Prompt message before you delete a call log. -->
  <!--
    Dispaly in [In call Widget]
    Example:
    The last contact time: 5 days ago。 -->
  <string name="filterMode">Начин филтрирања</string>
  <!-- 	Show contacts filter Details Grp = Group; Com = Company; Tit = Title -->
  <!-- 	显示在联系人组编辑器，为编辑的组设置父组 -->
  <string name="filter_status_all">СВЕ</string>
  <!-- 	启用滑动拨号等等，关闭它以便使用滑动切换号码。 -->
  <!-- Click Open browser to select files or other data -->
  <!-- 	A menu item is used to select mode grouping contacts. -->
  <!-- A number label, recently contacted number，It shows in the contact details SMS TAB. Number selection drop-down list. For example: Recent:12345678 -->
  <!-- 	检测到您正使用屏幕阅读程序。是否显示“电话号码选择对话框”在拨号前？ -->
  <!-- 	选择[确定]，“通话中小部件”将不会再次显示。 -->
  <!-- 	如果SIM卡编号显示不正确，请先通过两个SIM卡各拨打一个电话，然后点击[重新检测]按钮。 -->
  <!-- 	重新检测 -->
  <!-- 	检测已完成 -->
  <!-- 	如果双卡功能不工作在您的设备。请尝试选择设备列表中的每一个设备，然后单击[拨号]按钮。当两个拨号按钮使用正确SIM卡拨号时，单击[保存]按钮。 -->
  <!-- 	 An option. When you enable the exchange of the SIM card used when making calls. When the dial buttons 1 and 2 do not correspond correct SIM card to select it. -->
  <!-- 	已添加前缀/后缀（%s） -->
  <!-- 	call using SIM card 1 -->
  <!-- 一个选项，当打开备注会优先保存到联系人，而不是通话记录备注 -->
  <!-- 读出来电显示号码 -->
  <!-- 搜索历史记录 - 一个开关确定是否显示搜索历史记录 -->
  <!-- 	您好，试用期限将结束在5天后。现在要购买吗？ -->
  <string name="pref_title_calllogFilterAtTop">Прикажи \"Филтер дневника позива\" на врху стране</string>
  <!-- A menu, click the call methods available to display. For example: SIM card 2; Video call; Skype; SIP -->
  <!-- Automatic redial after 3 seconds. -->
  <!-- Enter "Arrange mode", you can drag to sort items. -->
  <!-- An option to choose what to hide in the contact details -->
  <!-- An alert message when adding a shortcut to the HomePage request has been sent. -->
  <!-- OPTION: When you restart the app. Restore the state when last used. -->
  <!--     <string name="description">Description</string> -->
  <!--     <string name="menu_add_link">Add link</string> -->
  <!-- Menu item used to add custom field to contact -->
  <!-- An automatic group name, which contains all has photo contacts -->
  <!-- Selectable menu item used to controls whether display "contacts events" in the "agenda list". -->
  <!-- An option to define accent color. The color applied to framework controls in their activated (ex. checked) state. -->
  <!-- An option to define whether the appointment is created automatically send the invitation email.-->
  <!-- An option to define whether the appointment is created automatically send the invitation email.-->
  <!-- An option to define whether use circle icon.-->
  <!-- Determined by the theme -->
  <!-- An option to define color -->
  <!-- An option to define whether use colorful icon.-->
  <!-- Select this option to Reduce the ring volume when reading the caller information. -->
  <!-- Select this option to Reduce the ring volume when reading the caller information. -->
  <!-- Menu item used to Go to the "Calendar" App -->
  <!-- Menu item used to add selected item to the Tab bar -->
  <!-- Menu item used to remove selected item from the Tab bar -->
  <!-- Menu item used to browse and restore data -->
  <!-- Menu item used to open [Backup Manager] -->
  <!-- A contact group option. Open it will automatically delete call logs, contacts belong to this group. -->
  <!-- An option to control whether to display the contact's local time -->
  <!-- An option -->
  <!-- An option summary -->
  <!-- An option in the dialog box to delete call records. Controls whether delete call log notes -->
  <!-- Label above username EditText -->
  <!-- Button to sign in after entering username and password -->
  <!-- "By number" merge call records, etc. -->
  <!-- "By contact" merge call records, etc. -->
  <!-- An option to control whether to display the message log in History -->
  <!-- Menu item used to add data (E-mail address, etc.)  to contacts -->
  <!-- An option When you open it will maintain a fixed height In call widget. -->
  <!-- ****************************** Descriptions *********************************** -->
  <!--
         String describing the Keyboard switch ImageButton
         Used by AccessibilityService to announce the purpose of the button.
         [CHAR LIMIT=NONE]
    -->
  <!-- String describing the text for photo of a item(group, title, company，etc.). -->
  <!--An option. When opened, will use list long press menu.-->
  <!--An option in Accessibility. When opened, Enter the number need to double click to confirm.-->
  <!--A item of list, control information needs to be displayed in the "In call widget"-->
  <!--An option title in [Contact Details]. When opened, Will merge items,When just labels different.-->
  <!--An option summary in [Contact Details]. When opened, Will merge items,When just labels different.-->
  <!-- Notification message when adding a number to the blacklist, but the call filter did not open. -->
  <!--An option title in [Events]. Define which events need to display. It filter events based on contact groups-->
  <!--An option title in [Color schemes]. Used to define the "List section" Text Size -->
  <!--An option. When open: The starred contacts are displayed at the top of the list. -->
</resources>
