<?xml version="1.0" encoding="utf-8"?>
<!--Generated by crowdin.com-->
<resources>
  <!-- For the "T9" Search. "2ABC" means "2" matches the letter "A, B, C". 
		Translation modified "ABC" you need to search for characters. Only need upper 
		case. -->
  <string-array name="t9_search">
    <item>"0"</item>
    <item>"1\'.,"</item>
    <item>"2АБВГ"</item>
    <item>"3ДЂЕЖ"</item>
    <item>"4ЗИЈК"</item>
    <item>"ЛЉМН"</item>
    <item>"6ЊОПР"</item>
    <item>"7СТЋУ"</item>
    <item>"8ФХЦ"</item>
    <item>"9ЧЏШ"</item>
  </string-array>
  <!-- These letters appear in the Dial button on the right. -->
  <string-array name="t9_keyboard">
    <item>"+"</item>
    <item>"\' . ,"</item>
    <item>"АБВГ"</item>
    <item>"ДЂЕЖ"</item>
    <item>"ЗИЈК"</item>
    <item>"ЛЉМН"</item>
    <item>"ЊОПР"</item>
    <item>"СТЋУ"</item>
    <item>"ФХЦ"</item>
    <item>"ЧЏШ"</item>
  </string-array>
</resources>
