<?xml version="1.0" encoding="utf-8" standalone="no"?>
<!--Generated by crowdin.com-->
<resources xmlns:xliff="urn:oasis:names:tc:xliff:document:1.2">
  <string name="app_name">DW Επαφές &amp; Τηλέφωνο</string>
  <string name="app_contacts_name">Επαφές DW</string>
  <string name="starred">Αγαπημένες</string>
  <string name="coworkers">Συνεργάτες</string>
  <string name="family">Οικογένεια</string>
  <string name="friends">Φίλοι</string>
  <string name="myContacts">Οι Επαφές Μου</string>
  <string name="no_item_to_display">Κανένα στοιχείο προς εμφάνιση</string>
  <string name="allContact">Όλες οι επαφές</string>
  <string name="no_phone_numbers">Κανένας αριθμός τηλεφώνου</string>
  <string name="menu_edit">Επεξεργασία</string>
  <string name="menu_edit_group">Επεξεργασία ομάδας</string>
  <string name="menu_add_contact_to_group">Προσθήκη επαφών σε ομάδα</string>
  <string name="menu_remove_contact_from_group">Αφαίρεση επαφών από ομάδα</string>
  <string name="groupNameLabel">Όνομα Ομάδας</string>
  <string name="add">Προσθήκη</string>
  <string name="message_del_system_group">Αυτή είναι μια ομάδα συστήματος. Μετά την διαγραφή της, μπορεί να ξαναδημιουργηθεί αυτόματα που μπορεί να δημιουργήσει άλλα προβλήματα. Θέλετε σίγουρα να το κάνετε αυτό;</string>
  <string name="menu_select_mode">Πολλαπλή επιλογή</string>
  <string name="menu_inverse_select">Αντιστροφή</string>
  <!--<string name="noContact">This group has no contact</string> -->
  <string name="pleaseWait">Παρακαλώ Περιμένετε</string>
  <string name="pref_send_title">Ρυθμίσεις SMS &amp; Email</string>
  <string name="pref_title_sms_mms_send">SMS/MMS</string>
  <string name="pref_title_email_send">Email</string>
  <string name="pref_send_to">Αποστολή προς %s</string>
  <string-array name="prefEntries_sms_mms_to">
    <item>Κύριο ή Πρωτεύων Κινητό</item>
    <item>Όλοι οι αριθ. Κινητών</item>
    <item>Όλοι οι αριθμοί</item>
  </string-array>
  <string-array name="prefEntries_email_to">
    <item>Κύρια Διεύθυνση Email</item>
    <item>Όλες οι Διευθύνσεις Email</item>
  </string-array>
  <!--Recipients location -->
  <string name="pref_title_recipients_location">Ανωνυμία παραλήπτη</string>
  <string name="pref_recipients_location_summary">Όλες οι διευθύνσεις θα είναι στο πεδίο %s</string>
  <string-array name="pref_entries_recipients_location">
    <item>Κρυφή Κοιν.</item>
    <item>Κοιν.</item>
    <item>Προς</item>
  </string-array>
  <string name="menu_preferences">Ρυθμίσεις</string>
  <string name="preferences_title">Ρυθμίσεις</string>
  <string name="error_report_email_explain">Λυπούμαστε, συνέβη ένα σφάλμα. Μπορείτε να μας βοηθήσετε να το διορθώσουμε στέλνοντας μας μια αναφορά  που να περιέχει το μήνυμα σφάλματος και μερικές πληροφορίες συστήματος. Θα τηρηθεί η ανωνυμία σας.</string>
  <string name="no_contact_selected">Δεν έχει επιλεγεί επαφή</string>
  <!--Firewall -->
  <string name="firewell_add_item">Προσθήκη φίλτρου κλήσεων</string>
  <string name="lable_week">Εργάσιμες ημέρες</string>
  <string name="select_group_title">Επιλογή ομάδας</string>
  <!-- %s = call number-->
  <string name="call_blocking_message">Το %s αποκλείστηκε</string>
  <string name="pref_firewall_title">Ρυθμίσεις φίλτρου κλήσης</string>
  <string name="pref_title_firewall_enable">Ενεργοποίηση φίλτρων κλήσης</string>
  <string name="firewall_service_started">Η υπηρεσία φίλτρων κλήσης ενεργοποιήθηκε</string>
  <string name="firewall_state_label">Φίλτρο Κλήσεων DW</string>
  <!-- The status bar at the top of the screen display a notification message. -->
  <string name="pref_title_firewall_allways_show_stat_notify">Εμφάνιση εικονιδίου στην γραμμή κατάστασης</string>
  <string name="pref_firewall_allways_show_stat_notify_summary">Προβολή πάντα του μηνύματος κατάστασης</string>
  <string name="menu_week_view">Εβδομαδιαία προβολή</string>
  <string name="menu_time_view">Ωριαία προβολή</string>
  <string name="menu_view">Εμφάνιση</string>
  <string name="from">Από</string>
  <string name="to">Προς</string>
  <string-array name="days">
    <item>Κυριακή</item>
    <item>Δευτέρα</item>
    <item>Τρίτη</item>
    <item>Τετάρτη</item>
    <item>Πέμπτη</item>
    <item>Παρασκευή</item>
    <item>Σάββατο</item>
  </string-array>
  <string-array name="days_short">
    <item>Κυρ</item>
    <item>Δευ</item>
    <item>Τρι</item>
    <item>Τετ</item>
    <item>Πεμ</item>
    <item>Παρ</item>
    <item>Σάβ</item>
  </string-array>
  <string name="firewall_label">Φίλτρο Κλήσης</string>
  <string name="everyday">Καθημερινά</string>
  <string name="never">Ποτέ</string>
  <string name="pref_title_display_system_group">Εμφάνιση ομάδων σύστημα</string>
  <!-- Gmail the default, including the group. (Starred, Coworkers, Family, Friends, My Contacts) -->
  <string name="pref_display_system_group_summary">Εμφάνιση ομάδας συστήματος</string>
  <string name="pref_title_merge_same_name_group">Συγχώνευση ομάδων</string>
  <string name="pref_merge_same_name_group_summary">Συγχώνευση παρόμοιων ομάδων</string>
  <string name="pref_font_size_title">Μέγεθος γραμματοσειράς (1η σειρά)</string>
  <string name="pref_font_size_summary">Μέγεθος: %s</string>
  <string name="removePicture">Αφαίρεση Φωτογραφίας</string>
  <string name="changePicture">Αλλαγή Φωτογραφίας</string>
  <string name="attachToGroup">Φωτογραφίας Ομάδας</string>
  <string name="use_photo_as_primary">Χρήση αυτής της Φωτογραφίας</string>
  <string name="photoPickerNotFoundText">Δεν βρέθηκε ο επιλογέας φωτογραφιών</string>
  <string name="SMS">SMS</string>
  <string name="Email">Email</string>
  <string name="_null">""</string>
  <!-- It shows the contact event to the present time. -->
  <string name="days_after">σε %d μέρες</string>
  <string name="months_after">σε %d μήνες</string>
  <string name="days_ago">%d μέρες πριν</string>
  <string name="months_ago">%d μήνες πριν</string>
  <string name="today">σήμερα</string>
  <string name="show_group_icon">Εμφάνιση εικόνας ομάδας</string>
  <string name="show_group_icon_summary">Εμφάνιση εικονιδίου κάθε ομάδας</string>
  <string name="using_system_sms_program">Χρήση βασικού προγράμματος SMS</string>
  <!-- According to user feedback that I might in the new version, use it again. -->
  <string name="using_system_sms_program_summary">Απενεργοποίηση αποστολής SMS</string>
  <string name="recipients_limit">Όριο πλήθους παραληπτών</string>
  <string name="recipients_limit_summary">Όταν το πλήθος των παραληπτών υπερβεί την τιμή, θα σταλεί αυτόματα σε παρτίδες</string>
  <string name="send">Αποστολή</string>
  <string name="confirm_send_message">Αποστολή μηνυμάτων στις υπόλοιπες επαφές;</string>
  <!-- For example, Tablet PC does not support sending text messages. However, click the SMS icon.
    I will call the SMS program. The system will report an exception. Then display this prompt. -->
  <string name="system_does_not_support">Δεν υποστηρίζεται από το σύστημα!</string>
  <string name="ungrouped_contacts">Μη ομαδοποιημένες επαφές</string>
  <string name="multipleContactsDeleteConfirmation">Οι επιλεγμένες επαφές θα διαγραφούν</string>
  <!--pref default view -->
  <string name="pref_title_default_view">Κύρια καρτέλα</string>
  <string name="pref_default_view_summary">Βασική καρτέλα κατά την εκκίνηση: %s</string>
  <!--pref show auto groups -->
  <string name="pref_title_display_auto_group">Εμφάνιση αυτομάτων ομάδων</string>
  <string name="label_hide">Απόκρυψη</string>
  <string name="hide_group_summary">Απόκρυψη ομάδας</string>
  <string name="fast_scroll_alphabet">\u0020ABCDEFGHIJKLMNOPQRSTUVWXYZΑΒΓΔΕΖΗΘΙΚΛΜΝΞΟΠΡΣΤΥΦΧΨΩ</string>
  <string name="fast_scroll_numeric_alphabet">\u00200123456789ABCDEFGHIJKLMNOPQRSTUVWXYZΑΒΓΔΕΖΗΘΙΚΛΜΝΞΟΠΡΣΤΥΦΧΨΩ</string>
  <!-- Because the different SMS programs. When I provide a phone number to the SMS program,
    some require the use of a semicolon to separate the numbers, and some require a comma. Therefore, this option provides. -->
  <string name="sms_compatibility_mode_title">Λειτουργία αποστολής SMS/MMS</string>
  <string name="sms_compatibility_mode_summary">Επιλέξτε αυτό αν στο "Πρόγραμμα SMS" σας, δεν είναι η κανονική παραλαβή των αριθμών τηλεφώνου. Για παράδειγμα: XT800</string>
  <string name="menu_sort_hide">Ταξινόμηση &amp; Απόκρυψη</string>
  <string name="menu_sort_alphabetically">Αλφαβητικά</string>
  <string name="pref_in_call_widget_title">Κλήση</string>
  <string name="pref_help_title">Βοήθεια</string>
  <string name="pref_online_help_title">Ηλεκτρονική Βοήθεια</string>
  <string name="menu_cancel_send_to_voicemail">Κατάργηση αποκλεισμού κλήσεων από τις εμφανιζόμενες επαφές</string>
  <string name="pref_feedback_title">Σχόλια μέσω email</string>
  <string name="pref_about_title">Περί</string>
  <string name="version">Έκδοση</string>
  <string name="pref_name_display_order_summary">Αλλαγή σειράς ταξινόμησης. Μπορεί να επηρεάσει την ταχύτητα εμφάνισης.</string>
  <string name="pref_contacts_account_title">Στοιχεία λογαριασμού</string>
  <string name="pref_contacts_account_summary">Προβολή επαφών από: %s</string>
  <string name="all_account">Όλους τους λογαριασμούς</string>
  <string name="pref_show_account_name_title">Εμφάνιση ονόματος λογαριασμού</string>
  <string name="pref_show_account_name_summary">Προβολή ονόματος λογαριασμού κάτω από το όνομα ομάδας.</string>
  <string name="select_account">Επιλέξτε Λογαριασμό</string>
  <string name="pref_register_code_title">Εισάγετε τον κωδικό εγγραφής</string>
  <string name="pref_register_code_summary">Πρέπει να εισάγετε τον κωδικό εγγραφής (δεν απαιτείται σύνδεση στο internet), το οποίο έχεις στο e-mail επιβεβαίωσης της πληρωμής σας</string>
  <!-- A setting item, click it to open, buy the software license key dialog box. -->
  <string name="pref_get_register_code_title">Αγορά καταχωρημένης έκδοση</string>
  <string name="menu_delete_all">Διαγραφή όλων</string>
  <!-- Menu title the user can use for trying to resend a message. -->
  <string name="menu_retry_sending">Επανάληψη απσοτολής</string>
  <string name="message">Μήνυμα</string>
  <string name="failed">Απέτυχε</string>
  <string name="queued">Σε αναμονή</string>
  <string name="outbox">Εξερχόμενα</string>
  <string name="sent">Απεσταλμένα</string>
  <string name="auto_replace_to_name">Αυτόματη αντικατάσταση του "???" με το πλήρες όνομα της επαφής, "??F" με το επώνυμο, "??G" με το όνομα, "??Ν" με το ψευδώνυμο.</string>
  <string name="example_message">Γεια σας,???</string>
  <string name="sms_preview">Προεπισκόπηση:</string>
  <string name="message_send_state_successfully">Επιτυχής αποστολή.</string>
  <string name="message_send_state_failed">Αποτυχία αποστολής.</string>
  <string name="message_send_unknown_error">Άγνωστο σφάλμα. Το %d μήνυμα δεν εστάλη.</string>
  <string name="message_send_no_signal">Χωρίς σήμα ή είναι ενεργοποιημένη η κατάσταση πτήσης. Το μήνυμα %d δεν στάλθηκε.</string>
  <string name="message_send_successfully">Όλα τα μηνύματα στάλθηκαν επιτυχώς.</string>
  <string name="need_the_paid_version">Διαθέσιμο στην πληρωμένη έκδοση</string>
  <!-- As a "contact group"on the phone the main screen to create a shortcut. -->
  <string name="create_shortcut">Δημιουργία συντόμευσης</string>
  <string name="menu_move_to_group">Μετακίνηση σε ομάδα</string>
  <!--pref theme -->
  <string name="pref_theme_title">Θέμα</string>
  <!-- Change the software interface look. -->
  <string name="pref_theme_summary">Ορισμός θέματος</string>
  <string name="search">Αναζήτηση</string>
  <string name="pref_services_title">Ρυθμίσεις υπηρεσιών παρασκηνίου</string>
  <!-- Settings screen, section heading for SMS-specific settings -->
  <string name="pref_sms_settings_title">"Ρυθμίσεις SMS"</string>
  <!-- Settings screen, section heading for EMAIL-specific settings -->
  <string name="pref_email_settings_title">"Ρυθμίσεις Email"</string>
  <!-- Settings item for boolean option to enable/disable SMS delivery reports -->
  <string name="pref_title_sms_delivery_reports">Αναφορά παράδοσης</string>
  <!-- Settings item description for boolean SMS delivery report setting -->
  <string name="pref_summary_sms_delivery_reports">Αίτημα αναφοράς παράδοσης για κάθε μήνυμα.</string>
  <string name="pref_contact_sort_order_title">Ταξινόμηση κατά</string>
  <string name="pref_contact_sort_order_summary">Αλλαγή της ταξινόμησης. Αυτό μπορεί να επηρεάσει την ταχύτητα εμφάνισης.</string>
  <!-- CHANGED ORDER -->
  <!-- An automatic group, it shows all the contacts included telephone numbers. -->
  <string name="has_phone_number_contacts">Επαφές με τηλέφωνα</string>
  <string name="exit_prompt">Πατήστε Επιστροφή ξανά για έξοδο.</string>
  <string name="pref_exit_prompt_title">Επιβεβαίωση κατά την έξοδο</string>
  <string name="pref_exit_prompt_summary">Εμφάνιση επιπλέον προειδοποίησης κατά την έξοδο</string>
  <string name="pref_language_title">Γλώσσα</string>
  <string name="load_license_success">Επιτυχής φόρτωση άδειας χρήσης από το δίκτυο.</string>
  <string name="load_license_failed">Αποτυχία φόρτωσης άδειας χρήσης από το δίκτυο!</string>
  <string name="license_check_success">Επιτυχής έλεγχος άδειας χρήσης.</string>
  <string name="license_check_failed">Αποτυχία ελέγχου άδειας χρήσης!</string>
  <string name="load_license_unregistered">Δεν έχετε εγγραφεί ακόμη.</string>
  <string name="sending">Αποστολή…</string>
  <string name="error">Σφάλμα</string>
  <string name="clear_data_or_uninstall_app">Καθαρισμός δεδομένων ή απεγκατάσταση της Εφαρμογής</string>
  <string name="database_update_error_message">"Συγγνώμη!
Σφάλμα κατά την ενημέρωση της βάσης δεδομένων.
Αυτό το σφάλμα συνέβη λόγω των δικαιωμάτων του αρχείου της βάσης.
Εκτιμάται ότι συνέβη λόγω ενός προγράμματος αντιγράφων ασφαλείας.
Τρεις τρόποι για να διορθωθεί το πρόβλημα. Παρακαλούμε δοκιμάστε τον έναν μετά τον άλλον μέχρι το πρόβλημα να διορθωθεί. 
1. Επανεκκινήστε το τηλέφωνο.
2. Στο περιβάλλον διαχείρισης λογισμικού, διαγράψτε τα δεδομένα της εφαρμογής.
3. Απεγκατάσταση και επανεγκατάσταση του λογισμικού."</string>
  <!-- It shows the contact event to the present time. -->
  <string name="one_day_after">Αύριο</string>
  <string name="one_day_ago">Χθες</string>
  <string name="one_month_ago">Προηγούμενο μήνα</string>
  <string name="menu_edit_event">Επεξεργασία συμβάντος για την επαφή</string>
  <string name="menu_add_to_calendar">Προσθήκη συμβάντος στο ημερολόγιο</string>
  <string name="menu_delete_event">Διαγραφή συμβάντος από την επαφή</string>
  <string name="menu_duplicate_contact">Αντίγραφο επαφής</string>
  <string name="mes_sendSmsSystemLimit">Εξαιτίας των περιορισμών του συστήματος, μπορούν ν\' αποσταλούν %2$s SMS κάθε %1$s ώρα/ες. Θα συνεχιστεί αυτόματα μετά από %1$s ώρα/ες.</string>
  <string name="sendInBatches">Παρτίδες</string>
  <string name="sendInSingle">Μονό</string>
  <string name="sendInBatchesMessage">Το πλήθος των παραληπτών είναι μεγαλύτερο από το "Όριο Παραληπτών" στις ρυθμίσεις. Εισάγετε το μήνυμα για πολλαπλή αποστολή ή επιλέξτε "Μονό" για μονή αποστολή.</string>
  <string name="pref_title_eventNotification">Ρυθμίσεις ειδοποιήσεως συμβάντων</string>
  <string name="pref_title_notificationTime">Ώρα ειδοποίησης</string>
  <string name="pref_title_notificationRingtone">Ήχος ειδοποίησης</string>
  <string name="pref_summary_notificationTime">Ρυθμίστε το χρόνο γνωστοποίησης της ειδοποίησης</string>
  <string name="pref_title_notificationBeforeHappen">Προειδοποίηση πριν συμβεί</string>
  <string name="pref_summary_notificationBeforeHappen">%s μέρες πριν την ειδοποίηση</string>
  <string name="pref_title_notification">Ειδοποίηση</string>
  <string name="pref_title_reminder">Υπενθύμιση</string>
  <string name="pref_summary_reminder">%s πριν</string>
  <string name="pref_title_ringtone">Ήχος Κλήσης</string>
  <string name="pref_title_alarm">Ήχος Ειδοποίησης</string>
  <string name="pref_title_mergeSubgroup">Συγχώνευση υποομάδας</string>
  <string name="pref_summary_mergeSubgroup">Οι υποομάδες επαφών εμφανίζονται στην ομάδα γονέα.</string>
  <string-array name="pref_entries_notificationTime">
    <item>1 λεπτό</item>
    <item>5 λεπτά</item>
    <item>10 λεπτά</item>
    <item>15 λεπτά</item>
    <item>20 λεπτά</item>
    <item>25 λεπτά</item>
    <item>30 λεπτά</item>
    <item>45 λεπτά</item>
    <item>1 ώρα</item>
    <item>2 ώρες</item>
    <item>3 ώρες</item>
    <item>12 ώρες</item>
    <item>24 ώρες</item>
    <item>2 μέρες</item>
    <item>1 βδομάδα</item>
  </string-array>
  <!-- Not in phone book contacts. -->
  <string name="unknown_contacts">Άγνωστες επαφές</string>
  <string name="not_in_phone_book_contacts">Όχι στις επαφές τηλεφώνου.</string>
  <string name="eventNotification">Ειδοποίηση Συμβάντος</string>
  <string name="eventNotificationMessage">"Τα γενέθλια/εορτή του %s είναι σύντομα."</string>
  <!-- When using the "Firstname first" show name, "Firstname" and "Lastname" split between the symbols. Most language is a space. -->
  <string name="givenNameFirstSeparator">" "</string>
  <!-- When using the "Lastname first" show name, "Firstname" and "Lastname" split between the symbols. -->
  <string name="familyNameFirstSeparator">", "</string>
  <string name="vCard">vCard</string>
  <string name="text">Κείμενο</string>
  <string name="pref_title_likeTheSoftware">Στηρίξτε το λογισμικό μας</string>
  <string name="pref_title_rating">Βαθμολογία</string>
  <string name="pref_summary_rating">Δώστε καλή βαθμολογία στο Market.</string>
  <string name="pref_title_share">Κοινοποίηση</string>
  <string name="pref_summary_share">Προτείνετε την εφαρμογή στους φίλους σας.</string>
  <string name="contact_group">Ομάδες</string>
  <!-- Set the time to send text messages in the future. -->
  <string name="regularlySent">Τακτική αποστολή</string>
  <string name="time">Χρόνος</string>
  <string name="pref_title_EmailProgram">Πρόγραμμα Email</string>
  <string name="pref_summary_on_EmailProgram">Χρήση προεπιλεγμένου προγράμματος E-mail.</string>
  <string name="pref_summary_off_EmailProgram">Επιλογή κατά την αποστολή μηνυμάτων.</string>
  <string name="toolbox">Εργαλεία</string>
  <string name="pref_title_SMSSendInterval">Διάστημα αποστολής</string>
  <string name="pref_summary_SMSSendInterval">Αποστολή γραπτού μηνύματος ανά (σε δευτερόλεπτα).</string>
  <string name="app_dialer_name">DW Κλήση</string>
  <string name="menu_sort">Σειρά ταξινόμισης</string>
  <string name="menu_unselectAll">Αποεπιλογή όλων</string>
  <string name="pref_title_themeCustomize">Ρυθμίσεις θέματος</string>
  <string name="pref_title_backgroundColor">Χρώμα φόντου</string>
  <string name="pref_title_backgroundColorForTitles">Χρώμα φόντου τίτλου</string>
  <string name="pref_title_textColorForTitles">Χρώμα κειμένου τίτλου</string>
  <string name="pref_title_textColorMarked">Χρώμα επιλεγμένου κειμένου</string>
  <string name="pref_title_hideTheTitle">Απόκρυψη γραμμής τίτλου</string>
  <string name="pref_title_hideTheStatusbar">Απόκρυψη γραμμής κατάστασης</string>
  <string name="pref_title_hideTabLabel">Απόκρυψη ετικετών καρτελών</string>
  <string name="reset">Επαναφορά</string>
  <string name="pref_title_automaticRotation">Αυτόματη περιστροφή</string>
  <string name="pref_summary_automaticRotation">Αυτόματη περιστροφή οθόνης μπορεί να ενεργοποιηθεί ή να απενεργοποιηθεί</string>
  <string name="addSelectedContactsToFavorites">"Προσθήκη στα αγαπημένα"</string>
  <string name="removeSelectedContactsFormFavorites">Κατάργηση από τα αγαπημένα</string>
  <string name="deleteSelectedContacts">Διαγραφή επαφών</string>
  <string name="duplicateSelectedContacts">Διπλές επαφές</string>
  <string name="setGroupForSelectedContacts">Ορισμός ομάδας για τις επαφές</string>
  <string name="forSelectedContacts">Για της επιλεγμένες επαφές</string>
  <string name="searchAnything">Αναζήτηση</string>
  <string name="quickDialManager">Γρήγορη κλήση</string>
  <string name="menu_shareNumber">Κοινή χρήση νούμερου</string>
  <string name="menu_setGroupForContact">Ορισμός ομάδας για την επαφή</string>
  <string name="pref_title_tabSettings">Ρυθμίσεις καρτελών</string>
  <string name="sendSMStoShownContacts">Αποστολή SMS/MMS στις εμφανιζόμενες επαφές</string>
  <string name="sendEmailtoShownContacts">Αποστολή email στις εμφανιζόμενες επαφές</string>
  <string name="setRingtoneForShownContacts">Ορισμός ήχου κλήσης για τις εμφανιζόμενες επαφές</string>
  <string name="pref_title_enableEventNotification">Ενεργοποίηση ειδοποιήσεων συμβάντων</string>
  <string name="forSelectedGroups">Για τις επιλεγμένες ομάδες</string>
  <string name="menu_send_group_message">Αποστολή SMS/MMS στην ομάδα</string>
  <string name="menu_delete_group">Διαγραφή ομάδας</string>
  <string name="menu_deleteGroups">Διαγραφή ομάδων</string>
  <!-- 	<string name="forSelectedOrgs">For selected companies</string> -->
  <!-- 	<string name="menu_editOrg">Edit company</string> -->
  <!-- 	<string name="forSelectedTitles">For selected titles</string> -->
  <!-- 	<string name="menu_editTitle">Edit title</string> -->
  <string name="menu_editContactFromEvent">Επεξεργασία επαφής συμβάντος</string>
  <string name="menu_focus2Today">Εστίαση στην τρέχουσα ημέρα</string>
  <string name="generalDeleteConfirmation">Θέλετε σίγουρα να διαγράψετε;</string>
  <string name="addContactTo">Προσθήκη επαφής στο %s</string>
  <string name="removeContactFrom">Αφαίρεση επαφής από %s</string>
  <string name="pref_title_showTabAtTop">Εμφάνιση στην καρτέλα γραμμής στην κορυφή</string>
  <!-- Within the group "contact list" label -->
  <string name="labelWithinGroupContactsList">Επαφές</string>
  <string name="multipleChoicePrompt">Η πολλαπλή επιλογή στην ΔΩΡΕΑΝ έκδοση είναι περιορισμένη στις %d. Αν θέλετε να στείλετε ένα μήνυμα σε ομάδα, χρησιμοποιήστε το μενού ομάδας.</string>
  <string name="pref_title_dialerPadTone">Τόνος πατήματος τηλεφώνου</string>
  <string name="recentChanges">Πρόσφατες αλλαγές</string>
  <string name="more">Περισσότερα</string>
  <string name="selectAll">Επιλογή όλων</string>
  <string name="pref_title_alwaysToDefTab">Εκκίνηση πάντα με την προεπιλεγμένη καρτέλα</string>
  <string name="toast_settingsBackedFailed">Αποτυχία αντιγράφου. Βεβαιωθείτε ότι έχετε εισάγει σωστή διαδρομή</string>
  <string name="toast_settingsRestorFailed">Αποτυχία επαναφοράς αντιγράφου. Βεβαιωθείτε ότι έχετε εισάγει σωστή διαδρομή</string>
  <string name="menu_newOrg">Νέα ομάδα</string>
  <string name="menu_newTitle">Νέος τίτλος</string>
  <string name="enterAName">Εισαγάγετε ένα όνομα</string>
  <string name="pref_title_t9Search">Ρυθμίσεις αναζήτησης T9</string>
  <string name="pref_title_matchingAnywhere">Ταίριασμα λέξεων οπουδήποτε</string>
  <string name="pref_title_matchingPart">Ταίριασμα μέρους της λέξης</string>
  <string name="pref_title_matchingFirstLetter">Ταίριασμα πρώτου γράμματος</string>
  <string name="pref_title_sortByDegreeOfMatch">Ταξινόμηση ανάλογα με την συμβατικότητα</string>
  <string name="menu_copyToClipboard">Αντιγραφή στο πρόχειρο</string>
  <string name="menu_createEvent">Δημιουργία ραντεβού</string>
  <string name="pref_title_appointmentSettings">Ρυθμίσεις ραντεβού</string>
  <string name="pref_title_defaultAppointmentText">Προεπιλεγμένο κείμενο ραντεβού</string>
  <string name="pref_summary_defaultAppointmentText">Προσθέστε ένα κείμενο, το οποίο θα εισαχθεί πριν από το όνομα + αριθμός</string>
  <string name="pref_default_defaultAppointmentText">"Κλήση με "</string>
  <string name="titlesList">Τίτλοι</string>
  <string name="eventsList">Εκδηλώσεις</string>
  <string name="pref_title_showInContactList">Στοιχεία προς εμφάνιση</string>
  <string-array name="pref_entries_showInContactList">
    <item>Νούμερα</item>
    <item>Οργανώσεις</item>
    <item>Τίτλος</item>
    <item>Ομάδες</item>
    <item>Εικονίδιο λογαριασμού</item>
    <item>Εικόνες επαφής</item>
    <item>Πλήκτρο email</item>
    <item>Πλήκτρο SMS</item>
    <item>Πλήκτρο κλήσης</item>
    <item>Notes</item>
  </string-array>
  <string name="pref_title_showNotesLines">Όριο σημειώσεων στις x γραμμές</string>
  <string name="pref_title_colorForGroups">Χρώμα φόντου ομάδων</string>
  <string name="pref_title_colorForOrganization">Χρώμα φόντου οργανώσεων</string>
  <string name="pref_title_colorForTitle">Χρώμα φόντου τίτλων</string>
  <string name="pref_title_fontSize2">Μέγεθος γραμματοσειράς (2η γραμμή)</string>
  <string name="pref_title_fontSize3">Μέγεθος γραμματοσειράς (3η γραμμή)</string>
  <string name="pref_title_useNumberSearch">Χρήση αριθμού στην αναζήτηση</string>
  <string name="pref_summary_useNumberSearch">Ενεργοποιημένο, αναζητεί και για νούμερα</string>
  <string name="noEmailAddress">Καμία διεύθυνση Email</string>
  <string name="listTotalCallHistory">Εμφάνιση %1$d κλήσεων / διάρκειας %2$s</string>
  <string name="pref_title_showContactsOnPhoneStart">Εμφάνιση επαφών στην έναρξη</string>
  <string name="upcoming">Επερχόμενες</string>
  <string name="pref_title_phoneSettings">Ρυθμίσεις τηλεφώνου</string>
  <string name="pref_title_mergeCallLog">Συγχώνευση αρχείο κλήσεων</string>
  <string name="pref_title_showCounterOnMergedCallLog">Εμφάνιση μετρητή για την συγχώνευση στοιχείων ιστορικού κλήσεων</string>
  <string name="pref_summary_showCounterOnMergedCallLog">Αν ενεργοποιηθεί, θα εμφανιστεί στη δεξιά πλευρά του ονόματος της επαφής πόσες κλήσεις συγχωνεύονται</string>
  <string name="pref_title_groupCallLogByDate">Εμφάνιση ιστοτικού κλησεων κατά ημερομηνία</string>
  <string name="pref_summary_groupCallLogByDate">Εάν ενεργοποιηθεί, θα ομαδοποιηθούν τα αρχεία καταγραφής κλήσεων κατά ημερομηνία</string>
  <string name="pref_title_useOrgSearch">Χρησιμοποιήστε οργάνωση στην αναζήτηση</string>
  <string name="pref_title_matchingSkipWord">Επιτρέπετε η παράλειψη λέξης</string>
  <string name="pref_title_globalSettings">Καθολικές ρυθμίσεις</string>
  <string name="pref_title_registrationStates">Κατάσταση: %s</string>
  <string name="pref_summary_registrationStates">Αυτή η έκδοση είναι %1$s για τη συσκευή με σειριακό αριθμό: %2$s</string>
  <string name="registered">Εγγεγραμμένος</string>
  <string name="unregistered">Χωρίς εγγραφή</string>
  <string name="pref_title_onlineRegistrationCheck">Ηλεκτρονική εγγραφή ελέγχου</string>
  <string name="pref_title_registration">Εγγραφή</string>
  <string name="pref_summary_registration">Ξεκλείδωμα εκτεταμένων συναρτήσεων, αφαιρέστε τις διαφημίσεις</string>
  <string name="pref_title_historyViewSettings">Ρυθμίσεις προβολής ιστορικού</string>
  <string-array name="pref_entries_dialerPadTone">
    <item>Ήχος DTMF</item>
    <item>Ήχος πληκτρολογίου</item>
    <item>ΑΠΕΝΕΡΓΟΠΟΊΗΣΗ</item>
  </string-array>
  <string name="pref_title_limitNumberTitleToXChar">Μήκος τίτλου τηλεφωνικού νούμερου</string>
  <string name="pref_title_supportForum">Φόρουμ υποστήριξης</string>
  <string name="pref_title_textColor">Χρώμα κειμένου</string>
  <string name="historyList">Ιστορικό</string>
  <!-- 	<string name="pref_title_backgroundImage">Background image</string> -->
  <!-- 	<string name="pref_summary_backgroundImageEn">If you use background image, the background color can be used simultaneously as color filter</string> -->
  <!-- 	quick jump to alphabetic listcreate new contact -->
  <string name="pref_summary_showNumberKeyboardOnDialpad">Αν απενεργοποιηθεί, θα εμφάνισει μονο το πλαισίου εισόδου, κλησης και εικονίδιο  διαγραφης(χρήσιμο, αν θέλετε να κανετε κλησεις πάντα μέσω φυσικων κουμπιων")</string>
  <string name="pref_title_dialpadToFullWidth">Καντράν στο πλάτος οθόνης</string>
  <!-- 2.0.7 -->
  <string name="pref_title_languageForT9">Γλώσσα για T9-αναζήτηση</string>
  <string name="pref_summary_languageForT9">Μπορείτε να προσθέσετε επιπλέον γλώσσες, η οποίες θα πρέπει να χρησιμοποιούνται για T9-αναζήτηση</string>
  <string name="pref_title_quickJumpAlignment">Γρήγορη-μεταπήδηση στοίχιση</string>
  <string-array name="pref_entries_quickJumpAlignment">
    <item>Επάνω</item>
    <item>Κέντρο</item>
    <item>Κάτω</item>
  </string-array>
  <string name="menu_gridView">Προβολή σε πλέγμα</string>
  <string name="menu_listView">Προβολή λίστας</string>
  <string name="pref_title_gridViewSettings">Ρυθμίσεις προβολής πλέγματος</string>
  <string name="pref_title_gridViewSize">Μέγεθος πλέγματος</string>
  <string name="pref_title_lockGridSize">Κλείδωμα μέγεθους πλέγματος</string>
  <string name="pref_summary_lockGridSize">Εάν είναι κλειδωμένο, τότε η γρηγορη μεταπηδηση μπορεί να χρησιμοποιηθεί ξανά συροντας τα 2 δάχτυλα</string>
  <string name="pref_title_phoneDialpadHeight">Ύψος πληκτρολoγίου κλήσης</string>
  <string name="pref_title_moreSettings">Ρυθμίσεις προβολής λεπτομερειών</string>
  <string name="pref_summary_moreSettings">Πιο λεπτομερείς ρυθμίσεις για την κάθε προβολή καρτέλας</string>
  <string name="pref_title_displayNameBelowThePicture">Εμφάνιση ονόματος κάτω από την εικόνα</string>
  <string name="menu_exportContactPicture">Εξαγωγή της εικόνας επαφής</string>
  <string name="callConfirm">Επιβεβαίωση της κλήσης</string>
  <string name="pref_summary_callConfirm">Εάν ενεργοποιηθεί, θα δείξει σε αναδυόμενα παράθυρα μια αίτηση επιβεβαίωσης πριν από την κλήση</string>
  <!-- It is an option to set a time for the control [Dialing confirmation] dialog.
     At the end of the counter automatically close [Dialing confirmation] dialog. -->
  <string name="pref_title_picturePositionOnRight">Θέση της εικόνας δεξιά</string>
  <!-- 2.1.1 -->
  <!-- Header that expands to list all of the types of settings -->
  <!-- 联系人详细信息 -->
  <!-- Call Statistics -->
  <!-- 	<string name="hour">Hour</string> -->
  <!-- 	选中的邮件地址已经复制到剪贴板。您可以将它粘贴到邮件程序的地址字段 -->
  <!-- 	由于数据库的更新。还原数据可能导致组铃声、组图片和防火墙工作不正常。请检查它们在恢复数据后。 -->
  <!-- 	注意这不会备份联系人数据库。 -->
  <!-- An option in the event notification settings, open it automatically sends the blessing SMS comes in contact events. -->
  <!-- 	注意发送消息时您不会得到通知，发送时间为事件当天的[通知时间]。 -->
  <!-- Prompt message before you delete a call log. -->
  <!--
    Dispaly in [In call Widget]
    Example:
    The last contact time: 5 days ago。 -->
  <!-- 	Show contacts filter Details Grp = Group; Com = Company; Tit = Title -->
  <!-- 	显示在联系人组编辑器，为编辑的组设置父组 -->
  <!-- 	启用滑动拨号等等，关闭它以便使用滑动切换号码。 -->
  <!-- Click Open browser to select files or other data -->
  <!-- 	A menu item is used to select mode grouping contacts. -->
  <!-- A number label, recently contacted number，It shows in the contact details SMS TAB. Number selection drop-down list. For example: Recent:12345678 -->
  <!-- 	检测到您正使用屏幕阅读程序。是否显示“电话号码选择对话框”在拨号前？ -->
  <!-- 	选择[确定]，“通话中小部件”将不会再次显示。 -->
  <!-- 	如果SIM卡编号显示不正确，请先通过两个SIM卡各拨打一个电话，然后点击[重新检测]按钮。 -->
  <!-- 	重新检测 -->
  <!-- 	检测已完成 -->
  <!-- 	如果双卡功能不工作在您的设备。请尝试选择设备列表中的每一个设备，然后单击[拨号]按钮。当两个拨号按钮使用正确SIM卡拨号时，单击[保存]按钮。 -->
  <!-- 	 An option. When you enable the exchange of the SIM card used when making calls. When the dial buttons 1 and 2 do not correspond correct SIM card to select it. -->
  <!-- 	已添加前缀/后缀（%s） -->
  <!-- 	call using SIM card 1 -->
  <!-- 一个选项，当打开备注会优先保存到联系人，而不是通话记录备注 -->
  <!-- 读出来电显示号码 -->
  <!-- 搜索历史记录 - 一个开关确定是否显示搜索历史记录 -->
  <!-- 	您好，试用期限将结束在5天后。现在要购买吗？ -->
  <!-- A menu, click the call methods available to display. For example: SIM card 2; Video call; Skype; SIP -->
  <!-- Automatic redial after 3 seconds. -->
  <!-- Enter "Arrange mode", you can drag to sort items. -->
  <!-- An option to choose what to hide in the contact details -->
  <!-- An alert message when adding a shortcut to the HomePage request has been sent. -->
  <!-- OPTION: When you restart the app. Restore the state when last used. -->
  <!--     <string name="description">Description</string> -->
  <!--     <string name="menu_add_link">Add link</string> -->
  <!-- Menu item used to add custom field to contact -->
  <!-- An automatic group name, which contains all has photo contacts -->
  <!-- Selectable menu item used to controls whether display "contacts events" in the "agenda list". -->
  <!-- An option to define accent color. The color applied to framework controls in their activated (ex. checked) state. -->
  <!-- An option to define whether the appointment is created automatically send the invitation email.-->
  <!-- An option to define whether the appointment is created automatically send the invitation email.-->
  <!-- An option to define whether use circle icon.-->
  <!-- Determined by the theme -->
  <!-- An option to define color -->
  <!-- An option to define whether use colorful icon.-->
  <!-- Select this option to Reduce the ring volume when reading the caller information. -->
  <!-- Select this option to Reduce the ring volume when reading the caller information. -->
  <!-- Menu item used to Go to the "Calendar" App -->
  <!-- Menu item used to add selected item to the Tab bar -->
  <!-- Menu item used to remove selected item from the Tab bar -->
  <!-- Menu item used to browse and restore data -->
  <!-- Menu item used to open [Backup Manager] -->
  <!-- A contact group option. Open it will automatically delete call logs, contacts belong to this group. -->
  <!-- An option to control whether to display the contact's local time -->
  <!-- An option -->
  <!-- An option summary -->
  <!-- An option in the dialog box to delete call records. Controls whether delete call log notes -->
  <!-- Label above username EditText -->
  <!-- Button to sign in after entering username and password -->
  <!-- "By number" merge call records, etc. -->
  <!-- "By contact" merge call records, etc. -->
  <!-- An option to control whether to display the message log in History -->
  <!-- Menu item used to add data (E-mail address, etc.)  to contacts -->
  <!-- An option When you open it will maintain a fixed height In call widget. -->
  <!-- ****************************** Descriptions *********************************** -->
  <!--
         String describing the Keyboard switch ImageButton
         Used by AccessibilityService to announce the purpose of the button.
         [CHAR LIMIT=NONE]
    -->
  <!-- String describing the text for photo of a item(group, title, company，etc.). -->
  <!--An option. When opened, will use list long press menu.-->
  <!--An option in Accessibility. When opened, Enter the number need to double click to confirm.-->
  <!--A item of list, control information needs to be displayed in the "In call widget"-->
  <!--An option title in [Contact Details]. When opened, Will merge items,When just labels different.-->
  <!--An option summary in [Contact Details]. When opened, Will merge items,When just labels different.-->
  <!-- Notification message when adding a number to the blacklist, but the call filter did not open. -->
  <!--An option title in [Events]. Define which events need to display. It filter events based on contact groups-->
  <!--An option title in [Color schemes]. Used to define the "List section" Text Size -->
  <!--An option. When open: The starred contacts are displayed at the top of the list. -->
</resources>
