<?xml version="1.0" encoding="utf-8"?>
<!--Generated by crowdin.com-->
<resources xmlns:xliff="urn:oasis:names:tc:xliff:document:1.2">
  <string name="label_ringtone">"Ήχος κλήσης"</string>
  <string name="default_ringtone">"Προεπιλογή"</string>
  <string name="menu_sendEmail">"Αποστολή μηνύματος ηλεκτρονικού ταχυδρομείου"</string>
  <string name="showFilterPhones">"Μόνο επαφές με τηλέφωνα"</string>
  <string name="showFilterPhonesDescrip">"Να προβάλλονται μόνο οι επαφές που διαθέτουν αριθμό τηλεφώνου"</string>
  <string name="headerContactGroups">"Επιλογή επαφών προς προβολή"</string>
</resources>
