<?xml version="1.0" encoding="utf-8" standalone="no"?>
<!--Generated by crowdin.com-->
<resources xmlns:xliff="urn:oasis:names:tc:xliff:document:1.2">
  <string name="app_name">DW संपर्क एवं फोन</string>
  <string name="app_contacts_name">Hira Ghadase </string>
  <string name="starred">Starred</string>
  <string name="family">परिवार</string>
  <string name="friends">मित्र</string>
  <string name="myContacts">मेरे संपर्क</string>
  <string name="no_item_to_display">कोई विषय प्रदर्शित करने के लिए नहीं है|</string>
  <string name="allContact">सभी संपर्क</string>
  <string name="menu_edit">संपादित करें</string>
  <string name="groupNameLabel">समूह का नाम</string>
  <string name="add">जोड़ें</string>
  <!--<string name="noContact">This group has no contact</string> -->
  <string name="pleaseWait">कृपया प्रतीक्षा करें</string>
  <string name="pref_title_sms_mms_send">एसएमएस / एमएमएस</string>
  <string name="pref_title_email_send">ईमेल</string>
  <string name="pref_send_to"> %s को भेजें</string>
  <!--Recipients location -->
  <string-array name="pref_entries_recipients_location">
    <item>गुप्त प्रतिलिपि</item>
    <item>प्रतिलिपि</item>
    <item>To</item>
  </string-array>
  <!--Firewall -->
  <string name="lable_week">सप्ताह के दिन</string>
  <!-- %s = call number-->
  <!-- The status bar at the top of the screen display a notification message. -->
  <string name="menu_week_view">साप्ताहिक कार्यक्रम</string>
  <string name="menu_time_view">समय देखें</string>
  <string name="menu_view">देखें</string>
  <string-array name="days">
    <item>रविवार</item>
    <item>सोमवार</item>
    <item>मंगलवार</item>
    <item>बुधवार</item>
    <item>गुरुवार</item>
    <item>शुक्रवार</item>
    <item>शनिवार</item>
  </string-array>
  <string-array name="days_short">
    <item>रविवार</item>
    <item>सोम</item>
    <item>मंगल</item>
    <item>बुध</item>
    <item>गुरू</item>
    <item>शुक्र</item>
    <item>शनि</item>
  </string-array>
  <string name="everyday">प्रतिदिन</string>
  <string name="never">कभी नहीं</string>
  <!-- Gmail the default, including the group. (Starred, Coworkers, Family, Friends, My Contacts) -->
  <string name="changePicture">चित्र बदलें</string>
  <string name="SMS">एसएमएस</string>
  <string name="Email">ईमेल</string>
  <!-- It shows the contact event to the present time. -->
  <string name="days_after">%d दिनों में</string>
  <string name="months_after">%d के महीनों में</string>
  <string name="days_ago">%d दिन पहले</string>
  <string name="months_ago">%d महीने पहले</string>
  <string name="today">आज</string>
  <!-- According to user feedback that I might in the new version, use it again. -->
  <string name="send">भेजें</string>
  <!-- For example, Tablet PC does not support sending text messages. However, click the SMS icon.
    I will call the SMS program. The system will report an exception. Then display this prompt. -->
  <!--pref default view -->
  <!--pref show auto groups -->
  <string name="label_hide">छिपाएँ</string>
  <string name="fast_scroll_alphabet">\u0020ABCDEFGHIJKLMNOPQRSTUVWXYZ</string>
  <string name="fast_scroll_numeric_alphabet">\u00200123456789ABCDEFGHIJKLMNOPQRSTUVWXYZ</string>
  <!-- Because the different SMS programs. When I provide a phone number to the SMS program,
    some require the use of a semicolon to separate the numbers, and some require a comma. Therefore, this option provides. -->
  <string name="sms_compatibility_mode_title">एसएमएस / एमएमएस भेजने के मोड</string>
  <string name="pref_help_title">सहायता</string>
  <string name="select_account">खाते का चयन करें</string>
  <!-- A setting item, click it to open, buy the software license key dialog box. -->
  <string name="menu_delete_all">सभी हटाएँ</string>
  <!-- Menu title the user can use for trying to resend a message. -->
  <string name="example_message">नमस्कार???</string>
  <!-- As a "contact group"on the phone the main screen to create a shortcut. -->
  <!--pref theme -->
  <!-- Change the software interface look. -->
  <!-- Settings screen, section heading for SMS-specific settings -->
  <!-- Settings screen, section heading for EMAIL-specific settings -->
  <!-- Settings item for boolean option to enable/disable SMS delivery reports -->
  <!-- Settings item description for boolean SMS delivery report setting -->
  <!-- CHANGED ORDER -->
  <!-- An automatic group, it shows all the contacts included telephone numbers. -->
  <string name="pref_language_title">भाषा</string>
  <string name="load_license_unregistered">आप अभी तक पंजीकृत नहीं है.</string>
  <!-- It shows the contact event to the present time. -->
  <string name="one_day_after">कल</string>
  <string name="one_month_after">1 महीने में</string>
  <string name="one_day_ago">कल</string>
  <string name="one_month_ago">पिछले महीने</string>
  <string name="pref_title_ringtone">रिंगटोन</string>
  <string name="pref_title_alarm">अलार्म</string>
  <string-array name="pref_entries_notificationTime">
    <item>1 मिनट</item>
    <item>5 मिनट</item>
    <item>10 मिनट</item>
    <item>15 मिनट</item>
    <item>20 मिनट</item>
    <item>25 मिनट</item>
    <item>30 मिनट</item>
    <item>45 मिनट</item>
    <item>1 hour</item>
    <item>2 घंटे</item>
    <item>3 घंटे</item>
    <item>12 घंटे</item>
    <item>24 घंटे</item>
    <item>2 दिन</item>
    <item>1 सप्ताह</item>
  </string-array>
  <!-- Not in phone book contacts. -->
  <!-- When using the "Firstname first" show name, "Firstname" and "Lastname" split between the symbols. Most language is a space. -->
  <string name="givenNameFirstSeparator">" "</string>
  <!-- When using the "Lastname first" show name, "Firstname" and "Lastname" split between the symbols. -->
  <string name="familyNameFirstSeparator">", "</string>
  <string name="vCard">vCard</string>
  <string name="pref_title_rating">मूल्यांकन 
</string>
  <string name="pref_summary_rating">गूगल बाजार में एक अच्छा दर्ज़ा दे.</string>
  <string name="pref_summary_share">इस सॉफ्टवेयर के लिए अपने दोस्तों को सलाह दे।</string>
  <!-- Set the time to send text messages in the future. -->
  <string name="time">समय</string>
  <string name="app_dialer_name">DW डायलर</string>
  <string name="menu_setGroupForContact">संपर्क के लिए सेट करें समूह</string>
  <!-- 	<string name="forSelectedOrgs">For selected companies</string> -->
  <!-- 	<string name="menu_editOrg">Edit company</string> -->
  <!-- 	<string name="forSelectedTitles">For selected titles</string> -->
  <!-- 	<string name="menu_editTitle">Edit title</string> -->
  <!-- Within the group "contact list" label -->
  <string name="labelWithinGroupContactsList">संपर्क</string>
  <string-array name="pref_entries_showInContactList">
    <item>संख्या</item>
    <item>Company</item>
    <item>Title</item>
    <item>Groups</item>
    <item>Account icon</item>
    <item>संपर्क चित्र</item>
    <item>Email button</item>
    <item>SMS button</item>
    <item>Dial button</item>
    <item>Notes</item>
  </string-array>
  <string name="pref_title_fontSize2">फ़ॉन्ट आकार (2 लाइन)</string>
  <string name="pref_title_fontSize3">फ़ॉन्ट आकार (3 लाइन)</string>
  <string name="pref_title_historyViewSettings">इतिहास सेटिंग्स देखें</string>
  <string-array name="pref_entries_dialerPadTone">
    <item>DTMF Tone</item>
    <item>Click Tone</item>
    <item>बंद</item>
  </string-array>
  <!-- 	<string name="pref_title_backgroundImage">Background image</string> -->
  <!-- 	<string name="pref_summary_backgroundImageEn">If you use background image, the background color can be used simultaneously as color filter</string> -->
  <!-- 	quick jump to alphabetic listcreate new contact -->
  <!-- 2.0.7 -->
  <!-- It is an option to set a time for the control [Dialing confirmation] dialog.
     At the end of the counter automatically close [Dialing confirmation] dialog. -->
  <!-- 2.1.1 -->
  <!-- Header that expands to list all of the types of settings -->
  <!-- 联系人详细信息 -->
  <!-- Call Statistics -->
  <!-- 	<string name="hour">Hour</string> -->
  <!-- 	选中的邮件地址已经复制到剪贴板。您可以将它粘贴到邮件程序的地址字段 -->
  <!-- 	由于数据库的更新。还原数据可能导致组铃声、组图片和防火墙工作不正常。请检查它们在恢复数据后。 -->
  <!-- 	注意这不会备份联系人数据库。 -->
  <string name="call">"कॉल करें"</string>
  <!-- An option in the event notification settings, open it automatically sends the blessing SMS comes in contact events. -->
  <!-- 	注意发送消息时您不会得到通知，发送时间为事件当天的[通知时间]。 -->
  <!-- Prompt message before you delete a call log. -->
  <!--
    Dispaly in [In call Widget]
    Example:
    The last contact time: 5 days ago。 -->
  <!-- 	Show contacts filter Details Grp = Group; Com = Company; Tit = Title -->
  <!-- 	显示在联系人组编辑器，为编辑的组设置父组 -->
  <!-- 	启用滑动拨号等等，关闭它以便使用滑动切换号码。 -->
  <!-- Click Open browser to select files or other data -->
  <!-- 	A menu item is used to select mode grouping contacts. -->
  <!-- A number label, recently contacted number，It shows in the contact details SMS TAB. Number selection drop-down list. For example: Recent:12345678 -->
  <!-- 	检测到您正使用屏幕阅读程序。是否显示“电话号码选择对话框”在拨号前？ -->
  <!-- 	选择[确定]，“通话中小部件”将不会再次显示。 -->
  <!-- 	如果SIM卡编号显示不正确，请先通过两个SIM卡各拨打一个电话，然后点击[重新检测]按钮。 -->
  <!-- 	重新检测 -->
  <!-- 	检测已完成 -->
  <!-- 	如果双卡功能不工作在您的设备。请尝试选择设备列表中的每一个设备，然后单击[拨号]按钮。当两个拨号按钮使用正确SIM卡拨号时，单击[保存]按钮。 -->
  <!-- 	 An option. When you enable the exchange of the SIM card used when making calls. When the dial buttons 1 and 2 do not correspond correct SIM card to select it. -->
  <!-- 	已添加前缀/后缀（%s） -->
  <!-- 	call using SIM card 1 -->
  <!-- 一个选项，当打开备注会优先保存到联系人，而不是通话记录备注 -->
  <!-- 读出来电显示号码 -->
  <!-- 搜索历史记录 - 一个开关确定是否显示搜索历史记录 -->
  <!-- 	您好，试用期限将结束在5天后。现在要购买吗？ -->
  <!-- A menu, click the call methods available to display. For example: SIM card 2; Video call; Skype; SIP -->
  <!-- Automatic redial after 3 seconds. -->
  <!-- Enter "Arrange mode", you can drag to sort items. -->
  <!-- An option to choose what to hide in the contact details -->
  <!-- An alert message when adding a shortcut to the HomePage request has been sent. -->
  <!-- OPTION: When you restart the app. Restore the state when last used. -->
  <!--     <string name="description">Description</string> -->
  <!--     <string name="menu_add_link">Add link</string> -->
  <!-- Menu item used to add custom field to contact -->
  <!-- An automatic group name, which contains all has photo contacts -->
  <!-- Selectable menu item used to controls whether display "contacts events" in the "agenda list". -->
  <!-- An option to define accent color. The color applied to framework controls in their activated (ex. checked) state. -->
  <!-- An option to define whether the appointment is created automatically send the invitation email.-->
  <!-- An option to define whether the appointment is created automatically send the invitation email.-->
  <!-- An option to define whether use circle icon.-->
  <!-- Determined by the theme -->
  <!-- An option to define color -->
  <!-- An option to define whether use colorful icon.-->
  <!-- Select this option to Reduce the ring volume when reading the caller information. -->
  <!-- Select this option to Reduce the ring volume when reading the caller information. -->
  <!-- Menu item used to Go to the "Calendar" App -->
  <!-- Menu item used to add selected item to the Tab bar -->
  <!-- Menu item used to remove selected item from the Tab bar -->
  <!-- Menu item used to browse and restore data -->
  <!-- Menu item used to open [Backup Manager] -->
  <!-- A contact group option. Open it will automatically delete call logs, contacts belong to this group. -->
  <!-- An option to control whether to display the contact's local time -->
  <!-- An option -->
  <!-- An option summary -->
  <!-- An option in the dialog box to delete call records. Controls whether delete call log notes -->
  <!-- Label above username EditText -->
  <!-- Button to sign in after entering username and password -->
  <!-- "By number" merge call records, etc. -->
  <!-- "By contact" merge call records, etc. -->
  <!-- An option to control whether to display the message log in History -->
  <!-- Menu item used to add data (E-mail address, etc.)  to contacts -->
  <!-- An option When you open it will maintain a fixed height In call widget. -->
  <!-- ****************************** Descriptions *********************************** -->
  <!--
         String describing the Keyboard switch ImageButton
         Used by AccessibilityService to announce the purpose of the button.
         [CHAR LIMIT=NONE]
    -->
  <!-- String describing the text for photo of a item(group, title, company，etc.). -->
  <!--An option. When opened, will use list long press menu.-->
  <!--An option in Accessibility. When opened, Enter the number need to double click to confirm.-->
  <!--A item of list, control information needs to be displayed in the "In call widget"-->
  <!--An option title in [Contact Details]. When opened, Will merge items,When just labels different.-->
  <!--An option summary in [Contact Details]. When opened, Will merge items,When just labels different.-->
  <!-- Notification message when adding a number to the blacklist, but the call filter did not open. -->
  <!--An option title in [Events]. Define which events need to display. It filter events based on contact groups-->
  <!--An option title in [Color schemes]. Used to define the "List section" Text Size -->
  <!--An option. When open: The starred contacts are displayed at the top of the list. -->
</resources>
