<?xml version="1.0" encoding="utf-8"?>
<!--Generated by crowdin.com-->
<resources xmlns:xliff="urn:oasis:names:tc:xliff:document:1.2">
  <string name="label_ringtone">Ringtone</string>
  <string name="default_ringtone">Padrão</string>
  <string name="menu_sendEmail">Enviar mensagem de e-mail</string>
  <string name="showFilterPhones">Somente contatos com telefones</string>
  <string name="showFilterPhonesDescrip">Exibir somente contatos que tenham números de telefones</string>
  <string name="headerContactGroups">Escolher contatos para exibição</string>
</resources>
