<?xml version="1.0" encoding="utf-8" standalone="no"?>
<!--Generated by crowdin.com-->
<resources>
  <string name="market_title">DW Contatos &amp; Telefone</string>
  <string name="market_description_s1">É uma poderosa extensão para seu discador, contatos e aplicativo de gerenciamento de telefone 

Características</string>
  <!-- max is 27 -->
  <string name="market_description_key_features_001">+ Contatos por qualquer campo de pesquisa</string>
  <string name="market_description_key_features_002">* Escrever notas para o registo de chamadas</string>
  <string name="market_description_key_features_003">* Criar e gerenciar lembretes para contatos</string>
  <string name="market_description_key_features_004">+ ID para fazer ligações</string>
  <string name="market_description_key_features_005">+ Mostra \"Chamadas não atendidas\" com som temporizado</string>
  <string name="market_description_key_features_027">Log de chamadas ilimitado</string>
  <string name="market_description_key_features_006">* Suporte VoIP: SIP, Viber, Skype, Fring, GrooVe IP Lite, MobileVOIP, SmartTalk BT...</string>
  <string name="market_description_key_features_007">+ Compartilhar contatos (texto, vcard) através de SMS, e-mail...</string>
  <string name="market_description_key_features_008">* Modo de tarefa automática para entrega em massa com SMS, MMS, e-mails em single e multi seleção (contatos, grupos, organizações, títulos)</string>
  <string name="market_description_key_features_009">+ No widget de chamada : visualizador de chamada estendido (Mostrar organização, grupo, notas, editar nota de chamada)</string>
  <string name="market_description_key_features_010">+ Chamar filtro: bloqueando chamadas de entrada definindo datas e fusos horários</string>
  <string name="market_description_key_features_011">+ Filtro de contatos: com base no grupo de contato, título do trabalho, da empresa contatos de filtração</string>
  <string name="market_description_key_features_012">+ Estatísticas de Chamada : Mostra a duração da sua chamada. Quando o fim do tempo livre para conversas terminou, seja notificado.</string>
  <string name="market_description_key_features_013">+ Informações para contato: exibe todas as informações de contato juntos (sms, registro de chamadas, estatísticas, eventos)</string>
  <string name="market_description_key_features_014">+ Gerenciar seus contatos de acordo com o endereço de contato</string>
  <string name="market_description_key_features_015">* Muito flexível para configurar o design de cada modo de exibição (ordem de classificação, tamanho de fontes, cor, transparência)</string>
  <string name="market_description_key_features_016">+ Lista de contatos configurável, como ele deve mostrar a lista (último nome, primeiro nome, Alcunha, organização, título, número, notas...)</string>
  <string name="market_description_key_features_017">+ Suporte para camadas de grupos, sub-grupos (subgrupo via negócios/VIP = negócio -&gt; VIP)</string>
  <string name="market_description_key_features_018">+ Selecione vários Ringtones (contatos, grupos, organizações, títulos)</string>
  <string name="market_description_key_features_019">* Notificação de evento com o contato e gerenciador de eventos (aniversário, aniversário)</string>
  <string name="market_description_key_features_020">+ Discador com T9-Pesquisar - tem muitas opções para torná-lo exatamente aos seus desejos</string>
  <string name="market_description_key_features_021">+ Discador e dialpad escalável e ajustável em tamanho, cor, fundo, tamanho da fonte podem ser alterados</string>
  <string name="market_description_key_features_028">* Rediscagem automática</string>
  <string name="market_description_key_features_022">+ Suporte Dual SIM (não suportado por todos os dispositivos, porque não há nenhuma API aberta)</string>
  <string name="market_description_key_features_023">+ Gerenciador de discagem rápida: suporta até 1000 números. Disque o número 100 digitando 100#</string>
  <string name="market_description_key_features_024">+ Backup e restaurar contatos vCard, contém o grupo de contacto</string>
  <string name="market_description_key_features_025">+ A maioria das funções são acessíveis usando o * long press* (pressionar e segurar) em qualquer item ou uso * MENU * chave</string>
  <string name="market_description_key_features_026">+ Suporte multi-linguagem (agradecer todos o usuário entusiasta que fornece tradução para DWC)</string>
  <string name="market_description_s2">Por favor, honre nosso trabalho e comprar a versão PRO, que é muito interessante, tendo em conta a funcionalidade! Por favor, experimente o nosso software e recomende aos seus amigos. Dicas: Se você tem alguma sugestão para melhorias -&gt; por favor escreva no Fórum: http://forum.dw-p.net ou uso o * Feedback via e-mail * função no menu de configurações.  Se você atualizar para uma versão mais recente e ele falha ao iniciar (se não é possível baixar ou instalar), por favor, tente desinstalar a versão anterior antes.  Mais dicas &amp; truques Veja http://wiki.dw-p.net/DWC:Tips_ %26_Tricks </string>
  <string name="market_description_limitation">Versão gratuita é limitada em algumas funções: - mensagens publicitárias - tema personalizações são limitadas - múltipla seleção limitada de 5 itens por ação - escrever notas para o registo de chamadas - pode apenas criar um widget app - em características-chave lista contém \"*\" itens</string>
  <string name="market_description_keywords">contato contatos endereço endereco endereços enderecos discagem discador chamada chamadas telefone fone tons ringtones voz grupo grupos organização organizacao empresa companhia título titulo livro caderno sms mms email gerenciador gerenciamento histórico historico melhor grátis gratis</string>
  <!-- A brief description of the Google play, If you have a better description, please use your. Thank you! [CHAR LIMIT=80] -->
  <string name="market_brief_description">É um poderoso aplicativo de contatos. Nosso objetivo é melhorar a eficiência do seu trabalho</string>
</resources>
