<?xml version="1.0" encoding="utf-8"?>
<!--Generated by crowdin.com-->
<resources xmlns:xliff="urn:oasis:names:tc:xliff:document:1.2">
  <string name="label_ringtone">"نغمة الرنين"</string>
  <string name="default_ringtone">"افتراضي"</string>
  <string name="menu_sendEmail">"إرسال رسالة إلكترونية"</string>
  <string name="showFilterPhones">جهات الاتصال مع ارقام الهواتف فقط</string>
  <string name="showFilterPhonesDescrip">"عدم عرض سوى جهات الاتصال التي تشتمل على أرقام هواتف"</string>
  <string name="headerContactGroups">"اختيار جهات اتصال لعرضها"</string>
</resources>
