<?xml version="1.0" encoding="utf-8" standalone="no"?>
<!--Generated by crowdin.com-->
<resources xmlns:xliff="urn:oasis:names:tc:xliff:document:1.2">
  <string name="app_name">الأسماء والهاتف</string>
  <string name="app_contacts_name">جهات الإتصال</string>
  <string name="starred">المميزة</string>
  <string name="coworkers">زملاء العمل</string>
  <string name="family">العائلة</string>
  <string name="friends">الأصدقاء</string>
  <string name="myContacts">جهات الاتصال الخاصة بي</string>
  <string name="mergedContacts">الاسماء المدمجه</string>
  <string name="no_item_to_display">لا توجد أي عناصر لعرضها</string>
  <string name="allContact">كافة جهات الاتصال</string>
  <string name="no_phone_numbers">لا يوجد أرقام هواتف</string>
  <string name="menu_edit">تحرير</string>
  <string name="menu_edit_group">تحرير مجموعة</string>
  <string name="menu_add_contact_to_group">إضافة جهات اتصال إلى مجموعة</string>
  <string name="menu_remove_contact_from_group">إزالة جهات اتصال من المجموعة</string>
  <string name="groupNameLabel">اسم المجموعة</string>
  <string name="add">إضافة</string>
  <string name="message_del_system_group">هذه مجموعة النظام الافتراضية.بعد حذفها سيتم اعادة انشاؤها تلقائيا.وربما يخلق هذا مشاكل اخرى.هل انت متأكد من استمرار الحذف؟</string>
  <string name="menu_select_mode">التحديد المتعدد</string>
  <string name="menu_inverse_select">عكس</string>
  <!--<string name="noContact">This group has no contact</string> -->
  <string name="pleaseWait">يرجى الانتظار</string>
  <string name="pref_send_title">إعدادات الرسائل القصيرة والبريد الإلكتروني</string>
  <string name="pref_title_sms_mms_send">الرسائل القصيرة ورسائل الوسائط المتعددة</string>
  <string name="pref_title_email_send">البريد الإلكتروني</string>
  <string name="pref_send_to">إرسال إلى%s</string>
  <string-array name="prefEntries_sms_mms_to">
    <item>الافتراضي أو رقم الهاتف الجوال الأول</item>
    <item>جميع أرقام الهواتف الجوالة</item>
    <item>كافة الأرقام</item>
  </string-array>
  <string-array name="prefEntries_email_to">
    <item>عنوان البريد الإلكتروني الافتراضي</item>
    <item>كل عناوين البريد الإلكتروني</item>
  </string-array>
  <!--Recipients location -->
  <string name="pref_title_recipients_location">عدم كشف هوية المستلم</string>
  <string name="pref_recipients_location_summary">ستكون كافة العناوين في الحقل %s</string>
  <string-array name="pref_entries_recipients_location">
    <item>مخفية</item>
    <item>نسخة</item>
    <item>إلى</item>
  </string-array>
  <string name="menu_preferences">الإعدادات</string>
  <string name="preferences_title">إعدادات</string>
  <string name="error_report_email_explain">نأسف، حدث خطأ. يمكنك مساعدتنا في جعل هذا البرنامج أفضل بواسطة إرسال تقرير يتضمن بعض معلومات النظام ورسائل إعلام بالخطأ. وسوف نحترم خصوصيتك.</string>
  <string name="no_contact_selected">لم تحدد أي جهة اتصال</string>
  <!--Firewall -->
  <string name="firewell_add_item">إضافة عامل تصفية للمكالمات</string>
  <string name="lable_week">أيام الأسبوع</string>
  <string name="select_group_title">اختر مجموعة</string>
  <!-- %s = call number-->
  <string name="call_blocking_message">تم حجب %s</string>
  <string name="stat_notify_incoming_calls_were_intercepted">تم اعتراض المكالمات الواردة %d</string>
  <string name="pref_firewall_title">إعدادات عامل تصفية المكالمات</string>
  <string name="pref_title_firewall_enable">تمكين عامل تصفية المكالمات</string>
  <string name="firewall_service_started">تم تشغيل عامل تصفية المكالمات</string>
  <string name="firewall_state_label"> تصفية المكالمات</string>
  <!-- The status bar at the top of the screen display a notification message. -->
  <string name="pref_title_firewall_allways_show_stat_notify">إظهار أيقونة في شريط الحالة</string>
  <string name="pref_firewall_allways_show_stat_notify_summary">دائماً إظهار رسائل شريط الحالة</string>
  <string name="menu_week_view">عرض الأسبوع</string>
  <string name="menu_time_view">عرض الوقت</string>
  <string name="menu_view">عرض</string>
  <string name="from">من</string>
  <string name="to">إلى</string>
  <string-array name="days">
    <item>الأحد</item>
    <item>الاثنين</item>
    <item>الثلاثاء</item>
    <item>الأربعاء</item>
    <item>الخميس</item>
    <item>الجمعة</item>
    <item>السبت</item>
  </string-array>
  <string-array name="days_short">
    <item>الأحد</item>
    <item>الاثنين</item>
    <item>الثلاثاء</item>
    <item>الأربعاء</item>
    <item>الخميس</item>
    <item>الجمعة</item>
    <item>السبت</item>
  </string-array>
  <string name="firewall_label">عامل تصفية المكالمات</string>
  <string name="everyday">كل يوم</string>
  <string name="never">أبدا</string>
  <string name="search_hint">نوع بدء البحث</string>
  <string name="pref_title_display_system_group">إظهار مجموعات النظام</string>
  <!-- Gmail the default, including the group. (Starred, Coworkers, Family, Friends, My Contacts) -->
  <string name="pref_display_system_group_summary">تمكين مجموعات النظام</string>
  <string name="pref_title_merge_same_name_group">دمج المجموعات</string>
  <string name="pref_merge_same_name_group_summary">دمج المجموعات متشابهة الأسماء</string>
  <string name="pref_font_size_title">حجم الخط (السطر الأول)</string>
  <string name="pref_font_size_summary">الحجم: %s</string>
  <string name="removePicture">قم بإزالة الصورة</string>
  <string name="changePicture">تغيير الصورة</string>
  <string name="attachToGroup">صورة المجموعة</string>
  <string name="use_photo_as_primary">استخدم هذه الصورة</string>
  <string name="photoPickerNotFoundText">لم يتم العثور على منتقي الصور</string>
  <string name="SMS">الرسائل النصية</string>
  <string name="Email">البريد الإلكتروني</string>
  <string name="_null">""</string>
  <!-- It shows the contact event to the present time. -->
  <string name="days_after">في %d يوما</string>
  <string name="months_after">في %d شهرا</string>
  <string name="days_ago">قبل %d يوم</string>
  <string name="months_ago">قبل %d أشهر</string>
  <string name="today">اليوم</string>
  <string name="show_group_icon">إظهار صورة المجموعة</string>
  <string name="show_group_icon_summary">إظهار أيقونات المجموعات</string>
  <string name="using_system_sms_program">استخدام برنامج الرسائل النصية الافتراضي</string>
  <!-- According to user feedback that I might in the new version, use it again. -->
  <string name="using_system_sms_program_summary">تعطيل البرنامج وظيفة إرسال الرسائل النصية</string>
  <string name="recipients_limit">الحد الأقصى لعدد المستلمين</string>
  <string name="recipients_limit_summary">عندما عدد المستلمين أكبر من هذه القيمة، ترسل على دفعات تلقائياً</string>
  <string name="send">إرسال</string>
  <string name="confirm_send_message">الاستمرار في إرسال رسائل إلى جهات الاتصال الباقية؟</string>
  <!-- For example, Tablet PC does not support sending text messages. However, click the SMS icon.
    I will call the SMS program. The system will report an exception. Then display this prompt. -->
  <string name="system_does_not_support">النظام لا يدعم!</string>
  <string name="ungrouped_contacts">جهات الاتصال لا تنتمي إلى مجموعة</string>
  <string name="multipleContactsDeleteConfirmation">سيتم حذف جهات الاتصال المحددة.</string>
  <!--pref default view -->
  <string name="pref_title_default_view">التبويب الافتراضي</string>
  <string name="pref_default_view_summary">التبويب الافتراضي عند بدء التشغيل: %s</string>
  <!--pref show auto groups -->
  <string name="pref_title_display_auto_group">إظهار المجموعات تلقائيا</string>
  <string name="pref_display_auto_group_summary">بما في ذلك\"جميع جهات الاتصال\"،\"جهات اتصال لاتنتمي لمجموعة\".</string>
  <string name="label_hide">إخفاء</string>
  <string name="hide_group_summary">لا تظهر هذه المجموعة</string>
  <string name="fast_scroll_alphabet">\u0020ABCDEFGHIJKLMNOPQRSTUVWXYZ</string>
  <string name="fast_scroll_numeric_alphabet">\ u00200123456789ABCDEFGHIJKLMNOPQRSTUVWXYZ</string>
  <!-- Because the different SMS programs. When I provide a phone number to the SMS program,
    some require the use of a semicolon to separate the numbers, and some require a comma. Therefore, this option provides. -->
  <string name="sms_compatibility_mode_title">وضع إرسال رسائل نصية / وسائط</string>
  <string name="sms_compatibility_mode_summary">حدد اذا كان هذا هو برنامج الرسائل النصية.عدم الاستقبال العادي من أرقام الهاتف. مثل هاتف: XT800</string>
  <string name="menu_sort_hide">فرز وإخفاء</string>
  <string name="menu_sort_alphabetically">أبجديا</string>
  <string name="pref_in_call_widget_title">في ويدجيت المكالمة</string>
  <string name="pref_help_title">مساعدة</string>
  <string name="pref_online_help_title">مساعدة على الانترنت</string>
  <string name="menu_cancel_send_to_voicemail">إلغاء حظر المكالمات من جهات الاتصال المعروضة</string>
  <string name="pref_feedback_title">ملاحظات عبر البريد الإلكتروني</string>
  <string name="pref_about_title">حول</string>
  <string name="version">الإصدار</string>
  <string name="pref_name_display_order_summary">قم بتغيير ترتيب الفرز اسم العرض. يمكن أن يؤثر هذا على سرعة العرض.</string>
  <string name="pref_contacts_account_title">بيانات الحساب</string>
  <string name="pref_contacts_account_summary">عرض جهات الاتصال من: %s</string>
  <string name="all_account">جميع الحسابات</string>
  <string name="pref_show_account_name_title">إظهار اسم الحساب</string>
  <string name="pref_show_account_name_summary">تظهر أسماء الحسابات تحت أسم المجموعة.</string>
  <string name="select_account">حدد حساب</string>
  <string name="pref_register_code_title">أدخل رمز التسجيل</string>
  <string name="pref_register_code_summary">يجب أن تقوم بإدخال رمز التسجيل (لا يلزم اتصال إنترنت)، الذي حصلت عليه في تأكيد الدفع الخاص بك بالبريد الإلكتروني</string>
  <!-- A setting item, click it to open, buy the software license key dialog box. -->
  <string name="pref_get_register_code_title">شراء النسخة المسجلة</string>
  <string name="pref_get_register_code_summary">من فضلك سجل التطبيق لاستخدام الوظائف الكاملة. نحن بحاجة إلى التبرع الخاص بدعم التنمية المستدامة لهذا البرنامج.</string>
  <string name="buying_tips">   لديك خيارين من الامكانيات (لديهما نفس الوظيفة): يمكن تسجيله للرقم التسلسلي للجهازالخاص بك (ببطاقة باي بال أو بطاقة الائتمان) أو إلى حسابك في جوجل (متجر جوجل/تثبيت الإصدار المحترف)</string>
  <string-array name="purchase_channels">
    <item>متجرجوجل</item>
    <item>باي بال أو بطاقة الائتمان</item>
    <item>نبذة للأصدقاء</item>
  </string-array>
  <string-array name="purchase_channels_summary">
    <item>سجل هذا البرنامج لحساب جوجل الخاص بك (شراء وتثبيت الإصدار الاحترافي عن طريق متجرجوجل). بعد تثبيت الإصدار الكامل، الرجاء إلغاء تثبيت الإصدار المجاني.</item>
    <item>سجل هذا البرنامج إلى الرقم التسلسلي الجهاز:  بعد عملية الدفع، سوف تحصل تأكيد بالبريد إلكتروني مع رمز التسجيل الخاص بك.    بعد ذلك التحقق من التسجيل عن طريق نقرة واحدة على [التحقق من التسجيل على الإنترنت].</item>
    <item>الحصول على رمز تسجيل مجاناً</item>
  </string-array>
  <string name="menu_delete_all">حذف الجميع</string>
  <!-- Menu title the user can use for trying to resend a message. -->
  <string name="menu_retry_sending">محاولة إعادة الإرسال</string>
  <string name="message">رسالة</string>
  <string name="failed">فشل</string>
  <string name="queued">قائمة الانتظار</string>
  <string name="outbox">علبة الصادر</string>
  <string name="sent">المرسلة</string>
  <string name="auto_replace_to_name">تلقاالاستبدال تلقائيا؟ مع الاسم/الاسماء كاملة؟ مع اسم العائلة؟ مع الاسم المعطى؟ مع اسم الكنية.</string>
  <string name="example_message">مرحبا، ؟؟؟</string>
  <string name="sms_preview">معاينة</string>
  <string name="message_send_state_successfully">أرسلت بنجاح.</string>
  <string name="message_send_state_failed">فشل الإرسال</string>
  <string name="message_send_unknown_error">خطأ غير معروف. لم يتم إرسال الرسالة %d.</string>
  <string name="message_send_no_signal">لا يوجد إشارة، أو تم تنشيط وضع الطائرة. لم يتم إرسال الرسالة %d.</string>
  <string name="message_send_successfully">تم إرسال كافة الرسائل بنجاح.</string>
  <string name="need_the_paid_version">متاح فقط في النسخة المدفوعة</string>
  <!-- As a "contact group"on the phone the main screen to create a shortcut. -->
  <string name="create_shortcut">إنشاء اختصار إلى الصفحة الرئيسية</string>
  <string name="menu_move_to_group">نقل إلى مجموعة</string>
  <string name="pref_tabs_title">تنشيط وفرز</string>
  <string name="pref_tabs_summary">يمكنك تنشيط وفرز علامات التبيوب التي يتم استخدامها.</string>
  <!--pref theme -->
  <string name="pref_theme_title">الموضوع الأساسي (الثيم)</string>
  <!-- Change the software interface look. -->
  <string name="pref_theme_summary">تعيين كموضوع أساسي (ثيم)</string>
  <string name="search">بحث</string>
  <string name="pref_services_title">إعدادات خدمة الخلفية</string>
  <!-- Settings screen, section heading for SMS-specific settings -->
  <string name="pref_sms_settings_title">إعدادات الرسائل النصية </string>
  <!-- Settings screen, section heading for EMAIL-specific settings -->
  <string name="pref_email_settings_title">"إعدادات البريد الإلكتروني"</string>
  <!-- Settings item for boolean option to enable/disable SMS delivery reports -->
  <string name="pref_title_sms_delivery_reports">تقارير التسليم</string>
  <!-- Settings item description for boolean SMS delivery report setting -->
  <string name="pref_summary_sms_delivery_reports">طلب تقرير التسليم لكل رسالة.</string>
  <string name="pref_contact_sort_order_title">فرز القائمة حسب</string>
  <string name="pref_contact_sort_order_summary">تغيير ترتيب فرز قائمة جهات الاتصال. ويمكن أن يؤثر هذا على سرعة العرض.</string>
  <!-- CHANGED ORDER -->
  <string name="contact_sort_order_FamilynameAlternate">الاسم الاخير-البديل</string>
  <string name="contact_sort_order_RecentContacted">الاتصالات الاخيرة</string>
  <string name="contact_sort_order_LongTimeNotContacted">لم يتم الاتصال منذ وقت طويل</string>
  <string name="contact_sort_order_CreationTime">وقت الانشاء</string>
  <string name="contact_sort_order_DefaultAlternate">الافتراضي--البديل</string>
  <!-- An automatic group, it shows all the contacts included telephone numbers. -->
  <string name="has_phone_number_contacts">رقم هاتف جهات الاتصال</string>
  <string name="exit_prompt">اضغط على زر العودة مرة أخرى للخروج</string>
  <string name="pref_exit_prompt_title">المطالبة قبل الخروج</string>
  <string name="pref_exit_prompt_summary">إظهار إنذار إضافي قبل الخروج</string>
  <string name="pref_language_title">اللغة</string>
  <string name="load_license_success">تم تحميل الترخيص من شبكة الاتصال بنجاح.</string>
  <string name="load_license_failed">فشل في تحميل الترخيص من الشبكة!</string>
  <string name="license_check_success">تم فحص الترخيص بنجاح.</string>
  <string name="license_check_failed">فشل التحقق من الترخيص!</string>
  <string name="load_license_unregistered">أنت لم تسجل بعد.</string>
  <string name="sending">جاري الإرسال...</string>
  <string name="error">خطأ</string>
  <string name="clear_data_or_uninstall_app">مسح البيانات أو إلغاء تثبيت التطبيق</string>
  <string name="database_update_error_message">"عذرا!
خطأ في تحديث بنية قاعدة البيانات.
يحدث هذا الخطأ لأن لتقديرات استثناء أذونات ملف قاعدة بيانات لهذه المشكلة بسبب برنامج النسخ الاحتياطي.
هنا ثلاث طرق لتصحيح المشكلة. يرجى المحاولة واحدا تلو الآخر حتى يتم تصحيح المشكلة.
1. إعادة تشغيل الهاتف.
2. في واجهة إدارة التطبيقات قم  بمسح بيانات التطبيق.
3. إلغاء وإعادة تثبيت البرنامج .</string>
  <!-- It shows the contact event to the present time. -->
  <string name="one_day_after">غدا</string>
  <string name="one_month_after">في شهر واحد</string>
  <string name="one_day_ago">أمس</string>
  <string name="one_month_ago">الشهر الأخير</string>
  <string name="menu_edit_event">تحرير الأحداث الخاصة بجهات الاتصال</string>
  <string name="menu_add_to_calendar">إضافة حدث إلى التقويم</string>
  <string name="menu_delete_event">حذف الحدث من جهة اتصال</string>
  <string name="menu_duplicate_contact">تكرار جهة الاتصال</string>
  <string name="mes_sendSmsSystemLimit">لأن حد النظام %1$s ساعة.يمكن ارسال رسالة نصية  %2$s.تلقائيا اعادة المحاولة بعد %1$s ساعة.</string>
  <string name="sendInBatches">دفعات</string>
  <string name="sendInSingle">واحد</string>
  <string name="sendInBatchesMessage">عدد المستلمين أكبر من "الحد الأقصى لعدد المستلمين" .في الإعدادات ادخل الرسالة في مربع نص ارسال دفعة واحدة .او اختر ارسال مفرد.</string>
  <string name="pref_title_eventNotification">إعدادات التنبيه للحدث</string>
  <string name="pref_title_notificationTime">وقت التنبيه</string>
  <string name="pref_title_notificationRingtone">نغمة التنبيه</string>
  <string name="pref_summary_notificationTime">ضبط وقت تنبيه الحدث</string>
  <string name="pref_title_notificationBeforeHappen">يحدث الإخطار قبل</string>
  <string name="pref_summary_notificationBeforeHappen">أيام قبل التنبيه بالحدث %s</string>
  <string name="pref_title_notification">إعلام</string>
  <string name="pref_title_reminder">تذكير</string>
  <string name="pref_summary_reminder">قبل %s</string>
  <string name="pref_title_ringtone">نغمة الرنين</string>
  <string name="pref_title_alarm">جرس تنبيه</string>
  <string name="pref_title_mergeSubgroup">دمج مجموعة فرعية</string>
  <string name="pref_summary_mergeSubgroup">مجموعات فرعية من جهات الاتصال المعروضة في المجموعة الأصلية.</string>
  <string-array name="pref_entries_notificationTime">
    <item>دقيقة</item>
    <item>خمس دقائق</item>
    <item>عشر دقائق</item>
    <item>15 دقيقة</item>
    <item>20 دقيقة</item>
    <item>25 دقيقة</item>
    <item>30 دقيقة</item>
    <item>45 دقيقة</item>
    <item>1 ساعة</item>
    <item>2 ساعة</item>
    <item>3 ساعات</item>
    <item>12 ساعة</item>
    <item>24 ساعة</item>
    <item>يومين</item>
    <item>أسبوع واحد</item>
  </string-array>
  <!-- Not in phone book contacts. -->
  <string name="unknown_contacts">جهات اتصال غير معروفة</string>
  <string name="not_in_phone_book_contacts">ليس في جهات اتصال دفتر الهاتف.</string>
  <string name="eventNotification">إعلام الحدث</string>
  <string name="eventNotificationMessage">"%s عيد ميلاد/حدث قريب."</string>
  <!-- When using the "Firstname first" show name, "Firstname" and "Lastname" split between the symbols. Most language is a space. -->
  <string name="givenNameFirstSeparator">" "</string>
  <!-- When using the "Lastname first" show name, "Firstname" and "Lastname" split between the symbols. -->
  <string name="familyNameFirstSeparator">"،"</string>
  <string name="vCard">بطاقة اسمية</string>
  <string name="text">نص</string>
  <string name="pref_title_likeTheSoftware">دعم برنامجنا</string>
  <string name="pref_title_rating">تقييم</string>
  <string name="pref_summary_rating">أعط تقييما جيدا في المتجر</string>
  <string name="pref_title_share">مشاركة</string>
  <string name="pref_summary_share">أوص أصدقائك بهذا البرنامج.</string>
  <string name="contact_group">المجموعات</string>
  <!-- Set the time to send text messages in the future. -->
  <string name="regularlySent">ترسل بانتظام</string>
  <string name="time">الوقت</string>
  <string name="pref_title_EmailProgram">برنامج البريد الإلكتروني</string>
  <string name="pref_summary_on_EmailProgram">استخدام برنامج البريد الإلكتروني الافتراضي.</string>
  <string name="pref_summary_off_EmailProgram">يطلب منك اختيار عند إرسال الرسائل.</string>
  <string name="toolbox">صندوق الأدوات</string>
  <string name="pref_title_SMSSendInterval">إرسال الفاصل الزمني</string>
  <string name="pref_summary_SMSSendInterval">إرسال رسالة نصية بعد كل فاصل زمني الوقت (بالثواني).</string>
  <string name="app_dialer_name">المتصل DW</string>
  <string name="menu_sort">ترتيب الفرز</string>
  <string name="license_check_failed_message">خطأ في اختيار ترخيص البرنامج ! تأكد من أنه يمكنك الآن الوصول إلى متجرجوجل.</string>
  <string name="menu_unselectAll">إلغاء تحديد الكل</string>
  <string name="pref_title_themeCustomize">إعدادات السمة (الثيم)</string>
  <string name="pref_title_backgroundColor">لون الخلفية</string>
  <string name="pref_title_backgroundColorForTitles">لون خلفية العنوان</string>
  <string name="pref_title_textColorForTitles">لون نص العنوان</string>
  <string name="pref_title_textColorMarked">اللون لتعليم النص</string>
  <string name="pref_title_hideTheTitle">إخفاء شريط العنوان</string>
  <string name="pref_title_hideTheStatusbar">إخفاء شريط الحالة</string>
  <string name="pref_title_hideTabLabel">إخفاء تبويب شريط التسمية</string>
  <string name="pref_title_autoHideTab">إخفاء شريط علامات التبويب</string>
  <string name="pref_summary_autoHideTab">تلقائيا، سيتم إخفاء علامات التبويب بعد التبديل إلى علامة تبويب أخرى</string>
  <string name="reset">إعادة تعيين</string>
  <string name="pref_title_automaticRotation">التناوب التلقائي</string>
  <string name="pref_summary_automaticRotation">تشغيل وتعطيل التدوير الآلي للشاشة</string>
  <string name="menu_editNotes">تحرير ملاحظات</string>
  <string name="addSelectedContactsToFavorites">إضافة جهات اتصال إلى المفضلة</string>
  <string name="removeSelectedContactsFormFavorites">إزالة جهات الاتصال من "المفضلة"</string>
  <string name="deleteSelectedContacts">حذف جهات الاتصال</string>
  <string name="duplicateSelectedContacts">جهات الاتصال المكررة</string>
  <string name="setGroupForSelectedContacts">تعيين مجموعة لجهات الاتصال</string>
  <string name="forSelectedContacts">لجهات الاتصال المحددة</string>
  <string name="searchAnything">البحث عن أي شيء</string>
  <string name="quickDialManager">إدارة الطلب السريع</string>
  <string name="menu_shareNumber">إرسال الرقم</string>
  <string name="menu_setGroupForContact">تعيين مجموعة لجهة الاتصال</string>
  <string name="pref_title_tabSettings">إعدادات التبويب</string>
  <string name="sendSMStoShownContacts">إرسال رسالة نصية / وسائط  إلى جهات الاتصال المعروضة</string>
  <string name="sendEmailtoShownContacts">إرسال بريد إلكتروني إلى جهات الاتصال المعروضة</string>
  <string name="setRingtoneForShownContacts">تعيين نغمة رنين لجهات الاتصال المعروضة</string>
  <string name="pref_title_enableEventNotification">تمكين إعلام الحدث</string>
  <string name="forSelectedGroups">للمجموعات المحددة</string>
  <string name="menu_send_group_message">إرسال رسالة نصية/ وسائط إلى مجموعة</string>
  <string name="menu_delete_group">حذف مجموعة</string>
  <string name="menu_deleteGroups">حذف مجموعات</string>
  <!-- 	<string name="forSelectedOrgs">For selected companies</string> -->
  <!-- 	<string name="menu_editOrg">Edit company</string> -->
  <!-- 	<string name="forSelectedTitles">For selected titles</string> -->
  <!-- 	<string name="menu_editTitle">Edit title</string> -->
  <string name="menu_editContactFromEvent">تحرير جهة الاتصال من الحدث</string>
  <string name="menu_focus2Today">التركيز إلى اليوم</string>
  <string name="generalDeleteConfirmation">هل أنت متأكد من أنك تريد الحذف؟</string>
  <string name="addContactTo">إضافة جهة اتصال إلى %s</string>
  <string name="removeContactFrom">إزالة جهة اتصال من %s</string>
  <string name="pref_title_showTabAtTop">إظهار شريط علامات التبويب في الأعلى</string>
  <!-- Within the group "contact list" label -->
  <string name="labelWithinGroupContactsList">جهات الاتصال</string>
  <string name="multipleChoicePrompt">  تحديد متعدد ينحصر في الإصدار المجاني لعناصر %d لكل عمل. إذا كنت بحاجة إلى إرسال رسالة إلى المجموعة، اضغط قائمة المجموعة</string>
  <string name="pref_title_dialerPadTone">نغمة الضغط على لوحة الطلب</string>
  <string name="recentChanges">التغييرات الأخيرة</string>
  <string name="more">أكثر</string>
  <string name="selectAll">تحديد الكل</string>
  <string name="pref_title_alwaysToDefTab">البدء دائما بالتبويب الافتراضي</string>
  <string name="pref_summary_alwaysToDefTab">زر الطلب الهاتفي لتشغيل التطبيق يبقي على التبويب الافتراضي</string>
  <string name="pref_title_showMostContactedBelowFavorites">اظهار الاتصالات الاخيرة اسفل المفضلة</string>
  <string name="pref_title_showEventsFromToday">إظهارالأحداث ، بدءا من اليوم</string>
  <string name="pref_title_YPositionOfInfoWindow">موضع Y من إطار المعلومات</string>
  <string name="pref_summary_YPositionOfInfoWindow">موقع أعلى/أسفل نافذة المعلومات. كما يمكن نقل الموقع مباشرة على المكالمة الواردة.</string>
  <string name="pref_title_backupRestore">النسخ الاحتياطي والاستعادة</string>
  <string name="pref_title_backupAllSettings">النسخ الاحتياطي لكافة الإعدادات</string>
  <string name="pref_title_restoreAllSettings">استعادة كافة الإعدادات</string>
  <string name="pref_title_restoreDefaultSettings">استعادة الإعدادات الافتراضية</string>
  <string name="pref_title_showMyContactsInUngrouped">تجاهل مجموعات النظام \"My Contacts\"</string>
  <string name="pref_title_startDialerWithoutDialerPad">بدء تشغيل الهاتف بدون لوحة الأرقام</string>
  <string name="pref_summary_showMyContactsInUngrouped">إظهار جهات الاتصال (التي هي فقط في نظام المجموعة \"جهات الاتصال الخاصة بي\") تحت \"جهات اتصال لاتنتمي لمجموعة\".</string>
  <string name="toast_allSettingsToDefault">تمت استعادة كافة الإعدادات إلى القيم الافتراضية.</string>
  <string name="toast_settingsBackedSuccessfully">تم نسخ الإعدادات إلى %s</string>
  <string name="toast_settingsBackedFailed">فشل النسخ الاحتياطي. تأكد من أنك قمت بتعيين مسار صالح للنسخ الاحتياطي.</string>
  <string name="toast_settingsRestorSuccessfully">تم استعادة الإعدادات بنجاح من %s.</string>
  <string name="toast_settingsRestorFailed">فشلت عملية الاستعادة. تأكد من أن قمت بتعيين المسار الصحيح، حيث تم حفظ الإعدادات.</string>
  <string name="menu_newOrg">منظمة جديدة</string>
  <string name="menu_newTitle">العنوان الجديد</string>
  <string name="enterAName">أدخل اسما</string>
  <string name="pref_title_t9Search">إعدادات البحث T9</string>
  <string name="pref_summary_t9Search">هذه هي الخيارات المتقدمة، التي هي ذات الصلة في علامة التبويب "الهاتف"، وكيفية بحث T9 </string>
  <string name="pref_title_matchingAnywhere">مطابقة الكلمات في أي مكان</string>
  <string name="pref_summary_matchingAnywhere">\"WTT\" تطابق \"dW conTacTs\"</string>
  <string name="pref_title_matchingPart">تطابق دقيق لجزء من الكلمة  في العبارة</string>
  <string name="pref_summary_matchingPart">\"NTA\" تطابق \"dw coNTActs\"</string>
  <string name="pref_title_matchingFirstLetter">تطابق الحرف الأول</string>
  <string name="pref_summary_matchingFirstLetter">\"DCO\" تطابق \"Dw COntacts\"</string>
  <string name="pref_title_sortByDegreeOfMatch">فرز حسب درجة التطابق</string>
  <string name="menu_copyToClipboard">نسخ إلى الحافظة</string>
  <string name="menu_createEvent">إنشاء موعد</string>
  <string name="useLimitFeaturePrompt">يمكنك استخدام هذه الميزة فقط %d مرات في الإصدار المجاني.</string>
  <string name="pref_title_appointmentSettings">إعدادات المواعيد</string>
  <string name="pref_title_defaultAppointmentText">النص الافتراضي للموعد</string>
  <string name="pref_summary_defaultAppointmentText">إضافة نص، سيتم إدراجها قبل إضافة اسم + رقم</string>
  <string name="pref_default_defaultAppointmentText">الاتصال بواسطة</string>
  <string name="titlesList">العناوين</string>
  <string name="eventsList">الأحداث</string>
  <string name="pref_title_showInContactList">إظهار العناصر</string>
  <string-array name="pref_entries_showInContactList">
    <item>أرقام</item>
    <item>المنظمة</item>
    <item>العنوان</item>
    <item>المجموعات</item>
    <item>رمز الحساب</item>
    <item>صورة جهة الاتصال</item>
    <item>زر البريد الإلكتروني</item>
    <item>زر الرسالة النصية</item>
    <item>زر الطلب الهاتفي</item>
    <item>الملاحظات</item>
  </string-array>
  <string name="pref_title_showNotesLines">الحد المسموح للملاحظات إلى x سطرا</string>
  <string name="tips_clickToSeeAllText">بواسطة النقر فوق عنصر القائمة، يمكنك مشاهدة النص بأكمله</string>
  <string name="pref_title_colorForGroups">لون الخلفية-المجموعات</string>
  <string name="pref_title_colorForOrganization">لون الخلفية-المنظمات</string>
  <string name="pref_title_colorForTitle">لون الخلفية-عناوين</string>
  <string name="pref_title_fontSize2">حجم الخط (السطر الثاني)</string>
  <string name="pref_title_fontSize3">حجم الخط (السطر الثالث)</string>
  <string name="pref_title_useNumberSearch">استخدام الرقم في البحث</string>
  <string name="pref_summary_useNumberSearch">عند التنشيط، سيتم البحث عن الأرقام أيضا</string>
  <string name="noEmailAddress">لا يوجد عنوان البريد الإلكتروني</string>
  <string name="pref_title_showCallLogOnPhone">إظهار سجل المكالمات على الهاتف</string>
  <string name="listTotalCallHistory">عرض %1$d مكالمات/المدة %2$s</string>
  <string name="pref_title_showContactsOnPhoneStart">إظهار جهات الاتصال عند بدء التشغيل</string>
  <string name="pref_summary_showContactsOnPhoneStart">عند التمكين: كل جهات الاتصال ستظهر في القائمة أيضا</string>
  <string name="listTotalCallLog">عرض أرقام الاتصال المختلفة %d</string>
  <string name="upcoming">القادمة</string>
  <string name="pref_title_phoneSettings">إعدادات الهاتف</string>
  <string name="pref_title_mergeCallLog">دمج سجل المكالمات</string>
  <string name="pref_title_showCounterOnMergedCallLog">إظهار العداد على عناصر سجل المكالمات المدمجة</string>
  <string name="pref_summary_showCounterOnMergedCallLog">في حالة التنشيط، سوف تظهر على الجانب الأيمن من اسم جهة الاتصال عدد المكالمات يتم دمجها معا</string>
  <string name="pref_title_groupCallLogByDate">عرض سجل المكالمات مجموعة حسب التاريخ</string>
  <string name="pref_summary_groupCallLogByDate">عند التنشيط، سيتم تجميع سجل المكالمات حسب التاريخ</string>
  <string name="pref_title_limitCallLogOnXDays">حد سجل المكالمات %s أيام</string>
  <string name="pref_summary_limitCallLogOnXDays">حد سجل المكالمات %s أيام (0= إظهار الكل)</string>
  <string name="pref_message_0toShowAllDays">0 إظهار جميع الأيام</string>
  <string name="pref_message_0toShowAllItems">0 إظهار كافة العناصر</string>
  <string name="pref_title_useOrgSearch">استخدام المنظمة في البحث</string>
  <string name="pref_title_matchingSkipWord">السماح بتخطي كلمة</string>
  <string name="pref_summary_matchingSkipWord">\"DPH\"يتطابق مع \"Dw contacts &amp; PHone\"</string>
  <string name="pref_title_matchingSkipSpace">السماح بتخطي مساحة</string>
  <string name="pref_summary_matchingSkipSpace">\"TSPH\"تتطابق مع جهات الاتصال \"dw contacTS &amp; PHone\"</string>
  <string name="pref_title_globalSettings">إعدادات عمومية</string>
  <string name="pref_title_registrationStates">الحالة: %s</string>
  <string name="pref_summary_registrationStates">هذا الإصدار هو %1$s للجهاز بالرقم التسلسلي: %2$s</string>
  <string name="registered">مسجل</string>
  <string name="unregistered">غير مسجل</string>
  <string name="pref_title_onlineRegistrationCheck">التسجيل عبر الإنترنت</string>
  <string name="pref_summary_onlineRegistrationCheck">سيتم التحقق، إذا كان الجهاز الخاص بك غير مسجل (مطلوب اتصال إنترنت).</string>
  <string name="pref_title_registration">التسجيل</string>
  <string name="pref_summary_registration">إلغاء تأمين الوظائف الموسعة، وإزالة الإعلانات</string>
  <string name="pref_summary_showContactsWithPhoneNumber">إذا كانت معطلة، سوف يستخدم النظام [عرض تصفية جهات الاتصال]، الذي يمكن تعديله في [إعدادات عمومية]</string>
  <string name="pref_title_historyViewSettings">إعدادات عرض المحفوظات</string>
  <string-array name="pref_entries_dialerPadTone">
    <item>DTMF النغمة</item>
    <item>اضغط النغمة</item>
    <item>إيقاف</item>
  </string-array>
  <string name="pref_title_limitNumberTitleToXChar">طول عنوان رقم الهاتف</string>
  <string name="pref_summary_limitNumberTitleToXChar">عند الضبط على رقم 0 سوف يظهر طول العنوان ورقم الهاتف كاملا</string>
  <string name="pref_title_supportForum">منتدى الدعم</string>
  <string name="pref_title_textColor">لون النص</string>
  <string name="historyList">المحفوظات (سجل المكالمات)</string>
  <string name="startProVerPrompt">تم الكشف عن النسخة الكاملة. هل تبدأ الآن؟</string>
  <string name="pref_title_selectedBackgroundColor">الضغط على لون الخلفية الرئيسية</string>
  <string name="pref_title_dialpadThemeSettings">إعدادات لوحة الاتصال في الهاتف</string>
  <string name="pref_title_globalThemeSettings">إعدادات السمة (الثيم) العالمية</string>
  <string name="pref_title_showAlwaysAddIcon">تظهر دائماً *إضافة* رمز</string>
  <string name="pref_summary_showAlwaysAddIcon">عند التمكين، سيظهر في القائمة على السطر الأول الرمز "+"، حيث يمكنك إضافة جهة اتصال</string>
  <string name="pref_title_eventGreetingText">نص تهنئة للحدث</string>
  <string name="pref_default_eventGreetingText">مرحبا؟، وأتمنى لكم كل التوفيق ؟A\ \' ال؟؟ه</string>
  <string name="pref_title_eventGreetingSubject">عنوان التهنئة للحدث</string>
  <string name="pref_summary_eventGreetingSubject">تستخدم فقط عند الإرسال عبر البريد الإلكتروني</string>
  <string name="pref_message_eventGreetingText">يمكنك أيضا استخدام متغير "؟؟؟" مع جهة /جهات اتصال كاملة؛ "??و "مع اسم العائلة؛ "??ز "بهذا الاسم؛                "??N "مع اللقب؛ "??"للعمر؛ "??ه "لنوع الحدث</string>
  <string name="pref_default_eventGreetingSubject">تحياتي الخاصة بك؟A\ \' ال؟؟ه</string>
  <string name="menu_sendGreetingSMSToContact">إرسال الحدث برسالة نصية / وسائط إلى جهة الاتصال</string>
  <string name="menu_sendGreetingEmailToContact">إرسال بريد إلكتروني بالحدث إلى جهة الاتصال</string>
  <string name="pref_title_storeSendSMSToSystemDB">حفظ الرسائل القصيرة ورسائل الوسائط المتعددة إلى قاعدة البيانات</string>
  <string name="pref_summary_storeSendSMSToSystemDB">في حالة تنشيط، سيتم حفظ الرسائل النصية/الوسائط في قاعدة بيانات النظام.</string>
  <!-- 	<string name="pref_title_backgroundImage">Background image</string> -->
  <!-- 	<string name="pref_summary_backgroundImageEn">If you use background image, the background color can be used simultaneously as color filter</string> -->
  <string name="pref_title_textColorSecond">لون النص السطر الثاني + الثالث</string>
  <string name="pref_title_textColorLabel">لون النص للخط الثالث المسمى (labeled 3rd line)</string>
  <string name="pref_summary_textColorLabel">هذا لون النص للمجموعات المسماة والمنظمات والعناوين</string>
  <string name="pref_title_backgroundListSectionColor">لون الخلفية قسم القائمة</string>
  <string name="pref_title_textListSectionColor">لون النص لقسم القائمة</string>
  <string name="pref_title_showAlphabetListSection">اظهار القائمة ابجديا</string>
  <string name="pref_title_fontSizeforDigits">حجم الخط للأرقام</string>
  <string name="pref_title_fontSizeforLetters">حجم الخط للحروف</string>
  <string name="pref_title_dialpadIconsArrangement">ترتيب الأيقونات للوحة الاتصال</string>
  <string-array name="pref_entries_dialpadIconsArrangement">
    <item>طلب / الإدخال / حذف</item>
    <item>حذف / إدخال / طلب</item>
    <item>إدخال / حذف / طلب</item>
  </string-array>
  <!-- 	quick jump to alphabetic listcreate new contact -->
  <string name="menu_quickJump">الانتقال السريع</string>
  <string-array name="pref_entries_hideTab">
    <item>يعمل</item>
    <item>إيقاف</item>
    <item>تلقائي</item>
  </string-array>
  <string name="pref_title_backgroundColorQuickJump">لون خلفية الانتقال السريع </string>
  <string name="pref_title_textColorQuickJump">لون النص للانتقال السريع </string>
  <string name="pref_title_disableSlideSwitchingTabs">تعطيل الانزلاق-التبديل بين علامات التبويب</string>
  <string name="pref_title_showNumberKeyboardOnDialpad">عرض لوحة الأرقام في لوحة الاتصال</string>
  <string name="pref_summary_showNumberKeyboardOnDialpad">إذا كانت معطلة، أنه سيتم فقط إظهار مربع الإدخال والاتصال الهاتفي وحذف الرمز (مفيدة، إذا كنت ترغب في الاتصال الهاتفي دائماً عن طريق مفاتيح الأجهزة الخاصة بك ")</string>
  <string name="pref_title_dialpadToFullWidth">لوحة الاتصال بكامل عرض الشاشة</string>
  <string name="pref_summary_dialpadToFullWidth">إذا تم التنشيط، سوف تظهر الاتصالات في الوضع الأفقي  بعرض الشاشة كاملا(في الجانب الأيمن)</string>
  <string name="pref_title_smsSignature">توقيع الرسائل النصية / الوسائط</string>
  <string name="pref_summary_smsSignature">سيتم دائماً إضافة التوقيع، في نهاية الرسالة </string>
  <string name="currentOrderNotSupportFastJump">لا يعتمد النظام الحالي قفزة سريعة.</string>
  <!-- 2.0.7 -->
  <string name="pref_title_languageForT9">لغة بحث T9</string>
  <string name="pref_summary_languageForT9">يمكنك إضافة لغات إضافية، التي ينبغي أن تستخدم للبحث عن T9</string>
  <string name="pref_title_quickJumpAlignment">محاذاة البحث السريع</string>
  <string-array name="pref_entries_quickJumpAlignment">
    <item>أعلى</item>
    <item>الوسط</item>
    <item>أسفل</item>
  </string-array>
  <string name="menu_gridView">عرض الشبكة</string>
  <string name="menu_listView">عرض القائمة</string>
  <string name="pref_title_gridViewSettings">إعدادات عرض الشبكة</string>
  <string name="pref_title_gridViewSize">حجم الشبكة</string>
  <string name="pref_title_lockGridSize">حجم قفل الشبكة</string>
  <string name="pref_summary_lockGridSize">يمكن استخدام البحث السريع عن طريق السحب باصبعين عندما تكون مغلقة</string>
  <string name="pref_title_phoneDialpadHeight">ارتفاع لوحة الاتصال</string>
  <string name="pref_title_moreSettings">إعدادات طريقة عرض التفاصيل</string>
  <string name="pref_summary_moreSettings">مزيد من الإعدادات لطريقة عرض علامة التبويب</string>
  <string name="pref_title_displayNameBelowThePicture">عرض الاسم اسفل الصورة</string>
  <string name="menu_exportContactPicture">تصدير صورة جهة الاتصال</string>
  <string name="toast_saveFailed">فشل الحفظ!</string>
  <string name="toast_saveSuccessfully">حفظ بنجاح: %s</string>
  <string name="callConfirm">تأكيد الطلب</string>
  <string name="pref_summary_callConfirm">عند التفعيل.فإنه سوف تظهر لك نوافذ منبثقة مع تأكيد طلب قبل إجراء الاتصال.</string>
  <string name="pref_title_automaticConfirmationDelay">تأخير تأكيد تلقائي</string>
  <!-- It is an option to set a time for the control [Dialing confirmation] dialog.
     At the end of the counter automatically close [Dialing confirmation] dialog. -->
  <string name="pref_title_automaticCancelDelay">تأخير إلغاء الأمر التلقائي</string>
  <string name="pref_summary_automaticConfirmationDelay">يمكنك لمس في أي مكان على الشاشة لإيقاف جهاز ضبط الوقت</string>
  <string name="pref_title_picturePositionOnRight">موضع الصورة على اليمين</string>
  <string name="updateCheck">التحقق من التحديث</string>
  <string name="noUpdates">لا تتوفر تحديثات</string>
  <string name="download">تحميل</string>
  <string name="pref_title_globalIconSize">حجم الأيقونة</string>
  <string name="pref_summary_globalIconSize">سيشمل هذا تغيير احجام ايقونات: الاتصال الهاتفي في لوحة الاتصال، رمزالرجوع في لوحة الاتصال، الاتصال الهاتفي، الرسائل القصيرة، البريد الإلكتروني، الصورة</string>
  <string name="pref_title_backKeyHideDailpad">إخفاء لوحة الاتصال بزر الرجوع</string>
  <string name="pref_summary_backKeyHideDailpad">إذا كانت غير مفعلة. انقر أولاً على زر "الرجوع" وسيتم إغلاق التطبيق. وإلا فإنه سيتم إخفاء لوحة الاتصال قبل الخروج.</string>
  <string name="pref_title_hapticFeedbackVibration">الإهتزاز</string>
  <string name="pref_title_hapticFeedbackStrength">قوة الاهتزاز</string>
  <string name="pref_title_limitCallLogOnXitems">اعلى حد لبنود سجل المكالمات  %s</string>
  <string name="pref_summary_limitCallLogOnXitems">اعلى حد لبنود سجل المكالمات %s كحد أقصى (0 = غير محدود)</string>
  <string name="pref_title_dividerLineColor">لون الخط الفاصل</string>
  <string name="menu_quickDial">الإتصال السريع</string>
  <string name="buying_tips_in_free">يمكنك استخدام "متجرجوجل" لشراء النسخة الإحترافية. إذا كنت في منطقة لا يمكن استخدام فيها "متجر جوجل" لشراء التطبيقات. يمكنك تنزيل الإصدار REG ثم تسجيله. كلا الإصدارين لها نفس الوظيفة.</string>
  <string name="buying_channel_registration">تحميل النسخة REG</string>
  <string name="buying_channel_registration_summary">"بعد أن قمت بالنقر فوق الارتباط، فإنه سيتم تحميل التطبيق، ويمكنك النقر فوق هذا الملف للتثبيت. بعد بدء التثبيت افتح التطبيق واتبع تعليمات التسجيل. " </string>
  <string name="pref_title_buyAdvancedVersion">شراء نسخة متقدمة</string>
  <string name="freeVersionFound">النسخة المجانية الموجودة على النظام الخاص بك.</string>
  <string name="uninstallFreeVersionPrompt">نوصي أن تقوم بإلغاء تثبيت الإصدار المجاني واستخدام النسخة المسجلة. قبل إلغاء التثبيت، قد تحتاج إلى النسخ الاحتياطي للبيانات في الإصدار المجاني. ثم استرداد في الإصدار الإحترافي الكامل.   هل تريد إلغاء تثبيت النسخة المجانية؟</string>
  <string name="pref_title_copySerialNum">نسخ الرقم التسلسلي للجهاز إلى الحافظة</string>
  <string name="askToCheckRegistrationCode">"مفتاح التسجيل غير صالح أو غير مسجل. هل تريد التحقق من رمز التسجيل الآن؟ "</string>
  <string name="deleteContactConfirmation">جهات اتصال\"%s\" سيتم حذفها.</string>
  <string name="enable">تمكين</string>
  <string name="allIncomingCalls">جميع المكالمات الواردة</string>
  <string name="anonymousIncomingCalls">المكالمات المجهولة</string>
  <string name="anonymousIncomingCallsSummary">عدم ارسال رقم الهاتف عند الإتصال</string>
  <string name="automaticGroups">مجموعات تلقائية</string>
  <string name="pref_title_dialPrefix">بادئة الإتصال</string>
  <string name="pref_summary_dialPrefix">إذا يتم إعطاء البادئة، ستكون هناك خيارات إضافية للإتصال عن طريق الضغط لمدة طويلة القائمة</string>
  <string name="pref_title_dialSuffix">لاحقة الإتصال</string>
  <string name="pref_summary_dialSuffix">إذا تم إعطاء البادئة، ستكون هناك خيارات إضافية للإتصال عن طريق الضغط لمدة طويلة القائمة</string>
  <string name="pref_title_quickDialLimit">حد الطلب السريع</string>
  <string name="pref_title_languageForT9Keyboard">اللغة للوحة المفاتيح T9</string>
  <string name="pref_summary_languageForT9Keyboard">حدد اللغة التي تريد عرضها في لوحة الاتصالT9.</string>
  <string name="callFilterAction">وظيفة</string>
  <string-array name="callFilterActions">
    <item>غير مسموح</item>
    <item>يسمح</item>
    <item>صامت</item>
  </string-array>
  <string name="callFilterActionIntercept">غير مسموح</string>
  <string name="callFilterActionInterceptAndNotify">الشكاوي والتنبيهات</string>
  <string name="callFilterActionAllows">يسمح</string>
  <string name="callFilterActionSilence">صامت</string>
  <string name="callFilterType">نوع التصفية</string>
  <string-array name="callFilterTypes">
    <item>تصفية المجموعة</item>
    <item>تصفية الأرقام</item>
    <item>ارقام الاتصالات الاخيرة</item>
  </string-array>
  <string-array name="callFilterTypesHint">
    <item>حدد المجموعات للتصفية</item>
    <item>ادخل الرقم للتصفية</item>
    <item>حدد المدة المسموحة</item>
  </string-array>
  <string name="ruleEditor">محرر القاعدة</string>
  <string name="label">التسمية</string>
  <string name="numberFilterExplain">* = أي سلسلة،؟ = أي حرف</string>
  <string name="effectiveTimeOfTheRule">"التنشيط من %1$s إلى %2$s"</string>
  <string name="menu_viewRelatedContacts">عرض جهات الاتصال المتصلة</string>
  <string name="title_selectNumbers">الرجاء تحديد الأرقام</string>
  <string name="title_selectEmailAddresses">الرجاء تحديد عناوين البريد الإلكتروني</string>
  <string name="pref_title_lockView">تأمين عناصر عرض التغييرات</string>
  <string name="pref_summary_lockView">منع عرض عناصر التغيير بواسطة إصبعين</string>
  <string name="selectedNumberOfContacts">جهات الاتصال المحددة %d</string>
  <string name="selectedNumberOfEmailAddresses">عناوين %d المحددة، انقر فوق نسخ إلى الحافظة.</string>
  <string name="selectedNumberOfPhoneNumbers">أرقام الهواتف المحددة %d</string>
  <!-- 2.1.1 -->
  <string name="pref_title_nameFieldToShow">حدد اسم الحقل لإظهاره</string>
  <string name="pref_summary_nameFieldToShow">فعالة فقط عند تعيين:/عرض جهات الاتصال بواسطة/غير الافتراضية.</string>
  <string-array name="pref_entries_nameField">
    <item>الاسم الأول</item>
    <item>الاسم الأخير</item>
    <item>الاسم الأوسط</item>
    <item>بادئة شرفية</item>
    <item>لاحقة شرفية</item>
    <item>جهة/جهات اتصال لفظية</item>
    <item>الاسم الاخير اللفظي</item>
    <item>الاسم الأوسط /اللفظي</item>
  </string-array>
  <string name="pref_title_showMatchFirstLetterResultsFirst">إظهارنتائج \"تطابق الحروف الاولى \ أولاً</string>
  <string name="pref_title_clickTheActions">النقر على جهة الاتصال</string>
  <string name="pref_summary_clickTheActions">الإجراء عند النقرعلى جهة الاتصال</string>
  <string name="pref_summary_clickListIconActions">الإجراء عند النقر على الرمز في طريقة عرض القائمة.</string>
  <string name="action_viewItemAuto">عرض عنصر(الاتصال التلقائي أو سجل المكالمات)</string>
  <string name="action_viewContactDetails">عرض تفاصيل جهة الإتصال</string>
  <string name="action_selectNumberToCall">حدد رقم للإتصال</string>
  <string name="action_viewContactHistory">عرض محفوظات جهة الاتصال</string>
  <string name="action_viewQuickContactBadge">عرض شارة الاتصال السريع</string>
  <string name="action_callCurrentNumber">اتصال بالرقم الحالي</string>
  <string name="action_callDefaultNumber">اتصال بالرقم الافتراضي</string>
  <string name="action_callUsingSIP">الاتصال باستخدام المسبار</string>
  <string name="action_sendMessageToCurrentNumber">إرسال الرسائل القصيرة ورسائل الوسائط المتعددة إلى الرقم الحالي</string>
  <string name="action_sendMessageToDefaultNumber">إرسال الرسائل القصيرة ورسائل الوسائط المتعددة إلى الرقم الافتراضي</string>
  <string name="pref_title_clickIconActions">النقرعلى الرمز</string>
  <string name="pref_summary_clickIconActions">الإجراء عند النقرعلى الرمزفي طريقة عرض القائمة.</string>
  <string name="pref_title_lockWindowPosition">قفل موضع الإطار</string>
  <string name="pref_summary_lockWindowPosition">إذا كنت لا ترغب في نقله بواسطة السحب.</string>
  <string name="pref_title_showCallerLocation">إظهار موقع المتصل</string>
  <string name="downloadPluginPrompt">تحتاج إلى تثبيت المكونات-ins. "تحميل الآن"؟</string>
  <string name="Default">الافتراضي</string>
  <string name="pref_title_searchCallLog">البحث عن سجل المكالمات</string>
  <string name="pref_summary_searchCallLog">بحاجة إلى فتح سجل المكالمات \"عرض في الهاتف\"</string>
  <string name="menu_shareContacts">مشاركة جهات الاتصال</string>
  <string name="font_size">حجم الخط</string>
  <string name="show_call_log_filter">إظهار تصفية سجل المكالمة</string>
  <string name="hide_call_log_filter">إخفاء تصفية سجل المكالمة</string>
  <string name="prompt_in_sms_tab">عرض الرسائل القصيرة التي أرسلت إلى المجموعة بواسطة برنامج جهات الاتصال .</string>
  <string name="pref_title_exitWhenCallEnds">الخروج عند انتهاء المكالمة</string>
  <string name="pref_title_residesInMemory">الابقاء في الذاكرة</string>
  <string name="pref_summary_residesInMemory">يمكن الاحتفاظ نفس الوقت "تمكين خدمات الخلفية" مفتوحة في الذاكرة وقتاً أطول.</string>
  <!-- Header that expands to list all of the types of settings -->
  <string name="optionsLabelsGroup">خيارات</string>
  <string name="pref_summary_textColorForSecondT9Languare">لون اللغة الثانية في T9</string>
  <string name="pref_title_enableDualcardSuppout">تمكين بطاقة مزدوجة</string>
  <!-- 联系人详细信息 -->
  <string name="detailsList">التفاصيل</string>
  <string name="pref_title_minimumHeightOfListItem">الحد الأدنى لارتفاع عنصر القائمة</string>
  <string name="loading">قيد التحميل…</string>
  <string name="pref_title_displayWhenDialing">عرض عندالإتصال</string>
  <string name="pref_title_usingMoreDetailedListSection">استخدام قائمة باكثر تفاصيل</string>
  <string name="pref_summary_usingMoreDetailedListSection">سيتم استخدام حروف الإنتقال السريعة</string>
  <string name="desktop_widget_limit_messages">في النسخة مجانية يمكن فقط إنشاء ويدجيت واجهة مستخدم سطح المكتب.</string>
  <string name="label_customField">حقول مخصصة</string>
  <string name="menu_otherContactViewer">عارض جهات الاتصال الأخرى</string>
  <string name="pref_title_hideStatistics">إخفاء الإحصائيات</string>
  <string name="pref_title_backupTheme">إعدادات النسخ الاحتياطي للسمة (الثيم)</string>
  <string name="pref_title_restoreTheme">استعادة إعدادات السمة (الثيم)</string>
  <string name="appwidget_titleText">العنوان</string>
  <string name="appwidget_summary_selectGroup">الرجاء تحديد مجموعة الاتصال لعرضها.</string>
  <string name="iconSize">حجم الرمز</string>
  <string name="widgetConfiguration">تكوين الواجهة المصغرة (الويدجيت)</string>
  <string name="pref_title_iconNumberOfColumns">أيقونة عدد الأعمدة</string>
  <string name="pref_summary_iconNumberOfColumns">0 للتناسب التلقائي</string>
  <string name="tips_contactAppWidget">انقر فوق عنوان القطعة لإدخال الإعدادات</string>
  <string name="pref_title_nameLines">خطوط الإسم</string>
  <string name="pref_summary_nameLines">0 إخفاء الاسم</string>
  <string name="menu_deleteTheShownCallLog">حذف سجل المكالمات المعروضة</string>
  <string-array name="pref_entries_contactListSearchOptions">
    <item>البحث في كافة الحقول</item>
    <item>البحث عن كافة جهات الاتصال</item>
    <item>البحث في قائمة العناوين العمومية</item>
  </string-array>
  <string name="pref_title_defaultContactIcon">رمز جهة الاتصال الافتراضي</string>
  <string name="pref_title_defaultGroupIcon">رمز المجموعة الافتراضية</string>
  <string name="prompt_restoreDefaultSettings">انشاءإعدادات النسخ الاحتياطي (مستحسن) أولاً. استعادة كافة الإعدادات الافتراضي الآن؟</string>
  <string name="pref_title_interceptCallsEvenDuringCall">اعتراض المكالمات حتى أثناء المكالمة</string>
  <string name="pref_summary_interceptCallsEvenDuringCall">قد يؤدي هذا إلى انهاء المكالمة المستمرة .</string>
  <string name="pref_title_displayPromptWhenCallBlocked">عرض موجه عندما يتم حظر الاتصال.</string>
  <!-- Call Statistics -->
  <string name="call_statistics">إحصاءات المكالمات</string>
  <string name="freeNumbersManager">إدارة الارقام المجانية</string>
  <string name="tab_call_statistics">الحاله</string>
  <string name="call_type_incoming">الوارد</string>
  <string name="call_type_outgoing">الفائتة</string>
  <string name="call_type_missed">لم يتم الرد عليه</string>
  <string name="call_type_blocked">حظر</string>
  <string name="call_type_all">جميع</string>
  <string name="call_duration">مدة</string>
  <string name="call_duration_minute">Cost.Min</string>
  <string name="call_count">عدد</string>
  <string name="call_statistics_time_billingCycle">دورة الفوترة</string>
  <string name="call_statistics_time_thisMonth">هذا الشهر</string>
  <string name="call_statistics_time_thisWeek">هذا الأسبوع</string>
  <string name="call_statistics_time_all">جميع الأوقات</string>
  <string name="pref_title_startDayOfBillingCycle">يوم بداية دورة الفوترة</string>
  <string name="pref_title_missedCallsTextColor">لون نص مكالمات لم يرد عليها</string>
  <string name="pref_summary_unansweredOutgoingCallsTextColor">المكالمات الصادرة التي لم يرد عليها</string>
  <string name="pref_title_freeMonthlyTalkTime">وقت التحدث المجاني الشهري</string>
  <string name="pref_title_freeIncomingCalls">المكالمات الواردة مجاناً</string>
  <string name="pref_title_costWarning">تحذير التكلفة</string>
  <string name="pref_summary_costWarning">عرض تذكير عند نهاية وقت التحدث المجاني</string>
  <string name="prompt_freeTalkTimeIsOver">وقت اكثر للتحدث الحر .</string>
  <string name="prompt_remainingFreeTalkTimer">باقي من الوقت للتحدث الحر: %1$d دقيقة؛ يوم: %2$d دقيقة .</string>
  <string name="pref_title_showGroupSContactsCount">إظهار عدد جهات الاتصال في المجموعة/ المجموعات</string>
  <string name="pref_summary_showGroupSContactsCount">المفتوحة سوف تؤثر على سرعة التحميل بجهة الاتصال.</string>
  <string name="pref_title_contactPictureZoomMode">وضع تكبير/تصغير صورة جهة الاتصال</string>
  <string-array name="pref_entries_contactPictureZoomMode">
    <item>الوسط</item>
    <item>وسط محدد</item>
    <item>وسط الى الداخل</item>
    <item>وسط ملائم</item>
    <item>تناسب طول وعرض</item>
  </string-array>
  <string name="get_online_help">الحصول على تعليمات عبر الإنترنت</string>
  <string name="error_report">التقرير عن الخطأ</string>
  <string name="hasNoPhoneNumberContacts">لاتوجد ارقام هواتف جهات اتصال</string>
  <string name="pref_title_minimumBillableTime">الحد الأدنى من الوقت المدفوع</string>
  <string name="pref_summary_minimumBillableTime">الإعداد الحالي %s ثوان. إذا كان وقت التحدث 01:15. الإعداد 30 ثانية، وسوف يكون وقت التحدث01:30؛ الإعداد 60 ثانية، وسوف يكون وقت التحدث 02:00.</string>
  <string name="menu_showSidebar">إظهار الشريط الجانبي</string>
  <string name="menu_hidesidebar">إخفاء الشريط الجانبي </string>
  <string name="SIMCard1">الشريحة الأولى</string>
  <string name="SIMCard2">الشريحة الأولى</string>
  <string name="sim_card_office">مكتب</string>
  <string name="sim_card_home">الصفحة الرئيسية</string>
  <string name="sim_card_call">مكالمة</string>
  <string name="sim_card_internet">شبكة الإنترنت</string>
  <string name="sim_card_heart">قلب</string>
  <string name="lable_sim_card_name">الاسم:</string>
  <string name="lable_sim_card_icon">الرمز:</string>
  <string name="defaultSIMcard">الشريحة الافتراضية</string>
  <string name="prompt_inFirstUseDialer">إجراء مكالمة طارئة يتوقف على اعدادات النظام . الرجاء التأكد من أنه يعمل.</string>
  <string name="pref_title_enableBackgroundDataLoading">تمكين تحميل البيانات الخلفية</string>
  <string name="pref_summary_enableBackgroundDataLoading">تمكين تحسين سرعة استجابة البرنامج. ملاحظة هذا سيزيد من استهلاك البطارية، واتصال قاعدة بيانات يتم تحديثها بشكل متكرر.</string>
  <string name="pref_title_scaleToFitTheScreen">مقياس تناسب الشاشة</string>
  <string name="pref_summary_scaleToFitTheScreen">تحجيم حجم الشبكة لتلائم الشاشة تلقائياً</string>
  <string name="pref_summary_whenPortraitMode">الوضع العمودي</string>
  <string name="pref_summary_whenTheSidebarIsOpen">صورة الوضع في الشريط الجانبي</string>
  <string name="pref_summary_whenInLandscapeMode">وضع أفقي</string>
  <string name="pref_summary_whenInLandscapeModeAndTheSidebarIsOpen">وضع الشريط الجانبي الأفقي</string>
  <string name="pref_title_usingMoreDetailedFastScroller">استخدام تفاصيل اكثر للتحريك السريع</string>
  <string name="pref_title_contactFields">حقول جهات الاتصال</string>
  <string name="pref_summary_informationNeedSendToCalendar">حدد المعلومات ليتم إرسالها إلى التقويم</string>
  <string-array name="pref_entriesNeedSendToCalendar">
    <item>منظمة</item>
    <item>العناوين</item>
    <item>الهاتف</item>
    <item>البريد الإلكتروني</item>
    <item>الملاحظات</item>
  </string-array>
  <string name="menu_addConsecutiveNumbers">إضافة أرقام متتالية</string>
  <string name="startingNumber">رقم البداية</string>
  <string name="endingNumber">إنهاء الرقم</string>
  <string name="prompt_ALotOfNumbersToAddToContact">%d الأرقام الجديدة ستضاف إلى جهة الاتصال. وهذا سوف يستغرق بعض الوقت.</string>
  <string name="prompt_numberParsingErrorInaddConsecutiveNumbers">خطأ في توزيع الرقم! الرجاء عدم إدخال رقم مهيأ.</string>
  <string name="prompt_needToAddNumbersTooMuch">وهذا سوف يؤدي إلى %d إضافة رقم إلى جهة الاتصال. تؤدي إضافة عدد كبير جداً من أرقام الهاتف الى البطء.</string>
  <string name="prompt_addConsecutiveNumbers_accountDoesNotSupport">الحساب لايدعم إضافة العديد من أرقام الهواتف.</string>
  <string name="pref_title_usingHDContactPicture">إستخدام صورة جهة اتصال عالية الدقة </string>
  <string name="pref_title_linksInNotes">الروابط في الملاحظات</string>
  <string name="pref_summary_linksInNotes">عند تمكين عناوين ويب ورسائل البريد الإلكتروني وعناوين الشوارع وأرقام الهاتف في الملاحظات سوف تكون قابلة للنقر.</string>
  <string name="pref_title_enableInCallWidget">تمكين في ويدجيت المكالمات</string>
  <string name="pref_title_delayToClose">تأخير إغلاق</string>
  <string name="pref_summary_delayToCloseInCallWidget">إغلاق تأخير %ds ويدجيت\ دعوة \"In" عند انتهاء المكالمة.</string>
  <string name="pref_title_closeWhenOffhook">إغلاق عند تجمد النظام</string>
  <string name="pref_summary_closeWhenOffhook">إغلاق \"في ويدجيت المكالمات\" عند القيام بالرد على المكالة.</string>
  <string name="pref_summary_informationNeedShowInInCallWidget">حدد المعلومات التي ستظهر \"ويدجيت المكالمات\".</string>
  <string name="phoneNumberLabel">تسمية رقم الهاتف</string>
  <string name="last_contact_time">آخر وقت الاتصال</string>
  <string name="contact_pictures">صور جهات الاتصال</string>
  <string name="menu_importToQuickdialList">استيراد إلى قائمة الإتصال السريع</string>
  <string name="confirm_importToQuickdialList">لاحظ أن البيانات المستوردة سيتم كتابتها فوق البيانات الموجودة.</string>
  <string name="toast_importToQuickdialListSuccessfully">أرقام تم استيراداها %d</string>
  <string name="pref_title_frameColor">لون الإطار</string>
  <string name="pref_title_hideDefaultIcon">إخفاء الرمز الافتراضي</string>
  <string name="pref_summary_hideDefaultIcon">إخفاء الرمز الافتراضي في طريقة عرض القائمة.</string>
  <string name="pref_title_showInTheSidebar">عرض في الشريط الجانبي</string>
  <string name="pref_summary_showInTheSidebar">حدد العناصر التي تحتاج إظهارها الشريط الجانبي</string>
  <string-array name="pref_entries_showInTheSidebar">
    <item>المجموعات</item>
    <item>المنظمات</item>
    <item>العناوين</item>
  </string-array>
  <string name="menu_addToQuickdialList">إضافة إلى قائمة اإتصال السريع</string>
  <string name="toast_theNumberHasNeenAdded">تم إضافة الرقم.</string>
  <string name="pref_title_fontSizeSidebar">حجم الخط (الشريط الجانبي)</string>
  <!-- 	<string name="hour">Hour</string> -->
  <string name="contactedLastXHours">اتصلت %s الساعات الأخيرة</string>
  <!-- 	选中的邮件地址已经复制到剪贴板。您可以将它粘贴到邮件程序的地址字段 -->
  <string name="toast_selectedEmailAddressCopied">تم نسخ عنوان البريد الإلكتروني المحدد إلى "الحافظة". يمكنك لصقه في حقل العنوان لبرنامج البريد الإلكتروني.</string>
  <string name="pref_title_backUpAllData">النسخ الاحتياطي لكافة البيانات</string>
  <!-- 	由于数据库的更新。还原数据可能导致组铃声、组图片和防火墙工作不正常。请检查它们在恢复数据后。 -->
  <string name="pref_summary_backUpAllData">عند تحديث قاعدة البيانات . قد لايتم استعادة النغمات والصور المختارة وضبط التصفية بشكل صحيح.الرجاء التحقق منها في استعادة البيانات.</string>
  <!-- 	注意这不会备份联系人数据库。 -->
  <string name="warning_notBackUpContactsDatabase">تنبيه هذا ليس نسخ احتياطي لقواعد بيانات جهات الاتصال</string>
  <string name="pref_title_restoreAllData">استعادة كافة البيانات</string>
  <string name="toast_backedSuccessfully">تم النسخ الاحتياطي بنجاح إلى %s.</string>
  <string name="toast_backedFailed">فشلت عملية النسخ الاحتياطي. تأكد من أنك قمت بتعيين مسار النسخ الاحتياطي.</string>
  <string name="toast_restorSuccessfully">استعادة النسخة الاحتياطية بنجاح من %s.</string>
  <string name="toast_restorFailed">فشل الاستعادة. تأكد من أن قمت بتعيين المسار الصحيح.</string>
  <string name="close">اغلاق</string>
  <string name="minimize">تصغير</string>
  <string name="maximize">تكبير</string>
  <string name="call">اتصال</string>
  <string name="toast_notSuppouteditingNotes">جهة الاتصال لاتدعم تحرير الملاحظات.</string>
  <!-- An option in the event notification settings, open it automatically sends the blessing SMS comes in contact events. -->
  <string name="pref_title_automaticallySendGreetingsSMS">ارسل تحياتي برسالة تلقائياً</string>
  <!-- 	注意发送消息时您不会得到通知，发送时间为事件当天的[通知时间]。 -->
  <string name="pref_summary_automaticallySendGreetingsSMS">لاحظ أنه عند إرسال رسالة، وسوف لا تحصل على الإشعار. إرسال الوقت للحدث من يوم  [وقت الإشعار]</string>
  <!-- Prompt message before you delete a call log. -->
  <string name="prompt_deleteCallLog">ملاحظة حذف سجلات المكالمات سوف يؤثر على احصاءات المكالمة.</string>
  <!--
    Dispaly in [In call Widget]
    Example:
    The last contact time: 5 days ago。 -->
  <string name="in_call_lastContactTime">اتصالات آخر مرة: %s</string>
  <string name="recommendToFriends">نبذة للأصدقاء</string>
  <string name="filterMode">وضع التصفية</string>
  <!-- 	Show contacts filter Details Grp = Group; Com = Company; Tit = Title -->
  <string name="contactsFilterSummary">تصفية: المجموعة: %1$s المنظمات: %2$s العناوين: %3$s</string>
  <string name="pref_title_largeDialButton">زركبير للطلب الهاتف </string>
  <!-- 	显示在联系人组编辑器，为编辑的组设置父组 -->
  <string name="parentGroup">المجموعة الأصل</string>
  <string name="pref_title_formatPhoneNumber">تنسيق رقم الهاتف</string>
  <string name="menu_viewSelectedContacts">عرض جهات الاتصال المحددة</string>
  <string name="filter_status_all">جميع</string>
  <string name="pref_title_enableSlidingAction">تمكين السحب</string>
  <!-- 	启用滑动拨号等等，关闭它以便使用滑动切换号码。 -->
  <string name="pref_summary_enableSlidingAction">تمكين الاتصال الهاتفي بواسطة السحب يمكنك إيقاف تشغيله من أجل استخدام تبديل ارقام الشريحة.</string>
  <!-- Click Open browser to select files or other data -->
  <string name="browse">تصفح</string>
  <string name="companies">الشركات</string>
  <string name="company">الشركة</string>
  <string name="clear">إزالة</string>
  <string name="other">"غير ذلك"</string>
  <string name="voice_input">إدخال الصوت</string>
  <string name="app_widget_name_dialer_3_3">اتصال DW 3 × 3</string>
  <string name="app_widget_name_dialer_2_3">اتصال DW 3 × 3</string>
  <string name="app_widget_name_dialer_4_4">اتصالDW 4 × 4 </string>
  <string name="app_widget_name_agenda">أجندة جدول اعمال DW</string>
  <!-- 	A menu item is used to select mode grouping contacts. -->
  <string name="menu_groupBy">تجميع حسب</string>
  <string name="menu_showHistory">إظهار سجل المكالمات</string>
  <string name="menu_sendMessage">إرسال الرسائل القصيرة ورسائل الوسائط المتعددة</string>
  <string name="menu_sendMail">ارسل رسالة  بريد الكتروني</string>
  <string name="menu_setRingtone">تعيين نغمة الرنين</string>
  <string name="menu_insert">أَدخِل</string>
  <string name="pref_title_disableAutomaticUpdates">تعطيل التحديثات التلقائية.</string>
  <string name="pref_title_showsLinkToContactList">يظهر ارتباط في قائمة جهات الاتصال</string>
  <!-- A number label, recently contacted number，It shows in the contact details SMS TAB. Number selection drop-down list. For example: Recent:12345678 -->
  <string name="recent">الأخيرة</string>
  <string name="dialog_title_selectFieldsToShare">حدد الحقول للمشاركة</string>
  <string name="pref_title_showSIMCardNumber">إظهار رقم بطاقة الشريحة</string>
  <string name="pref_title_swapSIMCardNumber">مبادلة أرقام الشريحة.</string>
  <string name="pref_summary_selectNeedToDisplayTabs">حدد علامات التبيوب التي ستعرض</string>
  <!-- 	检测到您正使用屏幕阅读程序。是否显示“电话号码选择对话框”在拨号前？ -->
  <string name="prompt_usePhoneNumberSelectionDialogWhenUseScreenReader">يكشف أن كنت تستخدم برنامج قارئ شاشة. سيتم عرض \"رقم الهاتف المحدد المتحاور\" قبل الإتصال؟</string>
  <string name="neverShowAgain">عدم العرض مرة أخرى</string>
  <!-- 	选择[确定]，“通话中小部件”将不会再次显示。 -->
  <string name="prompt_neverShowAgain">حدد [%1$s]، في \"%2$s\" لن يتم عرضها مرة أخرى.</string>
  <string name="dualSIMCardConfiguration">تكوين شريحة الإتصال المزدوجة</string>
  <!-- 	如果SIM卡编号显示不正确，请先通过两个SIM卡各拨打一个电话，然后点击[重新检测]按钮。 -->
  <string name="prompt_retestSIMCardNumber">إذا كان عرض أرقام الشريحة غير صحيح،الرجاء اجراء المكالمة عن طريق الشريحيتين، ثم انقر على الزر [إعادة اختبار].</string>
  <!-- 	重新检测 -->
  <string name="retest">إعادة تعيين</string>
  <!-- 	检测已完成 -->
  <string name="toast_retestSIMCardNumberCompleted">تم إكمال الاختبار.</string>
  <string name="toast_settingsHaveBeenSaved"> تم حفظ الإعدادات.</string>
  <!-- 	如果双卡功能不工作在您的设备。请尝试选择设备列表中的每一个设备，然后单击[拨号]按钮。当两个拨号按钮使用正确SIM卡拨号时，单击[保存]按钮。 -->
  <string name="prompt_dualSIMDialTest">إذا لم تعمل وظيفة بطاقة مزدوجة على الجهاز الخاص بك. حاول تحديدالجهاز في قائمة الأجهزة، ومن ثم انقر فوق الزر [اتصال]. عند الاتصال بزري الاتصال حدد الشريحة الصحيحة، انقر فوق الزر [حفظ].</string>
  <string name="lable_device">الجهاز:</string>
  <string name="lable_testNumber">اختبار الرقم:</string>
  <!-- 	 An option. When you enable the exchange of the SIM card used when making calls. When the dial buttons 1 and 2 do not correspond correct SIM card to select it. -->
  <string name="swapTheDialSIMcard">تبديل بطاقة الشريحة</string>
  <string name="shareMySettings">مشاركة الإعدادات الخاصة بي</string>
  <!-- 	已添加前缀/后缀（%s） -->
  <string name="toast_prefixOrSuffixHasBeenAdded">بادئة/لاحقة المضاف (%s)</string>
  <string name="pref_title_downloadGeocoderPlugin">تحميل البرنامج المساعد ( الكود)</string>
  <string name="menu_bindTo">ربط إلى %s</string>
  <string name="menu_clearBind">ربط خالي</string>
  <string name="pref_title_twoDialOnTheDialpad">إظهار زرين للطلب على لوحة الاتصال</string>
  <string name="pref_title_twoDialInTheContactList">إظهارزرين للاتصال  في قائمة جهات الاتصال</string>
  <!-- 	call using SIM card 1 -->
  <string name="description_dial_button_using">الاتصال باستخدام %s</string>
  <string name="menu_shareAsText">ارسال كافة التفاصيل كنص</string>
  <string name="menu_shareAsvCard">ارسال كبطاقة اعمال</string>
  <string name="noItmeSelected">لم يتم تحديدعنصر</string>
  <string name="pref_title_leftHandedOperation">استخدام باليد الشمال</string>
  <string name="description_goToSubGroups_button">اذهب إلى قائمة الفئات الفرعية</string>
  <!-- 一个选项，当打开备注会优先保存到联系人，而不是通话记录备注 -->
  <string name="pref_title_saveNotesToContacts">حفظ الملاحظات إلى جهات الاتصال</string>
  <string name="export_to_single_vcard_file">تصدير إلى ملف بطاقة اعمال مفرد</string>
  <string name="export_to_multiple_vcard_files">تصدير إلى ملفات بطافة اعمال متعددة</string>
  <string name="confirm_export_contacts_to_folder_message">سيتم تصدير جهات الاتصال الخاصة بك إلى مجلد: %s.</string>
  <!-- 读出来电显示号码 -->
  <string name="pref_title_speakCallerID">هوية المتكلم</string>
  <string name="pref_title_speakOrganization">محادثة المنظمة</string>
  <string name="pref_title_speakNumber">رقم المتكلم</string>
  <string name="pref_summary_speakNumber">إذا كان المتصل ليس في جهات الاتصال</string>
  <string name="pref_title_repeatCount">تكرار العد</string>
  <string name="pref_title_repeatInterval">الفاصل الزمني للتكرار</string>
  <string name="pref_title_reverseList">قائمة معكوسة</string>
  <string name="pref_title_openQuickJumpOnStartup">فتح البحث السريع عند بدء التشغيل</string>
  <!-- 搜索历史记录 - 一个开关确定是否显示搜索历史记录 -->
  <string name="pref_title_searchHistory">بحث المحفوظات</string>
  <string name="menu_add_event">إضافة حدث</string>
  <string name="notification_dataLoaderIsRunning">تم تشغيل أداة تحميل البيانات</string>
  <string name="clickToGetMoreInformation">انقر للحصول على مزيد من المعلومات</string>
  <!-- 	您好，试用期限将结束在5天后。现在要购买吗？ -->
  <string name="remind_trialPeriodWillEnd">مرحبا، الفترة التجريبية ستنتهي في أيام %d. والآن أنت تريد أن تشتري؟</string>
  <string name="menu_addToBlockList">إضافة إلى جهات الاتصال المحجوبة</string>
  <string name="menu_removeFromBlockList">إزالة من جهات الاتصال المحجوبة</string>
  <string name="blockList">محجوبة</string>
  <string name="font">الخط</string>
  <string name="needToUpdate">بحاجة إلى تحديث</string>
  <string name="disable">تعطيل</string>
  <string name="pref_title_hideContactPicture">إخفاء صورة جهة الاتصال</string>
  <string name="event_info_links_label">روابط</string>
  <string name="pref_title_calllogFilterAtTop">عرض \"تصفية سجل المكالمات\" في الجزء العلوي من الشاشة</string>
  <!-- A menu, click the call methods available to display. For example: SIM card 2; Video call; Skype; SIP -->
  <string name="menu_callUsing">الاتصال باستخدام...</string>
  <string name="video_call">إجراء مكالمة فيديو</string>
  <string name="automatic_redial">إعادة الطلب التلقائي</string>
  <!-- Automatic redial after 3 seconds. -->
  <string name="automatic_redial_after">معاودة الاتصال التلقائية بعد %s.</string>
  <!-- Enter "Arrange mode", you can drag to sort items. -->
  <string name="menu_arrangeMode">ترتيب الوضع</string>
  <string name="summary_arrangeMode">إسحب العنصر للفرز</string>
  <string name="recommend_template">"صديقي العزيز! \nI\'ve تم استخدام %1$s. يجب أن يكون لديك برنامج جهات الاتصال. يمكنك استخدام هذا الرابط لتحميل: %2$s "</string>
  <string name="recommend_id_template">"لا تنسى إدخال المعرف الخاص بي (%s) (في تبويب مربع الأدوات--&gt; التوصية إلى الأصدقاء). \شكرا لك!"</string>
  <!-- An option to choose what to hide in the contact details -->
  <string name="pref_title_hideSection">إخفاء المقطع</string>
  <string name="pref_title_automaticBackup">النسخ الاحتياطي التلقائي</string>
  <string name="pref_title_backupTime">وقت النسخ الاحتياطي</string>
  <string name="pref_title_backupCycle">دورة النسخ الاحتياطي</string>
  <string-array name="pref_entries_backupCycle">
    <item>كل يوم</item>
    <item>كل يومين</item>
    <item>كل ثلاثة أيام</item>
    <item>كل أربعة أيام</item>
    <item>كل خمسة أيام</item>
    <item>كل ستة أيام</item>
    <item>كل أسبوع</item>
    <item>كل شهر</item>
  </string-array>
  <string name="pref_title_contactsBackup">نسخة احتياطية من جهات الاتصال</string>
  <string name="pref_summary_contactsBackup">حدد المجموعة لنسخها احتياطيا</string>
  <string name="pref_title_backupNow">النسخ الاحتياطي الآن</string>
  <string name="pref_title_disableInCarMode">تعطيل في وضع السيارة</string>
  <string name="pref_summary_disableInCarMode">تعطيل تأكيد الطلب مؤقتا، أثناء وضع القيادة</string>
  <!-- An alert message when adding a shortcut to the HomePage request has been sent. -->
  <string name="toast_requestHasBeenSent">تم إرسال الطلب</string>
  <string name="pref_title_hideMenuButton">إخفاء زر القائمة</string>
  <string name="pref_summary_hideMenuButton">إذا كان جهازك  لايوجد به زر القائمة، فإن اخفائه فسوف يفقدك الوصول إلى القوائم</string>
  <string name="pref_title_deleteOldCallLogs">حذف سجلات المكالمات القديمة</string>
  <string name="pref_summary_deleteOldCallLogs">عندما يصل العدد %s، إحذف سجلات المكالمات القديمة</string>
  <string name="menu_setContactPhoto">تعيين صورة جهة الاتصال</string>
  <!-- OPTION: When you restart the app. Restore the state when last used. -->
  <string name="pref_title_restoreStateWhenRestarted">استعادة الحالة عند إعادة تشغيل</string>
  <string name="websiteTypeHomepage">الصفحة الرئيسية</string>
  <string name="websiteTypeBlog">Blog</string>
  <string name="websiteTypeProfile">التفضيلات</string>
  <string name="websiteTypeHome">الرئيسية</string>
  <string name="websiteTypeWork">العمل</string>
  <string name="websiteTypeFTP">بروتوكول نقل الملفات</string>
  <!--     <string name="description">Description</string> -->
  <!--     <string name="menu_add_link">Add link</string> -->
  <string name="pref_title_excludeNumbers">استبعاد الأرقام</string>
  <string name="pref_summary_excludeNumbers">لن يتم عرض مربع حوار (تأكيد الطلب) عند الاتصال بهذه الارقام</string>
  <!-- Menu item used to add custom field to contact -->
  <string name="menu_addCustomField">قم بإضافة حقل مخصص</string>
  <!-- An automatic group name, which contains all has photo contacts -->
  <string name="hasPhotoContacts">صور جهات الاتصال </string>
  <!-- Selectable menu item used to controls whether display "contacts events" in the "agenda list". -->
  <string name="menu_showContactsEvents">إظهار الأحداث الخاصة يجهات الاتصال </string>
  <!-- An option to define accent color. The color applied to framework controls in their activated (ex. checked) state. -->
  <string name="pref_title_accentColor">لون مميز</string>
  <!-- An option to define whether the appointment is created automatically send the invitation email.-->
  <string name="pref_title_sendInvitation">ارسال دعوة</string>
  <!-- An option to define whether the appointment is created automatically send the invitation email.-->
  <string name="pref_summary_sendInvitation">إضافة عنوان البريد الإلكتروني لجهة الاتصال إلى الحضور</string>
  <!-- An option to define whether use circle icon.-->
  <string name="pref_title_circleIcon">رمز دائري</string>
  <string name="on">تشغيل</string>
  <string name="off">ايقاف</string>
  <!-- Determined by the theme -->
  <string name="byTheme">حسب الثيم </string>
  <!-- An option to define color -->
  <string name="pref_title_callLogFilterBackground">خلفية تصفية سجل المكالمات</string>
  <!-- An option to define whether use colorful icon.-->
  <string name="pref_title_colorfulIcon">أيقونة ملونة</string>
  <!-- Select this option to Reduce the ring volume when reading the caller information. -->
  <string name="pref_title_reduceRingerVolume">تقليل حجم صوت الرنين</string>
  <!-- Select this option to Reduce the ring volume when reading the caller information. -->
  <string name="pref_summary_reduceRingerVolume">خفض مستوى صوت الرنين عند قراءة معلوامت المتصل</string>
  <!-- Menu item used to Go to the "Calendar" App -->
  <string name="menu_goToCalendar">انتقل إلى التقويم</string>
  <!-- Menu item used to add selected item to the Tab bar -->
  <string name="menu_addToTabBar">إضافة إلى شريط علامات التبويب</string>
  <!-- Menu item used to remove selected item from the Tab bar -->
  <string name="menu_removeFromTabBar">إزالة من شريط علامات التبويب</string>
  <!-- Menu item used to browse and restore data -->
  <string name="menu_restoreFrom">استعادة من...</string>
  <!-- Menu item used to open [Backup Manager] -->
  <string name="menu_backupManager">إدارة النسخ الاحتياطي</string>
  <string name="typeface_bold">غامق</string>
  <string name="typeface_italic">مائل</string>
  <!-- A contact group option. Open it will automatically delete call logs, contacts belong to this group. -->
  <string name="pref_title_automaticallyDeleteCallLogs">حذف تلقائي لسجلات المكالمات</string>
  <!-- An option to control whether to display the contact's local time -->
  <string name="pref_title_showContactsLocalTime">إظهار التوقيت المحلي في جهات الاتصال</string>
  <!-- An option -->
  <string name="pref_title_replaceMissedCallNotification">استبدال \"تنبيهات المكالمات الفائتة\"</string>
  <!-- An option summary -->
  <string name="pref_summary_replaceMissedCallNotification">تجنب عرض حوار \"اختيار تطبيق\" </string>
  <!-- An option in the dialog box to delete call records. Controls whether delete call log notes -->
  <string name="deleteNotes">حذف الملاحظات</string>
  <string name="offset">إزاحة</string>
  <!-- Label above username EditText -->
  <string name="username">إسم المستخدم</string>
  <!-- Button to sign in after entering username and password -->
  <string name="signIn">تسجيل دخول</string>
  <string name="message_createLocalContactAccount">إنشاء حساب الاتصال المحلي.
حفظ في حساب جهات الاتصال الغير متزامنة بالشبكة.
\  ملاحظة: إلغاء التثبيت \ "DW برنامج\" سيؤدي إزالة جهات الاتصال المنتمية الى هذا الحساب.
إذا تم تمكين مزامنة جهات الاتصال، ومزامنة جهات الاتصال إلى \ مجلد الذاكرة الخارجية \ مجلد البرنامج.</string>
  <!-- "By number" merge call records, etc. -->
  <string name="byNumber">حسب الرقم</string>
  <!-- "By contact" merge call records, etc. -->
  <string name="byContact">حسب جهة الاتصال</string>
  <string name="toast_switchToIntersectionMode">انقر مرة اخرى للتبديل لوضع التقاطع</string>
  <!-- An option to control whether to display the message log in History -->
  <string name="pref_title_showMessageLog">إظهار سجل الرسائل</string>
  <!-- Menu item used to add data (E-mail address, etc.)  to contacts -->
  <string name="addToContact">إضافة إلى جهات الاتصال</string>
  <!-- An option When you open it will maintain a fixed height In call widget. -->
  <string name="fixedHeight">ارتفاع ثابت</string>
  <!-- ****************************** Descriptions *********************************** -->
  <!--
         String describing the Keyboard switch ImageButton
         Used by AccessibilityService to announce the purpose of the button.
         [CHAR LIMIT=NONE]
    -->
  <string name="description_switch_keyboard">تبديل لوحة المفاتيح</string>
  <string name="description_pick_contact">اختيار جهة الاتصال</string>
  <!-- String describing the text for photo of a item(group, title, company，etc.). -->
  <string name="description_icon_for">رمز ل <xliff:g id="اسم"> %1$s </xliff:g></string>
  <!--An option. When opened, will use list long press menu.-->
  <string name="pref_title_useListMenu">استخدام القائمة</string>
  <!--An option in Accessibility. When opened, Enter the number need to double click to confirm.-->
  <string name="pref_title_doubleClickEnterNumber">انقر نقراً مزدوجاً فوق إدخال الرقم</string>
  <!--A item of list, control information needs to be displayed in the "In call widget"-->
  <string name="positionInQuickDial">الموضع في الطلب السريع</string>
  <string name="prompt_requiresPermission">يتطلب إذن <b>%1$s</b>.</string>
  <string name="pause">توقيف</string>
  <string name="description_add_voice_tag">إضافة بطاقة صوت</string>
  <string name="pref_color_schemes">تشكيلات الألوان</string>
  <string name="navigation_drawer_open">فتح لوحة التحكم</string>
  <string name="navigation_drawer_close">إغلاق لوحة التحكم</string>
  <string name="toast_adjustColors">انقر فوق المكان الذي تريد ضبط الألوان</string>
  <string name="auto_close">إغلاق تلقائي</string>
  <string name="voice_tag">العلامة الصوتية</string>
  <!--An option title in [Contact Details]. When opened, Will merge items,When just labels different.-->
  <string name="pref_title_mergeItemsJustDiffLabel">دمج العناصر</string>
  <!--An option summary in [Contact Details]. When opened, Will merge items,When just labels different.-->
  <string name="pref_summary_mergeItemsJustDiffLabel">عند التسميات مختلفة</string>
  <string name="todoList">المهام</string>
  <string name="menu_add_todo">اضافة مهمه</string>
  <!-- Notification message when adding a number to the blacklist, but the call filter did not open. -->
  <string name="needEnableCallFilter">تحتاج أيضا إلى تمكين [عامل تصفية الاتصال]</string>
  <!--An option title in [Events]. Define which events need to display. It filter events based on contact groups-->
  <string name="pref_title_eventsToDisplay">لعرض الاحداث</string>
  <!--An option title in [Color schemes]. Used to define the "List section" Text Size -->
  <string name="section_header">رأس المقطع</string>
  <!--An option. When open: The starred contacts are displayed at the top of the list. -->
  <string name="showStarredAtTheTop">إظهار جهات الاتصال العاملة في الأعلى</string>
</resources>
