<?xml version="1.0" encoding="utf-8" standalone="no"?>
<!--Generated by crowdin.com-->
<resources>
  <string name="market_title">DW الأسماء&amp; الهاتف&amp; الاتصالات</string>
  <string name="market_description_s1">رائع جدا (كما ينبغي) التمديد لبرنامج الهاتف الاصلي ، جهات الاتصال وتطبيق إدارة الهاتف \"ميزات المفتاح\"--</string>
  <!-- max is 27 -->
  <string name="market_description_key_features_001">+ البحث عن جهات الاتصال حسب أي حقل</string>
  <string name="market_description_key_features_002">* كتابة الملاحظات في سجل المكالمات</string>
  <string name="market_description_key_features_003">* إنشاء وإدارة رسائل تذكيرية لجهات الاتصال</string>
  <string name="market_description_key_features_004">+ كلام معرف المتصل</string>
  <string name="market_description_key_features_005">+ إظهار \"المكالمات الفائتة\" حول الوقت</string>
  <string name="market_description_key_features_027">* سجل المكالمات غير محدود</string>
  <string name="market_description_key_features_006">* دعم الصوت عبر بروتوكول الإنترنت: نظام SIP, Viber, Skype, Fring, GrooVe IP Lite, MobileVOIP, BT SmartTal..</string>
  <string name="market_description_key_features_007">+ مشاركة جهات الاتصال (النص، بطاقة أعمال) عبر الرسائل القصيرة، والبريد الإلكتروني...</string>
  <string name="market_description_key_features_008">* دفعة بواسطة نظام التدفق لإيصال مع SMS، MMS، رسائل البريد الإلكتروني على اختيار واحد ومتعدد (جهات الاتصال، المجموعات، والمنظمات، العناوين)</string>
  <string name="market_description_key_features_009">+ في ويدجيت المكالمة: تمديد عرض المكالمة الواردة (عرض المنظمة، المجموعة، الملاحظة، وتحرير ملاحظة في المكالمة)</string>
  <string name="market_description_key_features_010">+ تصفية المكالمات: حجب المكالمات الواردة في تاريخ التعريف المجاني والمناطق الزمنية</string>
  <string name="market_description_key_features_011">+ تصفية جهات الاتصال: استناداً إلى مجموعة الاتصال، المسمى الوظيفي، ترشيح شركة الاتصالات </string>
  <string name="market_description_key_features_012">+ إحصاءات المكالمة: عرض مدة المكالمة. عند نهاية وقت المكالمة المجانية ليتم إعلامك.</string>
  <string name="market_description_key_features_013">+ تفاصيل الاتصال: يعرض كافة معلومات الاتصال معا (الرسائل القصيرة، وسجل المكالمات، الإحصاءات، أحداث)</string>
  <string name="market_description_key_features_014">+ إدارة جهات الاتصال الخاصة بك وفقا لعنوان الاتصال</string>
  <string name="market_description_key_features_015">* مرونة تامة لتكوين التصميم لكل عرض (ترتيب الفرز، وحجم الخطوط، الألوان، والشفافية)</string>
  <string name="market_description_key_features_016">+ عرض قائمة جهات الاتصال شكلي، كيف يجب أن تظهر في القائمة (آخر الاسم، الاسم الأول، الاسم المستعار، منظمة، العنوان، رقم، تلاحظ...)</string>
  <string name="market_description_key_features_017">+ الدعم لطبقات المجموعات، المجموعات الفرعية (المجموعة الفرعية عن طريق الأعمال التجارية/كبار الشخصيات = الأعمال التجارية--&gt; كبار الشخصيات)</string>
  <string name="market_description_key_features_018">+ تعيين نغمات متعددة حدد (جهات الاتصال، المجموعات، والمنظمات، العناوين)</string>
  <string name="market_description_key_features_019">* تنبيه أحداث جهات الاتصال وإدارتها (عيد ميلاد، الذكرى السنوية)</string>
  <string name="market_description_key_features_020">+بحث الإتصال الهاتفي مع T9-لديها العديد من الخيارات لجعله تماما لرغبات الخاصة بك</string>
  <string name="market_description_key_features_021">+ تحجيم الطلب الهاتفي ولوحة الاتصال مع قابلية للتعديل في حجم، الخلفية، والألوان، وحجم الخط</string>
  <string name="market_description_key_features_028">* إعادة الطلب التلقائي</string>
  <string name="market_description_key_features_022">+ دعم الاتصال ببطاقتين سيم  (لا تدعمها جميع الأجهزة، لأنه قد لا يوجد  API مفتوحة)</string>
  <string name="market_description_key_features_023">+ إدارة الإتصال السريع : يدعم ما يصل إلى 1000 طلب سريع بالأرقام. طلب الرقم المئوي قبل دخول #100</string>
  <string name="market_description_key_features_024">+ النسخ الاحتياطي واستعادة جهات الاتصال إلى بطاقة الاعمال، يحتوي على مجموعة جهات الاتصال</string>
  <string name="market_description_key_features_025">+ معظم الوظائف يمكن الوصول إليها باستخدام * الضغط المطول * (اضغط باستمرار) على أي عنصر أو استخدام * مفتاح القائمة * </string>
  <string name="market_description_key_features_026">+ دعم متعدد اللغات (شكرا لكل من ساهم بتوفير الترجمة ل DWC)</string>
  <string name="market_description_s2">الرجاء تكريم عملنا وشراء النسخة الكاملة ، ومواتية للغاية في ضوء الأداء الوظيفي! الرجاء تجربة برنامجنا، ومشاركته إلى أصدقائك. تلميحات: إذا كان لديك أي اقتراح لإدخال تحسينات--&gt; يرجى الكتابة في منتدى: http://forum.dw-p.net أو استخدام * المقترحات عن طريق البريد الإلكتروني * الدالة في القائمة إعدادات.  إذا قمت بالترقية إلى إصدار أحدث، وأنه فشل في بدء تشغيل (إذا كان تحميل أو تثبيت غير ممكن)، الرجاء محاولة إلغاء تثبيت الإصدار السابق من قبل.  انظر المزيد من النصائح http://wiki.dw-p.net/DWC:Tips_ %26_Tricks </string>
  <string name="market_description_limitation">النسخة المجانية محدودة على بعض وظائف: 
- الرسائل الإعلانية 
- الموضوعات (الثيمات ) محدودة
- التتحديد المتعدد يقتصر على 5 وحدات لكل وظيفة 
- مذكرات الكتابة إلى سجل المكالمات 
- إنشاء ويحدجيت واحد فقط للتطبيق
- في مميزات المفاتيح يحتوي على قائمة العناصر \"*\"</string>
  <string name="market_description_keywords">جهة الاتصال جهات الاتصال عنوان اطلب طالب الارقام طلب الارقام اتصل المتصل الاتصال هاتف هاتف نغمة صوت مجموعة مجموعات منظمة شركة عنوان عناوين كتاب رسالة قصيرة رسالة مرئية ارسل الكترونيا مدير ادارة ادارة تاريخ سجل الافضل مجاني</string>
  <!-- A brief description of the Google play, If you have a better description, please use your. Thank you! [CHAR LIMIT=80] -->
  <string name="market_brief_description">أفضل تطبيق إدارة جهات الاتصال. أن هدفنا تحسين كفاءة العمل الخاص بك</string>
</resources>
