<?xml version="1.0" encoding="utf-8"?>
<!--Generated by crowdin.com-->
<resources>
  <!-- For the "T9" Search. "2ABC" means "2" matches the letter "A, B, C". 
		Translation modified "ABC" you need to search for characters. Only need upper 
		case. -->
  <string-array name="t9_search">
    <item>"0"</item>
    <item>"1\'.,"</item>
    <item>"2 ب ت ة ث"</item>
    <item>"3اأٌآىء"</item>
    <item>"4س ش ص ض"</item>
    <item>"5د ذ ر ز"</item>
    <item>"6ج ح خ"</item>
    <item>"7ن ه و ي ئ"</item>
    <item>"8ف ق ك ل م"</item>
    <item>"9ط ظ ع غ"</item>
  </string-array>
  <!-- These letters appear in the Dial button on the right. -->
  <string-array name="t9_keyboard">
    <item>"+"</item>
    <item>"\' . ,"</item>
    <item>"ABC"</item>
    <item>"DEF"</item>
    <item>"GHI"</item>
    <item>"JKL"</item>
    <item>"MNO"</item>
    <item>"PQRS"</item>
    <item>"TUV"</item>
    <item>"WXYZ"</item>
  </string-array>
</resources>
