<?xml version="1.0" encoding="utf-8"?>
<!--Generated by crowdin.com-->
<resources xmlns:xliff="urn:oasis:names:tc:xliff:document:1.2">
  <string name="label_ringtone">"鈴聲"</string>
  <string name="default_ringtone">"預設值"</string>
  <string name="menu_sendEmail">"傳送電子郵件"</string>
  <string name="showFilterPhones">"僅顯示有電話號碼的聯絡人"</string>
  <string name="showFilterPhonesDescrip">"僅顯示有電話號碼的聯絡人"</string>
  <string name="headerContactGroups">"選擇要顯示的聯絡人"</string>
</resources>
