<?xml version="1.0" encoding="utf-8" standalone="no"?>
<!--Generated by crowdin.com-->
<resources xmlns:xliff="urn:oasis:names:tc:xliff:document:1.2">
  <string name="app_name">DW聯繫人&amp;撥號</string>
  <string name="app_contacts_name">DW聯繫人</string>
  <string name="starred">收藏</string>
  <string name="coworkers">同事</string>
  <string name="family">家人</string>
  <string name="friends">朋友</string>
  <string name="myContacts">通訊錄</string>
  <string name="mergedContacts">合併的聯繫人</string>
  <string name="no_item_to_display">沒有項目可以顯示</string>
  <string name="allContact">所有聯繫人</string>
  <string name="no_phone_numbers">沒有電話號碼</string>
  <string name="menu_edit">編輯</string>
  <string name="menu_edit_group">編輯組</string>
  <string name="menu_add_contact_to_group">添加聯繫人到組</string>
  <string name="menu_remove_contact_from_group">從組中刪除聯繫人</string>
  <string name="groupNameLabel">組名</string>
  <string name="add">添加</string>
  <string name="message_del_system_group">這是一個系統聯繫人組，刪除後可能被自動重建或帶來其他問題。您確定要這樣做。 </string>
  <string name="menu_select_mode">多選模式</string>
  <string name="menu_inverse_select">反選</string>
  <!--<string name="noContact">This group has no contact</string> -->
  <string name="pleaseWait">請稍等</string>
  <string name="pref_send_title">短信和電子郵件設定</string>
  <string name="pref_title_sms_mms_send">短信/彩信</string>
  <string name="pref_title_email_send">電子郵件</string>
  <string name="pref_send_to">發送到%s</string>
  <string-array name="prefEntries_sms_mms_to">
    <item>主手機號碼或第一個手機號碼</item>
    <item>所有手機號碼</item>
    <item>所有號碼</item>
  </string-array>
  <string-array name="prefEntries_email_to">
    <item>主 E-mail</item>
    <item>所有 E-mail</item>
  </string-array>
  <!--Recipients location -->
  <string name="pref_title_recipients_location">收件人位置</string>
  <string name="pref_recipients_location_summary">收件人放在%s</string>
  <string-array name="pref_entries_recipients_location">
    <item>密送列表</item>
    <item>抄送列表</item>
    <item>收件人列表</item>
  </string-array>
  <string name="menu_preferences">設置</string>
  <string name="preferences_title">設置</string>
  <string name="error_report_email_explain">抱歉軟件發生了一個錯誤，我們為此向您表示歉意。這個郵件包括錯誤信息和一些系統信息用來幫助我改進這個軟件。由您決定是否要發送它。 
</string>
  <string name="no_contact_selected">沒有選擇聯繫人</string>
  <!--Firewall -->
  <string name="firewell_add_item">添加攔截組</string>
  <string name="lable_week">上班日</string>
  <string name="select_group_title">選擇組</string>
  <!-- %s = call number-->
  <string name="call_blocking_message">%s 的來電被攔截</string>
  <string name="stat_notify_incoming_calls_were_intercepted">您有%d個來電被攔截</string>
  <string name="pref_firewall_title">防火牆設置</string>
  <string name="pref_title_firewall_enable">啟用防火牆</string>
  <string name="firewall_service_started">防火牆服務已啟動</string>
  <string name="firewall_state_label">DW防火牆</string>
  <!-- The status bar at the top of the screen display a notification message. -->
  <string name="pref_title_firewall_allways_show_stat_notify">顯示圖標在狀態欄</string>
  <string name="pref_firewall_allways_show_stat_notify_summary">總是顯示狀態列消息</string>
  <string name="menu_week_view">週視圖</string>
  <string name="menu_time_view">日視圖</string>
  <string name="menu_view">視圖</string>
  <string name="from">從</string>
  <string name="to">到</string>
  <string-array name="days">
    <item>星期天</item>
    <item>星期一</item>
    <item>星期二</item>
    <item>星期三</item>
    <item>星期四</item>
    <item>星期五</item>
    <item>星期六</item>
  </string-array>
  <string-array name="days_short">
    <item>週日</item>
    <item>週一</item>
    <item>週二</item>
    <item>週三</item>
    <item>週四</item>
    <item>週五</item>
    <item>週六</item>
  </string-array>
  <string name="firewall_label">防火牆</string>
  <string name="everyday">每天</string>
  <string name="never">從不</string>
  <string name="search_hint">輸入開始搜索</string>
  <string name="pref_title_display_system_group">顯示系統組</string>
  <!-- Gmail the default, including the group. (Starred, Coworkers, Family, Friends, My Contacts) -->
  <string name="pref_display_system_group_summary">顯示系統組</string>
  <string name="pref_title_merge_same_name_group">合併顯示同名組</string>
  <string name="pref_merge_same_name_group_summary">合併類似命名組</string>
  <string name="pref_font_size_title">字體大小（第1行）</string>
  <string name="pref_font_size_summary">大小:%s</string>
  <string name="removePicture">刪除圖標</string>
  <string name="changePicture">更改圖標</string>
  <string name="attachToGroup">組圖標</string>
  <string name="use_photo_as_primary">使用此照片</string>
  <string name="photoPickerNotFoundText">沒有找到照片選擇工具</string>
  <string name="SMS">信息</string>
  <string name="Email">郵件</string>
  <!-- It shows the contact event to the present time. -->
  <string name="months_after">%d個月後</string>
  <string name="months_ago">%d個月前</string>
  <string name="today">今天</string>
  <string name="show_group_icon">顯示群組圖標</string>
  <string name="using_system_sms_program">使用系統短信程序</string>
  <!-- According to user feedback that I might in the new version, use it again. -->
  <string name="using_system_sms_program_summary">禁用軟件自帶短信發送功能</string>
  <string name="recipients_limit">收件人數量限制</string>
  <string name="recipients_limit_summary">當收件人數量大於這個數值時自動分批發送</string>
  <string name="send">發送</string>
  <string name="confirm_send_message">繼續發送短信給餘下聯繫人？ </string>
  <!-- For example, Tablet PC does not support sending text messages. However, click the SMS icon.
    I will call the SMS program. The system will report an exception. Then display this prompt. -->
  <string name="system_does_not_support">系統不支持!</string>
  <string name="ungrouped_contacts">未分組聯繫人</string>
  <string name="multipleContactsDeleteConfirmation">選定的聯繫人將被刪除。 </string>
  <!--pref default view -->
  <string name="pref_title_default_view">默認標籤</string>
  <string name="pref_default_view_summary">啟動時顯示：%s</string>
  <!--pref show auto groups -->
  <string name="pref_title_display_auto_group">顯示自動組</string>
  <string name="pref_display_auto_group_summary">包括“所有聯繫人”、“未分組聯繫人”。 </string>
  <string name="label_hide">隱藏</string>
  <string name="hide_group_summary">不顯示這個組</string>
  <!-- Because the different SMS programs. When I provide a phone number to the SMS program,
    some require the use of a semicolon to separate the numbers, and some require a comma. Therefore, this option provides. -->
  <string name="sms_compatibility_mode_title">短信發送模式</string>
  <string name="sms_compatibility_mode_summary">選中他，如果你的“短信程序”無法正常接收電話號碼。例如：XT800</string>
  <string name="menu_sort_hide">排序和隱藏</string>
  <string name="menu_sort_alphabetically">按名稱排序</string>
  <string name="pref_in_call_widget_title">通話中小部件</string>
  <string name="pref_help_title">幫助</string>
  <string name="pref_online_help_title">在線幫助</string>
  <string name="menu_cancel_send_to_voicemail">取消阻止顯示中聯繫人的來電</string>
  <string name="pref_feedback_title">意見反饋</string>
  <string name="pref_about_title">關于</string>
  <string name="version">版本</string>
  <string name="pref_name_display_order_summary">更改姓名顯示次序，如果不是設置為默認，將對軟件運行速度有影響。 </string>
  <string name="pref_contacts_account_title">通訊錄帳戶</string>
  <string name="pref_contacts_account_summary">顯示帳戶：%s</string>
  <string name="all_account">所有帳戶</string>
  <string name="pref_show_account_name_title">顯示帳戶名稱</string>
  <string name="pref_show_account_name_summary">在組名下面顯示帳戶名稱</string>
  <string name="select_account">選擇帳戶</string>
  <string name="pref_register_code_title">註冊碼</string>
  <string name="pref_register_code_summary">輸入或備份註冊碼</string>
  <!-- A setting item, click it to open, buy the software license key dialog box. -->
  <string name="pref_get_register_code_title">購買註冊碼</string>
  <string name="pref_get_register_code_summary">請註冊我們的應用程序，使用全部的功能。我們需要您的捐贈，以支持該軟件的可持續發展。</string>
  <string name="buying_tips">這裡有兩種方式（都具有相同的功能）：註冊到您的設備的序列號（PayPal或信用卡）或到您的Google帳戶（Google Play - 安裝Pro版）</string>
  <string-array name="purchase_channels">
    <item>Google Play</item>
    <item>PayPal或信用卡</item>
    <item>推薦給朋友</item>
  </string-array>
  <string-array name="purchase_channels_summary">
    <item>註冊此軟件到您的Google帳戶（購買和安裝Pro版本通過Google Play）。 Pro版本安裝後，請卸載免費版本。</item>
    <item>註冊此軟件到您的設備序列號：%s。支付完成後，您將收到包括您的註冊碼的確認電子郵件。然後通過單擊[在線註冊檢查]完成註冊.</item>
    <item>獲取免費註冊碼</item>
  </string-array>
  <string name="menu_delete_all">全部刪除</string>
  <!-- Menu title the user can use for trying to resend a message. -->
  <string name="menu_retry_sending">重試發送</string>
  <string name="message">短信</string>
  <string name="failed">失敗</string>
  <string name="queued">待發送</string>
  <string name="outbox">發件箱</string>
  <string name="sent">已發送</string>
  <string name="auto_replace_to_name">自動替換短信中的“???”為聯繫人姓名；“??F”為姓；“??G”為名；“??N”為暱稱。</string>
  <string name="example_message">"???:您好!"</string>
  <string name="sms_preview">預覽:</string>
  <string name="message_send_state_successfully">發送成功</string>
  <string name="message_send_state_failed">發送失敗</string>
  <string name="message_send_unknown_error">未知錯誤, %d條短信沒有發送</string>
  <string name="message_send_no_signal">無信號或者打開了飛行模式, %d條短信沒有發送</string>
  <string name="message_send_successfully">太棒了! 所有短信成功發送</string>
  <string name="need_the_paid_version">需要付費版</string>
  <!-- As a "contact group"on the phone the main screen to create a shortcut. -->
  <string name="create_shortcut">向“主頁”添加快捷方式</string>
  <string name="menu_move_to_group">移動到組</string>
  <string name="pref_tabs_summary">您可以激活和排序需要的標籤</string>
  <!--pref theme -->
  <string name="pref_theme_title">基礎主題</string>
  <!-- Change the software interface look. -->
  <string name="pref_theme_summary">設置主題基礎</string>
  <string name="search">搜索</string>
  <string name="pref_services_title">後台服務設置</string>
  <!-- Settings screen, section heading for SMS-specific settings -->
  <string name="pref_sms_settings_title">"短信(SMS) 設置"</string>
  <!-- Settings screen, section heading for EMAIL-specific settings -->
  <string name="pref_email_settings_title">"Email 設置"</string>
  <!-- Settings item for boolean option to enable/disable SMS delivery reports -->
  <string name="pref_title_sms_delivery_reports">發送報告</string>
  <!-- Settings item description for boolean SMS delivery report setting -->
  <string name="pref_summary_sms_delivery_reports">"要求每次發送信息後都返回發送報告"</string>
  <string name="pref_contact_sort_order_title">聯繫人排序規則</string>
  <string name="pref_contact_sort_order_summary">更改聯繫人的排序規則。如果不設置為默認會影響速度。</string>
  <!-- CHANGED ORDER -->
  <string name="contact_sort_order_FamilynameAlternate">姓氏-備用</string>
  <string name="contact_sort_order_RecentContacted">最後聯繫時間</string>
  <string name="contact_sort_order_LongTimeNotContacted">未聯繫時長</string>
  <string name="contact_sort_order_CreationTime">建立時間</string>
  <string name="contact_sort_order_DefaultAlternate">預設值-備用</string>
  <!-- An automatic group, it shows all the contacts included telephone numbers. -->
  <string name="has_phone_number_contacts">有號碼聯繫人</string>
  <string name="exit_prompt">再次按返回鍵退出。</string>
  <string name="pref_exit_prompt_title">退出前提示</string>
  <string name="pref_exit_prompt_summary">在軟件退出前提示</string>
  <string name="pref_language_title">語言</string>
  <string name="load_license_success">從網絡加載註冊碼成功！</string>
  <string name="load_license_failed">從網絡加載註冊碼失敗！</string>
  <string name="license_check_success">註冊碼檢查成功！</string>
  <string name="license_check_failed">註冊碼檢查失敗！</string>
  <string name="load_license_unregistered">您尚未註冊。</string>
  <string name="sending">發送中…</string>
  <string name="error">錯誤</string>
  <string name="clear_data_or_uninstall_app">清除數據或卸載應用</string>
  <string name="database_update_error_message">"抱歉！
在更新數據庫結構出錯。
出現這個錯誤是因為數據庫文件權限異常。估計出現這個問題是因為備份軟件的使用。
下面提供更正問題的三個方法。請逐個嘗試直到問題更正。
1. 重新啟動手機;
2. 進入手機軟件管理界面，清除此應用數據;
3. 卸載此軟件後重新安裝。"</string>
  <!-- It shows the contact event to the present time. -->
  <string name="one_day_after">明天</string>
  <string name="one_month_after">1個月後</string>
  <string name="one_day_ago">昨天</string>
  <string name="one_month_ago">上個月</string>
  <string name="menu_edit_event">編輯事件</string>
  <string name="menu_add_to_calendar">添加事件到日曆</string>
  <string name="menu_delete_event">刪除事件</string>
  <string name="menu_duplicate_contact">複製聯繫人</string>
  <string name="mes_sendSmsSystemLimit">因為系統限制，%1$s個小時只能發送%2$s條SMS，%1$s小時後將自動重試。 </string>
  <string name="sendInBatches">分批發送</string>
  <string name="sendInSingle">單次發送</string>
  <string name="sendInBatchesMessage">收件人數量大於設置中的收件人數量限制。輸入消息在文本框開始“分批發送”或者選擇“單次發送”。 </string>
  <string name="pref_title_eventNotification">事件通知設置</string>
  <string name="pref_title_notificationTime">通知時間</string>
  <string name="pref_title_notificationRingtone">通知鈴聲</string>
  <string name="pref_summary_notificationTime">調整髮生通知的時間</string>
  <string name="pref_title_notificationBeforeHappen">提前通知</string>
  <string name="pref_summary_notificationBeforeHappen">在事件發生前%s 天顯示通知。 </string>
  <string name="pref_title_notification">通知</string>
  <string name="pref_title_reminder">提醒</string>
  <string name="pref_summary_reminder">%s前</string>
  <string name="pref_title_ringtone">鈴聲</string>
  <string name="pref_title_alarm">鬧鐘</string>
  <string name="pref_title_mergeSubgroup">合併子組</string>
  <string name="pref_summary_mergeSubgroup">在父組中顯示子組聯繫人</string>
  <string-array name="pref_entries_notificationTime">
    <item>1 分鐘</item>
    <item>5 分鐘</item>
    <item>10 分鐘</item>
    <item>15 分鐘</item>
    <item>20 分鐘</item>
    <item>25 分鐘</item>
    <item>30 分鐘</item>
    <item>45 分鐘</item>
    <item>1 小時</item>
    <item>2 小時</item>
    <item>3 小時</item>
    <item>12 小時</item>
    <item>24 小時</item>
    <item>2 天</item>
    <item>1 週</item>
  </string-array>
  <!-- Not in phone book contacts. -->
  <string name="unknown_contacts">未知聯繫人</string>
  <string name="not_in_phone_book_contacts">未在電話簿的聯繫人</string>
  <string name="eventNotification">事件通知</string>
  <string name="eventNotificationMessage">"%s 的生日/事件即將到來。"</string>
  <!-- When using the "Firstname first" show name, "Firstname" and "Lastname" split between the symbols. Most language is a space. -->
  <!-- When using the "Lastname first" show name, "Firstname" and "Lastname" split between the symbols. -->
  <string name="vCard">電子名片</string>
  <string name="text">文本</string>
  <string name="pref_title_likeTheSoftware">支持我們的應用</string>
  <string name="pref_title_rating">評分</string>
  <string name="pref_summary_rating">給一個好的評價在市場</string>
  <string name="pref_title_share">分享</string>
  <string name="pref_summary_share">將軟件推薦給您的朋友</string>
  <string name="contact_group">聯繫人組</string>
  <!-- Set the time to send text messages in the future. -->
  <string name="regularlySent">定時發送</string>
  <string name="time">時間</string>
  <string name="pref_title_EmailProgram">電子郵件程序</string>
  <string name="pref_summary_on_EmailProgram">使用默認的電子郵件程序。 </string>
  <string name="pref_summary_off_EmailProgram">在發送郵件時提示。 </string>
  <string name="toolbox">工具箱</string>
  <string name="pref_title_SMSSendInterval">發送間隔</string>
  <string name="pref_summary_SMSSendInterval">每發送一條短信的間隔時間(秒)。 </string>
  <string name="app_dialer_name">DW撥號</string>
  <string name="menu_sort">排序</string>
  <string name="license_check_failed_message">軟件許可檢測出錯！請確保現在您可以訪問Google Play。</string>
  <string name="menu_unselectAll">清除選擇</string>
  <string name="pref_title_themeCustomize">主題設置</string>
  <string name="pref_title_backgroundColor">背景顏色</string>
  <string name="pref_title_backgroundColorForTitles">標題欄背景色</string>
  <string name="pref_title_textColorForTitles">標題欄文本顏色</string>
  <string name="pref_title_textColorMarked">文本標記顏色</string>
  <string name="pref_title_hideTheTitle">隱藏標題欄</string>
  <string name="pref_title_hideTheStatusbar">隱藏狀態欄</string>
  <string name="pref_title_hideTabLabel">隱藏標籤欄文本</string>
  <string name="pref_title_autoHideTab">隱藏標籤欄</string>
  <string name="pref_summary_autoHideTab">在自動狀態，當您切換到另一個標籤將自動隱藏標籤欄</string>
  <string name="reset">復位</string>
  <string name="pref_title_automaticRotation">自動旋轉屏幕</string>
  <string name="pref_summary_automaticRotation">開啟或關閉屏幕自動旋轉。 </string>
  <string name="menu_editNotes">編輯備註</string>
  <string name="addSelectedContactsToFavorites">新增至我的最愛</string>
  <string name="removeSelectedContactsFormFavorites">從我的最愛中移除</string>
  <string name="deleteSelectedContacts">刪除</string>
  <string name="duplicateSelectedContacts">複製</string>
  <string name="setGroupForSelectedContacts">設置群組</string>
  <string name="forSelectedContacts">對於選定的聯繫人</string>
  <string name="searchAnything">擴大收索範圍</string>
  <string name="quickDialManager">快速撥號管理</string>
  <string name="menu_shareNumber">分享號碼</string>
  <string name="menu_setGroupForContact">為聯繫人設置群組</string>
  <string name="pref_title_tabSettings">標籤設置</string>
  <string name="sendSMStoShownContacts">發送短信/彩信到顯示中聯繫人</string>
  <string name="sendEmailtoShownContacts">發送郵件到顯示中聯繫人</string>
  <string name="setRingtoneForShownContacts">為顯示的聯繫人設置鈴聲</string>
  <string name="pref_title_enableEventNotification">啟用事件通知</string>
  <string name="forSelectedGroups">對於選定的群組</string>
  <string name="menu_send_group_message">發送短信/彩信到組</string>
  <string name="menu_delete_group">刪除群組</string>
  <string name="menu_deleteGroups">刪除選定的群組</string>
  <!-- 	<string name="forSelectedOrgs">For selected companies</string> -->
  <!-- 	<string name="menu_editOrg">Edit company</string> -->
  <!-- 	<string name="forSelectedTitles">For selected titles</string> -->
  <!-- 	<string name="menu_editTitle">Edit title</string> -->
  <string name="menu_editContactFromEvent">編輯聯繫人</string>
  <string name="menu_focus2Today">今天</string>
  <string name="generalDeleteConfirmation">您確定要刪除嗎？ </string>
  <string name="addContactTo">添加聯繫人到%s</string>
  <string name="removeContactFrom">從%s 移除聯繫人</string>
  <string name="pref_title_showTabAtTop">顯示標籤在頂部</string>
  <!-- Within the group "contact list" label -->
  <string name="labelWithinGroupContactsList">聯繫人</string>
  <string name="multipleChoicePrompt">
	在免費版本，多選被限制為每次選擇%d個項目。如果需要發送郵件或短信到組，請使用組列表的長按菜單。</string>
  <string name="pref_title_dialerPadTone">播放撥號音</string>
  <string name="recentChanges">最近的變化</string>
  <string name="selectAll">全選</string>
  <string name="pref_title_alwaysToDefTab">總是以默認標籤啟動</string>
  <string name="pref_summary_alwaysToDefTab">按撥號按鈕啟動應用程序仍然打開默認的標籤。</string>
  <string name="pref_title_showMostContactedBelowFavorites">顯示常用聯繫人在我的最愛</string>
  <string name="pref_title_showEventsFromToday">顯示事件從今天開始</string>
  <string name="pref_title_YPositionOfInfoWindow">信息窗口Y位置</string>
  <string name="pref_summary_YPositionOfInfoWindow">調整信息窗口的上下位置，此外還可以在來電時拖動它。</string>
  <string name="pref_title_backupRestore">備份 &amp; 恢復</string>
  <string name="pref_title_backupAllSettings">備份所有設置到文件</string>
  <string name="pref_title_restoreAllSettings">從文件恢復所有設置</string>
  <string name="pref_title_restoreDefaultSettings">恢復默認設置</string>
  <string name="pref_title_showMyContactsInUngrouped">忽略系統組\"通訊錄\"</string>
  <string name="pref_title_startDialerWithoutDialerPad">啟動撥號器時隱藏撥號鍵盤</string>
  <string name="pref_summary_showMyContactsInUngrouped">顯示只包含在系統組\"通訊錄\"的聯繫人在\"未分組聯繫人\"。</string>
  <string name="toast_allSettingsToDefault">所有設置已經恢復為默認。</string>
  <string name="toast_settingsBackedSuccessfully">設置已經備份到 %s</string>
  <string name="toast_settingsBackedFailed">備份失敗，確保您已設置了一個有效的備份路徑。</string>
  <string name="toast_settingsRestorSuccessfully">從 %s 成功還原設置。</string>
  <string name="toast_settingsRestorFailed">恢復失敗。確保您已設置了正確的路徑，設置已經保存在哪裡。</string>
  <string name="menu_newOrg">新建組織</string>
  <string name="menu_newTitle">新建職稱</string>
  <string name="enterAName">輸入名稱</string>
  <string name="pref_title_t9Search">T9 搜索設置</string>
  <string name="pref_summary_t9Search">關於撥號器的高級選項，控制T9搜索的工作</string>
  <string name="pref_title_matchingAnywhere">匹配任意字符</string>
  <string name="pref_title_matchingPart">匹配連續字符</string>
  <string name="pref_title_matchingFirstLetter">匹配首字母</string>
  <string name="pref_title_sortByDegreeOfMatch">根據匹配程度排序</string>
  <string name="menu_copyToClipboard">複製到剪貼板</string>
  <string name="menu_createEvent">創建約會</string>
  <string name="useLimitFeaturePrompt">您還可以使用此功能%d次在免費版本。</string>
  <string name="pref_title_appointmentSettings">約會設置</string>
  <string name="pref_title_defaultAppointmentText">默認約會文本</string>
  <string name="pref_summary_defaultAppointmentText">將添加到聯繫人名稱或電話號碼之前，作為約會主題。</string>
  <string name="pref_default_defaultAppointmentText">打電話給</string>
  <string name="titlesList">職稱</string>
  <string name="eventsList">活動</string>
  <string name="pref_title_showInContactList">可顯示的項目</string>
  <string-array name="pref_entries_showInContactList">
    <item>電話號碼</item>
    <item>機構</item>
    <item>職稱</item>
    <item>所屬群組</item>
    <item>帳戶圖標</item>
    <item>聯繫人圖片</item>
    <item>電子郵件按鈕</item>
    <item>SMS按鈕</item>
    <item>撥號按鈕</item>
    <item>備註</item>
  </string-array>
  <string name="pref_title_showNotesLines">限制備註行數</string>
  <string name="tips_clickToSeeAllText">通過按一下清單項，您可以看到所有文本</string>
  <string name="pref_title_colorForGroups">群組背景顏色</string>
  <string name="pref_title_colorForOrganization">機構背景顏色</string>
  <string name="pref_title_colorForTitle">職稱背景顏色</string>
  <string name="pref_title_fontSize2">字體大小（第2行）</string>
  <string name="pref_title_fontSize3">字體大小（第3行）</string>
  <string name="pref_title_useNumberSearch">使用號碼搜索</string>
  <string name="pref_summary_useNumberSearch">激活它將搜索電話號碼</string>
  <string name="noEmailAddress">沒有電子郵件地址</string>
  <string name="pref_title_showCallLogOnPhone">顯示通話記錄</string>
  <string name="listTotalCallHistory">顯示 %1$d 條記錄 / 累計時間 %2$s</string>
  <string name="pref_title_showContactsOnPhoneStart">啟動時顯示聯繫人</string>
  <string name="pref_summary_showContactsOnPhoneStart">如果啟用，所有聯繫人將顯示在列表</string>
  <string name="listTotalCallLog">顯示 %d 條不同號碼的記錄</string>
  <string name="upcoming">即將到來</string>
  <string name="pref_title_phoneSettings">撥號器設置</string>
  <string name="pref_title_mergeCallLog">合併通話記錄</string>
  <string name="pref_title_showCounterOnMergedCallLog">在合併的通話記錄項顯示數量</string>
  <string name="pref_summary_showCounterOnMergedCallLog">如果激活它，將在聯繫人姓名的右側顯示一個計數器，指示有多少通話記錄合併到一起</string>
  <string name="pref_title_groupCallLogByDate">按日期顯示通話記錄</string>
  <string name="pref_summary_groupCallLogByDate">如果激活，將按日期分組通話記錄</string>
  <string name="pref_title_limitCallLogOnXDays">只顯示最近%s天的通話記錄</string>
  <string name="pref_summary_limitCallLogOnXDays">只顯示最近%s天的通話記錄（0=顯示所有）</string>
  <string name="pref_message_0toShowAllDays">0，則顯示所有</string>
  <string name="pref_message_0toShowAllItems">0，則顯示所有項目</string>
  <string name="pref_title_useOrgSearch">使用機構搜索</string>
  <string name="pref_title_matchingSkipWord">允許跳過單詞</string>
  <string name="pref_title_matchingSkipSpace">允許跳過空格</string>
  <string name="pref_title_globalSettings">全局設置</string>
  <string name="pref_title_registrationStates">狀態：%s</string>
  <string name="pref_summary_registrationStates">此版本%1$s到設備的序列號：%2$s</string>
  <string name="registered">已註冊</string>
  <string name="unregistered">未註冊</string>
  <string name="pref_title_onlineRegistrationCheck">在線註冊檢查</string>
  <string name="pref_summary_onlineRegistrationCheck">它會檢查，如果您的設備未註冊（需要互聯網連接）。</string>
  <string name="pref_title_registration">註冊軟件</string>
  <string name="pref_summary_registration">解鎖擴展功能，移除廣告</string>
  <string name="pref_summary_showContactsWithPhoneNumber">如果禁用，將使用系統[聯繫人顯示過濾]，您可以在[全局設置]中調整。</string>
  <string name="pref_title_historyViewSettings">歷史視圖設置</string>
  <string-array name="pref_entries_dialerPadTone">
    <item>DTMF音</item>
    <item>點擊音</item>
    <item>關閉</item>
  </string-array>
  <string name="pref_title_limitNumberTitleToXChar">限制電話號碼標題長度</string>
  <string name="pref_summary_limitNumberTitleToXChar">設置為 0 會顯示完整長度的電話號碼的標題</string>
  <string name="pref_title_supportForum">支持論壇</string>
  <string name="pref_title_textColor">文本顏色</string>
  <string name="historyList">歷史</string>
  <string name="startProVerPrompt">檢測到Pro版本。是否現在打開它？</string>
  <string name="pref_title_selectedBackgroundColor">按下的鍵的背景顏色</string>
  <string name="pref_title_dialpadThemeSettings">撥號鍵盤設置</string>
  <string name="pref_title_globalThemeSettings">全局主題設置</string>
  <string name="pref_title_showAlwaysAddIcon">總是顯示*新增*圖標</string>
  <string name="pref_summary_showAlwaysAddIcon">如果啟用，在列表的第一行顯示“+”圖標，在這裡您可以添加聯繫人</string>
  <string name="pref_title_eventGreetingText">事件問候文本</string>
  <string name="pref_default_eventGreetingText">"???：您好！祝您??A歲??E快樂！"</string>
  <string name="pref_title_eventGreetingSubject">事件問候主題</string>
  <string name="pref_summary_eventGreetingSubject">只當通過電子郵件發送時使用</string>
  <string name="pref_message_eventGreetingText">您可以使用變量。 “???”為聯繫人姓名；“??F”為姓；“??G”為名；“??N”為暱稱；“??A”為年齡；“??E”為事件類型。如果聯繫人沒有包含指定的名稱將使用他的姓名代替。</string>
  <string name="pref_default_eventGreetingSubject">祝??​​A歲??E快樂！</string>
  <string name="menu_sendGreetingSMSToContact">發送問候簡訊</string>
  <string name="menu_sendGreetingEmailToContact">發送問候Email</string>
  <string name="pref_title_storeSendSMSToSystemDB">存儲已發送的短信/彩信到數據庫</string>
  <string name="pref_summary_storeSendSMSToSystemDB">如果激活，已發送的短信/彩信將存儲到系統數據庫。</string>
  <!-- 	<string name="pref_title_backgroundImage">Background image</string> -->
  <!-- 	<string name="pref_summary_backgroundImageEn">If you use background image, the background color can be used simultaneously as color filter</string> -->
  <string name="pref_title_textColorSecond">文本顏色（第2,3行）</string>
  <string name="pref_title_textColorLabel">文本顏色（標籤）</string>
  <string name="pref_summary_textColorLabel">這是標籤中的組，組織和職位的文本顏色</string>
  <string name="pref_title_backgroundListSectionColor">列表章節背景顏色</string>
  <string name="pref_title_textListSectionColor">列表章節文本顏色</string>
  <string name="pref_title_showAlphabetListSection">在列表顯示字母章節</string>
  <string name="pref_title_fontSizeforDigits">鍵盤數字字體大小</string>
  <string name="pref_title_fontSizeforLetters">鍵盤文本字體大小</string>
  <string name="pref_title_dialpadIconsArrangement">撥號盤圖標次序</string>
  <string-array name="pref_entries_dialpadIconsArrangement">
    <item>撥號/輸入框/刪除</item>
    <item>刪除/輸入框/撥號</item>
    <item>輸入框/刪除/撥號</item>
  </string-array>
  <!-- 	quick jump to alphabetic listcreate new contact -->
  <string name="menu_quickJump">快速跳轉</string>
  <string-array name="pref_entries_hideTab">
    <item>開啟</item>
    <item>關閉</item>
    <item>自動</item>
  </string-array>
  <string name="pref_title_backgroundColorQuickJump">快速跳轉背景顏色</string>
  <string name="pref_title_textColorQuickJump">快速跳轉文本顏色</string>
  <string name="pref_title_disableSlideSwitchingTabs">禁用幻燈片切換標籤</string>
  <string name="pref_title_showNumberKeyboardOnDialpad">顯示數字撥號鍵盤</string>
  <string name="pref_summary_showNumberKeyboardOnDialpad">如果禁用，只會顯示輸入框、撥號和刪除圖標（有益的，如果您只想通過您的硬鍵盤撥打電話）</string>
  <string name="pref_title_dialpadToFullWidth">撥號盤到全屏幕的寬度</string>
  <string name="pref_summary_dialpadToFullWidth">如果激活，它會在橫向模式下顯示全屏寬度撥號盤（否則栭顯示在右邊）</string>
  <string name="pref_title_smsSignature">短信/彩信簽名</string>
  <string name="pref_summary_smsSignature">簽名將被新增在短信/彩信的末尾</string>
  <!-- 2.0.7 -->
  <string name="pref_title_languageForT9">T9 搜索語言</string>
  <string name="pref_summary_languageForT9">您可以添加額外的語言，應用於T9搜索</string>
  <string name="pref_title_quickJumpAlignment">快速跳轉對齊方式</string>
  <string-array name="pref_entries_quickJumpAlignment">
    <item>頂部</item>
    <item>中心</item>
    <item>底部</item>
  </string-array>
  <string name="menu_gridView">網格視圖</string>
  <string name="menu_listView">列表視圖</string>
  <string name="pref_title_gridViewSettings">網格視圖設置</string>
  <string name="pref_title_gridViewSize">網格大小</string>
  <string name="pref_title_lockGridSize">鎖定網格大小</string>
  <string name="pref_summary_lockGridSize">如果它已被鎖定，那麼通過2個手指打開快速跳轉可再次使用</string>
  <string name="pref_title_phoneDialpadHeight">撥號盤高度</string>
  <string name="pref_title_moreSettings">詳細視圖設置</string>
  <string name="pref_summary_moreSettings">針對每個標籤的詳細設置</string>
  <string name="pref_title_displayNameBelowThePicture">顯示名稱在圖片的下面</string>
  <string name="menu_exportContactPicture">導出聯繫人圖片</string>
  <string name="toast_saveFailed">保存失敗！</string>
  <string name="toast_saveSuccessfully">成功保存到：%s</string>
  <string name="callConfirm">撥號確認</string>
  <string name="pref_summary_callConfirm">如果啟用，在呼出號碼前將彈出一個確認窗口</string>
  <string name="pref_title_automaticConfirmationDelay">自動確認延遲</string>
  <!-- It is an option to set a time for the control [Dialing confirmation] dialog.
     At the end of the counter automatically close [Dialing confirmation] dialog. -->
  <string name="pref_title_automaticCancelDelay">自動取消延遲</string>
  <string name="pref_summary_automaticConfirmationDelay">您可以觸摸屏幕的任意位置來停止計時器</string>
  <string name="pref_title_picturePositionOnRight">顯示圖片在右邊</string>
  <string name="updateCheck">更新檢查</string>
  <string name="noUpdates">沒有更新可用</string>
  <string name="download">下載</string>
  <string name="pref_title_globalIconSize">全局圖標大小</string>
  <string name="pref_summary_globalIconSize">此大小定義所有圖標的寬度，包括撥號盤的撥號按鈕、撥號盤的後退按鈕、撥號、 短信、 電子郵件、 聯繫人圖片等圖標</string>
  <string name="pref_title_backKeyHideDailpad">按後退鍵隱藏撥號盤</string>
  <string name="pref_summary_backKeyHideDailpad">如果禁用，首次按硬件“返回”按鈕將關閉應用程序。否則，會在退出之前隱藏撥號盤。</string>
  <string name="pref_title_hapticFeedbackVibration">觸覺反饋</string>
  <string name="pref_title_hapticFeedbackStrength">觸覺回饋強度</string>
  <string name="pref_title_limitCallLogOnXitems">限制最多顯示%s條通話記錄</string>
  <string name="pref_summary_limitCallLogOnXitems">限制最多顯示%s條通話記錄 (0=無限制)</string>
  <string name="pref_title_dividerLineColor">分隔線顏色</string>
  <string name="menu_quickDial">快速撥號</string>
  <string name="buying_tips_in_free">您可以使用 Google Play 購買 Pro 版。如果您所在地區不能使用Google Play 購買應用程序。您可以下載註冊版本,然後註冊它。這兩個版本有相同的功能。</string>
  <string name="buying_channel_registration">下載註冊版本</string>
  <string name="buying_channel_registration_summary">"單擊鏈接後，將開始下載應用程序，然後您可以單擊該文件進行安裝。安裝應用後請按照註冊說明註冊。"</string>
  <string name="pref_title_buyAdvancedVersion">購買高級版本</string>
  <string name="freeVersionFound">在您的系統上找到免費版本</string>
  <string name="uninstallFreeVersionPrompt">我們建議您卸載免費版本和使用註冊的版本。在卸載之前，您可能需要備份您的數據在免費版本。然後在註冊版本中恢復。現在要卸載免費版本嗎？</string>
  <string name="pref_title_copySerialNum">複製設備序列號到剪貼板</string>
  <string name="askToCheckRegistrationCode">"註冊密鑰無效或未註冊。要立即通過互聯網檢查註冊狀態嗎？"</string>
  <string name="deleteContactConfirmation">聯繫人\"%s\"將被刪除。</string>
  <string name="enable">啟用</string>
  <string name="allIncomingCalls">所有來電</string>
  <string name="anonymousIncomingCalls">匿名來電</string>
  <string name="anonymousIncomingCallsSummary">隱藏電話號碼的來電</string>
  <string name="automaticGroups">自動組</string>
  <string name="pref_title_dialPrefix">撥號首碼</string>
  <string name="pref_summary_dialPrefix">如果設置了前綴，則會有額外的選項對話在聯繫人的長按菜單</string>
  <string name="pref_title_dialSuffix">撥號尾碼</string>
  <string name="pref_summary_dialSuffix">如果設置了後綴，則會有額外的選項對話在聯繫人的長按菜單</string>
  <string name="pref_title_quickDialLimit">快速撥號限制</string>
  <string name="pref_title_languageForT9Keyboard">T9 鍵盤語言</string>
  <string name="pref_summary_languageForT9Keyboard">選擇您要在 T9 撥號面板中顯示的語言。</string>
  <string name="callFilterAction">動作</string>
  <string-array name="callFilterActions">
    <item>攔截</item>
    <item>允許</item>
    <item>靜音</item>
  </string-array>
  <string name="callFilterActionIntercept">攔截</string>
  <string name="callFilterActionInterceptAndNotify">攔截並通知</string>
  <string name="callFilterActionAllows">允許</string>
  <string name="callFilterActionSilence">靜音</string>
  <string name="callFilterType">過濾器類型</string>
  <string-array name="callFilterTypes">
    <item>組過濾</item>
    <item>號碼過濾</item>
    <item>最近聯繫過的電話號碼</item>
  </string-array>
  <string-array name="callFilterTypesHint">
    <item>請選擇需要過濾的組</item>
    <item>請輸入需要過濾的號碼</item>
    <item>請選擇有效的時間</item>
  </string-array>
  <string name="ruleEditor">規則編輯器</string>
  <string name="label">標籤</string>
  <string name="numberFilterExplain">* = 任何字串，? = 任何字元</string>
  <string name="effectiveTimeOfTheRule">有效從 %1$s 到 %2$s</string>
  <string name="menu_viewRelatedContacts">查看相關的連絡人</string>
  <string name="title_selectNumbers">請選擇號碼</string>
  <string name="title_selectEmailAddresses">請選擇電子郵寄地址</string>
  <string name="pref_title_lockView">鎖定列表視圖項目</string>
  <string name="pref_summary_lockView">關閉通過兩手指滑動調整可顯示項目的功能</string>
  <string name="selectedNumberOfContacts">選中%d個連絡人</string>
  <string name="selectedNumberOfEmailAddresses">選中%d條地址，單擊以復製到剪貼板</string>
  <string name="selectedNumberOfPhoneNumbers">選中%d個電話號碼</string>
  <!-- 2.1.1 -->
  <string name="pref_title_nameFieldToShow">選擇要顯示的名稱欄位</string>
  <string name="pref_summary_nameFieldToShow">僅當設置\"姓名顯示次序\"為非默認時有效。</string>
  <string-array name="pref_entries_nameField">
    <item>名字</item>
    <item>姓氏</item>
    <item>中間名</item>
    <item>名稱前綴</item>
    <item>名稱後綴</item>
    <item>名称前缀</item>
    <item>姓氏拼音</item>
    <item>中間名拼音</item>
  </string-array>
  <string name="pref_title_showMatchFirstLetterResultsFirst">顯示\"僅匹配首字母\"的結果在前面</string>
  <string name="pref_title_clickTheActions">單擊列表條目動作</string>
  <string name="pref_summary_clickTheActions">當您單擊列表條目的動作。</string>
  <string name="pref_summary_clickListIconActions">當您單擊列表視圖中的聯繫人圖標時的動作。</string>
  <string name="action_viewItemAuto">查看項目（自動聯繫人或歷史記錄）</string>
  <string name="action_viewContactDetails">查看連絡人的詳細資訊</string>
  <string name="action_selectNumberToCall">選擇要撥打的號碼</string>
  <string name="action_viewContactHistory">查看連絡人的歷史記錄</string>
  <string name="action_viewQuickContactBadge">顯示快速聯繫卡</string>
  <string name="action_callCurrentNumber">呼叫當前號碼</string>
  <string name="action_callDefaultNumber">呼叫默認號碼</string>
  <string name="action_sendMessageToCurrentNumber">發送短信/彩信到當前號碼</string>
  <string name="action_sendMessageToDefaultNumber">發送短信/彩信到默認號碼</string>
  <string name="pref_title_clickIconActions">單擊圖標動作</string>
  <string name="pref_summary_clickIconActions">當您單擊網格視圖中的聯繫人圖標時的動作。</string>
  <string name="pref_title_lockWindowPosition">鎖定視窗位置</string>
  <string name="pref_summary_lockWindowPosition">如果您不想通過拖動來移動它。</string>
  <string name="pref_title_showCallerLocation">顯示來電歸屬地</string>
  <string name="downloadPluginPrompt">需要安裝插件，立即下載嗎？</string>
  <string name="Default">默認</string>
  <string name="pref_title_searchCallLog">搜索呼叫日誌</string>
  <string name="pref_summary_searchCallLog">需要打開\"顯示通話記錄\"在\"撥號器設置\"</string>
  <string name="menu_shareContacts">共享聯繫人</string>
  <string name="font_size">字體大小</string>
  <string name="show_call_log_filter">顯示呼叫日誌篩選器</string>
  <string name="hide_call_log_filter">隱藏呼叫日誌篩選器</string>
  <string name="prompt_in_sms_tab">顯示通過"DW 聯繫人"發送到組的短信。</string>
  <string name="pref_title_exitWhenCallEnds">呼叫結束時退出</string>
  <string name="pref_title_residesInMemory">駐留在記憶體</string>
  <string name="pref_summary_residesInMemory">同時打開"啟用後台服務"可以保持在內存更長的時間。</string>
  <!-- Header that expands to list all of the types of settings -->
  <string name="optionsLabelsGroup">選項</string>
  <string name="pref_summary_textColorForSecondT9Languare">T9搜索第二語言顯示顏色</string>
  <string name="pref_title_enableDualcardSuppout">啟用雙卡支援</string>
  <!-- 联系人详细信息 -->
  <string name="detailsList">詳情</string>
  <string name="pref_title_minimumHeightOfListItem">列表項的最小高度</string>
  <string name="loading">加載中…</string>
  <string name="pref_title_displayWhenDialing">在撥號時顯示</string>
  <string name="pref_title_usingMoreDetailedListSection">使用詳細的列表章節</string>
  <string name="pref_summary_usingMoreDetailedListSection">這將使用快速跳轉中的字符</string>
  <string name="desktop_widget_limit_messages">免費版本中只能創建一個桌面小部件。</string>
  <string name="label_customField">自定義字段</string>
  <string name="menu_otherContactViewer">其他聯繫人查看器</string>
  <string name="pref_title_hideStatistics">隱藏統計信息</string>
  <string name="pref_title_backupTheme">備份主題設置</string>
  <string name="pref_title_restoreTheme">還原主題設置</string>
  <string name="appwidget_titleText">標題</string>
  <string name="appwidget_summary_selectGroup">請選擇要顯示的連絡人組。</string>
  <string name="iconSize">圖示大小</string>
  <string name="pref_title_iconNumberOfColumns">圖示的列數</string>
  <string name="pref_summary_iconNumberOfColumns">0表示自動調整</string>
  <string name="tips_contactAppWidget">單擊小部件的標題可以進入此設置</string>
  <string name="pref_title_nameLines">姓名行數</string>
  <string name="pref_summary_nameLines">0，則隱藏名稱</string>
  <string name="menu_deleteTheShownCallLog">刪除顯示的通話記錄</string>
  <string-array name="pref_entries_contactListSearchOptions">
    <item>搜索所有欄位</item>
    <item>搜索所有連絡人</item>
    <item>在全域通訊清單中搜索</item>
  </string-array>
  <string name="pref_title_defaultContactIcon">預設連絡人圖示</string>
  <string name="pref_title_defaultGroupIcon">預設組圖示</string>
  <string name="prompt_restoreDefaultSettings">建議首先備份設置。現在要還原所有設置為默認嗎？</string>
  <string name="pref_title_interceptCallsEvenDuringCall">攔截電話即使在通話期間</string>
  <string name="pref_summary_interceptCallsEvenDuringCall">這可能會導致結束當前通話。</string>
  <string name="pref_title_displayPromptWhenCallBlocked">呼叫被阻止時顯示提示</string>
  <!-- Call Statistics -->
  <string name="call_statistics">通話統計</string>
  <string name="freeNumbersManager">免費號碼管理器</string>
  <string name="tab_call_statistics">通話統計</string>
  <string name="call_type_incoming">來電</string>
  <string name="call_type_outgoing">撥出</string>
  <string name="call_type_missed">未接</string>
  <string name="call_type_blocked">攔截</string>
  <string name="call_type_all">所有</string>
  <string name="call_duration">通話時間</string>
  <string name="call_duration_minute">計費時間（分鐘）</string>
  <string name="call_count">次數</string>
  <string name="call_statistics_time_billingCycle">計費週期</string>
  <string name="call_statistics_time_thisMonth">本月</string>
  <string name="call_statistics_time_thisWeek">這一周</string>
  <string name="call_statistics_time_all">所有時間</string>
  <string name="pref_title_startDayOfBillingCycle">計費週期的起始日</string>
  <string name="pref_title_missedCallsTextColor">未接來電文本顏色</string>
  <string name="pref_summary_unansweredOutgoingCallsTextColor">無人應答的撥出電話</string>
  <string name="pref_title_freeMonthlyTalkTime">每月免費通話時間</string>
  <string name="pref_title_freeIncomingCalls">接聽免費</string>
  <string name="pref_title_costWarning">費用警告</string>
  <string name="pref_summary_costWarning">顯示提醒當免費通話時間結束</string>
  <string name="prompt_freeTalkTimeIsOver">免費通話時間已經結束。</string>
  <string name="prompt_remainingFreeTalkTimer">剩餘免費通話時間：%1$d分鐘；每天：%2$d分鐘。</string>
  <string name="pref_title_showGroupSContactsCount">顯示聯繫人組的聯繫人計數</string>
  <string name="pref_summary_showGroupSContactsCount">打開它會影響連絡人的載入速度。</string>
  <string name="pref_title_contactPictureZoomMode">連絡人圖片縮放模式</string>
  <string-array name="pref_entries_contactPictureZoomMode">
    <item>居中</item>
    <item>縮放</item>
    <item>比例放大</item>
    <item>適合寬度</item>
    <item>填充</item>
  </string-array>
  <string name="get_online_help">獲取線上說明</string>
  <string name="error_report">錯誤報表</string>
  <string name="hasNoPhoneNumberContacts">無號碼連絡人</string>
  <string name="pref_title_minimumBillableTime">最小計費時間</string>
  <string name="pref_summary_minimumBillableTime">當前設置是%s秒。如果通話時間是01:15。設置是30秒，計費時間將是01:30；設置是60秒，計費時間將是02:00。</string>
  <string name="menu_showSidebar">顯示側邊欄</string>
  <string name="menu_hidesidebar">隱藏側邊欄</string>
  <string name="sim_card_office">辦公室</string>
  <string name="sim_card_call">"通話"</string>
  <string name="sim_card_internet">互聯網</string>
  <string name="lable_sim_card_name">名稱：</string>
  <string name="lable_sim_card_icon">圖示：</string>
  <string name="defaultSIMcard">預設 SIM 卡</string>
  <string name="prompt_inFirstUseDialer">撥打緊急電話依賴於系統提供的撥號軟件。請確保它工作。</string>
  <string name="pref_title_enableBackgroundDataLoading">啟用後臺資料載入</string>
  <string name="pref_summary_enableBackgroundDataLoading">啟用它可以提高軟件響應速度。
請注意這將增加電池消耗。</string>
  <string name="pref_title_scaleToFitTheScreen">縮放以適合螢幕</string>
  <string name="pref_summary_scaleToFitTheScreen">自動縮放網格大小以適合螢幕</string>
  <string name="pref_summary_whenPortraitMode">縱向模式</string>
  <string name="pref_summary_whenTheSidebarIsOpen">縱向側邊欄模式</string>
  <string name="pref_summary_whenInLandscapeMode">橫向模式</string>
  <string name="pref_summary_whenInLandscapeModeAndTheSidebarIsOpen">橫向側邊欄模式</string>
  <string name="pref_title_usingMoreDetailedFastScroller">使用更詳細的快速滾動文本</string>
  <string name="pref_title_contactFields">連絡人欄位</string>
  <string name="pref_summary_informationNeedSendToCalendar">選擇資訊需要發送到日曆</string>
  <string-array name="pref_entriesNeedSendToCalendar">
    <item>組織</item>
    <item>地址</item>
    <item>電話</item>
    <item>電子郵件</item>
    <item>備註</item>
  </string-array>
  <string name="menu_addConsecutiveNumbers">添加連續號碼</string>
  <string name="startingNumber">起始號碼</string>
  <string name="endingNumber">結束號碼</string>
  <string name="prompt_ALotOfNumbersToAddToContact">%d個新號碼將添加到連絡人。這將需要一些時間。</string>
  <string name="prompt_numberParsingErrorInaddConsecutiveNumbers">號碼解析出錯！請不要輸入格式化的號碼。</string>
  <string name="prompt_needToAddNumbersTooMuch">這將導致%d個電話號碼添加到聯繫人。添加太多的電話號碼會導致手機緩慢。</string>
  <string name="prompt_addConsecutiveNumbers_accountDoesNotSupport">連絡人帳戶不支援增加這麼多的電話號碼。</string>
  <string name="pref_title_usingHDContactPicture">使用高清連絡人圖片</string>
  <string name="pref_title_linksInNotes">高亮備註中的鏈接</string>
  <string name="pref_summary_linksInNotes">當啟用，在備註中的網址、電子郵件、街道地址和電話號碼將可點擊。</string>
  <string name="pref_title_enableInCallWidget">啟用通話中小部件</string>
  <string name="pref_title_delayToClose">延遲關閉</string>
  <string name="pref_summary_delayToCloseInCallWidget">在呼叫結束後延遲%d秒關閉\"通話中小部件\"。</string>
  <string name="pref_title_closeWhenOffhook">接聽時關閉</string>
  <string name="pref_summary_closeWhenOffhook">當您接聽來電時自動關閉\"通話中小部件\"。</string>
  <string name="pref_summary_informationNeedShowInInCallWidget">選擇需要顯示在\"通話中小部件\"的信息。</string>
  <string name="phoneNumberLabel">電話號碼標籤</string>
  <string name="last_contact_time">最後聯繫時間</string>
  <string name="contact_pictures">連絡人圖片</string>
  <string name="menu_importToQuickdialList">導入到快速撥號清單</string>
  <string name="confirm_importToQuickdialList">請注意導入的資料將覆蓋現有資料。</string>
  <string name="toast_importToQuickdialListSuccessfully">%d條號碼已導入</string>
  <string name="pref_title_frameColor">邊框顏色</string>
  <string name="pref_title_hideDefaultIcon">隱藏預設圖示</string>
  <string name="pref_summary_hideDefaultIcon">隱藏在列表視圖中的預設圖示。</string>
  <string name="pref_title_showInTheSidebar">在側邊欄中顯示</string>
  <string name="pref_summary_showInTheSidebar">選擇項目需要會在側邊欄中顯示</string>
  <string-array name="pref_entries_showInTheSidebar">
    <item>聯繫人組</item>
    <item>組織</item>
    <item>職位</item>
  </string-array>
  <string name="menu_addToQuickdialList">添加到快速撥號列表</string>
  <string name="toast_theNumberHasNeenAdded">號碼已添加。</string>
  <string name="pref_title_fontSizeSidebar">字體大小 （側邊欄）</string>
  <!-- 	<string name="hour">Hour</string> -->
  <string name="contactedLastXHours">最近%s小時聯繫過的</string>
  <!-- 	选中的邮件地址已经复制到剪贴板。您可以将它粘贴到邮件程序的地址字段 -->
  <string name="toast_selectedEmailAddressCopied">選定的電子郵件地址已復製到剪貼板中。您可以將其粘貼到電子郵件程序的收件人輸入框。</string>
  <string name="pref_title_backUpAllData">備份所有資料</string>
  <!-- 	由于数据库的更新。还原数据可能导致组铃声、组图片和防火墙工作不正常。请检查它们在恢复数据后。 -->
  <string name="pref_summary_backUpAllData">由於數據庫的更新。還原數據可能導致組鈴聲、組圖片和防火牆工作不正常。請檢查它們在恢復數據後。</string>
  <!-- 	注意这不会备份联系人数据库。 -->
  <string name="warning_notBackUpContactsDatabase">請注意這不備份連絡人資料庫。</string>
  <string name="pref_title_restoreAllData">還原所有資料</string>
  <string name="toast_backedSuccessfully">已成功備份到 %s。</string>
  <string name="toast_backedFailed">備份失敗。請確保您已設置了一個有效的備份路徑。</string>
  <string name="toast_restorSuccessfully">從 %s 成功還原。</string>
  <string name="toast_restorFailed">還原失敗。請確保您已設置了正確的路徑。</string>
  <string name="close">關閉</string>
  <string name="call">"通話"</string>
  <string name="toast_notSuppouteditingNotes">此聯繫人不支持編輯備註。</string>
  <!-- An option in the event notification settings, open it automatically sends the blessing SMS comes in contact events. -->
  <string name="pref_title_automaticallySendGreetingsSMS">自動發送問候短信</string>
  <!-- 	注意发送消息时您不会得到通知，发送时间为事件当天的[通知时间]。 -->
  <string name="pref_summary_automaticallySendGreetingsSMS">注意發送消息時您不會得到通知，發送時間為事件當天的[通知時間]。</string>
  <!-- Prompt message before you delete a call log. -->
  <string name="prompt_deleteCallLog">注意：刪除通話記錄會影響通話統計結果。</string>
  <!--
    Dispaly in [In call Widget]
    Example:
    The last contact time: 5 days ago。 -->
  <string name="in_call_lastContactTime">最後聯繫時間: %s</string>
  <string name="recommendToFriends">推薦給朋友</string>
  <string name="filterMode">篩選模式</string>
  <!-- 	Show contacts filter Details Grp = Group; Com = Company; Tit = Title -->
  <string name="contactsFilterSummary">篩選: 群組: %1$s 公司: %2$s 職位: %3$s</string>
  <string name="pref_title_largeDialButton">大的撥號按鈕</string>
  <!-- 	显示在联系人组编辑器，为编辑的组设置父组 -->
  <string name="parentGroup">父組</string>
  <string name="pref_title_formatPhoneNumber">格式化電話號碼</string>
  <string name="menu_viewSelectedContacts">查看選定的連絡人</string>
  <string name="pref_title_enableSlidingAction">啟用滑動操作</string>
  <!-- 	启用滑动拨号等等，关闭它以便使用滑动切换号码。 -->
  <string name="pref_summary_enableSlidingAction">啟用滑動撥號等等，關閉它以便使用滑動切換號碼。</string>
  <!-- Click Open browser to select files or other data -->
  <string name="browse">流覽</string>
  <string name="voice_input">語音輸入</string>
  <string name="app_widget_name_dialer_3_3">DW撥號 3 × 3</string>
  <string name="app_widget_name_dialer_2_3">DW撥號 2 × 3</string>
  <string name="app_widget_name_dialer_4_4">DW撥號 4 × 4</string>
  <string name="app_widget_name_agenda">DW 議程</string>
  <!-- 	A menu item is used to select mode grouping contacts. -->
  <string name="menu_groupBy">分組按…</string>
  <string name="menu_showHistory">顯示歷史記錄</string>
  <string name="menu_sendMessage">傳送簡訊/彩信</string>
  <string name="menu_sendMail">發送電子郵件</string>
  <string name="menu_setRingtone">設置鈴聲</string>
  <string name="menu_insert">插入 </string>
  <string name="pref_title_disableAutomaticUpdates">禁用自動更新。</string>
  <string name="pref_title_showsLinkToContactList">顯示到聯繫人列表的鏈接</string>
  <!-- A number label, recently contacted number，It shows in the contact details SMS TAB. Number selection drop-down list. For example: Recent:12345678 -->
  <string name="dialog_title_selectFieldsToShare">選擇要共用的欄位</string>
  <string name="pref_title_showSIMCardNumber">顯示 SIM 卡號碼</string>
  <string name="pref_title_swapSIMCardNumber">換 SIM 卡號碼</string>
  <string name="pref_summary_selectNeedToDisplayTabs">選擇需要顯示的選項卡</string>
  <!-- 	检测到您正使用屏幕阅读程序。是否显示“电话号码选择对话框”在拨号前？ -->
  <string name="prompt_usePhoneNumberSelectionDialogWhenUseScreenReader">檢測到您正使用屏幕閱讀程序。是否顯示“電話號碼選擇對話框”在撥號前？</string>
  <string name="neverShowAgain">不要再次顯示</string>
  <!-- 	选择[确定]，“通话中小部件”将不会再次显示。 -->
  <string name="prompt_neverShowAgain">選擇 [%1$s]，\"%2$s\"將不會再次顯示。</string>
  <string name="dualSIMCardConfiguration">雙卡配置</string>
  <!-- 	如果SIM卡编号显示不正确，请先通过两个SIM卡各拨打一个电话，然后点击[重新检测]按钮。 -->
  <string name="prompt_retestSIMCardNumber">如果SIM卡編號顯示不正確，請先通過兩個SIM卡各撥打一個電話，然後點擊[重新檢測]按鈕。</string>
  <!-- 	重新检测 -->
  <string name="retest">重新檢測</string>
  <!-- 	检测已完成 -->
  <string name="toast_retestSIMCardNumberCompleted">檢測已完成</string>
  <string name="toast_settingsHaveBeenSaved">設置已保存</string>
  <!-- 	如果双卡功能不工作在您的设备。请尝试选择设备列表中的每一个设备，然后单击[拨号]按钮。当两个拨号按钮使用正确SIM卡拨号时，单击[保存]按钮。 -->
  <string name="prompt_dualSIMDialTest">如果雙卡功能不工作在您的設備。請嘗試選擇設備列表中的每一個設備，然後單擊[撥號]按鈕。當兩個撥號按鈕使用正確SIM卡撥號時，單擊[保存]按鈕。</string>
  <string name="lable_device">設備：</string>
  <string name="lable_testNumber">測試號碼：</string>
  <!-- 	 An option. When you enable the exchange of the SIM card used when making calls. When the dial buttons 1 and 2 do not correspond correct SIM card to select it. -->
  <string name="swapTheDialSIMcard">交換撥號SIM卡</string>
  <string name="shareMySettings">共享我的設置</string>
  <!-- 	已添加前缀/后缀（%s） -->
  <string name="toast_prefixOrSuffixHasBeenAdded">前綴/後綴已添加 (%s)</string>
  <string name="pref_title_downloadGeocoderPlugin">下載歸屬地外掛程式</string>
  <string name="menu_bindTo">綁定到 %s</string>
  <string name="menu_clearBind">清除綁定</string>
  <string name="pref_title_twoDialOnTheDialpad">顯示兩個撥號按鈕在撥號盤</string>
  <string name="pref_title_twoDialInTheContactList">顯示兩個撥號按鈕在聯繫人列表</string>
  <!-- 	call using SIM card 1 -->
  <string name="description_dial_button_using">使用 %s  撥打</string>
  <string name="menu_shareAsText">通過文本分享</string>
  <string name="menu_shareAsvCard">通過電子名片分享</string>
  <string name="noItmeSelected">未選擇任何項目</string>
  <string name="description_goToSubGroups_button">轉到子組清單</string>
  <!-- 一个选项，当打开备注会优先保存到联系人，而不是通话记录备注 -->
  <string name="pref_title_saveNotesToContacts">將備註保存到連絡人</string>
  <string name="export_to_single_vcard_file">導出到單個電子名片文件</string>
  <string name="export_to_multiple_vcard_files">導出到多個名片文件</string>
  <string name="confirm_export_contacts_to_folder_message">您的連絡人將被匯出到資料夾: %s。</string>
  <!-- 读出来电显示号码 -->
  <string name="pref_title_speakCallerID">讀出來電者姓名</string>
  <string name="pref_title_speakOrganization">閱讀來電者組織</string>
  <string name="pref_title_speakNumber">閱讀號碼</string>
  <string name="pref_summary_speakNumber">如果來電者不在連絡人中</string>
  <string name="pref_title_repeatCount">重複次數</string>
  <string name="pref_title_repeatInterval">重複間隔</string>
  <string name="pref_title_reverseList">反轉列表</string>
  <string name="pref_title_openQuickJumpOnStartup">啟動時打開快速跳轉</string>
  <!-- 搜索历史记录 - 一个开关确定是否显示搜索历史记录 -->
  <string name="pref_title_searchHistory">搜索歷史記錄</string>
  <string name="notification_dataLoaderIsRunning">資料載入程式正在運行</string>
  <string name="clickToGetMoreInformation">點擊獲取更多資訊</string>
  <!-- 	您好，试用期限将结束在5天后。现在要购买吗？ -->
  <string name="remind_trialPeriodWillEnd">您好，試用期限將結束在%d天后。現在要購買嗎？</string>
  <string name="menu_removeFromBlockList">從阻止列表中刪除</string>
  <string name="blockList">查封清單</string>
  <string name="font">字型</string>
  <string name="pref_title_hideContactPicture">隱藏連絡人圖片</string>
  <string name="event_info_links_label">連結</string>
  <string name="pref_title_calllogFilterAtTop">顯示\"通話記錄篩選器\"在屏幕的頂部</string>
  <!-- A menu, click the call methods available to display. For example: SIM card 2; Video call; Skype; SIP -->
  <string name="video_call">視頻呼叫</string>
  <string name="automatic_redial">自動重撥</string>
  <!-- Automatic redial after 3 seconds. -->
  <string name="automatic_redial_after">%s 後自動重撥。</string>
  <!-- Enter "Arrange mode", you can drag to sort items. -->
  <string name="summary_arrangeMode">拖動項目進行排序</string>
  <string name="recommend_template">"您好! \n我一直使用 %1$s。這是一個非常棒的通訊錄軟件。您可以使用此鏈接下載: %2$s"</string>
  <string name="recommend_id_template">"別忘了輸入我的ID (%s) 到（工具箱選項卡-&gt; 推薦給朋友）。\n謝謝！"</string>
  <!-- An option to choose what to hide in the contact details -->
  <string name="pref_title_hideSection">隱藏章節</string>
  <string name="pref_title_automaticBackup">自動備份</string>
  <string name="pref_title_backupTime">備份時間</string>
  <string name="pref_title_backupCycle">備份週期</string>
  <string-array name="pref_entries_backupCycle">
    <item>每天</item>
    <item>每兩天</item>
    <item>每三天</item>
    <item>每四天</item>
    <item>每五天</item>
    <item>每六天</item>
    <item>每週</item>
    <item>每月</item>
  </string-array>
  <string name="pref_title_contactsBackup">連絡人備份</string>
  <string name="pref_summary_contactsBackup">選擇要備份的組</string>
  <string name="pref_title_backupNow">立即備份</string>
  <string name="pref_title_disableInCarMode">在汽車模式中禁用</string>
  <string name="pref_summary_disableInCarMode">暫時禁用撥號確認，當您在車上</string>
  <!-- An alert message when adding a shortcut to the HomePage request has been sent. -->
  <string name="toast_requestHasBeenSent">請求已發送</string>
  <string name="pref_title_hideMenuButton">隱藏菜單按鈕</string>
  <string name="pref_summary_hideMenuButton">如果您的設備沒有菜單按鈕，隱藏它，您將無法訪問菜單</string>
  <string name="pref_title_deleteOldCallLogs">刪除舊的記錄</string>
  <string name="pref_summary_deleteOldCallLogs">當數量達到 %s 時，刪除舊的通話記錄</string>
  <string name="menu_setContactPhoto">設置連絡人圖片</string>
  <!-- OPTION: When you restart the app. Restore the state when last used. -->
  <string name="pref_title_restoreStateWhenRestarted">重新啟動時恢復狀態</string>
  <string name="websiteTypeHomepage">主頁</string>
  <string name="websiteTypeProfile">個人資料</string>
  <!--     <string name="description">Description</string> -->
  <!--     <string name="menu_add_link">Add link</string> -->
  <string name="pref_title_excludeNumbers">排除號碼</string>
  <string name="pref_summary_excludeNumbers">撥打這些號碼將不顯示[撥號確認]對話框</string>
  <!-- Menu item used to add custom field to contact -->
  <string name="menu_addCustomField">添加自定義字段</string>
  <!-- An automatic group name, which contains all has photo contacts -->
  <string name="hasPhotoContacts">有照片的聯繫人</string>
  <!-- Selectable menu item used to controls whether display "contacts events" in the "agenda list". -->
  <string name="menu_showContactsEvents">顯示連絡人事件</string>
  <!-- An option to define accent color. The color applied to framework controls in their activated (ex. checked) state. -->
  <string name="pref_title_accentColor">強調顏色</string>
  <!-- An option to define whether the appointment is created automatically send the invitation email.-->
  <string name="pref_title_sendInvitation">發送邀請</string>
  <!-- An option to define whether the appointment is created automatically send the invitation email.-->
  <string name="pref_summary_sendInvitation">將連絡人電子郵件地址添加到出席者</string>
  <!-- An option to define whether use circle icon.-->
  <string name="pref_title_circleIcon">圓型頭像</string>
  <string name="on">開啟 </string>
  <string name="off">關閉</string>
  <!-- Determined by the theme -->
  <string name="byTheme">按主題</string>
  <!-- An option to define color -->
  <string name="pref_title_callLogFilterBackground">通話記錄篩選器背景</string>
  <!-- An option to define whether use colorful icon.-->
  <string name="pref_title_colorfulIcon">多彩圖標</string>
  <!-- Select this option to Reduce the ring volume when reading the caller information. -->
  <string name="pref_title_reduceRingerVolume">降低鈴聲音量</string>
  <!-- Select this option to Reduce the ring volume when reading the caller information. -->
  <string name="pref_summary_reduceRingerVolume">降低鈴聲音量，當閱讀來電者信息</string>
  <!-- Menu item used to Go to the "Calendar" App -->
  <string name="menu_goToCalendar">轉到日曆</string>
  <!-- Menu item used to add selected item to the Tab bar -->
  <string name="menu_addToTabBar">添加到標籤欄</string>
  <!-- Menu item used to remove selected item from the Tab bar -->
  <string name="menu_removeFromTabBar">從標籤欄中刪除</string>
  <!-- Menu item used to browse and restore data -->
  <string name="menu_restoreFrom">還原從…</string>
  <!-- Menu item used to open [Backup Manager] -->
  <string name="menu_backupManager">備份管理器</string>
  <string name="typeface_bold">粗體</string>
  <string name="typeface_italic">斜體</string>
  <!-- A contact group option. Open it will automatically delete call logs, contacts belong to this group. -->
  <string name="pref_title_automaticallyDeleteCallLogs">自動刪除通話記錄</string>
  <!-- An option to control whether to display the contact's local time -->
  <string name="pref_title_showContactsLocalTime">顯示連絡人本地時間</string>
  <!-- An option -->
  <string name="pref_title_replaceMissedCallNotification">替換 \"未接來電通知\"</string>
  <!-- An option summary -->
  <string name="pref_summary_replaceMissedCallNotification">避免顯示 \"選擇應用\"對話框</string>
  <!-- An option in the dialog box to delete call records. Controls whether delete call log notes -->
  <string name="deleteNotes">刪除備註</string>
  <string name="offset">位移</string>
  <!-- Label above username EditText -->
  <string name="username">帳號</string>
  <!-- Button to sign in after entering username and password -->
  <string name="signIn">登錄</string>
  <string name="message_createLocalContactAccount">創建一個本地的聯繫人帳號。保存在此帳號中的聯繫人，不會同步到網絡。\n<b>注意：</b>卸載“DW聯繫人”會導致屬於在此帳號的聯繫人自動刪除。 \n如果啟用聯繫人同步，聯繫人會同步到“<b>SD卡</b>/DW/contacts/”文件夾。</string>
  <!-- "By number" merge call records, etc. -->
  <string name="byNumber">按號碼</string>
  <!-- "By contact" merge call records, etc. -->
  <string name="byContact">按聯繫人</string>
  <string name="toast_switchToIntersectionMode">再次按一下切換到 <b>交集模式</b></string>
  <!-- An option to control whether to display the message log in History -->
  <string name="pref_title_showMessageLog">顯示消息日誌</string>
  <!-- Menu item used to add data (E-mail address, etc.)  to contacts -->
  <string name="addToContact">添加至連絡人</string>
  <!-- An option When you open it will maintain a fixed height In call widget. -->
  <string name="fixedHeight">固定的高度</string>
  <!-- ****************************** Descriptions *********************************** -->
  <!--
         String describing the Keyboard switch ImageButton
         Used by AccessibilityService to announce the purpose of the button.
         [CHAR LIMIT=NONE]
    -->
  <string name="description_switch_keyboard">切換鍵盤</string>
  <string name="description_pick_contact">選擇連絡人</string>
  <!-- String describing the text for photo of a item(group, title, company，etc.). -->
  <string name="description_icon_for"><xliff:g id="name">%1$s</xliff:g>的圖示</string>
  <!--An option. When opened, will use list long press menu.-->
  <string name="pref_title_useListMenu">使用列表菜單</string>
  <!--An option in Accessibility. When opened, Enter the number need to double click to confirm.-->
  <string name="pref_title_doubleClickEnterNumber">按兩下輸入號碼</string>
  <!--A item of list, control information needs to be displayed in the "In call widget"-->
  <string name="positionInQuickDial">快速撥號位置</string>
  <string name="prompt_requiresPermission">需要許可權 <b>%1$s</b></string>
  <string name="pause">暫停</string>
  <string name="description_add_voice_tag">添加語音標記</string>
  <string name="navigation_drawer_open">開啟導航抽屜</string>
  <string name="navigation_drawer_close">关闭导航抽屉</string>
  <string name="toast_adjustColors">單擊要調整的顏色</string>
  <string name="auto_close">自動關閉</string>
  <string name="voice_tag">語音標記</string>
  <!--An option title in [Contact Details]. When opened, Will merge items,When just labels different.-->
  <string name="pref_title_mergeItemsJustDiffLabel">合併項目</string>
  <!--An option summary in [Contact Details]. When opened, Will merge items,When just labels different.-->
  <string name="pref_summary_mergeItemsJustDiffLabel">合併電話號碼等數據，當只有標籤不同</string>
  <string name="todoList">待辦事項</string>
  <string name="menu_add_todo">添加待辦事項</string>
  <!-- Notification message when adding a number to the blacklist, but the call filter did not open. -->
  <string name="needEnableCallFilter">您還需要啟用 [防火牆]</string>
  <!--An option title in [Events]. Define which events need to display. It filter events based on contact groups-->
  <string name="pref_title_eventsToDisplay">要顯示的活動</string>
  <!--An option title in [Color schemes]. Used to define the "List section" Text Size -->
  <string name="section_header">節標題</string>
  <!--An option. When open: The starred contacts are displayed at the top of the list. -->
  <string name="showStarredAtTheTop">顯示收藏的聯繫人在頂部</string>
</resources>
