<?xml version="1.0" encoding="utf-8" standalone="no"?>
<!--Generated by crowdin.com-->
<resources xmlns:xliff="urn:oasis:names:tc:xliff:document:1.2">
  <string name="app_name">DW Kontak &amp; Telepon</string>
  <string name="app_contacts_name">DW Kontak</string>
  <string name="starred">Tandai</string>
  <string name="coworkers">Rekan Kerja</string>
  <string name="family">Keluarga</string>
  <string name="friends">Teman</string>
  <string name="myContacts">Kontakku</string>
  <string name="mergedContacts">Gabungkan kontak</string>
  <string name="no_item_to_display">Tidak ada item yang tampil</string>
  <string name="allContact">Semua kontak</string>
  <string name="no_phone_numbers">Tidak ada nomor telepon</string>
  <string name="menu_edit">Edit</string>
  <string name="menu_edit_group">Edit grup</string>
  <string name="menu_add_contact_to_group">Tambahkan kontak ke grup</string>
  <string name="menu_remove_contact_from_group">Hapus kontak dari grup</string>
  <string name="groupNameLabel">Nama Grup</string>
  <string name="add">Tambahkan</string>
  <string name="message_del_system_group">Ini merupakan sistem kontak grup. Setelah dihapus akan terbuat kembali secara otomatis yang mungkin akan menimbulkan masalah lainnya. Apakah anda yakin ingin melakukannya?</string>
  <string name="menu_select_mode">Multi pilihan</string>
  <string name="menu_inverse_select">Kembalikan</string>
  <!--<string name="noContact">This group has no contact</string> -->
  <string name="pleaseWait">Mohon tunggu</string>
  <string name="pref_send_title">Pengaturan Email &amp; SMS</string>
  <string name="pref_title_sms_mms_send">SMS/MMS</string>
  <string name="pref_title_email_send">Email</string>
  <string name="pref_send_to">Kirim ke %s</string>
  <string-array name="prefEntries_sms_mms_to">
    <item>Nomor Ponsel Utama</item>
    <item>Semua nomor ponsel</item>
    <item>Semua nomor</item>
  </string-array>
  <string-array name="prefEntries_email_to">
    <item>Alamat email utama</item>
    <item>Semua alamat email</item>
  </string-array>
  <!--Recipients location -->
  <string name="pref_title_recipients_location">Penerima tak bernama</string>
  <string name="pref_recipients_location_summary">Semua alamat akan ada di kolom %s</string>
  <string-array name="pref_entries_recipients_location">
    <item>Bcc</item>
    <item>Cc</item>
    <item>Kepada</item>
  </string-array>
  <string name="menu_preferences">Pengaturan</string>
  <string name="preferences_title">Pengaturan</string>
  <string name="error_report_email_explain">Terjadi sebuah kesalahan, Kami mohon maaf. Anda bisa membantu Kami membuat perangkat lunak ini menjadi baik dengan mengirimkan sebuah laporan dengan memasukan pesan-pesan kesalahan dan beberapa informasi sistem. Kerahasiaan anda akan dihargai.</string>
  <string name="no_contact_selected">Tak ada kontak yang dipilih</string>
  <!--Firewall -->
  <string name="firewell_add_item">Tambahkan penyaringan panggilan</string>
  <string name="lable_week">Mingguan</string>
  <string name="select_group_title">Pilih grup</string>
  <!-- %s = call number-->
  <string name="call_blocking_message">%s telah diblokir</string>
  <string name="stat_notify_incoming_calls_were_intercepted">%d panggilan masuk tertahan</string>
  <string name="pref_firewall_title">Pengaturan penyaringan panggilan</string>
  <string name="pref_title_firewall_enable">Aktifkan penyaringan panggilan</string>
  <string name="firewall_service_started">Layanan penyaringan panggilan berjalan</string>
  <string name="firewall_state_label">DW Penyaring Panggilan</string>
  <!-- The status bar at the top of the screen display a notification message. -->
  <string name="pref_title_firewall_allways_show_stat_notify">Tampilkan ikon di baris status</string>
  <string name="pref_firewall_allways_show_stat_notify_summary">Selalu tampilkan pesan di baris status</string>
  <string name="menu_week_view">Tampil mingguan</string>
  <string name="menu_time_view">Tampil waktu</string>
  <string name="menu_view">Tampilan</string>
  <string name="from">Dari</string>
  <string name="to">Kepada</string>
  <string-array name="days">
    <item>Minggu</item>
    <item>Senin</item>
    <item>Selasa</item>
    <item>Rabu</item>
    <item>Kamis</item>
    <item>Jum\'at</item>
    <item>Sabtu</item>
  </string-array>
  <string-array name="days_short">
    <item>Ming</item>
    <item>Sen</item>
    <item>Sel</item>
    <item>Rab</item>
    <item>Kam</item>
    <item>Jum</item>
    <item>Sab</item>
  </string-array>
  <string name="firewall_label">Penyaring Panggilan</string>
  <string name="everyday">Setiap hari</string>
  <string name="never">Tidak pernah</string>
  <string name="search_hint">Ketik untuk memulai pencarian</string>
  <string name="pref_title_display_system_group">Tampilkan sistem grup</string>
  <!-- Gmail the default, including the group. (Starred, Coworkers, Family, Friends, My Contacts) -->
  <string name="pref_display_system_group_summary">Tampilan sistem grup</string>
  <string name="pref_title_merge_same_name_group">Gabungkan grup</string>
  <string name="pref_merge_same_name_group_summary">Gabungkan nama grup yang serupa</string>
  <string name="pref_font_size_title">Ukuran huruf (baris pertama)</string>
  <string name="pref_font_size_summary">Ukuran: %s</string>
  <string name="removePicture">Hapus Gambar</string>
  <string name="changePicture">Ubah Gambar</string>
  <string name="attachToGroup">Gambar Grup</string>
  <string name="use_photo_as_primary">Gunakan gambar ini</string>
  <string name="photoPickerNotFoundText">Pemilih Foto tidak ditemukan</string>
  <string name="SMS">SMS</string>
  <string name="Email">Email</string>
  <string name="_null">""</string>
  <!-- It shows the contact event to the present time. -->
  <string name="days_after">dalam %d hari</string>
  <string name="months_after">dalam %d bulan</string>
  <string name="days_ago">%d hari yang lalu</string>
  <string name="months_ago">%d bulan yang lalu</string>
  <string name="today">hari ini</string>
  <string name="show_group_icon">Tampilkan gambar grup</string>
  <string name="show_group_icon_summary">Tampilkan ikon setiap grup</string>
  <string name="using_system_sms_program">Gunakan aplikasi SMS utama</string>
  <!-- According to user feedback that I might in the new version, use it again. -->
  <string name="using_system_sms_program_summary">Nonaktifkan fungsi aplikasi kirim SMS</string>
  <string name="recipients_limit">Batas jumlah penerima</string>
  <string name="recipients_limit_summary">Ketika jumlah penerima melebihi angka ini, otomatis kirim dengan batch</string>
  <string name="send">Kirim</string>
  <string name="confirm_send_message">Lanjutkan pengiriman pesan ke kontak yang lain?</string>
  <!-- For example, Tablet PC does not support sending text messages. However, click the SMS icon.
    I will call the SMS program. The system will report an exception. Then display this prompt. -->
  <string name="system_does_not_support">Sistem tidak mendukung!</string>
  <string name="ungrouped_contacts">Kontak dipisahkan</string>
  <string name="multipleContactsDeleteConfirmation">Kontak yang dipilih akan dihapus.</string>
  <!--pref default view -->
  <string name="pref_title_default_view">Tab utama</string>
  <string name="pref_default_view_summary">Tab utama saat mulai berjalan: %s</string>
  <!--pref show auto groups -->
  <string name="pref_title_display_auto_group">Otomatis tampilkan grup</string>
  <string name="pref_display_auto_group_summary">Termasuk \"Semua kontak\",\"Kontak yang dipisah\".</string>
  <string name="label_hide">Sembunyikan</string>
  <string name="hide_group_summary">Jangan tampilkan grup ini</string>
  <string name="fast_scroll_alphabet">\u0020ABCDEFGHIJKLMNOPQRSTUVWXYZ</string>
  <string name="fast_scroll_numeric_alphabet">\u00200123456789ABCDEFGHIJKLMNOPQRSTUVWXYZ</string>
  <!-- Because the different SMS programs. When I provide a phone number to the SMS program,
    some require the use of a semicolon to separate the numbers, and some require a comma. Therefore, this option provides. -->
  <string name="sms_compatibility_mode_title">Mode kirim SMS/MMS</string>
  <string name="sms_compatibility_mode_summary">Pilihlah ini jika nomor penerimaan "program SMS" anda tidak normal. Sebagai contoh: XT800</string>
  <string name="menu_sort_hide">Sembunyikan &amp; pengurutan</string>
  <string name="menu_sort_alphabetically">Menurut Abjad</string>
  <string name="pref_in_call_widget_title">Knop pemanggil</string>
  <string name="pref_help_title">Bantuan</string>
  <string name="pref_online_help_title">Bantuan Online</string>
  <string name="menu_cancel_send_to_voicemail">Buka blokir panggilan dari kontak yang tampil</string>
  <string name="pref_feedback_title">Umpan balik melalui email</string>
  <string name="pref_about_title">Tentang</string>
  <string name="version">Versi</string>
  <string name="pref_name_display_order_summary">Ubah tampilan urutan berdasarkan nama. Ini akan mempercepat tampilan.</string>
  <string name="pref_contacts_account_title">Data akun</string>
  <string name="pref_contacts_account_summary">Tampilkan kontak dari: %s</string>
  <string name="all_account">Semua akun</string>
  <string name="pref_show_account_name_title">Tampilkan nama akun</string>
  <string name="pref_show_account_name_summary">Tampilkan nama akun dibawah nama grup.</string>
  <string name="select_account">Pilih akun</string>
  <string name="pref_register_code_title">Masukkan kode registrasi</string>
  <string name="pref_register_code_summary">Anda harus memasukkan kode registrasi (tidak dibutuhkan koneksi internet), yang didapat dari email konfirmasi pembayaran</string>
  <!-- A setting item, click it to open, buy the software license key dialog box. -->
  <string name="pref_get_register_code_title">Beli versi terdaftar</string>
  <string name="pref_get_register_code_summary">
Mohon daftarkan aplikasi kami untuk mendapatkan fungsionalitas penuh. Kami butuh donasi anda untuk mendukung kelanjutan pengembangan perangkat lunak ini.</string>
  <string name="buying_tips">
Anda mendapatkan 2  kemungkinan (keduanya memiliki fungsionalitas sama): Anda bisa mendaftarkannya untuk nomor seri perangkat  anda(Paypal atau Kartu Kredit) atau akun Google anda(Google Play - memasang versi Pro)</string>
  <string-array name="purchase_channels">
    <item>Google Play</item>
    <item>PayPal atau Kartu Kredit</item>
    <item>Rekomendasikan ke teman</item>
  </string-array>
  <string-array name="purchase_channels_summary">
    <item>Daftarkan perangkat lunak ini untuk akun google anda (beli dan pasang versi Pro melalui Google Play). Setelah memasang versi Pro, mohon hapus versi gratis.</item>
    <item>Daftarkan perangkat lunak ini ke nomor seri perangkat:
%s.

Setelah proses pembayaran, anda akan mendapatkan email konfirmasi beserta kode registrasi anda.

Setelah itu periksa pendaftaran dengan mengklik [periksaan pendaftaran Online].</item>
    <item>Dapatkan kode registrasi gratis</item>
  </string-array>
  <string name="menu_delete_all">Hapus semua</string>
  <!-- Menu title the user can use for trying to resend a message. -->
  <string name="menu_retry_sending">Ulangi pengiriman</string>
  <string name="message">Pesan</string>
  <string name="failed">Gagal</string>
  <string name="queued">Mengantri</string>
  <string name="outbox">Kotak keluar</string>
  <string name="sent">Kirim</string>
  <string name="auto_replace_to_name">Menimpa otomatis "???" dengan nama lengkap kontak; "??F" dengan nama panggilan;
"??G" dengan nama pemberian; "??N" dengan nama sebutan.</string>
  <string name="example_message">Halo, ???</string>
  <string name="sms_preview">Tinjauan:</string>
  <string name="message_send_state_successfully">Berhasil dikirim.</string>
  <string name="message_send_state_failed">Pengiriman gagal.</string>
  <string name="message_send_unknown_error">Kesalahan tidak diketahui. %d pesan tidak terkirim.</string>
  <string name="message_send_no_signal">Tidak ada sinyal, atau modus penerbangan aktif. %d pesan tidak terkirim.</string>
  <string name="message_send_successfully">Semua pesan berhasil dikirim.</string>
  <string name="need_the_paid_version">Hanya tersedia di versi berbayar</string>
  <!-- As a "contact group"on the phone the main screen to create a shortcut. -->
  <string name="create_shortcut">Membuat jalan pintas di laman depan</string>
  <string name="menu_move_to_group">Pindahkan ke grup</string>
  <string name="pref_tabs_title">Aktifkan &amp; Pengurutan</string>
  <string name="pref_tabs_summary">Anda bisa mengaktifkan dan urutkan, tab mana yang seharusnya bisa digunakan</string>
  <!--pref theme -->
  <string name="pref_theme_title">Tema dasar</string>
  <!-- Change the software interface look. -->
  <string name="pref_theme_summary">Tetapkan tema dasar</string>
  <string name="search">Cari</string>
  <string name="pref_services_title">Atur layanan latar belakang</string>
  <!-- Settings screen, section heading for SMS-specific settings -->
  <string name="pref_sms_settings_title">"Pengaturan pesan teks (SMS)"</string>
  <!-- Settings screen, section heading for EMAIL-specific settings -->
  <string name="pref_email_settings_title">"Pengaturan Email"</string>
  <!-- Settings item for boolean option to enable/disable SMS delivery reports -->
  <string name="pref_title_sms_delivery_reports">Laporan pengiriman</string>
  <!-- Settings item description for boolean SMS delivery report setting -->
  <string name="pref_summary_sms_delivery_reports">Meminta laporan pengiriman untuk setiap pesan.</string>
  <string name="pref_contact_sort_order_title">Urutkan daftar menurut</string>
  <string name="pref_contact_sort_order_summary">Ubah daftar pengurutan kontak. Akan mempercepat tampilan.</string>
  <!-- CHANGED ORDER -->
  <string name="contact_sort_order_FamilynameAlternate">Nama akhir - alternatif</string>
  <string name="contact_sort_order_RecentContacted">Kontak terbaru dihubungi</string>
  <string name="contact_sort_order_LongTimeNotContacted">Kontak yang lama tidak dihubungi</string>
  <string name="contact_sort_order_CreationTime">Waktu pembuatan</string>
  <string name="contact_sort_order_DefaultAlternate">Utama - alternatif</string>
  <!-- An automatic group, it shows all the contacts included telephone numbers. -->
  <string name="has_phone_number_contacts">Yang memiliki nomor kontak</string>
  <string name="exit_prompt">Tekan sekali lagi untuk keluar.</string>
  <string name="pref_exit_prompt_title">Tanyakan sebelum keluar</string>
  <string name="pref_exit_prompt_summary">Tampilkan sebuah peringatan tambahan sebelum keluar</string>
  <string name="pref_language_title">Bahasa</string>
  <string name="load_license_success">Memuat lisensi dari jaringan telah berhasil.</string>
  <string name="load_license_failed">Memuat lisensi dari jaringan gagal!</string>
  <string name="license_check_success">Pemeriksaan lisensi telah berhasil.</string>
  <string name="license_check_failed">Pemeriksaan lisensi gagal!</string>
  <string name="load_license_unregistered">Anda belum melakukan registrasi.</string>
  <string name="sending">Mengirim...</string>
  <string name="error">Kesalahan</string>
  <string name="clear_data_or_uninstall_app">Bersihkan data atau hapus aplikasi</string>
  <string name="database_update_error_message">"Maaf! Gagal memperbaharui struktur database. Kegagalan ini muncul karena tidak ada ijin ke berkas database. Masalah muncul diperkirakan karena aplikasi pencadangan. Berikut tiga langkah untuk memperbaikinya. Cobalah salah satu sampai masalah teratasi.
1. Memulai ulang telepon.
2. Di menu pengaturan aplikasi, bersihkan data aplikasi.
3. Hapus aplikasi lalu pasang kembali."</string>
  <!-- It shows the contact event to the present time. -->
  <string name="one_day_after">Besok</string>
  <string name="one_month_after">Dalam 1 bulan</string>
  <string name="one_day_ago">Kemarin</string>
  <string name="one_month_ago">Bulan lalu</string>
  <string name="menu_edit_event">Edit kegiatan untuk kontak</string>
  <string name="menu_add_to_calendar">Tambahkan kegiatan ke kalender</string>
  <string name="menu_delete_event">Hapus kegiatan dari kontak</string>
  <string name="menu_duplicate_contact">Gandakan kontak</string>
  <string name="mes_sendSmsSystemLimit">Karena sistem dibatasi, %1$s jam hanya bisa mengirim %2$s SMS. Otomatis dilanjutkan setelah %1$s jam.</string>
  <string name="sendInBatches">Batches</string>
  <string name="sendInSingle">Tunggal</string>
  <string name="sendInBatchesMessage">Nomor penerima melebihi dari "batas untuk nomor penerima" di pengaturan. Masukkan pesan di kotak isian mulai kirim bersamaan atau pilih "Tunggal" memulai sebuah pengiriman sekali.</string>
  <string name="pref_title_eventNotification">Pengaturan pemberitahuan kegiatan</string>
  <string name="pref_title_notificationTime">Waktu Pemberitahuan</string>
  <string name="pref_title_notificationRingtone">Nada dering pemberitahuan</string>
  <string name="pref_summary_notificationTime">Sesuaikan waktu pemberitahuan kapan harusnya terjadi</string>
  <string name="pref_title_notificationBeforeHappen">Pemberitahuan sebelum terjadi</string>
  <string name="pref_summary_notificationBeforeHappen">%s hari sebelum pemberitahuan harus terjadi</string>
  <string name="pref_title_notification">Pemberitahuan</string>
  <string name="pref_title_reminder">Pengingat</string>
  <string name="pref_summary_reminder">%s sebelum</string>
  <string name="pref_title_ringtone">Nada dering</string>
  <string name="pref_title_alarm">Alarm</string>
  <string name="pref_title_mergeSubgroup">Gabung sub-grup</string>
  <string name="pref_summary_mergeSubgroup">Sub-grup dari kontak ditampilkan dalam grup induk.</string>
  <string-array name="pref_entries_notificationTime">
    <item>1 menit</item>
    <item>5 menit</item>
    <item>10 menit</item>
    <item>15 menit</item>
    <item>20 menit</item>
    <item>25 menit</item>
    <item>30 menit</item>
    <item>45 menit</item>
    <item>1 jam</item>
    <item>2 jam</item>
    <item>3 jam</item>
    <item>12 jam</item>
    <item>24 jam</item>
    <item>2 hari</item>
    <item>1 minggu</item>
  </string-array>
  <!-- Not in phone book contacts. -->
  <string name="unknown_contacts">Kontak tidak dikenal</string>
  <string name="not_in_phone_book_contacts">Tidak ada di kontak buku telepon.</string>
  <string name="eventNotification">Kegiatan pemberitahuan</string>
  <string name="eventNotificationMessage">"%s berulang tahun/kegiatan segera tiba."</string>
  <!-- When using the "Firstname first" show name, "Firstname" and "Lastname" split between the symbols. Most language is a space. -->
  <string name="givenNameFirstSeparator">" "</string>
  <!-- When using the "Lastname first" show name, "Firstname" and "Lastname" split between the symbols. -->
  <string name="familyNameFirstSeparator">", "</string>
  <string name="vCard">vCard</string>
  <string name="text">Teks</string>
  <string name="pref_title_likeTheSoftware">Dukung aplikasi kami</string>
  <string name="pref_title_rating">Peringkat</string>
  <string name="pref_summary_rating">Berikan peringkat terbaik di Market.</string>
  <string name="pref_title_share">Berbagi</string>
  <string name="pref_summary_share">Rekomendasikan aplikasi ini ke teman anda.</string>
  <string name="contact_group">Grup</string>
  <!-- Set the time to send text messages in the future. -->
  <string name="regularlySent">Kirim secara berkala</string>
  <string name="time">Waktu</string>
  <string name="pref_title_EmailProgram">Aplikasi email</string>
  <string name="pref_summary_on_EmailProgram">Gunakan aplikasi email utama.</string>
  <string name="pref_summary_off_EmailProgram">Diminta untuk memilih ketika mengirim pesan.</string>
  <string name="toolbox">Kotak alat</string>
  <string name="pref_title_SMSSendInterval">Jarak waktu pengiriman</string>
  <string name="pref_summary_SMSSendInterval">Kirim setiap pesan teks dalam jarak waktu (detik).</string>
  <string name="app_dialer_name">DW Pemanggil</string>
  <string name="menu_sort">Urut berdasarkan</string>
  <string name="license_check_failed_message">Kesalahan pemeriksaan lisensi aplikasi! Pastikan anda bisa mengakses Google Play.</string>
  <string name="menu_unselectAll">Batalkan pilihan</string>
  <string name="pref_title_themeCustomize">Pengaturan Tema</string>
  <string name="pref_title_backgroundColor">Warna latar belakang</string>
  <string name="pref_title_backgroundColorForTitles">Warna latar belakang judul</string>
  <string name="pref_title_textColorForTitles">Warna judul teks</string>
  <string name="pref_title_textColorMarked">Warna teks yang ditandai</string>
  <string name="pref_title_hideTheTitle">Sembunyikan judul bilah status</string>
  <string name="pref_title_hideTheStatusbar">Sembunyikan bilah status</string>
  <string name="pref_title_hideTabLabel">Sembunyikan label tab bilah status</string>
  <string name="pref_title_autoHideTab">Sembunyikan tab bilah status</string>
  <string name="pref_summary_autoHideTab">Otomatis, akan menyembunyikan tab setelah beralih ke tab lainnya</string>
  <string name="reset">Atur ulang</string>
  <string name="pref_title_automaticRotation">Rotasi otomatis</string>
  <string name="pref_summary_automaticRotation">Rotasi layar otomatis bisa diaktifkan atau tidak</string>
  <string name="menu_editNotes">Edit catatan</string>
  <string name="addSelectedContactsToFavorites">Menambahkan kontak ke favorit</string>
  <string name="removeSelectedContactsFormFavorites">Hapus kontak dari favorit</string>
  <string name="deleteSelectedContacts">Hapus kontak</string>
  <string name="duplicateSelectedContacts">Gandakan kontak</string>
  <string name="setGroupForSelectedContacts">Tetapkan grup untuk kontak</string>
  <string name="forSelectedContacts">Untuk kontak terpilih</string>
  <string name="searchAnything">Cari apapun</string>
  <string name="quickDialManager">Kelola panggil cepat</string>
  <string name="menu_shareNumber">Bagikan nomor</string>
  <string name="menu_setGroupForContact">Tetapkan grup untuk kontak</string>
  <string name="pref_title_tabSettings">Pengaturan tab</string>
  <string name="sendSMStoShownContacts">Kirim SMS/MMS ke kontak yang tampil</string>
  <string name="sendEmailtoShownContacts">Kirim email ke kontak yang tampil</string>
  <string name="setRingtoneForShownContacts">Tetapkan nada dering untuk kontak yang tampil</string>
  <string name="pref_title_enableEventNotification">Aktifkan pemberitahuan kegiatan</string>
  <string name="forSelectedGroups">Untuk grup terpilih</string>
  <string name="menu_send_group_message">Kirim SMS/MMS ke grup</string>
  <string name="menu_delete_group">Hapus grup</string>
  <string name="menu_deleteGroups">Hapus grup-grup</string>
  <!-- 	<string name="forSelectedOrgs">For selected companies</string> -->
  <!-- 	<string name="menu_editOrg">Edit company</string> -->
  <!-- 	<string name="forSelectedTitles">For selected titles</string> -->
  <!-- 	<string name="menu_editTitle">Edit title</string> -->
  <string name="menu_editContactFromEvent">Edit kontak dari kegiatan</string>
  <string name="menu_focus2Today">Fokus hari ini</string>
  <string name="generalDeleteConfirmation">Yakin anda ingin menghapusnya?</string>
  <string name="addContactTo">Tambahkan kontak ke %s</string>
  <string name="removeContactFrom">Hapus kontak dari %s</string>
  <string name="pref_title_showTabAtTop">Tampilkan tab bilah status di atas</string>
  <!-- Within the group "contact list" label -->
  <string name="labelWithinGroupContactsList">Kontak</string>
  <string name="multipleChoicePrompt">
Multi pilihan dibatasi di versi GRATIS untuk %d item per tindakan. 
Bila anda ingin mengirim pesan ke grup, tekan menu untuk menggunakan daftar grup.</string>
  <string name="pref_title_dialerPadTone">Nada ketika menekan blok pemanggil</string>
  <string name="recentChanges">Perubahan terkini</string>
  <string name="more">Selengkapnya</string>
  <string name="selectAll">Pilih semua</string>
  <string name="pref_title_alwaysToDefTab">Selalu mulai dengan tab utama</string>
  <string name="pref_summary_alwaysToDefTab">Tekan tombol panggil untuk memulai aplikasi yang masih menjalankan tab utama.</string>
  <string name="pref_title_showMostContactedBelowFavorites">Tampilkan kontak yang sering dihubungi dibawah favorit</string>
  <string name="pref_title_showEventsFromToday">Tampilkan kegiatan hari ini</string>
  <string name="pref_title_YPositionOfInfoWindow">Posisi-Y jendela informasi</string>
  <string name="pref_summary_YPositionOfInfoWindow">Posisi jendela informasi di atas/bawah. Posisi bisa juga dipindahkan langsung sewaktu panggilan masuk.</string>
  <string name="pref_title_backupRestore">Cadangkan &amp; Pulihkan</string>
  <string name="pref_title_backupAllSettings">Cadangkan semua pengaturan</string>
  <string name="pref_title_restoreAllSettings">Pulihkan semua pengaturan</string>
  <string name="pref_title_restoreDefaultSettings">Pulihkan pengaturan semula</string>
  <string name="pref_title_showMyContactsInUngrouped">Abaikan sistem-grup \"Kontakku\"</string>
  <string name="pref_title_startDialerWithoutDialerPad">Mulai pemanggilan tanpa papan pemanggil</string>
  <string name="pref_summary_showMyContactsInUngrouped">Tampilkan kontak-kontak (yang hanya di sistem-grup \"Kontakku\") dibawah \"Pisahkan Kontak\".</string>
  <string name="toast_allSettingsToDefault">Semua pengaturan telah dipulihkan ke keadaan semula.</string>
  <string name="toast_settingsBackedSuccessfully">Pengaturan telah dicadangkan ke %s</string>
  <string name="toast_settingsBackedFailed">Pencadangan gagal. Pastikan anda telah menentukan lokasi pencadangan dengan benar.</string>
  <string name="toast_settingsRestorSuccessfully">Pengaturan telah berhasil dipulihkan dari %s.</string>
  <string name="toast_settingsRestorFailed">Pemulihan gagal. Pastikan anda telah menentukan lokasi dengan benar, dimana lokasi pengaturan disimpan.</string>
  <string name="menu_newOrg">Perusahaan baru</string>
  <string name="menu_newTitle">Gelar baru</string>
  <string name="enterAName">Masukkan sebuah nama</string>
  <string name="pref_title_t9Search">Pengaturan pencarian T9</string>
  <string name="pref_summary_t9Search">Berikut adalah opsi lanjutan, yang terhubung dengan tab "telepon" dan bagaimana pencarian-T9 akan bekerja</string>
  <string name="pref_title_matchingAnywhere">Dimanapun kata-kata yang sesuai</string>
  <string name="pref_summary_matchingAnywhere">\"WTT\" sesuai \"dW conTacTs\"</string>
  <string name="pref_title_matchingPart">Sesuai dengan bagian dari prasa kata</string>
  <string name="pref_summary_matchingPart">\"NTA\" sesuai \"dw koNTAk\"</string>
  <string name="pref_title_matchingFirstLetter">Sesuai dengan huruf pertama</string>
  <string name="pref_summary_matchingFirstLetter">\"DCO\" sesuai \"Dw COntacts\"</string>
  <string name="pref_title_sortByDegreeOfMatch">Diurut berdasarkan tingkat kesesuaian</string>
  <string name="menu_copyToClipboard">Salin ke papan klip</string>
  <string name="menu_createEvent">Membuat janji</string>
  <string name="useLimitFeaturePrompt">Anda dapat menggunakan fasilitas ini hanya %d kali di versi GRATIS.</string>
  <string name="pref_title_appointmentSettings">Pengaturan janji</string>
  <string name="pref_title_defaultAppointmentText">Teks janji yang utama</string>
  <string name="pref_summary_defaultAppointmentText">Tambahkan sebuah teks, yang akan disisipkan sebelum menambahkan nama+nomor</string>
  <string name="pref_default_defaultAppointmentText">"Panggil dengan "</string>
  <string name="titlesList">Sebutan</string>
  <string name="eventsList">Kegiatan</string>
  <string name="pref_title_showInContactList">Item-item yang tampil</string>
  <string-array name="pref_entries_showInContactList">
    <item>Nomor-nomor</item>
    <item>Perusahaan</item>
    <item>Sebutan</item>
    <item>Grup</item>
    <item>Ikon akun</item>
    <item>Gambar kontak</item>
    <item>Tombol email</item>
    <item>Tombol SMS</item>
    <item>Tombol pemanggil</item>
    <item>Catatan-catatan</item>
  </string-array>
  <string name="pref_title_showNotesLines">Batas catatan untuk baris x</string>
  <string name="tips_clickToSeeAllText">Dengan mengklik daftar item, anda bisa melihat semua teks</string>
  <string name="pref_title_colorForGroups">Warna latar belakang - grup</string>
  <string name="pref_title_colorForOrganization">Warna latar belakang - perusahaan</string>
  <string name="pref_title_colorForTitle">Warna latar belakang - Sebutan</string>
  <string name="pref_title_fontSize2">Ukuran huruf (baris kedua)</string>
  <string name="pref_title_fontSize3">Ukuran huruf (baris ketiga)</string>
  <string name="pref_title_useNumberSearch">Gunakan angka dalam pencarian</string>
  <string name="pref_summary_useNumberSearch">Bila diaktifkan, juga akan mencari angka</string>
  <string name="noEmailAddress">Alamat email tidak ada</string>
  <string name="pref_title_showCallLogOnPhone">Tampilkan rekaman panggilan di telepon</string>
  <string name="listTotalCallHistory">Menampilkan %1$d panggilan / durasi %2$s</string>
  <string name="pref_title_showContactsOnPhoneStart">Tampilkan kontak sewaktu memulai</string>
  <string name="pref_summary_showContactsOnPhoneStart">Bila diaktifkan, semua kontak juga ditampilkan dalam daftar</string>
  <string name="listTotalCallLog">Menampilkan %d nomor panggilan yang berbeda</string>
  <string name="upcoming">Mendatang</string>
  <string name="pref_title_phoneSettings">Pengaturan telepon</string>
  <string name="pref_title_mergeCallLog">Gabung rekaman panggilan</string>
  <string name="pref_title_showCounterOnMergedCallLog">Tampilkan penghitung waktu ketika penggabungan rekaman item panggilan</string>
  <string name="pref_summary_showCounterOnMergedCallLog">Bila diaktifkan, akan menampilkan disisi kanan nama kontak penghitung berapa banyak panggilan yang digabungkan bersamaan</string>
  <string name="pref_title_groupCallLogByDate">Tampilkan rekaman panggilan grup berdasarkan tanggal</string>
  <string name="pref_summary_groupCallLogByDate">Bila diaktifkan, akan tampil rekaman panggilan grup berdasarkan tanggal</string>
  <string name="pref_title_limitCallLogOnXDays">Batas rekaman panggilan dalam %s hari</string>
  <string name="pref_summary_limitCallLogOnXDays">Batas rekaman panggilan dalam %s hari (0 = tampilkan semua)</string>
  <string name="pref_message_0toShowAllDays">0 untuk menampilkan semua hari</string>
  <string name="pref_message_0toShowAllItems">0 untuk menampilkan semua item</string>
  <string name="pref_title_useOrgSearch">Gunakan perusahaan dalam pencarian</string>
  <string name="pref_title_matchingSkipWord">Ijinkan melewati kata</string>
  <string name="pref_summary_matchingSkipWord">\"DPH\" sesuai \"Dw contacts &amp; PHone\"</string>
  <string name="pref_title_matchingSkipSpace">Ijinkan melewati spasi</string>
  <string name="pref_summary_matchingSkipSpace">\"TSPH\" sesuai \"dw contacTS &amp; PHone\"</string>
  <string name="pref_title_globalSettings">Pengaturan umum</string>
  <string name="pref_title_registrationStates">Status: %s</string>
  <string name="pref_summary_registrationStates">Versi ini adalah %1$s untuk nomor seri perangkat: %2$s</string>
  <string name="registered">Terdaftar</string>
  <string name="unregistered">Tidak terdaftar</string>
  <string name="pref_title_onlineRegistrationCheck">Pemeriksaan pendaftaran online</string>
  <string name="pref_summary_onlineRegistrationCheck">Akan diperiksa, bila perangkat anda belum terdaftar (dibutuhkan koneksi internet).</string>
  <string name="pref_title_registration">Pendaftaran</string>
  <string name="pref_summary_registration">Membuka fungsi lainnya, penghapusan iklan</string>
  <string name="pref_summary_showContactsWithPhoneNumber">Bila tidak aktif, sistem akan menggunakan [Penyaringan tampilan kontak], yang bisa dirubah didalam [Pengaturan Umum]</string>
  <string name="pref_title_historyViewSettings">Pengaturan tampilan riwayat</string>
  <string-array name="pref_entries_dialerPadTone">
    <item>Nada DTMF</item>
    <item>Klik nada</item>
    <item>Mati</item>
  </string-array>
  <string name="pref_title_limitNumberTitleToXChar">Panjang nomor telepon</string>
  <string name="pref_summary_limitNumberTitleToXChar">Menetapkan ke 0 akan menampilkan keseluruhan panjang nomor telepon</string>
  <string name="pref_title_supportForum">Dukungan forum</string>
  <string name="pref_title_textColor">Warna teks</string>
  <string name="historyList">Riwayat</string>
  <string name="startProVerPrompt">Versi Pro terdeteksi. Jalankan sekarang?</string>
  <string name="pref_title_selectedBackgroundColor">Warna latar belakang kunci ditekan</string>
  <string name="pref_title_dialpadThemeSettings">Pengaturan panggil telepon</string>
  <string name="pref_title_globalThemeSettings">Pengaturan tema umum</string>
  <string name="pref_title_showAlwaysAddIcon">Selalu tampilkan ikon *tambah*</string>
  <string name="pref_summary_showAlwaysAddIcon">Bila diaktifkan, ikon "+" akan tampil dibaris pertama dalam daftar, dimana anda dapat menambahkan kontak</string>
  <string name="pref_title_eventGreetingText">Teks penyapa kegiatan</string>
  <string name="pref_default_eventGreetingText">Halo ???, ku berharap anda semua yang terbaik bagi anda ??A\'th??E</string>
  <string name="pref_title_eventGreetingSubject">Subjek penyapa kegiatan</string>
  <string name="pref_summary_eventGreetingSubject">Hanya digunakan bila mengirim melalui email</string>
  <string name="pref_message_eventGreetingText">Anda juga bisa menggunakan variabel "???" dengan nama lengkap kontak; "??F" dengan nama lain! "??G" dengan nama pemberian; 

"??N" dengan nama kecil; "??A" untuk umur; "??E" untuk tipe kegiatan</string>
  <string name="pref_default_eventGreetingSubject">Salam untuk anda ??A\'th ??E</string>
  <string name="menu_sendGreetingSMSToContact">Kirim SMS/MMS kegiatan ke kontak</string>
  <string name="menu_sendGreetingEmailToContact">Kirim email kegiatan ke kontak</string>
  <string name="pref_title_storeSendSMSToSystemDB">Simpan pengiriman SMS/MMS ke database</string>
  <string name="pref_summary_storeSendSMSToSystemDB">Bila diaktifkan, pengiriman SMS/MMS akan disimpan ke sistem database.</string>
  <!-- 	<string name="pref_title_backgroundImage">Background image</string> -->
  <!-- 	<string name="pref_summary_backgroundImageEn">If you use background image, the background color can be used simultaneously as color filter</string> -->
  <string name="pref_title_textColorSecond">Warna teks baris kedua + ketiga</string>
  <string name="pref_title_textColorLabel">Warna teks untuk label baris ketiga</string>
  <string name="pref_summary_textColorLabel">Warna teks ini untuk grup berlabel, perusahaan dan judul</string>
  <string name="pref_title_backgroundListSectionColor">Daftar warna bagian latar belakang</string>
  <string name="pref_title_textListSectionColor">Daftar warna bagian teks</string>
  <string name="pref_title_showAlphabetListSection">Tampilan bagian daftar abjad</string>
  <string name="pref_title_fontSizeforDigits">Ukuran huruf untuk angka</string>
  <string name="pref_title_fontSizeforLetters">Ukuran huruf untuk huruf</string>
  <string name="pref_title_dialpadIconsArrangement">Ikon pengatur blok panggil</string>
  <string-array name="pref_entries_dialpadIconsArrangement">
    <item>Panggil/Masukkan/Hapus</item>
    <item>Hapus/Input/Panggil</item>
    <item>Input/Hapus/Panggil</item>
  </string-array>
  <!-- 	quick jump to alphabetic listcreate new contact -->
  <string name="menu_quickJump">Lompat-Cepat</string>
  <string-array name="pref_entries_hideTab">
    <item>Hidup</item>
    <item>Mati</item>
    <item>Otomatis</item>
  </string-array>
  <string name="pref_title_backgroundColorQuickJump">Warna latar belakang Lompat-Cepat</string>
  <string name="pref_title_textColorQuickJump">Warna teks Lompat-Cepat</string>
  <string name="pref_title_disableSlideSwitchingTabs">Non aktifkan tab geser-beralih</string>
  <string name="pref_title_showNumberKeyboardOnDialpad">Tampilkan nomor keyboard di blok panggil</string>
  <string name="pref_summary_showNumberKeyboardOnDialpad">Bila tak aktif, hanya akan tampil kotak masukkan, Ikon panggil dan hapus (berguna, bila anda ingin selalu memanggil melalui perangkat keras anda")</string>
  <string name="pref_title_dialpadToFullWidth">Lebar blok panggil selayar penuh</string>
  <string name="pref_summary_dialpadToFullWidth">Bila diaktifkan, blok pemanggil akan tampil selayar penuh di mode layar horisontal (selain itu berada disisi kanan)</string>
  <string name="pref_title_smsSignature">Tandatangan SMS/MMS</string>
  <string name="pref_summary_smsSignature">Tandatangan, akan selalu ditambahkan di akhir SMS/MMS</string>
  <string name="currentOrderNotSupportFastJump">Perintah pada saat ini tidak mendukung melompat cepat.</string>
  <!-- 2.0.7 -->
  <string name="pref_title_languageForT9">Bahasa untuk pencarian T9</string>
  <string name="pref_summary_languageForT9">Anda bisa menambahkan bahasa lainnya, yang bisa digunakan untuk pencarian T9</string>
  <string name="pref_title_quickJumpAlignment">Perataan Lompat-Cepat</string>
  <string-array name="pref_entries_quickJumpAlignment">
    <item>Atas</item>
    <item>Tengah</item>
    <item>Bawah</item>
  </string-array>
  <string name="menu_gridView">Tampilan berkisi</string>
  <string name="menu_listView">Tampilan daftar</string>
  <string name="pref_title_gridViewSettings">Pengaturan tampilan berkisi</string>
  <string name="pref_title_gridViewSize">Ukuran kisi</string>
  <string name="pref_title_lockGridSize">Kunci ukuran kisi</string>
  <string name="pref_summary_lockGridSize">Bila terkunci, maka lompat-cepat dapat digunakan kembali dengan menggeser 2 jari</string>
  <string name="pref_title_phoneDialpadHeight">Tinggi blok panggil telepon</string>
  <string name="pref_title_moreSettings">Pengaturan tampil detail</string>
  <string name="pref_summary_moreSettings">Pengaturan detail lainnya untuk setiap tampilan tab</string>
  <string name="pref_title_displayNameBelowThePicture">Tampilkan nama dibawah gambar</string>
  <string name="menu_exportContactPicture">Ekspor gambar kontak</string>
  <string name="toast_saveFailed">Simpan gagal!</string>
  <string name="toast_saveSuccessfully">Berhasil disimpan ke: %s</string>
  <string name="callConfirm">Konfirmasi panggilan</string>
  <string name="pref_summary_callConfirm">Bila diaktifkan, akan menampilkan jendela popup dengan permintaan konfirmasi sebelum memanggil</string>
  <string name="pref_title_automaticConfirmationDelay">Konfirmasi penundaan otomatis</string>
  <!-- It is an option to set a time for the control [Dialing confirmation] dialog.
     At the end of the counter automatically close [Dialing confirmation] dialog. -->
  <string name="pref_title_automaticCancelDelay">Batal penundaan otomatis</string>
  <string name="pref_summary_automaticConfirmationDelay">Anda bisa menyentuh dilayar mana saja untuk menghentikan penghitung waktu</string>
  <string name="pref_title_picturePositionOnRight">Posisi gambar disisi kanan</string>
  <string name="updateCheck">Periksa pembaruan</string>
  <string name="noUpdates">Pembaruan tidak tersedia</string>
  <string name="download">Unduh</string>
  <string name="pref_title_globalIconSize">Ukuran ikon umum</string>
  <string name="pref_summary_globalIconSize">Lebar semua ikon ditentukan ukuran ini: panggil di blok panggil, tombol kembali di blok panggil, panggil, sms, email, gambar</string>
  <string name="pref_title_backKeyHideDailpad">Tombol kembali menyembunyikan blok panggil</string>
  <string name="pref_summary_backKeyHideDailpad">Bila tak aktif, pertama klik tombol "kembali" di perangkat akan keluar dari aplikasi. Selain itu akan menyembunyikan blok panggil sebelum keluar</string>
  <string name="pref_title_hapticFeedbackVibration">Umpan balik interaksi getaran</string>
  <string name="pref_title_hapticFeedbackStrength">Umpan balik kekuatan interaksi</string>
  <string name="pref_title_limitCallLogOnXitems">Batas maksimal rekaman panggilan %s item</string>
  <string name="pref_summary_limitCallLogOnXitems">Batas maksimal rekaman panggilan %s item (0 = tak terbatas)</string>
  <string name="pref_title_dividerLineColor">Warna garis pembatas</string>
  <string name="menu_quickDial">Panggil-Cepat</string>
  <string name="buying_tips_in_free">Anda bisa menggunakan "Google Play" untuk membeli versi Pro. Apabila anda tinggal di wilayah yang tidak bisa menggunakan "Google Play" untuk membeli aplikasi. Anda bisa mengunduh versi REG lalu mendaftarkannya. Keduanya memiliki fungsionalitas yang sama.</string>
  <string name="buying_channel_registration">Unduh versi REG</string>
  <string name="buying_channel_registration_summary">"Setelah anda mengklik tautan, akan mengunduh aplikasi dan anda bisa mengklik berkas tersebut untuk pemasangan. 
Setelah pemasangan jalankan aplikasi dan ikuti instruksi pendaftaran."</string>
  <string name="pref_title_buyAdvancedVersion">Beli versi lanjutan</string>
  <string name="freeVersionFound">Ditemukan versi GRATIS di sistem anda.</string>
  <string name="uninstallFreeVersionPrompt">Kami merekomendasikan, hapus versi GRATIS dan gunakan versi terdaftar. Sebelum penghapusan, anda mungkin butuh pencadangan data di versi GRATIS. Lalu kembalikan di versi PRO.
Haruskah saya menghapus versi GRATIS sekarang?</string>
  <string name="pref_title_copySerialNum">Salin nomor seri perangkat ke papan klip</string>
  <string name="askToCheckRegistrationCode">"Kode pendaftaran tidak benar atau belum terdaftar. Apakah anda ingin memeriksa kode pendaftaran sekarang?"</string>
  <string name="deleteContactConfirmation">Kontak \"%s\" akan dihapus.</string>
  <string name="enable">Aktif</string>
  <string name="allIncomingCalls">Semua panggilan masuk</string>
  <string name="anonymousIncomingCalls">Panggilan masuk tak bernama</string>
  <string name="anonymousIncomingCallsSummary">Ketika memanggil jangan kirim nomor telepon</string>
  <string name="automaticGroups">Grup otomatis</string>
  <string name="pref_title_dialPrefix">Awalan kode panggil</string>
  <string name="pref_summary_dialPrefix">Bila awalan diberikan, akan ada opsi lain untuk memanggilnya dengan menekan menu yang lama</string>
  <string name="pref_title_dialSuffix">Akhiran kode panggil</string>
  <string name="pref_summary_dialSuffix">Bila akhiran diberikan, akan ada opsi lain untuk memanggilnya dengan menekan menu yang lama</string>
  <string name="pref_title_quickDialLimit">Batas Panggil-Cepat</string>
  <string name="pref_title_languageForT9Keyboard">Bahasa untuk T9-keyboard</string>
  <string name="pref_summary_languageForT9Keyboard">Pilih bahasa yang ingin anda tampilkan di blok angka T9.</string>
  <string name="callFilterAction">Tindakan</string>
  <string-array name="callFilterActions">
    <item>Tertahan</item>
    <item>Ijinkan</item>
    <item>Sunyi</item>
  </string-array>
  <string name="callFilterActionIntercept">Tahan</string>
  <string name="callFilterActionInterceptAndNotify">Tahan dan Beritahu</string>
  <string name="callFilterActionAllows">Ijinkan</string>
  <string name="callFilterActionSilence">Sunyi</string>
  <string name="callFilterType">Jenis penyaringan</string>
  <string-array name="callFilterTypes">
    <item>Penyaringan grup</item>
    <item>Penyaringan angka</item>
    <item>Nomor telepon yang terkini dihubungi</item>
  </string-array>
  <string-array name="callFilterTypesHint">
    <item>Pilih grup untuk penyaringan</item>
    <item>Masukkan nomor untuk penyaringan</item>
    <item>Pilih durasi yang benar</item>
  </string-array>
  <string name="ruleEditor">Aturan pengeditan</string>
  <string name="label">Label</string>
  <string name="numberFilterExplain">* = string apapun, ? = huruf apapun</string>
  <string name="effectiveTimeOfTheRule">"Aktivitas dari %1$s ke %2$s"</string>
  <string name="menu_viewRelatedContacts">Tampilkan hubungan kontak</string>
  <string name="title_selectNumbers">Mohon pilih angka</string>
  <string name="title_selectEmailAddresses">Mohon pilih alamat email</string>
  <string name="pref_title_lockView">Tampilan kunci item berubah</string>
  <string name="pref_summary_lockView">Tampilan kunci item untuk merubahnya dengan menggeser 2 jari</string>
  <string name="selectedNumberOfContacts">Kontak terpilih %d</string>
  <string name="selectedNumberOfEmailAddresses">Alamat terpilih %d, klik untuk menyalin ke papan klip.</string>
  <string name="selectedNumberOfPhoneNumbers">Nomor telepon terpilih %d</string>
  <!-- 2.1.1 -->
  <string name="pref_title_nameFieldToShow">Pilih opsi nama untuk tampil</string>
  <string name="pref_summary_nameFieldToShow">Hanya efektif ketika \"Tampilkan kontak sebagai\" di atur non-utama.</string>
  <string-array name="pref_entries_nameField">
    <item>Nama Pemberian</item>
    <item>Nama Keluarga</item>
    <item>Nama Tengah</item>
    <item>Nama Awalan</item>
    <item>Nama Akhir</item>
    <item>Ejaan nama pemberian</item>
    <item>Ejaan nama keluarga</item>
    <item>Ejaan nama tengah</item>
  </string-array>
  <string name="pref_title_showMatchFirstLetterResultsFirst">Tampilkan hasil pertama \"Sesuai dengan huruf pertama\"</string>
  <string name="pref_title_clickTheActions">Klik daftar urutan tindakan</string>
  <string name="pref_summary_clickTheActions">Tindakan ketika anda mengklik daftar urutan.</string>
  <string name="pref_summary_clickListIconActions">Tindakan ketika anda mengklik ikon kontak di tampilan daftar.</string>
  <string name="action_viewItemAuto">Lihat item (kontak atau riwayat otomatis)</string>
  <string name="action_viewContactDetails">Lihat detail kontak</string>
  <string name="action_selectNumberToCall">Pilih angka untuk memanggil</string>
  <string name="action_viewContactHistory">Lihat riwayat kontak</string>
  <string name="action_viewQuickContactBadge">Lihat cepat pengenal kontak</string>
  <string name="action_callCurrentNumber">Panggil nomor saat ini</string>
  <string name="action_callDefaultNumber">Panggil nomor utama</string>
  <string name="action_callUsingSIP">Panggil menggunakan SIP</string>
  <string name="action_sendMessageToCurrentNumber">Kirim SMS/MMS ke nomor saat ini</string>
  <string name="action_sendMessageToDefaultNumber">Kirim SMS/MMS ke nomor yang utama</string>
  <string name="pref_title_clickIconActions">Ikon tindakan diklik</string>
  <string name="pref_summary_clickIconActions">Tindakan ketika ikon kontak diklik di tampilan berkisi.</string>
  <string name="pref_title_lockWindowPosition">Kunci posisi jendela</string>
  <string name="pref_summary_lockWindowPosition">Bila anda tidak ingin memindahkannya dengan menyeret.</string>
  <string name="pref_title_showCallerLocation">Tampilkan lokasi pemanggil</string>
  <string name="downloadPluginPrompt">Perlu pemasangan plug-ins. Unduh sekarang?</string>
  <string name="Default">Utama</string>
  <string name="pref_title_searchCallLog">Pencarian rekaman pemanggil</string>
  <string name="pref_summary_searchCallLog">Perlu membuka \"Tampilan rekaman pemanggil di telepon\"</string>
  <string name="menu_shareContacts">Berbagi kontak</string>
  <string name="font_size">Ukuran huruf</string>
  <string name="show_call_log_filter">Tampilkan penyaringan rekaman pemanggil</string>
  <string name="hide_call_log_filter">Sembunyikan penyaringan rekaman pemanggil</string>
  <string name="prompt_in_sms_tab">Tampilkan SMS dikirim ke grup oleh DW Kontak.</string>
  <string name="pref_title_exitWhenCallEnds">Keluar ketika panggilan berakhir</string>
  <string name="pref_title_residesInMemory">Berada di memori</string>
  <string name="pref_summary_residesInMemory">Membuka bersamaan "Aktifkan layanan latar belakang" bisa tinggal dimemori lebih lama.</string>
  <!-- Header that expands to list all of the types of settings -->
  <string name="optionsLabelsGroup">Opsi</string>
  <string name="pref_summary_textColorForSecondT9Languare">Warna kedua bahasa T9</string>
  <string name="pref_title_enableDualcardSuppout">Aktifkan dukungan dua kartu</string>
  <!-- 联系人详细信息 -->
  <string name="detailsList">Detil</string>
  <string name="pref_title_minimumHeightOfListItem">Tinggi minimal daftar item</string>
  <string name="loading">Memuat…</string>
  <string name="pref_title_displayWhenDialing">Tampil ketika memanggil</string>
  <string name="pref_title_usingMoreDetailedListSection">Penggunaan detil lebih rinci dibagian daftar</string>
  <string name="pref_summary_usingMoreDetailedListSection">Huruf ini akan digunakan untuk melompat cepat</string>
  <string name="desktop_widget_limit_messages">Di versi gratis hanya dapat membuat desktop widget.</string>
  <string name="label_customField">Kolom kustomisasi</string>
  <string name="menu_otherContactViewer">Penampil kontak lainnya</string>
  <string name="pref_title_hideStatistics">Sembunyikan statistik</string>
  <string name="pref_title_backupTheme">Cadangka pengaturan tema</string>
  <string name="pref_title_restoreTheme">Pulihkan pengaturan tema</string>
  <string name="appwidget_titleText">Sebutan</string>
  <string name="appwidget_summary_selectGroup">Mohon pilih kontak grup yang tampil.</string>
  <string name="iconSize">Ukuran ikon</string>
  <string name="widgetConfiguration">Pengaturan widget</string>
  <string name="pref_title_iconNumberOfColumns">Jumlah ikon per kolom</string>
  <string name="pref_summary_iconNumberOfColumns">0 untuk otomatis sesuai</string>
  <string name="tips_contactAppWidget">Klik judul widget untuk masuk ke pengaturan</string>
  <string name="pref_title_nameLines">Nama garis</string>
  <string name="pref_summary_nameLines">0 untuk sembunyikan nama</string>
  <string name="menu_deleteTheShownCallLog">Hapus rekaman panggilan yang tampil</string>
  <string-array name="pref_entries_contactListSearchOptions">
    <item>Pencarian semua kolom</item>
    <item>Pencarian ke semua kontak</item>
    <item>Pencarian di Daftar Alamat Umum</item>
  </string-array>
  <string name="pref_title_defaultContactIcon">Ikon kontak utama</string>
  <string name="pref_title_defaultGroupIcon">Ikon grup utama</string>
  <string name="prompt_restoreDefaultSettings">Membuat cadangan pengaturan dulu direkomendasikan. Pulihkan semua pengaturan ke awal sekarang?</string>
  <string name="pref_title_interceptCallsEvenDuringCall">Tahan panggilan selama memanggil</string>
  <string name="pref_summary_interceptCallsEvenDuringCall">Ini mungkin menyebabkan panggilan keluar berakhir.</string>
  <string name="pref_title_displayPromptWhenCallBlocked">Tampilkan peringatan ketika panggilan diblokir.</string>
  <!-- Call Statistics -->
  <string name="call_statistics">Statistik panggilan</string>
  <string name="freeNumbersManager">Gratis pengaturan nomor-nomor</string>
  <string name="tab_call_statistics">Stats</string>
  <string name="call_type_incoming">Masuk</string>
  <string name="call_type_outgoing">Keluar</string>
  <string name="call_type_missed">Tak terjawab</string>
  <string name="call_type_blocked">Blokir</string>
  <string name="call_type_all">Semua</string>
  <string name="call_duration">Durasi</string>
  <string name="call_duration_minute">Min.Biaya</string>
  <string name="call_count">Hitung</string>
  <string name="call_statistics_time_billingCycle">Siklus tagihan</string>
  <string name="call_statistics_time_thisMonth">Bulan ini</string>
  <string name="call_statistics_time_thisWeek">Minggu ini</string>
  <string name="call_statistics_time_all">Semua waktu</string>
  <string name="pref_title_startDayOfBillingCycle">Siklus tagihan mulai hari</string>
  <string name="pref_title_missedCallsTextColor">Warna teks panggilan tak terjawab</string>
  <string name="pref_summary_unansweredOutgoingCallsTextColor">Panggilan keluar tak terjawab</string>
  <string name="pref_title_freeMonthlyTalkTime">Gratis waktu bicara bulanan</string>
  <string name="pref_title_freeIncomingCalls">Gratis panggilan masuk</string>
  <string name="pref_title_costWarning">Peringatan biaya</string>
  <string name="pref_summary_costWarning">Tampilkan pengingat ketika gratis waktu bicara habis</string>
  <string name="prompt_freeTalkTimeIsOver">Gratis waktu bicara telah selesai.</string>
  <string name="prompt_remainingFreeTalkTimer">Sisa gratis waktu bicara: %1$d menit; harian: %2$d menit.</string>
  <string name="pref_title_showGroupSContactsCount">Tampilkan hitungan grup kontak</string>
  <string name="pref_summary_showGroupSContactsCount">Membukanya akan berakibat pada kecepatan memuat kontak.</string>
  <string name="pref_title_contactPictureZoomMode">Mode perbesar gambar kontak</string>
  <string-array name="pref_entries_contactPictureZoomMode">
    <item>Tengah</item>
    <item>Potong ditengah</item>
    <item>Pas tengah</item>
    <item>Tengah sama besar</item>
    <item>Sama besar XY</item>
  </string-array>
  <string name="get_online_help">Dapatkan bantuan online</string>
  <string name="error_report">Laporan kesalahan</string>
  <string name="hasNoPhoneNumberContacts">Kontak tidak memiliki nomor telepon</string>
  <string name="pref_title_minimumBillableTime">Waktu minimal penagihan</string>
  <string name="pref_summary_minimumBillableTime">Pengaturan saat ini adalah %s detik. Jika waktu bicara adalah 01:15. Pengaturan 30 detik, waktu pengisian menjadi 01:30; pengaturan 60 detik, waktu pengisian menjadi 02:00.</string>
  <string name="menu_showSidebar">Tampilkan sisi bilah status</string>
  <string name="menu_hidesidebar">Sembunyikan sisi bilah status</string>
  <string name="SIMCard1">Kartu SIM 1</string>
  <string name="SIMCard2">Kartu SIM 2</string>
  <string name="sim_card_office">Kantor</string>
  <string name="sim_card_home">Rumah</string>
  <string name="sim_card_call">Panggil</string>
  <string name="sim_card_internet">Internet</string>
  <string name="sim_card_heart">Hati</string>
  <string name="lable_sim_card_name">Nama:</string>
  <string name="lable_sim_card_icon">Ikon:</string>
  <string name="defaultSIMcard">Kartu SIM utama</string>
  <string name="prompt_inFirstUseDialer">Membuat panggilan darurat tergantung dari sistem untuk menyediakan aplikasi dial-up. Yakinkan bekerja dengan baik.</string>
  <string name="pref_title_enableBackgroundDataLoading">Aktifkan memuat data di latar belakang</string>
  <string name="pref_summary_enableBackgroundDataLoading">Aktifkan untuk memperbaiki kecepatan respon aplikasi.
Mohon dicatat hal ini akan menguras penggunaan batere.</string>
  <string name="pref_title_scaleToFitTheScreen">Naikkan ukuran agar sesuai dengan layar</string>
  <string name="pref_summary_scaleToFitTheScreen">Otomatis menaikkan ukuran kisi agar sesuai layar</string>
  <string name="pref_summary_whenPortraitMode">Mode Vertikal</string>
  <string name="pref_summary_whenTheSidebarIsOpen">Mode sidebar vertikal</string>
  <string name="pref_summary_whenInLandscapeMode">Mode Horisontal</string>
  <string name="pref_summary_whenInLandscapeModeAndTheSidebarIsOpen">Mode sidebar Horisontal</string>
  <string name="pref_title_usingMoreDetailedFastScroller">Gunakan detil rinci di penggulung cepat</string>
  <string name="pref_title_contactFields">Kolom kontak</string>
  <string name="pref_summary_informationNeedSendToCalendar">Pilih informasi yang perlu dikirim ke kalendar</string>
  <string-array name="pref_entriesNeedSendToCalendar">
    <item>Organisasi</item>
    <item>Alamat</item>
    <item>Telepon</item>
    <item>Email</item>
    <item>Catatan</item>
  </string-array>
  <string name="menu_addConsecutiveNumbers">Tambahkan nomor berurutan</string>
  <string name="startingNumber">Dimulai nomor</string>
  <string name="endingNumber">Diakhiri nomor</string>
  <string name="prompt_ALotOfNumbersToAddToContact">%d nomor baru akan ditambahkan ke kontak. Ini akan memakan waktu.</string>
  <string name="prompt_numberParsingErrorInaddConsecutiveNumbers">Kesalahan mengurai nomor! Mohon tidak memasukkan nomor yang diformat.</string>
  <string name="prompt_needToAddNumbersTooMuch">Ini akan membuat %d nomor ditambahkan ke kontak. Menambahkan nomor terlalu banyak menyebabkan telepone menjadi lambat.</string>
  <string name="prompt_addConsecutiveNumbers_accountDoesNotSupport">Akun kontak tidak mendukung penambahan nomor telepon terlalu banyak.</string>
  <string name="pref_title_usingHDContactPicture">Menggunakan gambar kontak HD</string>
  <string name="pref_title_linksInNotes">Tautan dalam catatan</string>
  <string name="pref_summary_linksInNotes">Ketika diaktifkan, URL Web, email, alamat jalan, dan nomor telepon akan mudah diklik dalam catatan.</string>
  <string name="pref_title_enableInCallWidget">Aktifkan di knop memanggil</string>
  <string name="pref_title_delayToClose">Tunda untuk keluar</string>
  <string name="pref_summary_delayToCloseInCallWidget">Tunda %ds Tutup \"Widget sedang memanggil\" bila panggilan berakhir.</string>
  <string name="pref_title_closeWhenOffhook">Keluar ketika sinyal buruk</string>
  <string name="pref_summary_closeWhenOffhook">Keluar \"Knop memanggil\" ketika anda menjawab panggilan.</string>
  <string name="pref_summary_informationNeedShowInInCallWidget">Pilih informasi yang perlu ditampilkan di \"knop memanggil\".</string>
  <string name="phoneNumberLabel">Label nomor telepon</string>
  <string name="last_contact_time">Waktu terakhir menghubungi</string>
  <string name="contact_pictures">Gambar kontak</string>
  <string name="menu_importToQuickdialList">Import ke daftar Panggil-Cepat</string>
  <string name="confirm_importToQuickdialList">Catat bahawa mengimpor data akan menimpa data yang sudah ada.</string>
  <string name="toast_importToQuickdialListSuccessfully">%d nomor telah diimpor</string>
  <string name="pref_title_frameColor">Warna bingkai</string>
  <string name="pref_title_hideDefaultIcon">Sembunyikan ikon utama</string>
  <string name="pref_summary_hideDefaultIcon">Sembunyikan ikon utama di daftar tampilan.</string>
  <string name="pref_title_showInTheSidebar">Tampilkan di bilah status</string>
  <string name="pref_summary_showInTheSidebar">Pilih item yang perlu ditampilkan dibilah status</string>
  <string-array name="pref_entries_showInTheSidebar">
    <item>Grup</item>
    <item>Perusahaan</item>
    <item>Sebutan</item>
  </string-array>
  <string name="menu_addToQuickdialList">Tambahkan ke daftar Panggil-Cepat</string>
  <string name="toast_theNumberHasNeenAdded">Nomor telah ditambahkan.</string>
  <string name="pref_title_fontSizeSidebar">Ukuran huruf (bilah status)</string>
  <!-- 	<string name="hour">Hour</string> -->
  <string name="contactedLastXHours">%s jam terakhir dihubungi</string>
  <!-- 	选中的邮件地址已经复制到剪贴板。您可以将它粘贴到邮件程序的地址字段 -->
  <string name="toast_selectedEmailAddressCopied">Alamat email terpilih telah disalin ke papan klip. Anda bisa menyisipkannya ke kolom alamat di aplikasi email.</string>
  <string name="pref_title_backUpAllData">Candangkan semua data</string>
  <!-- 	由于数据库的更新。还原数据可能导致组铃声、组图片和防火墙工作不正常。请检查它们在恢复数据后。 -->
  <string name="pref_summary_backUpAllData">Semenjak database diperbaharui. Ketika data di telah dipulihkan akan menyebabkan nada dering grup, gambar, dan penyaringan panggilan tidak akan berjalan dengan baik. Silahkan periksa itu semua di pemulihan data.</string>
  <!-- 	注意这不会备份联系人数据库。 -->
  <string name="warning_notBackUpContactsDatabase">Perhatian hal ini tidak akan mencadangkan database kontak.</string>
  <string name="pref_title_restoreAllData">Pemulihan semua data</string>
  <string name="toast_backedSuccessfully">Berhasil dicadangkan hingga %s.</string>
  <string name="toast_backedFailed">Pencadangan gagal. Yakinkan bahwa anda telah menentukan lokasi pencadangan.</string>
  <string name="toast_restorSuccessfully">Berhasil dipulihkan dari %s.</string>
  <string name="toast_restorFailed">Pemulihan gagal. Yakinkan bahwa anda telah menentukan lokasi dengan benar.</string>
  <string name="close">Keluar</string>
  <string name="minimize">Minimal</string>
  <string name="maximize">Maksimal</string>
  <string name="call">Panggil</string>
  <string name="toast_notSuppouteditingNotes">Kontak ini tidak mendukung pengeditan catatan.</string>
  <!-- An option in the event notification settings, open it automatically sends the blessing SMS comes in contact events. -->
  <string name="pref_title_automaticallySendGreetingsSMS">Kirim SMS ucapan otomatis</string>
  <!-- 	注意发送消息时您不会得到通知，发送时间为事件当天的[通知时间]。 -->
  <string name="pref_summary_automaticallySendGreetingsSMS">Catat bahwa ketika mengirim pesan, anda tidak akan diberitahu. sewaktu mengirim kegiatan di hari [Waktu pemberitahuan]</string>
  <!-- Prompt message before you delete a call log. -->
  <string name="prompt_deleteCallLog">Catat untuk menghapus semua data panggilan akan berdampak pada statistik panggilan.</string>
  <!--
    Dispaly in [In call Widget]
    Example:
    The last contact time: 5 days ago。 -->
  <string name="in_call_lastContactTime">Waktu terakhir dihubungi: %s</string>
  <string name="recommendToFriends">Rekomendasikan ke teman</string>
  <string name="filterMode">Modus Penyaringan</string>
  <!-- 	Show contacts filter Details Grp = Group; Com = Company; Tit = Title -->
  <string name="contactsFilterSummary">Penyaringan: Grp: %1$s Com: %2$s Tit: %3$s</string>
  <string name="pref_title_largeDialButton">Perbesar tombol panggil</string>
  <!-- 	显示在联系人组编辑器，为编辑的组设置父组 -->
  <string name="parentGroup">Grup induk</string>
  <string name="pref_title_formatPhoneNumber">Format nomor telepon</string>
  <string name="menu_viewSelectedContacts">Lihat kontak terpilih</string>
  <string name="filter_status_all">Semua</string>
  <string name="pref_title_enableSlidingAction">Aktifkan tindakan geser</string>
  <!-- 	启用滑动拨号等等，关闭它以便使用滑动切换号码。 -->
  <string name="pref_summary_enableSlidingAction">Aktifkan panggil luncuran dsb.
Anda bisa menonaktifkan luncuran untuk beralih ke angka.</string>
  <!-- Click Open browser to select files or other data -->
  <string name="browse">Peramban</string>
  <string name="companies">Perusahaan</string>
  <string name="company">Perusahaan</string>
  <string name="clear">Bersih</string>
  <string name="other">Lainnya</string>
  <string name="voice_input">Masukan suara</string>
  <string name="app_widget_name_dialer_3_3">DW Pemanggil 3 x 3</string>
  <string name="app_widget_name_dialer_2_3">DW Pemanggil 2 x 3</string>
  <string name="app_widget_name_dialer_4_4">DW Pemanggil 4 x 4</string>
  <string name="app_widget_name_agenda">DW Agenda</string>
  <!-- 	A menu item is used to select mode grouping contacts. -->
  <string name="menu_groupBy">Grup menurut</string>
  <string name="menu_showHistory">Tampilkan riwayat</string>
  <string name="menu_sendMessage">Kirim SMS/MMS</string>
  <string name="menu_sendMail">Kirim email</string>
  <string name="menu_setRingtone">Tetapkan nada dering</string>
  <string name="menu_insert">Masukkan</string>
  <string name="pref_title_disableAutomaticUpdates">Jangan aktifkan otomatis pembaruan.</string>
  <string name="pref_title_showsLinkToContactList">Tampilkan tautan ke daftar kontak</string>
  <!-- A number label, recently contacted number，It shows in the contact details SMS TAB. Number selection drop-down list. For example: Recent:12345678 -->
  <string name="recent">Terkini</string>
  <string name="dialog_title_selectFieldsToShare">Pilih kolom untuk dibagi</string>
  <string name="pref_title_showSIMCardNumber">Tampilkan nomor kartu SIM</string>
  <string name="pref_title_swapSIMCardNumber">Tukar nomor kartu SIM</string>
  <string name="pref_summary_selectNeedToDisplayTabs">Pilih untuk menampilkan tab</string>
  <!-- 	检测到您正使用屏幕阅读程序。是否显示“电话号码选择对话框”在拨号前？ -->
  <string name="prompt_usePhoneNumberSelectionDialogWhenUseScreenReader">Dideteksi bahwa anda menggunakan aplikasi pembaca layar. Apakah tampilkan \"Jendela pemilih nomor telepon\" sebelum memanggil?</string>
  <string name="neverShowAgain">Jangang tampil lagi</string>
  <!-- 	选择[确定]，“通话中小部件”将不会再次显示。 -->
  <string name="prompt_neverShowAgain">Pilih [%1$s], maka \"%2$s\" tidak akan muncul lagi.</string>
  <string name="dualSIMCardConfiguration">Konfigurasi kartu dua SIM</string>
  <!-- 	如果SIM卡编号显示不正确，请先通过两个SIM卡各拨打一个电话，然后点击[重新检测]按钮。 -->
  <string name="prompt_retestSIMCardNumber">Bila nomor kartu yang tampil tidak benar, mohon dengan masing-masing kartu SIM lakukan panggilan, lalu pilih tombol [Retest].</string>
  <!-- 	重新检测 -->
  <string name="retest">Coba lagi</string>
  <!-- 	检测已完成 -->
  <string name="toast_retestSIMCardNumberCompleted">Percobaan telah lengkap.</string>
  <string name="toast_settingsHaveBeenSaved">Pengaturan telah disimpan.</string>
  <!-- 	如果双卡功能不工作在您的设备。请尝试选择设备列表中的每一个设备，然后单击[拨号]按钮。当两个拨号按钮使用正确SIM卡拨号时，单击[保存]按钮。 -->
  <string name="prompt_dualSIMDialTest">Bila fungsi dua kartu tidak bekerja di perangkat anda. Coba pilih setiap perangkat di daftar perangkat, dan kemudian klik tombol [Dial]. Klik tombol [Save] ketika dua tombol panggil menggunakan kartu SIM yang benar.</string>
  <string name="lable_device">Perangkat:</string>
  <string name="lable_testNumber">Nomor test:</string>
  <!-- 	 An option. When you enable the exchange of the SIM card used when making calls. When the dial buttons 1 and 2 do not correspond correct SIM card to select it. -->
  <string name="swapTheDialSIMcard">Tukar kartu SIM pemanggil</string>
  <string name="shareMySettings">Bagikan pengaturanku</string>
  <!-- 	已添加前缀/后缀（%s） -->
  <string name="toast_prefixOrSuffixHasBeenAdded">Awalan / Akhiran telah ditambahkan (%s)</string>
  <string name="pref_title_downloadGeocoderPlugin">Unduh plugin Geocoder</string>
  <string name="menu_bindTo">Ikat ke %s</string>
  <string name="menu_clearBind">Lepaskan ikatan</string>
  <string name="pref_title_twoDialOnTheDialpad">Tampilkan dua tombol di blok panggil</string>
  <string name="pref_title_twoDialInTheContactList">Tampilkan dua tombol panggil di daftar kontak</string>
  <!-- 	call using SIM card 1 -->
  <string name="description_dial_button_using">Panggil menggunakan %s</string>
  <string name="menu_shareAsText">Bagikan semua detil sebagai teks</string>
  <string name="menu_shareAsvCard">Bagikan sebagai vCard</string>
  <string name="noItmeSelected">Tak ada item dipilih</string>
  <string name="pref_title_leftHandedOperation">Pengoperasian tangan-kiri</string>
  <string name="description_goToSubGroups_button">Pergi ke daftar sub grup</string>
  <!-- 一个选项，当打开备注会优先保存到联系人，而不是通话记录备注 -->
  <string name="pref_title_saveNotesToContacts">Simpan catatan ke kontak</string>
  <string name="export_to_single_vcard_file">Ekspor ke berkas tunggal vCard</string>
  <string name="export_to_multiple_vcard_files">Ekspor ke multi berkas vCard</string>
  <string name="confirm_export_contacts_to_folder_message">Kontak anda akan diekspor ke folder: %s.</string>
  <!-- 读出来电显示号码 -->
  <string name="pref_title_speakCallerID">ID bicara pemanggil</string>
  <string name="pref_title_speakOrganization">Bicara organisasi</string>
  <string name="pref_title_speakNumber">Bicara nomor</string>
  <string name="pref_summary_speakNumber">Bila pemanggil tidak di kontak</string>
  <string name="pref_title_repeatCount">Ulangi penghitungan</string>
  <string name="pref_title_repeatInterval">Ulangi tempo</string>
  <string name="pref_title_reverseList">Membalikkan Daftar</string>
  <string name="pref_title_openQuickJumpOnStartup">Buka Lompat-Cepat waktu memulai</string>
  <!-- 搜索历史记录 - 一个开关确定是否显示搜索历史记录 -->
  <string name="pref_title_searchHistory">Pencarian riwayat</string>
  <string name="menu_add_event">Tambah kegiatan</string>
  <string name="notification_dataLoaderIsRunning">Pemuat data sedang berjalan</string>
  <string name="clickToGetMoreInformation">Klik untuk informasi lebih banyak</string>
  <!-- 	您好，试用期限将结束在5天后。现在要购买吗？ -->
  <string name="remind_trialPeriodWillEnd">Halo, masa percobaan akan habis dalam %d hari. Maukah anda beli sekarang?</string>
  <string name="menu_addToBlockList">Tambahkan ke daftar blokir</string>
  <string name="menu_removeFromBlockList">Hapus dari daftar blokir</string>
  <string name="blockList">Daftar blokir</string>
  <string name="font">Huruf</string>
  <string name="needToUpdate">Perlu diperbaharui</string>
  <string name="disable">Nonaktifkan</string>
  <string name="pref_title_hideContactPicture">Sembunyikan gambar kontak</string>
  <string name="event_info_links_label">Tautan</string>
  <string name="pref_title_calllogFilterAtTop">Tampil \"Penyaringan rekaman panggilan\" di atas layar</string>
  <!-- A menu, click the call methods available to display. For example: SIM card 2; Video call; Skype; SIP -->
  <string name="menu_callUsing">Panggil dengan…</string>
  <string name="video_call">Panggilan video</string>
  <string name="automatic_redial">Panggil ulang otomatis</string>
  <!-- Automatic redial after 3 seconds. -->
  <string name="automatic_redial_after">Panggil ulang otomatis setelah %s.</string>
  <!-- Enter "Arrange mode", you can drag to sort items. -->
  <string name="menu_arrangeMode">Modus Penataan</string>
  <string name="summary_arrangeMode">Seret item untuk mengurut</string>
  <string name="recommend_template">"Teman!\nKutelah menggunakan %1$s. Aplikasi kontak yang harus dimiliki. Kamu bisa menggunakan tautan ini untuk mengunduh: %2$s"</string>
  <string name="recommend_id_template">"Jangan lupa untuk memasukan ID ku (%s) ke (kotak alat TAB -&gt; Rekomendasikan ke teman).\nThanks!"</string>
  <!-- An option to choose what to hide in the contact details -->
  <string name="pref_title_hideSection">Sembunyikan bagian</string>
  <string name="pref_title_automaticBackup">Otomatis cadangkan</string>
  <string name="pref_title_backupTime">Waktu pencadangan</string>
  <string name="pref_title_backupCycle">Siklus pencadangan</string>
  <string-array name="pref_entries_backupCycle">
    <item>Setiap hari</item>
    <item>Setiap 2 hari</item>
    <item>Setiap 3 hari</item>
    <item>Setiap empat hari</item>
    <item>Setiap lima hari</item>
    <item>Setiap enam hari</item>
    <item>Mingguan</item>
    <item>Bulanan</item>
  </string-array>
  <string name="pref_title_contactsBackup">Cadangkan kontak</string>
  <string name="pref_summary_contactsBackup">Pilih grup yang dicadangkan</string>
  <string name="pref_title_backupNow">Cadangkan sekarang</string>
  <string name="pref_title_disableInCarMode">Nonaktifkan di mode pesawat</string>
  <string name="pref_summary_disableInCarMode">Nonaktifkan sementara konfirmasi pemanggilan, ketika di modus pesawat</string>
  <!-- An alert message when adding a shortcut to the HomePage request has been sent. -->
  <string name="toast_requestHasBeenSent">Permintaan telah dikirim</string>
  <string name="pref_title_hideMenuButton">Sembunyikan tombol menu</string>
  <string name="pref_summary_hideMenuButton">Bila perangkat anda tidak memiliki tombol menu, menyembunyikannya anda akan kehilangan akses ke menu</string>
  <string name="pref_title_deleteOldCallLogs">Hapus rekaman panggilan yang lama</string>
  <string name="pref_summary_deleteOldCallLogs">Ketika nomor mencapai %s, hapus rekaman panggilan yang lama</string>
  <string name="menu_setContactPhoto">Tetapkan gambar kontak</string>
  <!-- OPTION: When you restart the app. Restore the state when last used. -->
  <string name="pref_title_restoreStateWhenRestarted">Pulihkan keadaan ketika dijalankan ulang</string>
  <string name="websiteTypeHomepage">Laman Utama</string>
  <string name="websiteTypeBlog">Blog</string>
  <string name="websiteTypeProfile">Profil</string>
  <string name="websiteTypeHome">Utama</string>
  <string name="websiteTypeWork">Pekerjaan</string>
  <string name="websiteTypeFTP">FTP</string>
  <!--     <string name="description">Description</string> -->
  <!--     <string name="menu_add_link">Add link</string> -->
  <string name="pref_title_excludeNumbers">Nomor pengecualian</string>
  <string name="pref_summary_excludeNumbers">Memanggil nomor berikut tidak akan menampilkan jendela [Konfirmasi Pemanggilan]</string>
  <!-- Menu item used to add custom field to contact -->
  <string name="menu_addCustomField">Tambahkan kustom kolom</string>
  <!-- An automatic group name, which contains all has photo contacts -->
  <string name="hasPhotoContacts">Memiliki foto kontak</string>
  <!-- Selectable menu item used to controls whether display "contacts events" in the "agenda list". -->
  <string name="menu_showContactsEvents">Tampilkan kegiatan kontak</string>
  <!-- An option to define accent color. The color applied to framework controls in their activated (ex. checked) state. -->
  <string name="pref_title_accentColor">Warna khas</string>
  <!-- An option to define whether the appointment is created automatically send the invitation email.-->
  <string name="pref_title_sendInvitation">Kirim undangan</string>
  <!-- An option to define whether the appointment is created automatically send the invitation email.-->
  <string name="pref_summary_sendInvitation">Tambahkan alamat email kontak ke yang hadir</string>
  <!-- An option to define whether use circle icon.-->
  <string name="pref_title_circleIcon">Ikon Lingkaran</string>
  <string name="on">Hidup</string>
  <string name="off">Mati</string>
  <!-- Determined by the theme -->
  <string name="byTheme">Menurut tema</string>
  <!-- An option to define color -->
  <string name="pref_title_callLogFilterBackground">Penyaringan latar belakang rekaman panggilan</string>
  <!-- An option to define whether use colorful icon.-->
  <string name="pref_title_colorfulIcon">Ikon berwarna</string>
  <!-- Select this option to Reduce the ring volume when reading the caller information. -->
  <string name="pref_title_reduceRingerVolume">Kurangi volume dering</string>
  <!-- Select this option to Reduce the ring volume when reading the caller information. -->
  <string name="pref_summary_reduceRingerVolume">Kurangi volume dering ketika membaca informasi pemanggil</string>
  <!-- Menu item used to Go to the "Calendar" App -->
  <string name="menu_goToCalendar">Ke Kalendar</string>
  <!-- Menu item used to add selected item to the Tab bar -->
  <string name="menu_addToTabBar">Tambahkan ke tab bilah status</string>
  <!-- Menu item used to remove selected item from the Tab bar -->
  <!-- Menu item used to browse and restore data -->
  <string name="menu_restoreFrom">Pulihkan dari…</string>
  <!-- Menu item used to open [Backup Manager] -->
  <string name="menu_backupManager">Pengatur Cadangan</string>
  <string name="typeface_bold">Bold</string>
  <string name="typeface_italic">Italic</string>
  <!-- A contact group option. Open it will automatically delete call logs, contacts belong to this group. -->
  <string name="pref_title_automaticallyDeleteCallLogs">Otomatis menghapus rekaman pemanggil</string>
  <!-- An option to control whether to display the contact's local time -->
  <string name="pref_title_showContactsLocalTime">Tampilkan kontak waktu lokal</string>
  <!-- An option -->
  <string name="pref_title_replaceMissedCallNotification">Timpa \"Pemberitahuan panggilan tak terjawab\"</string>
  <!-- An option summary -->
  <string name="pref_summary_replaceMissedCallNotification">Abaikan menampilkan jendela \"Pilih aplikasi\"</string>
  <!-- An option in the dialog box to delete call records. Controls whether delete call log notes -->
  <string name="deleteNotes">Hapus Catatan</string>
  <string name="offset">Offset</string>
  <!-- Label above username EditText -->
  <string name="username">Nama pengguna</string>
  <!-- Button to sign in after entering username and password -->
  <string name="signIn">Sign in</string>
  <string name="message_createLocalContactAccount">Buat akun kontak lokal.
Kontak disimpan di akun berikut tidak tersinkron ke jaringan.
\n<b>Catatan:</b> Menghapus \"DW Kontak\" akan menghapus semua yang terhubung dengan akun kontak ini.
Bila anda mengaktifkan sinkronkan kontak, kontak akan mensinkronkan ke \"<b>Kartu SD</b>/DW/Contacts/\" folder.</string>
  <!-- "By number" merge call records, etc. -->
  <string name="byNumber">Menurut nomor</string>
  <!-- "By contact" merge call records, etc. -->
  <string name="byContact">Menurut kontak</string>
  <string name="toast_switchToIntersectionMode">Klik lagi untuk berpindah ke <b>Intersection mode</b></string>
  <!-- An option to control whether to display the message log in History -->
  <string name="pref_title_showMessageLog">Tampilkan rekaman pesan</string>
  <!-- Menu item used to add data (E-mail address, etc.)  to contacts -->
  <string name="addToContact">Tambahkan ke kontak</string>
  <!-- An option When you open it will maintain a fixed height In call widget. -->
  <string name="fixedHeight">Tinggi sesuai</string>
  <!-- ****************************** Descriptions *********************************** -->
  <!--
         String describing the Keyboard switch ImageButton
         Used by AccessibilityService to announce the purpose of the button.
         [CHAR LIMIT=NONE]
    -->
  <string name="description_switch_keyboard">Beralih keyboard</string>
  <string name="description_pick_contact">Ambil kontak</string>
  <!-- String describing the text for photo of a item(group, title, company，etc.). -->
  <string name="description_icon_for">Ikon untuk <xliff:g id="nama">%1$s</xliff:g></string>
  <!--An option. When opened, will use list long press menu.-->
  <string name="pref_title_useListMenu">Pakai daftar menu</string>
  <!--An option in Accessibility. When opened, Enter the number need to double click to confirm.-->
  <string name="pref_title_doubleClickEnterNumber">Klik ganda untuk memasukkan nomor</string>
  <!--A item of list, control information needs to be displayed in the "In call widget"-->
  <string name="positionInQuickDial">Posisi di panggil cepat</string>
  <string name="prompt_requiresPermission">Membutuhkan perijinan <b>%1$s</b>.</string>
  <string name="pause">Jeda</string>
  <string name="description_add_voice_tag">Tambahkan tag suara</string>
  <string name="pref_color_schemes">Warna skema</string>
  <string name="navigation_drawer_open">Buka laci navigasi</string>
  <string name="navigation_drawer_close">Tutup laci navigasi</string>
  <string name="toast_adjustColors">Klik dimanapun yang anda inginkan untuk menyesuaikan warna</string>
  <string name="auto_close">Otomatis Tutup</string>
  <string name="voice_tag">Tag Suara</string>
  <!--An option title in [Contact Details]. When opened, Will merge items,When just labels different.-->
  <string name="pref_title_mergeItemsJustDiffLabel">Gabungkan Item</string>
  <!--An option summary in [Contact Details]. When opened, Will merge items,When just labels different.-->
  <string name="pref_summary_mergeItemsJustDiffLabel">Bila label berbeda</string>
  <!-- Notification message when adding a number to the blacklist, but the call filter did not open. -->
  <!--An option title in [Events]. Define which events need to display. It filter events based on contact groups-->
  <!--An option title in [Color schemes]. Used to define the "List section" Text Size -->
  <!--An option. When open: The starred contacts are displayed at the top of the list. -->
</resources>
