<?xml version="1.0" encoding="utf-8" standalone="no"?>
<!--Generated by crowdin.com-->
<resources>
  <string name="market_title">DW Kontak &amp; Telepon &amp; Pemanggil</string>
  <string name="market_description_s1">Sangat berguna (HARUS MEMILIKI) aplikasi lanjutan untuk koleksi panggilan anda, kontak dan aplikasi pengaturan telepon

FITUR KUNCI
--------------------------</string>
  <!-- max is 27 -->
  <string name="market_description_key_features_001">+ Pencarian kontak berdasarkan apapun</string>
  <string name="market_description_key_features_002">*Tulis catatan ke rekaman panggilan</string>
  <string name="market_description_key_features_003">* Buat dan atur pengingat untuk kontak</string>
  <string name="market_description_key_features_004">+ ID bicara pemanggil</string>
  <string name="market_description_key_features_005">+ Tampilkan nada waktu \"panggilan tak terjawab\"</string>
  <string name="market_description_key_features_027">* Rekaman panggilan tak terbatas</string>
  <string name="market_description_key_features_006">* Mendukung VoIP: System SIP, Viber, Skype, Fring, GrooVe IP Lite, MobileVOIP, BT SmartTalk&#8230;</string>
  <string name="market_description_key_features_007">+ Bagikan kontak (teks,vcard) melalui SMS, email&#8230;</string>
  <string name="market_description_key_features_008">* Mode batch untuk pengiriman masal dengan SMS, MMS, email dengan pilihan tunggal dan multi (kontak, grup, organisasi, sebutan)</string>
  <string name="market_description_key_features_009">+ Widget panggilan: tampilan panggilan masuk dipanjangkan (tampilkan organisasi, grup, catatan, edit catatan panggilan)</string>
  <string name="market_description_key_features_010">+ Penyaringan Panggilan: blokir panggilan masuk gratis tanggal dan waktu ditentukan wilayah</string>
  <string name="market_description_key_features_011">+ Penyaringan kontak: Berdasarkan grup kontak, pekerjaan, menyaring kontak perusahaan</string>
  <string name="market_description_key_features_012">+ Statistik Panggilan: Tampilkan lama waktu anda memanggil. Ketika waktu bicara gratis berakhir akan diberitahukan.</string>
  <string name="market_description_key_features_013">+ Detil kontak: Menampilkan informasi semua kontak bersamaan (sms, rekaman panggilan, statistik panggilan, kegiatan)</string>
  <string name="market_description_key_features_014">+ Mengatur kontak anda menurut alamat kontak</string>
  <string name="market_description_key_features_015">* Sangat dinamis mengkonfigurasikan desain setiap tampilan (pengurutan, ukuran huruf, warna, transparan)</string>
  <string name="market_description_key_features_016">+ Mengkonfigurasikan tampilan daftar kontak, bagaimana seharusnya tampil didaftar ( nama akhir, nama awal, nama panggilan, organisasi, sebutan, nomor, catatan&#8230;)</string>
  <string name="market_description_key_features_017">+ Mendukung grup berlapis, sub-grup (sub-grup melalui Bisnis/VIP = Bisnis -&gt; VIP)</string>
  <string name="market_description_key_features_018">+ Tetapkan nada untuk multi pilihan (kontak, grup, organisasi, sebutan)</string>
  <string name="market_description_key_features_019">* Pemberitahuan kegiatan kontak dan pengaturan kegiatan kontak (ulang tahun, perayaan)</string>
  <string name="market_description_key_features_020">+ Pemanggil(telepon) dengan pencarian T9 - memiliki banyak opsi yang sesuai dengan keinginan anda</string>
  <string name="market_description_key_features_021">+ Pemanggil dan blok angka ukuran dapat disesuaikan, warna latar belakang, ukuran huruf bisa dirubah</string>
  <string name="market_description_key_features_028">* Panggil ulang otomatis</string>
  <string name="market_description_key_features_022">+ Dukungan panggilan kartu dua SIM (tak didukung oleh semua perangkat, karena tidak ada API terbuka)</string>
  <string name="market_description_key_features_023">+ Mengatur panggil cepat: Mendukung hingga 1000 nomor panggil. Memanggil ke 100 dengan memasukan 100#</string>
  <string name="market_description_key_features_024">+ Cadangkan dan kembalikan kontak ke vCard, berisikan grup kontak</string>
  <string name="market_description_key_features_025">+ Semua fungsi mudah diakses dengan cara \"TEKAN LAMA* (tap lalu tahan) pada item apapun atau gunakan tombol *MENU*</string>
  <string name="market_description_key_features_026">+ Mendukung multi bahasa (Terima kasih untuk semua pengguna yang antusias menyediakan terjemahan untuk DWC)</string>
  <string name="market_description_s2">Mohon hargai pekerjaan kami dan belilah versi PRO, yang sangat menguntungkan dengan fungsionalitasnya!
Silahkan coba aplikasi kami dan rekomendasikan ke teman.
Hints:
Jika anda memiliki saran untuk pengembangan -&gt; mohon tulis di forum:
http://forum.dw-p.net atau gunakan fungsi *Umpan balik melalui email* dimenu pengaturan. Jika anda memperbaharui ke versi terbaru dan gagal menjalankan (bila download atau memasang tidak mungkin), silahkan coba menghapus versi sebelumnya.
Tip &amp; trik lihat di http://wiki.dw-p.net/DWC:Tips_%26_Tricks
</string>
  <string name="market_description_limitation">Beberapa fungsi dibatasi di versi gratis:
- pesan-pesan iklan
- modifikasi tema terbatas
- pilihan multi dibaasi hingga 5 item per tindakan
- menulis catatan ke rekaman panggilan
- hanya bisa membuat satu widget aplikasi
- di daftar kunci fitur berisikan item \"*\"</string>
  <string name="market_description_keywords">kontak alamat kontak panggil pemanggil memanggil panggil pemanggil memanggil pon telepon nada dering suara grup grup-grup organisasi perusahaan sebutan alamat buku sms mms email pengatur mengatur pengaturan riwayat rekaman terbaik gratis</string>
  <!-- A brief description of the Google play, If you have a better description, please use your. Thank you! [CHAR LIMIT=80] -->
  <string name="market_brief_description">Aplikasi kontak sangat berguna. Target kami adalah untuk meningkatkan efisiensi pekerjaan anda</string>
</resources>
