<?xml version="1.0" encoding="utf-8"?>
<!--Generated by crowdin.com-->
<resources xmlns:xliff="urn:oasis:names:tc:xliff:document:1.2">
  <string name="label_ringtone">Nada dering</string>
  <string name="default_ringtone">Utama</string>
  <string name="menu_sendEmail">Kirim pesan email</string>
  <string name="showFilterPhones">Hanya kontak bernomor telepon</string>
  <string name="showFilterPhonesDescrip">Hanya tampilkan kontak yang memiliki nomor telepon</string>
  <string name="headerContactGroups">Pilih kontak untuk tampil</string>
</resources>
