<?xml version="1.0" encoding="utf-8"?>
<!--Generated by crowdin.com-->
<resources xmlns:xliff="urn:oasis:names:tc:xliff:document:1.2">
  <string name="label_ringtone">"Мелодия"</string>
  <string name="default_ringtone">"По подразбиране"</string>
  <string name="menu_sendEmail">"Изпращане на имейл"</string>
  <string name="showFilterPhones">"Само контакти с тел. номера"</string>
  <string name="showFilterPhonesDescrip">"Показване само на контакти с тел. номера"</string>
  <string name="headerContactGroups">"Избор на номер за показване"</string>
</resources>
