<?xml version="1.0" encoding="utf-8" standalone="no"?>
<!--Generated by crowdin.com-->
<resources xmlns:xliff="urn:oasis:names:tc:xliff:document:1.2">
  <string name="app_name">DW Контакти и Телефон</string>
  <string name="app_contacts_name">DW контакти</string>
  <string name="starred">Със звезда</string>
  <string name="coworkers">Колеги</string>
  <string name="family">Семейство</string>
  <string name="friends">Приятели</string>
  <string name="myContacts">Моите контакти</string>
  <string name="mergedContacts">Обединени контакти</string>
  <string name="no_item_to_display">Няма елементи за показване</string>
  <string name="allContact">Всички контакти</string>
  <string name="no_phone_numbers">Без телефонни номера</string>
  <string name="menu_edit">Редактиране</string>
  <string name="menu_edit_group">Редактиране на група</string>
  <string name="menu_add_contact_to_group">Добавяне на контакти към група</string>
  <string name="menu_remove_contact_from_group">Премахване на контакти от група</string>
  <string name="groupNameLabel">Име на групата</string>
  <string name="add">Добави</string>
  <string name="message_del_system_group">Това е системна група от контакти. След отстраняването тя може да бъде автоматично възстановена, което може да създаде други проблеми. Наистина ли искате да направите това?</string>
  <string name="menu_select_mode">Множествен избор</string>
  <string name="menu_inverse_select">Размени</string>
  <!--<string name="noContact">This group has no contact</string> -->
  <string name="pleaseWait">Моля, изчакайте</string>
  <string name="pref_send_title">SMS и имейл настройки</string>
  <string name="pref_title_sms_mms_send">SMS / MMS</string>
  <string name="pref_title_email_send">Имейл</string>
  <string name="pref_send_to">Изпрати до %s</string>
  <string-array name="prefEntries_sms_mms_to">
    <item>По подразбиране или първия мобилен номер</item>
    <item>Всички мобилни номера</item>
    <item>Всички номера</item>
  </string-array>
  <string-array name="prefEntries_email_to">
    <item>Имейл адрес по подразбиране</item>
    <item>Всички имейл адреси</item>
  </string-array>
  <!--Recipients location -->
  <string name="pref_title_recipients_location">Анонимност на Получател</string>
  <string name="pref_recipients_location_summary">Всички адреси ще бъдат в полето %s</string>
  <string-array name="pref_entries_recipients_location">
    <item>Bcc</item>
    <item>Cc</item>
    <item>До</item>
  </string-array>
  <string name="menu_preferences">Настройки</string>
  <string name="preferences_title">Настройки</string>
  <string name="error_report_email_explain">Съжаляваме,възникна грешка. Можете да ни помогне да направим този софтуер по-добър, като изпратите доклад, който включва съобщения за грешки и системна информация. Вашите лични данни ще бъдат запазени.</string>
  <string name="no_contact_selected">Не е избран контакт</string>
  <!--Firewall -->
  <string name="firewell_add_item">Добавяне на филтър за повикване</string>
  <string name="lable_week">Дните от седмицата</string>
  <string name="select_group_title">Изберете група</string>
  <!-- %s = call number-->
  <string name="call_blocking_message">%s е блокиран</string>
  <string name="stat_notify_incoming_calls_were_intercepted">%d входящите повиквания са задържани</string>
  <string name="pref_firewall_title">Настройки на филтъра за повикване</string>
  <string name="pref_title_firewall_enable">Разреши филтър за повикване</string>
  <string name="firewall_service_started">Услуга за филтриране на повиквания активирана</string>
  <string name="firewall_state_label">DW филтър за повиквания</string>
  <!-- The status bar at the top of the screen display a notification message. -->
  <string name="pref_title_firewall_allways_show_stat_notify">Показвай икона в лентата на състоянието</string>
  <string name="pref_firewall_allways_show_stat_notify_summary">Винаги показвай съобщение в лентата на състоянието</string>
  <string name="menu_week_view">Изглед по седмици</string>
  <string name="menu_time_view">Изглед по часове</string>
  <string name="menu_view">Изглед</string>
  <string name="from">От</string>
  <string name="to">До</string>
  <string-array name="days">
    <item>Неделя</item>
    <item>Понеделник</item>
    <item>Вторник</item>
    <item>Сряда</item>
    <item>Четвъртък</item>
    <item>Петък</item>
    <item>Събота</item>
  </string-array>
  <string-array name="days_short">
    <item>Нед</item>
    <item>Пн</item>
    <item>Вт</item>
    <item>Ср</item>
    <item>Чт</item>
    <item>Пт</item>
    <item>Сб</item>
  </string-array>
  <string name="firewall_label">Филтър за повиквания</string>
  <string name="everyday">Всеки ден</string>
  <string name="never">Никога</string>
  <string name="search_hint">Пиши за да започне търсенето</string>
  <string name="pref_title_display_system_group">Покажи групи по подразбиране</string>
  <!-- Gmail the default, including the group. (Starred, Coworkers, Family, Friends, My Contacts) -->
  <string name="pref_display_system_group_summary">Покажи системна група</string>
  <string name="pref_title_merge_same_name_group">Обединяване на групи</string>
  <string name="pref_merge_same_name_group_summary">Обединяване на сходно именувани групи</string>
  <string name="pref_font_size_title">Размер на шрифта (1-ва линия)</string>
  <string name="pref_font_size_summary">Размер: %s</string>
  <string name="removePicture">Премахни картинката</string>
  <string name="changePicture">Промяна на картинката</string>
  <string name="attachToGroup">Групова снимка</string>
  <string name="use_photo_as_primary">Използвайте тази картинка</string>
  <string name="photoPickerNotFoundText">Програма за снимки не е намерена</string>
  <string name="SMS">SMS</string>
  <string name="Email">Имейл</string>
  <string name="_null">""</string>
  <!-- It shows the contact event to the present time. -->
  <string name="days_after">след %d дни</string>
  <string name="months_after">след %d месецa</string>
  <string name="days_ago">Преди %d дни</string>
  <string name="months_ago">Преди %d месеца</string>
  <string name="today">днес</string>
  <string name="show_group_icon">Показвай иконка на група</string>
  <string name="show_group_icon_summary">Покажи икона на всяка група</string>
  <string name="using_system_sms_program">Използвайте SMS програма по подразбиране</string>
  <!-- According to user feedback that I might in the new version, use it again. -->
  <string name="using_system_sms_program_summary">Изключване на функцията за изпращане на SMS на софтуера</string>
  <string name="recipients_limit">Ограничение на броя на получателите</string>
  <string name="recipients_limit_summary">Когато броят на получателите е по-голяма от тази стойност, автоматично изпращане на партиди</string>
  <string name="send">Изпрати</string>
  <string name="confirm_send_message">Продължи да изпращаш съобщения до останалите контакти?</string>
  <!-- For example, Tablet PC does not support sending text messages. However, click the SMS icon.
    I will call the SMS program. The system will report an exception. Then display this prompt. -->
  <string name="system_does_not_support">Системата не го поддържа!</string>
  <string name="ungrouped_contacts">Негрупирани контакти</string>
  <string name="multipleContactsDeleteConfirmation">Избраните контакти ще бъдат изтрити.</string>
  <!--pref default view -->
  <string name="pref_title_default_view">Раздел по подразбиране</string>
  <string name="pref_default_view_summary">Раздела по подразбиране при стартиране: %s</string>
  <!--pref show auto groups -->
  <string name="pref_title_display_auto_group">Покажи автоматични групи</string>
  <string name="pref_display_auto_group_summary">Включително \"Всички Контакти\", \"Негрупирани контакти\".</string>
  <string name="label_hide">Скрий</string>
  <string name="hide_group_summary">Не показвай тази група</string>
  <string name="fast_scroll_alphabet">\u0020АБВГДЕЖЗИЙКЛМНОПРСТУФХЦЧШЩЬЪЮЯ</string>
  <string name="fast_scroll_numeric_alphabet">\u00200123456789АБВГДЕЖЗИЙКЛМНОПРСТУФХЦЧШЩЬЪЮЯ</string>
  <!-- Because the different SMS programs. When I provide a phone number to the SMS program,
    some require the use of a semicolon to separate the numbers, and some require a comma. Therefore, this option provides. -->
  <string name="sms_compatibility_mode_title">SMS/MMS режим</string>
  <string name="sms_compatibility_mode_summary">Изберете това, ако вашата "SMS програма" не приема нормално телефонни номера. Например: XT800</string>
  <string name="menu_sort_hide">Сортирай &amp; Скрий</string>
  <string name="menu_sort_alphabetically">Азбучен ред</string>
  <string name="pref_in_call_widget_title">Уиджет в повикване</string>
  <string name="pref_help_title">Помощ</string>
  <string name="pref_online_help_title">Онлайн помощ</string>
  <string name="menu_cancel_send_to_voicemail">Разблокиране на повиквания от показаните контакти</string>
  <string name="pref_feedback_title">Обратна връзка по имейл</string>
  <string name="pref_about_title">Относно</string>
  <string name="version">Версия</string>
  <string name="pref_name_display_order_summary">Промяна на реда на сортиране по име. Това може да повлияе на скоростта на дисплея.</string>
  <string name="pref_contacts_account_title">Данни за акаунт</string>
  <string name="pref_contacts_account_summary">Покажи контакти от: %s</string>
  <string name="all_account">Всички акаунти</string>
  <string name="pref_show_account_name_title">Покажи име на акаунт</string>
  <string name="pref_show_account_name_summary">Покажи имената на акаунти под имената на групата.</string>
  <string name="select_account">Изберете Акаунт</string>
  <string name="pref_register_code_title">Въведете регистрационен код</string>
  <string name="pref_register_code_summary">Трябва да въведете регистрационен код , която сте получили във вашия имейл за потвърждение на плащане</string>
  <!-- A setting item, click it to open, buy the software license key dialog box. -->
  <string name="pref_get_register_code_title">Купете регистрираната версия</string>
  <string name="pref_get_register_code_summary">   Моля, регистрирайте нашето приложение за да използва пълна функционалност. Имаме нужда от вашето дарение за подпомагане устойчивото развитие на този софтуер.  </string>
  <string name="buying_tips">   
Тук имате 2 възможности (и двете са на същата функционалност): можете да го регистрирате към вашето устройство, сериен номер (Paypal или кредитна карта) или към профила ви в google (Google Play - инсталиране Pro версия)</string>
  <string-array name="purchase_channels">
    <item>Google Play</item>
    <item>PayPal или кредитна карта</item>
    <item>Препоръчвам на приятели</item>
  </string-array>
  <string-array name="purchase_channels_summary">
    <item>Регистрирайте този софтуер за профила си в google (купуване и инсталиране на Pro версия чрез Google Play). След инсталиране на Pro версия, деинсталирайте безплатната версия.</item>
    <item>Регистрирайте този софтуер за устройство, сериен номер: %s.    След процеса на плащане вие ще получите имейл за потвърждение с вашия регистрационен код.    След проверка на регистрация чрез едно щракване на [онлайн регистрация проверка].</item>
    <item>Получите безплатен регистрационен код</item>
  </string-array>
  <string name="menu_delete_all">Изтрий всички</string>
  <!-- Menu title the user can use for trying to resend a message. -->
  <string name="menu_retry_sending">Опитай отново изпращане</string>
  <string name="message">Съобщение</string>
  <string name="failed">Неуспешно</string>
  <string name="queued">Чакащи</string>
  <string name="outbox">Изходящи</string>
  <string name="sent">Изпратени</string>
  <string name="auto_replace_to_name">Замени автоматично "???" с пълното име на контакта; "??F"с фамилията;   "??G"с името; "??N"с прякора.</string>
  <string name="example_message">Здравейте,???</string>
  <string name="sms_preview">Визуализация:</string>
  <string name="message_send_state_successfully">Изпратен успешно.</string>
  <string name="message_send_state_failed">Изпращането е неуспешно.</string>
  <string name="message_send_unknown_error">Неизвестна грешка. Съобщение до %d не е изпратено.</string>
  <string name="message_send_no_signal">Няма сигнал, или е активиран Самолетен режим. %d съобщение не е изпратено.</string>
  <string name="message_send_successfully">Всички съобщения са изпратени успешно.</string>
  <string name="need_the_paid_version">Предлага се само в платената версия</string>
  <!-- As a "contact group"on the phone the main screen to create a shortcut. -->
  <string name="create_shortcut">Създай пряк път към началото</string>
  <string name="menu_move_to_group">Премести в група</string>
  <string name="pref_tabs_title">Активиране &amp; сортирай</string>
  <string name="pref_tabs_summary">Можете да активирате и сортирате, разделите които е възможно да се използват</string>
  <!--pref theme -->
  <string name="pref_theme_title">Основа на Тема</string>
  <!-- Change the software interface look. -->
  <string name="pref_theme_summary">Задаване на основата на тема</string>
  <string name="search">Търсене</string>
  <string name="pref_services_title">Настройки на фонови услуги</string>
  <!-- Settings screen, section heading for SMS-specific settings -->
  <string name="pref_sms_settings_title">"Настройки на текстово съобщение (SMS)"</string>
  <!-- Settings screen, section heading for EMAIL-specific settings -->
  <string name="pref_email_settings_title">"Имейл настройки"</string>
  <!-- Settings item for boolean option to enable/disable SMS delivery reports -->
  <string name="pref_title_sms_delivery_reports">Доклади за доставка</string>
  <!-- Settings item description for boolean SMS delivery report setting -->
  <string name="pref_summary_sms_delivery_reports">Искане на отчет за доставка за всяко съобщение.</string>
  <string name="pref_contact_sort_order_title">Сортиране на списъка по</string>
  <string name="pref_contact_sort_order_summary">Промяна на реда на сортиране на списъка с контакти. Това може да повлияе на скоростта на дисплея.</string>
  <!-- CHANGED ORDER -->
  <string name="contact_sort_order_FamilynameAlternate">Фамилия - заместник</string>
  <string name="contact_sort_order_RecentContacted">Последно набирани</string>
  <string name="contact_sort_order_CreationTime">Час на създаване</string>
  <string name="contact_sort_order_DefaultAlternate">По подразбиране - заместник</string>
  <!-- An automatic group, it shows all the contacts included telephone numbers. -->
  <string name="has_phone_number_contacts">Контакти с телефонен номер</string>
  <string name="exit_prompt">Натиснете "назад" отново, за да излезете.</string>
  <string name="pref_exit_prompt_title">Питай преди изход</string>
  <string name="pref_exit_prompt_summary">Покажи допълнително предупреждение преди изход</string>
  <string name="pref_language_title">Език</string>
  <string name="load_license_success">Зареждане на лиценз от мрежата е успешно.</string>
  <string name="load_license_failed">Неуспешно зареждане на лиценз от мрежата!</string>
  <string name="license_check_success">Проверка на лиценза успешна.</string>
  <string name="license_check_failed">Неуспешна проверка на лиценза!</string>
  <string name="load_license_unregistered">Все още не сте регистрирани.</string>
  <string name="sending">Изпращане...</string>
  <string name="error">Грешка</string>
  <string name="clear_data_or_uninstall_app">Изчистване на данните или деинсталиране на приложението</string>
  <string name="database_update_error_message">"Съжалявам! Грешка в актуализиране на базата данни. Три начина за отстраняване на проблема. Моля, опитайте един по един, докато проблемът не се промени. 1.Рестартирайте телефона;. 2 В софтуера за управление, изчистване на данните от програмата;. 3 Деинсталиране и повторно инсталиране на софтуера".</string>
  <!-- It shows the contact event to the present time. -->
  <string name="one_day_after">Утре</string>
  <string name="one_month_after">До 1 месец</string>
  <string name="one_day_ago">Вчера</string>
  <string name="one_month_ago">Миналия месец</string>
  <string name="menu_edit_event">Редактиране на събитие за контакт</string>
  <string name="menu_add_to_calendar">Добавяне на събитието към календар</string>
  <string name="menu_delete_event">Изтриване на събитие от контакт</string>
  <string name="menu_duplicate_contact">Дублиран контакт</string>
  <string name="mes_sendSmsSystemLimit">Поради ограничение в системата, %1$s часа може да се изпращат само %2$s SMS-а. Автоматично опитване отново след %1$s часа.</string>
  <string name="sendInBatches">Папки</string>
  <string name="sendInSingle">Единичен</string>
  <string name="sendInBatchesMessage">Броя на получатели е по-голям от "Ограничението за броя на получателите" в настройките. Въведете съобщението в полето и започнете групово изпращане или изберете "Single" за единично изпращане.</string>
  <string name="pref_title_eventNotification">Настройки за уведомяване за събитие</string>
  <string name="pref_title_notificationTime">Време за уведомяване</string>
  <string name="pref_title_notificationRingtone">Мелодия за уведомяване </string>
  <string name="pref_summary_notificationTime">Настройте времето, когато уведомлението трябва да се случи</string>
  <string name="pref_title_notificationBeforeHappen">Уведомление преди да се случи</string>
  <string name="pref_summary_notificationBeforeHappen">%s дни преди нотифицирането да се получи</string>
  <string name="pref_title_notification">Уведомяване</string>
  <string name="pref_title_reminder">Напомняне</string>
  <string name="pref_summary_reminder">%s преди</string>
  <string name="pref_title_ringtone">Мелодия</string>
  <string name="pref_title_alarm">Аларма</string>
  <string name="pref_title_mergeSubgroup">Обединяване на подгрупи</string>
  <string name="pref_summary_mergeSubgroup">Подгрупи от контакти, показани в родителската група.</string>
  <string-array name="pref_entries_notificationTime">
    <item>1 минута</item>
    <item>5 минути</item>
    <item>10 минути</item>
    <item>15 минути</item>
    <item>20 минути</item>
    <item>25 минути</item>
    <item>30 минути</item>
    <item>45 минути</item>
    <item>1 час</item>
    <item>2 часа</item>
    <item>3 часа</item>
    <item>12 часа</item>
    <item>24 часа</item>
    <item>2 дни</item>
    <item>1 седмица</item>
  </string-array>
  <!-- Not in phone book contacts. -->
  <string name="unknown_contacts">Неизвестни контакти</string>
  <string name="not_in_phone_book_contacts">Липсва в контактите на телефонния указател.</string>
  <string name="eventNotification">Уведомяване за събитие</string>
  <string name="eventNotificationMessage">"Рожден ден/събитие на %s наближава!"</string>
  <!-- When using the "Firstname first" show name, "Firstname" and "Lastname" split between the symbols. Most language is a space. -->
  <string name="givenNameFirstSeparator">" "</string>
  <!-- When using the "Lastname first" show name, "Firstname" and "Lastname" split between the symbols. -->
  <string name="familyNameFirstSeparator">", "</string>
  <string name="vCard">vCard</string>
  <string name="text">Текст</string>
  <string name="pref_title_likeTheSoftware">Подкрепете нашия софтуер</string>
  <string name="pref_title_rating">Рейтинг</string>
  <string name="pref_summary_rating">Дайте добър рейтинг в AppMarket.</string>
  <string name="pref_title_share">Сподели</string>
  <string name="pref_summary_share">Препоръчайте този софтуер на приятелите си.</string>
  <string name="contact_group">Групи</string>
  <!-- Set the time to send text messages in the future. -->
  <string name="regularlySent">Редовно изпратени</string>
  <string name="time">Време</string>
  <string name="pref_title_EmailProgram">Е-мейл програма</string>
  <string name="pref_summary_on_EmailProgram">Използвайте програмата за електронна поща по подразбиране.</string>
  <string name="pref_summary_off_EmailProgram">Подканa да изберете при изпращане на съобщения.</string>
  <string name="toolbox">Кутия с инструменти</string>
  <string name="pref_title_SMSSendInterval">Интервал на изпращане</string>
  <string name="pref_summary_SMSSendInterval">Изпращане на SMS на всеки интервал (в секунди).</string>
  <string name="app_dialer_name">DW Dialer</string>
  <string name="menu_sort">Подреждане по</string>
  <string name="license_check_failed_message">Грешка при проверка на Софтуерни лицензи! Уверете се, че имате достъп до пазара на Google.</string>
  <string name="menu_unselectAll">Размаркирай всички</string>
  <string name="pref_title_themeCustomize">Настройки на теми</string>
  <string name="pref_title_backgroundColor">Цвят на фона</string>
  <string name="pref_title_backgroundColorForTitles">Фонов цвят на заглавие</string>
  <string name="pref_title_textColorForTitles">Цвят за заглавието на текст</string>
  <string name="pref_title_textColorMarked">Цвят за маркиран текст</string>
  <string name="pref_title_hideTheTitle">Скрий заглавната лента</string>
  <string name="pref_title_hideTheStatusbar">Скрий лентата на състоянието</string>
  <string name="pref_title_hideTabLabel">Скрий етикетите на лента с раздели</string>
  <string name="pref_title_autoHideTab">Скриване на лента с раздели</string>
  <string name="pref_summary_autoHideTab">Автоматично, ще скриете разделите след преминаването към друг раздел</string>
  <string name="reset">Reset</string>
  <string name="pref_title_automaticRotation">Автоматична ротация</string>
  <string name="pref_summary_automaticRotation">Автоматична ротация на екрана може да се включва и изключва</string>
  <string name="menu_editNotes">Редактиране на бележки</string>
  <string name="addSelectedContactsToFavorites">"Добавяне към предпочитани"</string>
  <string name="removeSelectedContactsFormFavorites">Премахване контакти от любими</string>
  <string name="deleteSelectedContacts">Изтриване на контакти</string>
  <string name="duplicateSelectedContacts">Дублиране на контакти</string>
  <string name="setGroupForSelectedContacts">Задайте група за контакти</string>
  <string name="forSelectedContacts">За избраните контакти</string>
  <string name="searchAnything">Търсене на всичко</string>
  <string name="quickDialManager">Диспечер за бързо набиране</string>
  <string name="menu_shareNumber">Споделяне на номер</string>
  <string name="menu_setGroupForContact">Задайте група за контакт</string>
  <string name="pref_title_tabSettings">Настройки за раздел</string>
  <string name="sendSMStoShownContacts">Изпращане на SMS/MMS до показаните контакти</string>
  <string name="sendEmailtoShownContacts">Изпращане на имейл до показаните контакти</string>
  <string name="setRingtoneForShownContacts">Задайте мелодия за показаните контакти</string>
  <string name="pref_title_enableEventNotification">Разреши уведомяване за събитие</string>
  <string name="forSelectedGroups">За избраните групи</string>
  <string name="menu_send_group_message">Изпращане на SMS/MMS на група</string>
  <string name="menu_delete_group">Изтриване на групи</string>
  <string name="menu_deleteGroups">Изтриване на групи</string>
  <!-- 	<string name="forSelectedOrgs">For selected companies</string> -->
  <!-- 	<string name="menu_editOrg">Edit company</string> -->
  <!-- 	<string name="forSelectedTitles">For selected titles</string> -->
  <!-- 	<string name="menu_editTitle">Edit title</string> -->
  <string name="menu_editContactFromEvent">Редактиране на контакт от събитие</string>
  <string name="menu_focus2Today">Фокусирай към днешна дата</string>
  <string name="generalDeleteConfirmation">Наистина ли искате да изтриете?</string>
  <string name="addContactTo">Добави контакт към %s</string>
  <string name="removeContactFrom">Премахване на контакт от %s</string>
  <string name="pref_title_showTabAtTop">Показване на лентата на раздела най-отгоре</string>
  <!-- Within the group "contact list" label -->
  <string name="labelWithinGroupContactsList">Контакти</string>
  <string name="multipleChoicePrompt">Мулти избора е ограничен в БЕЗПЛАТНАТА версия до %d елемента еднократно. Ако искате да изпратите съобщение до групата, използвайте менюто за група.</string>
  <string name="pref_title_dialerPadTone">Тон при натискане бутоните за набиране</string>
  <string name="recentChanges">Последни промени</string>
  <string name="more">Още</string>
  <string name="selectAll">Избери всички</string>
  <string name="pref_title_alwaysToDefTab">Винаги започва с раздела по подразбиране</string>
  <string name="pref_summary_alwaysToDefTab">Dial бутон за стартиране все още отваря раздела по подразбиране.</string>
  <string name="pref_title_showMostContactedBelowFavorites">Покажи най-честите под "Предпочитани"</string>
  <string name="pref_title_showEventsFromToday">Показва събитията от днес</string>
  <string name="pref_title_YPositionOfInfoWindow">Y-позиция на информационния прозорец</string>
  <string name="pref_summary_YPositionOfInfoWindow">Позиция нагоре/надолу на информационния прозорец. Също така позицията може да бъде преместена директно при входящи повиквания.</string>
  <string name="pref_title_backupRestore">Архивиране и възстановяване</string>
  <string name="pref_title_backupAllSettings">Архив на всички настройки</string>
  <string name="pref_title_restoreAllSettings">Възстановяване на всички настройки</string>
  <string name="pref_title_restoreDefaultSettings">Възстанови настройките по подразбиране</string>
  <string name="pref_title_showMyContactsInUngrouped">Игнорирай системна група \"My Contacts\"</string>
  <string name="pref_title_startDialerWithoutDialerPad">Стартиране на набиране без панел за набиране</string>
  <string name="pref_summary_showMyContactsInUngrouped">Покажи контакти (само в системната група \"My Contacts\, които са") под \"Ungrouped contacts\".</string>
  <string name="toast_allSettingsToDefault">Всички настройки по подразбиране са възстановени.</string>
  <string name="toast_settingsBackedSuccessfully">Настройки са били архивирани на %s</string>
  <string name="toast_settingsBackedFailed">Архивирането е неуспешно. Уверете се, че сте задали валиден път за архивиране.</string>
  <string name="toast_settingsRestorSuccessfully">Настройките са успешно възстановени от %s.</string>
  <string name="toast_settingsRestorFailed">Възстановяване не успя. Уверете се, че сте задали правилния път, където се записват настройките.</string>
  <string name="menu_newOrg">Нова организация</string>
  <string name="menu_newTitle">Нова длъжност</string>
  <string name="enterAName">Въведете име</string>
  <string name="pref_title_t9Search">T9 търсене</string>
  <string name="pref_summary_t9Search">Това са разширени опции, които са свързани с раздела "телефон" и как T9-търсене ще работи там</string>
  <string name="pref_title_matchingAnywhere">Съвпадение навсякъде</string>
  <string name="pref_summary_matchingAnywhere">\"WTT\" отговарят на \"dW conTacTs\"</string>
  <string name="pref_title_matchingPart">Съответстват на точните част от дума, фраза</string>
  <string name="pref_summary_matchingPart">\"NTA\" отговарят на \"dw coNTActs\"</string>
  <string name="pref_title_matchingFirstLetter">Отговарят на първата буква</string>
  <string name="pref_summary_matchingFirstLetter">\"DCO\" отговарят на \"Dw COntacts\"</string>
  <string name="pref_title_sortByDegreeOfMatch">Сортирани по степента на съвпадение</string>
  <string name="menu_copyToClipboard">Копирай в клипборда</string>
  <string name="menu_createEvent">Създаване на среща</string>
  <string name="useLimitFeaturePrompt">Можете да използвате тази функция само %d пъти в безплатната версия.</string>
  <string name="pref_title_appointmentSettings">Настройки на среща</string>
  <string name="pref_title_defaultAppointmentText">Текст за среща по подразбиране</string>
  <string name="pref_summary_defaultAppointmentText">Добавяне на текст, който ще бъде поставена, преди да добавите име + номер</string>
  <string name="pref_default_defaultAppointmentText">- Повиквания с "</string>
  <string name="titlesList">Длъжности</string>
  <string name="eventsList">Събития</string>
  <string name="pref_title_showInContactList">Елементи за показване</string>
  <string-array name="pref_entries_showInContactList">
    <item>Номера</item>
    <item>Организация</item>
    <item>Длъжност</item>
    <item>Групи</item>
    <item>Икона на акаунт</item>
    <item>Снимки на Контакт </item>
    <item>Имейл бутон</item>
    <item>SMS бутон</item>
    <item>Бутон за набиране</item>
    <item>Бележки</item>
  </string-array>
  <string name="pref_title_showNotesLines">Ограничете бележките до х реда</string>
  <string name="pref_title_colorForGroups">Цвят на фона - групи</string>
  <string name="pref_title_colorForOrganization">Цвят на фона - организации</string>
  <string name="pref_title_colorForTitle">Цвят на фона - длъжности</string>
  <string name="pref_title_fontSize2">Размер на шрифта (2-ра линия)</string>
  <string name="pref_title_fontSize3">Размер на шрифта (3-та линия)</string>
  <string name="pref_title_useNumberSearch">Използвайте номер в търсене</string>
  <string name="pref_summary_useNumberSearch">Ако е активирана, тя ще търси за номера</string>
  <string name="noEmailAddress">Без имейл адрес</string>
  <string name="pref_title_showCallLogOnPhone">Покажи регистъра на повиквания</string>
  <string name="listTotalCallHistory">Показване на %1$d изисква / продължителност %2$s</string>
  <string name="pref_title_showContactsOnPhoneStart">Покажи контакти при стартиране</string>
  <string name="pref_summary_showContactsOnPhoneStart">Ако е активирана, всички контакти също са показани в списъка</string>
  <string name="listTotalCallLog">Показани %d различни номера за повикване</string>
  <string name="upcoming">Предстоящи</string>
  <string name="pref_title_phoneSettings">Настройки на телефона</string>
  <string name="pref_title_mergeCallLog">Обединяване в регистъра на повикванията</string>
  <string name="pref_title_showCounterOnMergedCallLog">Покажи Брояч на обединената елементи в регистъра на повикванията</string>
  <string name="pref_summary_showCounterOnMergedCallLog">Ако е активирана, тя ще се покаже в дясната страна на името на контакта брояч, колко обаждания са обединени заедно</string>
  <string name="pref_title_groupCallLogByDate">Покажи Дневник на група от дата</string>
  <string name="pref_summary_groupCallLogByDate">Ако е активирана, ще групира повикване групи по дата</string>
  <string name="pref_title_limitCallLogOnXDays">Ограничи регистър повиквания до %s дни </string>
  <string name="pref_summary_limitCallLogOnXDays">Ограничи регистъра на повикванията до дни %s (0 = покажи всички)</string>
  <string name="pref_message_0toShowAllDays">0 да се покажат всички дни</string>
  <string name="pref_message_0toShowAllItems">0 за показване на всички елементи</string>
  <string name="pref_title_useOrgSearch">Използвайте организация в търсенето</string>
  <string name="pref_title_matchingSkipWord">Позволява Пропусни дума</string>
  <string name="pref_summary_matchingSkipWord">\"DPH\" съвпада с \"Dw контакти и PHone\"</string>
  <string name="pref_title_matchingSkipSpace">Позволява прескачане на интервал</string>
  <string name="pref_summary_matchingSkipSpace">\"TSPH\" съвпада с \"dw контакти &amp; PHone\"</string>
  <string name="pref_title_globalSettings">Общи настройки</string>
  <string name="pref_title_registrationStates">Състояние: %s</string>
  <string name="pref_summary_registrationStates">Тази версия е %1$s за устройство сериен номер: %2$s</string>
  <string name="registered">Регистриран</string>
  <string name="unregistered">Нерегистриран</string>
  <string name="pref_title_onlineRegistrationCheck">Онлайн проверка за регистрация </string>
  <string name="pref_summary_onlineRegistrationCheck">Тя ще провери, дали вашето устройство не е регистрирано (изисква интернет връзка).</string>
  <string name="pref_title_registration">Регистрация</string>
  <string name="pref_summary_registration">Отключи разширени функции, премахване на реклами</string>
  <string name="pref_title_historyViewSettings">Настройки за изглед на история</string>
  <string-array name="pref_entries_dialerPadTone">
    <item>DTMF тон</item>
    <item>Звук на бутон</item>
    <item>ИЗКЛЮЧВАНЕ</item>
  </string-array>
  <string name="pref_title_limitNumberTitleToXChar">Дължина на телефонен номер длъжност</string>
  <string name="pref_summary_limitNumberTitleToXChar">0 ще покаже цялата длъжност на телефонен номер</string>
  <string name="pref_title_supportForum">Форум</string>
  <string name="pref_title_textColor">Цвят на текста</string>
  <string name="historyList">История</string>
  <string name="startProVerPrompt">Pro версията е открита. Да започнем сега?</string>
  <string name="pref_title_selectedBackgroundColor">Натиснат клавиш - цвят на фона</string>
  <string name="pref_title_dialpadThemeSettings">Настройки за dialpad на телефон</string>
  <string name="pref_title_globalThemeSettings">Настройки на глобални теми</string>
  <string name="pref_title_showAlwaysAddIcon">Показвай винаги икона *добави*</string>
  <string name="pref_summary_showAlwaysAddIcon">Ако тази опция е включена, тя ще покаже в списъка на първа линия иконата "+", където можете да добавите контакт</string>
  <string name="pref_title_eventGreetingText">Текст за поздрав на събитие</string>
  <string name="pref_default_eventGreetingText">Здравей??, пожелавам всичко най-доброто за вашите??-Та A \ "? E</string>
  <string name="pref_title_eventGreetingSubject">Събитие поздрав обект</string>
  <string name="pref_summary_eventGreetingSubject">Използва само ако изпращане по имейл</string>
  <string name="pref_message_eventGreetingText">Можете да използвате също променлива "???" с контакт; с фамилното име "??F"; с името "??G", с псевдоним "??N"; за възраст "??А"; "??E" тип събитие</string>
  <string name="pref_default_eventGreetingSubject">Поздравяваме ви?? A \ "-та? E</string>
  <string name="menu_sendGreetingSMSToContact">Изпрати SMS/MMS до контакт</string>
  <string name="menu_sendGreetingEmailToContact">Изпрати имейл на контакт</string>
  <string name="pref_title_storeSendSMSToSystemDB">Запази SMS/MMS във база данни</string>
  <string name="pref_summary_storeSendSMSToSystemDB">Ако е активирана, изпратените SMS/MMS ще се съхранят в базата данни.</string>
  <!-- 	<string name="pref_title_backgroundImage">Background image</string> -->
  <!-- 	<string name="pref_summary_backgroundImageEn">If you use background image, the background color can be used simultaneously as color filter</string> -->
  <string name="pref_title_textColorSecond">Цвят на текста 2 + 3-та линия</string>
  <string name="pref_title_textColorLabel">Цвят на текста за етикет 3-та линия</string>
  <string name="pref_summary_textColorLabel">Това е за цвят на текста на надписани групи, организации и длъжности</string>
  <string name="pref_title_backgroundListSectionColor">Фонов цвят за раздел на списък</string>
  <string name="pref_title_textListSectionColor">Цвят за раздел на списък на текста</string>
  <string name="pref_title_showAlphabetListSection">Покажи раздела на списък на азбука</string>
  <string name="pref_title_fontSizeforDigits">Размер на шрифта за цифри</string>
  <string name="pref_title_fontSizeforLetters">Размер на шрифта за букви</string>
  <string name="pref_title_dialpadIconsArrangement">Подреждане на иконите на Dialpad</string>
  <string-array name="pref_entries_dialpadIconsArrangement">
    <item>Набери/вход/Изтрий</item>
    <item>Изтрий/вход/набиране</item>
    <item>Вход/Изтрий/набиране</item>
  </string-array>
  <!-- 	quick jump to alphabetic listcreate new contact -->
  <string name="menu_quickJump">Quick-Jump</string>
  <string-array name="pref_entries_hideTab">
    <item>включено</item>
    <item>Изключено</item>
    <item>Автоматично</item>
  </string-array>
  <string name="pref_title_backgroundColorQuickJump">Quick-Jump цвета на фона</string>
  <string name="pref_title_textColorQuickJump">Quick-Jump цвета на текста</string>
  <string name="pref_title_disableSlideSwitchingTabs">Изключване на слайд-превключване на разделите</string>
  <string name="pref_title_showNumberKeyboardOnDialpad">Покажи клавиатурата на dialpad</string>
  <string name="pref_summary_showNumberKeyboardOnDialpad">Ако е забранено, ще показва само полето за въвеждане, набиране и изтриване(полезно, ако искате да набирате винаги чрез вашите бутони)</string>
  <string name="pref_title_dialpadToFullWidth">Dialpad до ширина на цял екран</string>
  <string name="pref_summary_dialpadToFullWidth">Ако е активирана, тя ще покаже в пейзажен режим клавиатурата за набиране на цял екран ширина (в противен случай то е от дясната страна)</string>
  <string name="pref_title_smsSignature">SMS/MMS подпис</string>
  <string name="pref_summary_smsSignature">Подпис, винаги ще бъде добавен в края на SMS / MMS</string>
  <!-- 2.0.7 -->
  <string name="pref_title_languageForT9">Език за T9-търсене</string>
  <string name="pref_summary_languageForT9">Можете да добавите допълнителни езици, които да се използват за T9 търсене</string>
  <string name="pref_title_quickJumpAlignment">Бързо подравняване</string>
  <string-array name="pref_entries_quickJumpAlignment">
    <item>Отгоре</item>
    <item>Център</item>
    <item>Отдолу</item>
  </string-array>
  <string name="menu_gridView">Табличен вид</string>
  <string name="menu_listView">Списъчен вид</string>
  <string name="pref_title_gridViewSettings">Настройки на Табличен вид</string>
  <string name="pref_title_gridViewSize">Решетка размер</string>
  <string name="pref_title_lockGridSize">Размер на мрежата-заключване</string>
  <string name="pref_summary_lockGridSize">Ако е заключена,след това бързо подреждане може да се използва отново чрез два пръста слайдер</string>
  <string name="pref_title_phoneDialpadHeight">Височина на номератор на телефон</string>
  <string name="pref_title_moreSettings">Подробен изглед - настройки</string>
  <string name="pref_summary_moreSettings">По-подробни настройки за всеки раздел</string>
  <string name="pref_title_displayNameBelowThePicture">Име за показване под снимката</string>
  <string name="menu_exportContactPicture">Експортиране на снимката на контакт</string>
  <string name="toast_saveFailed">Записването е неуспешно!</string>
  <string name="toast_saveSuccessfully">Успешно записан: %s</string>
  <string name="callConfirm">Потвърждение на набиране</string>
  <string name="pref_summary_callConfirm">Ако разрешено, то ще ви покаже изскачащи прозорци с искане на потвърждение преди набиране</string>
  <string name="pref_title_automaticConfirmationDelay">Автоматично потвърждение на забавяне</string>
  <!-- It is an option to set a time for the control [Dialing confirmation] dialog.
     At the end of the counter automatically close [Dialing confirmation] dialog. -->
  <string name="pref_title_automaticCancelDelay">Автоматичен отказ на забавяне</string>
  <string name="pref_summary_automaticConfirmationDelay">Можете да докоснете някъде на екрана, за да спрете таймера</string>
  <string name="pref_title_picturePositionOnRight">Място на картината - отдясно</string>
  <string name="updateCheck">Проверка за актуализация</string>
  <string name="noUpdates">Няма налични актуализации</string>
  <string name="download">Изтегляне</string>
  <string name="pref_title_globalIconSize">Глобален размер на икона</string>
  <string name="pref_summary_globalIconSize">Този размер определя ширината на всички икони: набиране, sms, имейл, картина</string>
  <string name="pref_title_backKeyHideDailpad">Скриване на номератора с бутона Назад</string>
  <string name="pref_summary_backKeyHideDailpad">Ако е изключено, първия клик върху бутона Назад ще се затвори приложението. В противен случай скрива Номератора преди да излезете</string>
  <string name="pref_title_hapticFeedbackVibration">Биометрична обратна връзка с вибрации</string>
  <string name="pref_title_limitCallLogOnXitems">Регистър за повикване с максимум %s елемента</string>
  <string name="pref_summary_limitCallLogOnXitems">Ограничи списък с обаждания до %s елемента (0 = неограничен)</string>
  <string name="pref_title_dividerLineColor">Цвят на линия за разделител</string>
  <string name="menu_quickDial">Бързо набиране</string>
  <string name="buying_tips_in_free">You can use the "Google Play" to buy the Pro version. If you live in the area can not use "Google Play" to buy applications. You can download the REG version and then register it. Both versions have the same functionality.</string>
  <string name="buying_channel_registration">Изтегляне на версията за регистрацияГ</string>
  <string name="buying_channel_registration_summary">"След като щракнете върху връзката, тя ще изтегли приложение и можете да щракнете върху този файл за инсталиране. След  започване на инсталирането следвайте инструкциите." </string>
  <string name="pref_title_buyAdvancedVersion">Купете разширена версия</string>
  <string name="freeVersionFound">БЕЗПЛАТНАТА версия е инсталирана във вашата система.</string>
  <string name="uninstallFreeVersionPrompt">We recommended, that you uninstall FREE version and using the registered version. Before uninstalling, you may need to back up your data in the Free version. Then recover in the Pro version.
		Should i uninstall now the FREE version?</string>
  <string name="pref_title_copySerialNum">Копиране в клипборда на серииния номер на устройството</string>
  <string name="askToCheckRegistrationCode">"Регистрационния ключ не е валиден или не сте регистрирани. Искате ли да проверите регистрационния код сега?"</string>
  <string name="deleteContactConfirmation">Контактът \"%s\" ще бъде изтрит.</string>
  <string name="enable">Разреши</string>
  <string name="allIncomingCalls">Всички входящи повиквания</string>
  <string name="anonymousIncomingCalls">Анонимни входящи повиквания</string>
  <string name="anonymousIncomingCallsSummary">Не изпращай телефонен номер</string>
  <string name="automaticGroups">Автоматични групи</string>
  <string name="pref_title_dialPrefix">Набери префикс</string>
  <string name="pref_summary_dialPrefix">Ако е даден префикс, ще има допълнителни опции, за да им се обадите чрез меню с дълго натискане</string>
  <string name="pref_title_dialSuffix">Набери суфикс</string>
  <string name="pref_summary_dialSuffix">Ако е даден суфикс, ще има допълнителни опции, за да им се обадите чрез меню с дълго натискане</string>
  <string name="pref_title_quickDialLimit">Ограничение за бързо набиране</string>
  <string name="pref_title_languageForT9Keyboard">Език за T9-клавишни</string>
  <string name="pref_summary_languageForT9Keyboard">Изберете езика, който искате да покажете в T9 набиране подложката.</string>
  <string name="callFilterAction">Действие</string>
  <string-array name="callFilterActions">
    <item>Отсечка</item>
    <item>Позволява</item>
    <item>Мълчание</item>
  </string-array>
  <string name="callFilterType">Тип филтър</string>
  <string-array name="callFilterTypes">
    <item>Филтър по група</item>
    <item>Филтър по номер</item>
    <item>Наскоро търсен телефонен номер</item>
  </string-array>
  <string-array name="callFilterTypesHint">
    <item>Избор на групи за филтър</item>
    <item>Входен номер за филтър</item>
    <item>Изберете валидно времетраене</item>
  </string-array>
  <string name="ruleEditor">Редактор на правилата</string>
  <string name="label">Етикет</string>
  <string name="numberFilterExplain">* = всеки низ, ? = всеки знак</string>
  <string name="effectiveTimeOfTheRule">"Дейност от %1$s до %2$s"</string>
  <string name="menu_viewRelatedContacts">Покажи сродни контакти</string>
  <string name="title_selectNumbers">Моля, изберете числа</string>
  <string name="title_selectEmailAddresses">Моля, изберете имейл адреси</string>
  <string name="pref_title_lockView">Заключи елементите изглед промени</string>
  <string name="pref_summary_lockView">Заключване на изглед на елементи, за да променя елементите чрез 2 пръст плъзгащи</string>
  <string name="selectedNumberOfContacts">%d избрани контакти</string>
  <string name="selectedNumberOfEmailAddresses">Избрани %d адреси, щракнете, за да копирате в клипборда.</string>
  <string name="selectedNumberOfPhoneNumbers">Телефонни номера на избрани %d</string>
  <!-- 2.1.1 -->
  <string name="pref_title_nameFieldToShow">Изберете поле за показване</string>
  <string name="pref_summary_nameFieldToShow">Действа само когато \"Покажи контакт като"\ не е по подразбиране.</string>
  <string-array name="pref_entries_nameField">
    <item>Собствено име</item>
    <item>Фамилно име</item>
    <item>Бащино име</item>
    <item>Почитен префикс</item>
    <item>Почитен суфикс</item>
    <item>Име \'s фонетичен</item>
    <item>фамилия\'s фонетичен</item>
    <item>Средно име \'s фонетичен</item>
  </string-array>
  <string name="pref_title_showMatchFirstLetterResultsFirst">Покажи \"съвпадение на първата буква\" резултатите първо</string>
  <string name="pref_title_clickTheActions">Щракнете върху действия за запис на списък</string>
  <string name="pref_summary_clickTheActions">Действие, когато щракнете върху записа от списъка.</string>
  <string name="pref_summary_clickListIconActions">Действие, когато щракнете върху иконата на контакт в изглед на списък.</string>
  <string name="action_viewItemAuto">Изглед на елемент (автоматичен контакт или история)</string>
  <string name="action_viewContactDetails">Подробен изглед на контакта</string>
  <string name="action_selectNumberToCall">Изберете номер за обаждане</string>
  <string name="action_viewContactHistory">Преглед на хронологията на контакт</string>
  <string name="action_viewQuickContactBadge">Кратък изглед на контакт</string>
  <string name="action_callCurrentNumber">Повикване на настоящ номер</string>
  <string name="action_callDefaultNumber">Обаждане на Номер по подразбиране</string>
  <string name="action_callUsingSIP">Набиране чрез SIP</string>
  <string name="action_sendMessageToCurrentNumber">Изпращане на SMS/MMS към този номер</string>
  <string name="action_sendMessageToDefaultNumber">Изпращане на SMS/MMS към номер по подразбиране</string>
  <string name="pref_title_clickIconActions">Щракнете върху иконата за действия</string>
  <string name="pref_summary_clickIconActions">Действие, когато щракнете върху иконата на контактите в изглед мрежа.</string>
  <string name="pref_title_lockWindowPosition">Заключване на позицията на прозореца</string>
  <string name="pref_summary_lockWindowPosition">Ако не желаете да я преместите чрез плъзгане.</string>
  <string name="pref_title_showCallerLocation">Покажи на местоположението на повикващия</string>
  <string name="downloadPluginPrompt">Трябва да инсталирате plug-ins. Изтегли сега?</string>
  <string name="Default">По подразбиране</string>
  <string name="pref_title_searchCallLog">Търсене в Регистър на повиквания</string>
  <string name="pref_summary_searchCallLog">Трябва да отворите \"Покажи регистър на повикване"\;</string>
  <string name="menu_shareContacts">Споделяне на контакти</string>
  <string name="font_size">Размер на шрифта</string>
  <string name="show_call_log_filter">Покажи филтър за регистър на повикване</string>
  <string name="hide_call_log_filter">Скрий филтъра на регистъра на повиквания</string>
  <string name="prompt_in_sms_tab">Показване на SMS, изпратени към групата от контакти на DW.</string>
  <string name="pref_title_exitWhenCallEnds">Изход, когато завърши повикването</string>
  <string name="pref_title_residesInMemory">Намира се в паметта</string>
  <string name="pref_summary_residesInMemory">Ако са отворени "Разреши фонова услуги" може да се съхранява в паметта по-дълго време.</string>
  <!-- Header that expands to list all of the types of settings -->
  <string name="optionsLabelsGroup">Опции</string>
  <string name="pref_summary_textColorForSecondT9Languare">Цветът на втория език в T9</string>
  <string name="pref_title_enableDualcardSuppout">Разреши поддръжка на две карти</string>
  <!-- 联系人详细信息 -->
  <string name="detailsList">Подробности</string>
  <string name="pref_title_minimumHeightOfListItem">Минималната височина на елемент от списък</string>
  <string name="loading">Зареждане...</string>
  <string name="pref_title_displayWhenDialing">Покажи при набиране</string>
  <string name="pref_title_usingMoreDetailedListSection">Използвайки по-подробен списък</string>
  <string name="pref_summary_usingMoreDetailedListSection">Това ще се използва за бърз достъп до различни знаци</string>
  <string name="desktop_widget_limit_messages">В безплатната версия може само да създадете десктоп уиджет.</string>
  <string name="label_customField">Полета по избор</string>
  <string name="menu_otherContactViewer">Друга програма за разглеждане на контакти</string>
  <string name="pref_title_hideStatistics">Скрий статистика</string>
  <string name="pref_title_backupTheme">Архивиране на настройките на теми</string>
  <string name="pref_title_restoreTheme">Възстановяване на настройки на теми</string>
  <string name="appwidget_titleText">Длъжност</string>
  <string name="appwidget_summary_selectGroup">Моля, изберете група контакти за показване.</string>
  <string name="iconSize">Размер на икона</string>
  <string name="widgetConfiguration">Конфигуриране на уиджета</string>
  <string name="pref_title_iconNumberOfColumns">Икона на броя на колоните</string>
  <string name="pref_summary_iconNumberOfColumns">0 за автоматично побиране</string>
  <string name="tips_contactAppWidget">Щракнете върху заглавието на уиджета за да въведете настройките</string>
  <string name="pref_title_nameLines">ред с длъжност</string>
  <string name="pref_summary_nameLines">0 да скриете име</string>
  <string name="menu_deleteTheShownCallLog">Изтриване на регистъра на посоченото повикване</string>
  <string-array name="pref_entries_contactListSearchOptions">
    <item>Всички полета за търсене</item>
    <item>Търсене на всички контакти</item>
    <item>Search in Global Address List</item>
  </string-array>
  <string name="pref_title_defaultContactIcon">Икона по подразбиране за контакт</string>
  <string name="pref_title_defaultGroupIcon">Икона по подразбиране за група</string>
  <string name="prompt_restoreDefaultSettings">Бекъп на настройките е препоръчителен. Възстановяване на всички настройки по подразбиране сега?</string>
  <string name="pref_title_interceptCallsEvenDuringCall">Приемане на разговори дори по време на разговор</string>
  <string name="pref_summary_interceptCallsEvenDuringCall">Това може да прекрати текущия разговор.</string>
  <string name="pref_title_displayPromptWhenCallBlocked">Покажете запитване, когато повикването е блокирано.</string>
  <!-- Call Statistics -->
  <string name="call_statistics">Статистика на повикванията</string>
  <string name="tab_call_statistics">Статистика</string>
  <string name="call_type_incoming">Входящи</string>
  <string name="call_type_outgoing">Изходящи</string>
  <string name="call_type_missed">Пропуснати</string>
  <string name="call_type_blocked">Блокирани</string>
  <string name="call_type_all">Всички</string>
  <string name="call_duration">Продължителност</string>
  <string name="call_duration_minute">Цена на минута</string>
  <string name="call_count">Брой</string>
  <string name="call_statistics_time_billingCycle">Цикъл на фактуриране</string>
  <string name="call_statistics_time_thisMonth">Този месец</string>
  <string name="call_statistics_time_thisWeek">Тази седмица</string>
  <string name="call_statistics_time_all">Постоянно</string>
  <string name="pref_title_startDayOfBillingCycle">Ден на таксуване</string>
  <string name="pref_title_missedCallsTextColor">Цвят на текста за пропуснати повиквания</string>
  <string name="pref_summary_unansweredOutgoingCallsTextColor">Изходящи повиквания без отговор</string>
  <string name="pref_title_freeMonthlyTalkTime">Безплатно време за разговор на месец</string>
  <string name="pref_title_freeIncomingCalls">Безплатни входящи повиквания</string>
  <string name="pref_title_costWarning">Цена - предупреждение</string>
  <string name="pref_summary_costWarning">Показва напомняне, когато свършва свободното време за разговори</string>
  <string name="prompt_freeTalkTimeIsOver">Времето за Безплатен разговор свърши.</string>
  <string name="prompt_remainingFreeTalkTimer">Останало време за безплатни разговори: %1$d минути; дневно:%2$d минути.</string>
  <string name="pref_title_showGroupSContactsCount">Покажи group\'s - брой контакти</string>
  <string name="pref_summary_showGroupSContactsCount">Отворянето ще засегне скоростта на зареждане на контакти.</string>
  <string name="pref_title_contactPictureZoomMode">Снимка на контакт - zoom режим</string>
  <string-array name="pref_entries_contactPictureZoomMode">
    <item>Център</item>
    <item>Център изрязана</item>
    <item>Център с побиране</item>
    <item>Събери в център</item>
    <item>Събери XY</item>
  </string-array>
  <string name="get_online_help">Онлайн помощ</string>
  <string name="error_report">Отчет за грешки</string>
  <string name="hasNoPhoneNumberContacts">Контакти без тел.номер</string>
  <string name="pref_title_minimumBillableTime">Минимално време за таксуване</string>
  <string name="pref_summary_minimumBillableTime">The current setting is %s seconds. If talk time is 01:15. The setting is 30 seconds, the charging time will be 01:30; setting is 60 seconds, the charging time will be 02:00.</string>
  <string name="menu_showSidebar">Покажи страничната лента</string>
  <string name="menu_hidesidebar">Скрий страничната лента</string>
  <string name="SIMCard1">SIM карта 1</string>
  <string name="SIMCard2">SIM карта 2</string>
  <string name="sim_card_office">Офис</string>
  <string name="sim_card_home">За дома</string>
  <string name="sim_card_call">Повикване</string>
  <string name="sim_card_internet">Интернет</string>
  <string name="sim_card_heart">Сърце</string>
  <string name="lable_sim_card_name">Име:</string>
  <string name="lable_sim_card_icon">Икона:</string>
  <string name="defaultSIMcard">СИМ карта по подразбиране</string>
  <string name="prompt_inFirstUseDialer">Making an emergency call depends on the system to provide dial-up software. Please make sure it works.</string>
  <string name="pref_title_enableBackgroundDataLoading">Разреши фоново зареждане на данни</string>
  <string name="pref_summary_enableBackgroundDataLoading">Enable it to improve software response speed. Please note that this will increase battery consumption, contact database is updated frequently.</string>
  <string name="pref_title_scaleToFitTheScreen">Мащабиране, за да се побере в екрана</string>
  <string name="pref_summary_scaleToFitTheScreen">Автоматично мащабиране размер на мрежата да се побере в екрана</string>
  <string name="pref_summary_whenPortraitMode">Режим "портрет"</string>
  <string name="pref_summary_whenTheSidebarIsOpen">Режим портрет на страничната лента</string>
  <string name="pref_summary_whenInLandscapeMode">Пейзажен режим</string>
  <string name="pref_summary_whenInLandscapeModeAndTheSidebarIsOpen">Режим пейзаж на страничната лента</string>
  <string name="pref_title_usingMoreDetailedFastScroller">Използване на по-подробен бърз скролер</string>
  <string name="pref_title_contactFields">Полетата с контакти</string>
  <string name="pref_summary_informationNeedSendToCalendar">Изберете информация да бъде изпратена в календара</string>
  <string-array name="pref_entriesNeedSendToCalendar">
    <item>Организация</item>
    <item>Адрес</item>
    <item>Телефон</item>
    <item>Имейл</item>
    <item>Бележки</item>
  </string-array>
  <string name="menu_addConsecutiveNumbers">Добавяне на последователни номера</string>
  <string name="startingNumber">Начален номер</string>
  <string name="endingNumber">Завършващ номер</string>
  <string name="prompt_ALotOfNumbersToAddToContact">%d нови номера ще бъдат добавени към контакта. Това ще отнеме време.</string>
  <string name="prompt_numberParsingErrorInaddConsecutiveNumbers">Number parsing error! Please do not enter the formatted number.</string>
  <string name="prompt_needToAddNumbersTooMuch">This will lead to the %d number is added to the contact. Adding too many numbers will cause the phone to slow.</string>
  <string name="prompt_addConsecutiveNumbers_accountDoesNotSupport">Contact account does not support the addition of so many of phone numbers.</string>
  <string name="pref_title_usingHDContactPicture">Използване на HD снимка за контакт</string>
  <string name="pref_title_linksInNotes">Връзки в бележки</string>
  <string name="pref_summary_linksInNotes">When enabled, web URLs, emails, street addresses, and telephone numbers in notes will be clickable.</string>
  <string name="pref_title_enableInCallWidget">Разреши уиджет в повикване</string>
  <string name="pref_title_delayToClose">Забавяне до затваряне</string>
  <string name="pref_summary_delayToCloseInCallWidget">Забавяне %ds Затвори \"widget в повикване\" в края на повикването.</string>
  <string name="pref_summary_closeWhenOffhook">Затвори \"в обаждане widget\" когато отговориш на повикването.</string>
  <string name="pref_summary_informationNeedShowInInCallWidget">Изберете информация за показване в \"widget в повикване\".</string>
  <string name="last_contact_time">Последно време на контакт</string>
  <string name="contact_pictures">Снимка на контакт</string>
  <string name="menu_importToQuickdialList">Импортиране в списъка за бързо набиране</string>
  <string name="confirm_importToQuickdialList">Обърнете внимание, че импортираните данни ще заместят съществуващите данни.</string>
  <string name="toast_importToQuickdialListSuccessfully">%d номер е бил внесен</string>
  <string name="pref_title_frameColor">Цвят на рамка</string>
  <string name="pref_title_hideDefaultIcon">Скрий иконата по подразбиране</string>
  <string name="pref_summary_hideDefaultIcon">Скриване на иконата по подразбиране в изгледа на списъка.</string>
  <string name="pref_title_showInTheSidebar">Покажи в страничната лента</string>
  <string name="pref_summary_showInTheSidebar">Изберете елементи за показване в страничната лента</string>
  <string-array name="pref_entries_showInTheSidebar">
    <item>"Групи"</item>
    <item>Организации</item>
    <item>Длъжности</item>
  </string-array>
  <string name="menu_addToQuickdialList">Добави към списъка за бързо набиране</string>
  <string name="toast_theNumberHasNeenAdded">Номерът е добавен.</string>
  <string name="pref_title_fontSizeSidebar">Размер на шрифта (лента)</string>
  <!-- 	<string name="hour">Hour</string> -->
  <string name="contactedLastXHours">Търсен през последните %s часа</string>
  <!-- 	选中的邮件地址已经复制到剪贴板。您可以将它粘贴到邮件程序的地址字段 -->
  <string name="toast_selectedEmailAddressCopied">Избрания e-mail адрес ще бъде копиран в клипборда. Можете да го поставите в полето за адрес на програма за електронна поща.</string>
  <string name="pref_title_backUpAllData">Архивиране на всички данни</string>
  <!-- 	由于数据库的更新。还原数据可能导致组铃声、组图片和防火墙工作不正常。请检查它们在恢复数据后。 -->
  <string name="pref_summary_backUpAllData">След актуализация на базата данни. Когато се възстановяват данните може група мелодии, група картини и филтри да не работи правилно. Моля проверете ги във възстановяване на данни.</string>
  <!-- 	注意这不会备份联系人数据库。 -->
  <string name="warning_notBackUpContactsDatabase">Обърнете внимание, че това не архивира база данни за контакти.</string>
  <string name="pref_title_restoreAllData">Възстанови всички данни</string>
  <string name="toast_backedSuccessfully">Успешно архивирани на %s.</string>
  <string name="toast_backedFailed">Архивирането е неуспешно. Уверете се, че сте задали валиден архивиране път.</string>
  <string name="toast_restorSuccessfully">Успешно възстановена от %s.</string>
  <string name="toast_restorFailed">Възстановяването беше неуспешно. Уверете се, че сте задали правилния път.</string>
  <string name="close">Затвори</string>
  <string name="minimize">Скрий</string>
  <string name="maximize">Възстановяване</string>
  <string name="call">Обаждане</string>
  <string name="toast_notSuppouteditingNotes">Този контакт не поддържа редактиране на бележки.</string>
  <!-- An option in the event notification settings, open it automatically sends the blessing SMS comes in contact events. -->
  <string name="pref_title_automaticallySendGreetingsSMS">Автоматично изпраща SMS поздрави</string>
  <!-- 	注意发送消息时您不会得到通知，发送时间为事件当天的[通知时间]。 -->
  <string name="pref_summary_automaticallySendGreetingsSMS">Note that when sending a message, you will not get the notice. sending time for the event the day of the [Notification time]</string>
  <!-- Prompt message before you delete a call log. -->
  <string name="prompt_deleteCallLog">Акоа изтриете записи на повиквания ще засегне статистиката на повикване.</string>
  <!--
    Dispaly in [In call Widget]
    Example:
    The last contact time: 5 days ago。 -->
  <string name="in_call_lastContactTime">Последен контакт: %s</string>
  <string name="recommendToFriends">Препоръчвам на приятели</string>
  <string name="filterMode">Режим на филтър</string>
  <!-- 	Show contacts filter Details Grp = Group; Com = Company; Tit = Title -->
  <string name="contactsFilterSummary">Филтриране: Grp: %1$s Com: %2$s Tit: %3$s</string>
  <string name="pref_title_largeDialButton">Големи бутони за набиране</string>
  <!-- 	显示在联系人组编辑器，为编辑的组设置父组 -->
  <string name="parentGroup">Родителската група</string>
  <string name="pref_title_formatPhoneNumber">Формат на телефонен номер</string>
  <string name="menu_viewSelectedContacts">Покажи избраните контакти</string>
  <string name="filter_status_all">ВСИЧКИ</string>
  <string name="pref_title_enableSlidingAction">Разреши плъзгане</string>
  <!-- 	启用滑动拨号等等，关闭它以便使用滑动切换号码。 -->
  <string name="pref_summary_enableSlidingAction">Разреши плъзгащо набиране и др. Можете да го изключите за използване на слайд switch номера.</string>
  <!-- Click Open browser to select files or other data -->
  <string name="browse">Избери</string>
  <string name="companies">Фирми</string>
  <string name="company">Компанията</string>
  <string name="clear">Изчистване</string>
  <string name="other">"Други"</string>
  <string name="voice_input">Въвеждане с глас</string>
  <string name="app_widget_name_dialer_3_3">DW номератор 3 × 3</string>
  <string name="app_widget_name_dialer_2_3">DW номератор 2 × 3</string>
  <string name="app_widget_name_dialer_4_4">DW номератор 4 × 4</string>
  <string name="app_widget_name_agenda">DW дневен ред</string>
  <!-- 	A menu item is used to select mode grouping contacts. -->
  <string name="menu_groupBy">Групиране по</string>
  <string name="menu_showHistory">Покажи история</string>
  <string name="menu_sendMessage">Изпращане на SMS/MMS</string>
  <string name="menu_sendMail">Изпрати имейл</string>
  <string name="menu_setRingtone">Задай тон на звънене</string>
  <string name="menu_insert">Вмъкване</string>
  <string name="pref_title_disableAutomaticUpdates">Спри авто обноваване.</string>
  <string name="pref_title_showsLinkToContactList">Показва връзка към списъка с контакти</string>
  <!-- A number label, recently contacted number，It shows in the contact details SMS TAB. Number selection drop-down list. For example: Recent:12345678 -->
  <string name="recent">Последни</string>
  <string name="dialog_title_selectFieldsToShare">Изберете полета за споделяне</string>
  <string name="pref_title_showSIMCardNumber">Покажи номера на SIM карта</string>
  <string name="pref_title_swapSIMCardNumber">Размени SIM карта номерата</string>
  <string name="pref_summary_selectNeedToDisplayTabs">Изберете раздели за показване</string>
  <!-- 	检测到您正使用屏幕阅读程序。是否显示“电话号码选择对话框”在拨号前？ -->
  <string name="prompt_usePhoneNumberSelectionDialogWhenUseScreenReader">Detects that you are using a screen reader program. Whether to display \"Phone number selection dialog\" before dialing?</string>
  <string name="neverShowAgain">Никога не показвай отново</string>
  <!-- 	选择[确定]，“通话中小部件”将不会再次显示。 -->
  <string name="prompt_neverShowAgain">Изберете [%1$s], \"%2$s\" няма да се покаже отново.</string>
  <string name="dualSIMCardConfiguration">Dual SIM карта конфигурация</string>
  <!-- 	如果SIM卡编号显示不正确，请先通过两个SIM卡各拨打一个电话，然后点击[重新检测]按钮。 -->
  <string name="prompt_retestSIMCardNumber">If the SIM card number display is not correct, please through two SIM cards each make a call, then click on the [Retest] button.</string>
  <!-- 	重新检测 -->
  <string name="retest">Тествайте отново</string>
  <!-- 	检测已完成 -->
  <string name="toast_retestSIMCardNumberCompleted">Теста е приключил.</string>
  <string name="toast_settingsHaveBeenSaved">Настройките са записани.</string>
  <!-- 	如果双卡功能不工作在您的设备。请尝试选择设备列表中的每一个设备，然后单击[拨号]按钮。当两个拨号按钮使用正确SIM卡拨号时，单击[保存]按钮。 -->
  <string name="prompt_dualSIMDialTest">If dual card function does not work on your device. Try selecting each device in the device list, and then click the [Dial] button. When the two dial buttons using the correct SIM card dialing, click the [Save] button.</string>
  <string name="lable_device">Устройство:</string>
  <string name="lable_testNumber">Тест номер:</string>
  <!-- 	 An option. When you enable the exchange of the SIM card used when making calls. When the dial buttons 1 and 2 do not correspond correct SIM card to select it. -->
  <string name="swapTheDialSIMcard">Размени двете SIM карти</string>
  <string name="shareMySettings">Споделяне на моите настройки</string>
  <!-- 	已添加前缀/后缀（%s） -->
  <string name="toast_prefixOrSuffixHasBeenAdded">Префикс / суфикс е добавен (%s)</string>
  <string name="pref_title_downloadGeocoderPlugin">Изтегли Geocoder плъгин</string>
  <string name="menu_bindTo">Свържи с %s</string>
  <string name="menu_clearBind">Изчисти свързването</string>
  <string name="pref_title_twoDialOnTheDialpad">Покажи две бутона за набиране</string>
  <string name="pref_title_twoDialInTheContactList">Покажи два бутона за набиране в списъка с контакти</string>
  <!-- 	call using SIM card 1 -->
  <string name="description_dial_button_using">повикване с помощта на %s</string>
  <string name="menu_shareAsText">Споделяне на всички детайли като текст</string>
  <string name="menu_shareAsvCard">Споделя като vCard</string>
  <string name="noItmeSelected">№ избрания елемент</string>
  <string name="pref_title_leftHandedOperation">Лява ръка</string>
  <string name="description_goToSubGroups_button">Отидете на списък с подгрупи</string>
  <!-- 一个选项，当打开备注会优先保存到联系人，而不是通话记录备注 -->
  <string name="pref_title_saveNotesToContacts">Записване на бележки в контакти</string>
  <string name="export_to_single_vcard_file">Експортиране към един vCard файл</string>
  <string name="export_to_multiple_vcard_files">Експортиране на множество vCard файлове</string>
  <string name="confirm_export_contacts_to_folder_message">Вашите контакти да бъдат експортирани в папка: %s.</string>
  <!-- 读出来电显示号码 -->
  <string name="pref_title_speakNumber">Прочети номер</string>
  <string name="pref_summary_speakNumber">Ако повикващият не е в контакти</string>
  <string name="pref_title_repeatCount">Брой повторения</string>
  <string name="pref_title_repeatInterval">Интервал на повтаряне</string>
  <string name="pref_title_reverseList">Обратен списък</string>
  <!-- 搜索历史记录 - 一个开关确定是否显示搜索历史记录 -->
  <string name="pref_title_searchHistory">История на търсенето</string>
  <string name="menu_add_event">Добави събитие</string>
  <!-- 	您好，试用期限将结束在5天后。现在要购买吗？ -->
  <string name="remind_trialPeriodWillEnd">Здравейте пробния период ще приключи след %d дни. Искате ли да купите?</string>
  <string name="menu_addToBlockList">Добавяне към списък за блокиране</string>
  <string name="menu_removeFromBlockList">Премахване от списък за блокиране</string>
  <string name="blockList">Списък за блокиране</string>
  <string name="font">Шрифт</string>
  <string name="needToUpdate">Трябва да актуализирате</string>
  <string name="disable">Деактивиране</string>
  <string name="pref_title_hideContactPicture">Скриване на снимка за контакт</string>
  <string name="event_info_links_label">Връзки</string>
  <string name="pref_title_calllogFilterAtTop">Показване на \"Call Дневник filter\" в горната част на екрана</string>
  <!-- A menu, click the call methods available to display. For example: SIM card 2; Video call; Skype; SIP -->
  <string name="menu_callUsing">Набиране чрез…</string>
  <string name="video_call">Видео повикване</string>
  <string name="automatic_redial">Автоматично пренабиране</string>
  <!-- Automatic redial after 3 seconds. -->
  <string name="automatic_redial_after">Автоматично пренабиране след %s.</string>
  <!-- Enter "Arrange mode", you can drag to sort items. -->
  <string name="summary_arrangeMode">Плъзнете елемент, за да сортирате</string>
  <!-- An option to choose what to hide in the contact details -->
  <string name="pref_title_hideSection">Скриване на раздел</string>
  <string name="pref_title_automaticBackup">Автоматично архивиране</string>
  <string name="pref_title_backupTime">Архивиране</string>
  <string name="pref_title_backupCycle">Архивиране - цикъл</string>
  <string-array name="pref_entries_backupCycle">
    <item>Ежедневно</item>
    <item>Всеки два дни</item>
    <item>На всеки три дни</item>
    <item>Всеки четири дни</item>
    <item>Всеки пет дни</item>
    <item>Всеки шест дни</item>
    <item>Седмично</item>
    <item>Месечно</item>
  </string-array>
  <string name="pref_title_contactsBackup">Контакти Backup</string>
  <string name="pref_summary_contactsBackup">Изберете групата за архивиране</string>
  <string name="pref_title_backupNow">Архивирай сега</string>
  <string name="pref_title_disableInCarMode">Забрани в режим на кола</string>
  <string name="pref_summary_disableInCarMode">Временно забраняване на потвърждение, когато сте в колата</string>
  <!-- An alert message when adding a shortcut to the HomePage request has been sent. -->
  <string name="toast_requestHasBeenSent">Искането е изпратено</string>
  <string name="pref_title_hideMenuButton">Скрий бутона</string>
  <string name="pref_title_deleteOldCallLogs">Изтриване на стари дневници на повикване</string>
  <string name="pref_summary_deleteOldCallLogs">Когато броят достигне %s, изтриване на стари дневници на повикване</string>
  <string name="menu_setContactPhoto">Задаване на снимка на контакта</string>
  <!-- OPTION: When you restart the app. Restore the state when last used. -->
  <string name="pref_title_restoreStateWhenRestarted">Възстановяване при рестарт</string>
  <string name="websiteTypeHomepage">Начална страница</string>
  <string name="websiteTypeBlog">Блог</string>
  <string name="websiteTypeProfile">Профил</string>
  <string name="websiteTypeHome">Старт</string>
  <string name="websiteTypeWork">Работа</string>
  <string name="websiteTypeFTP">FTP</string>
  <!--     <string name="description">Description</string> -->
  <!--     <string name="menu_add_link">Add link</string> -->
  <string name="pref_title_excludeNumbers">Изключване на номера</string>
  <string name="pref_summary_excludeNumbers">Набирането на тези номера няма да показва прозорец за [Dialing confirmation]</string>
  <!-- Menu item used to add custom field to contact -->
  <string name="menu_addCustomField">Добавяне на поле по избор</string>
  <!-- An automatic group name, which contains all has photo contacts -->
  <string name="hasPhotoContacts">Контакти със снимка</string>
  <!-- Selectable menu item used to controls whether display "contacts events" in the "agenda list". -->
  <string name="menu_showContactsEvents">Покажи събития за контакти</string>
  <!-- An option to define accent color. The color applied to framework controls in their activated (ex. checked) state. -->
  <string name="pref_title_accentColor">Цвят за акцентиране</string>
  <!-- An option to define whether the appointment is created automatically send the invitation email.-->
  <string name="pref_title_sendInvitation">Изпращане на покана</string>
  <!-- An option to define whether the appointment is created automatically send the invitation email.-->
  <string name="pref_summary_sendInvitation">Добавяне на имейл адрес  към участниците</string>
  <!-- An option to define whether use circle icon.-->
  <string name="on">Включено</string>
  <string name="off">Изключено</string>
  <!-- Determined by the theme -->
  <string name="byTheme">По тема</string>
  <!-- An option to define color -->
  <!-- An option to define whether use colorful icon.-->
  <string name="pref_title_colorfulIcon">Цветна икона</string>
  <!-- Select this option to Reduce the ring volume when reading the caller information. -->
  <string name="pref_title_reduceRingerVolume">Намаляване на звука на звънене</string>
  <!-- Select this option to Reduce the ring volume when reading the caller information. -->
  <string name="pref_summary_reduceRingerVolume">Намали силата на звука, докато четете  информацията за повикващия</string>
  <!-- Menu item used to Go to the "Calendar" App -->
  <string name="menu_goToCalendar">Отвори Календар</string>
  <!-- Menu item used to add selected item to the Tab bar -->
  <string name="menu_addToTabBar">Добавяне към лентата</string>
  <!-- Menu item used to remove selected item from the Tab bar -->
  <!-- Menu item used to browse and restore data -->
  <string name="menu_restoreFrom">Възстаовяване от…</string>
  <!-- Menu item used to open [Backup Manager] -->
  <string name="menu_backupManager">Диспечер за архивиране</string>
  <string name="typeface_bold">Получер</string>
  <string name="typeface_italic">Курсив</string>
  <!-- A contact group option. Open it will automatically delete call logs, contacts belong to this group. -->
  <string name="pref_title_automaticallyDeleteCallLogs">Автоматично изтриване на дневниците с повиквания</string>
  <!-- An option to control whether to display the contact's local time -->
  <string name="pref_title_showContactsLocalTime">Покажи местно време</string>
  <!-- An option -->
  <string name="pref_title_replaceMissedCallNotification">Замяна на \"Missed call notification\"</string>
  <!-- An option summary -->
  <string name="pref_summary_replaceMissedCallNotification">Не показвай \"Choose an app\" прозорец</string>
  <!-- An option in the dialog box to delete call records. Controls whether delete call log notes -->
  <string name="deleteNotes">Изтриване на бележки</string>
  <string name="offset">Изместване</string>
  <!-- Label above username EditText -->
  <string name="username">Потребител</string>
  <!-- Button to sign in after entering username and password -->
  <string name="signIn">Вход</string>
  <!-- "By number" merge call records, etc. -->
  <string name="byNumber">По номер</string>
  <!-- "By contact" merge call records, etc. -->
  <string name="byContact">По Контакт</string>
  <!-- An option to control whether to display the message log in History -->
  <!-- Menu item used to add data (E-mail address, etc.)  to contacts -->
  <!-- An option When you open it will maintain a fixed height In call widget. -->
  <!-- ****************************** Descriptions *********************************** -->
  <!--
         String describing the Keyboard switch ImageButton
         Used by AccessibilityService to announce the purpose of the button.
         [CHAR LIMIT=NONE]
    -->
  <string name="description_switch_keyboard">Превключване на клавиатурата</string>
  <string name="description_pick_contact">Изберете контакт</string>
  <!-- String describing the text for photo of a item(group, title, company，etc.). -->
  <string name="description_icon_for">Икона за <xliff:g id="name">%1$s </xliff:g></string>
  <!--An option. When opened, will use list long press menu.-->
  <!--An option in Accessibility. When opened, Enter the number need to double click to confirm.-->
  <!--A item of list, control information needs to be displayed in the "In call widget"-->
  <!--An option title in [Contact Details]. When opened, Will merge items,When just labels different.-->
  <!--An option summary in [Contact Details]. When opened, Will merge items,When just labels different.-->
  <!-- Notification message when adding a number to the blacklist, but the call filter did not open. -->
  <!--An option title in [Events]. Define which events need to display. It filter events based on contact groups-->
  <!--An option title in [Color schemes]. Used to define the "List section" Text Size -->
  <!--An option. When open: The starred contacts are displayed at the top of the list. -->
</resources>
