<?xml version="1.0" encoding="utf-8" standalone="no"?>
<!--Generated by crowdin.com-->
<resources>
  <string name="market_title">DW контакти, телефон и набиране</string>
  <!-- max is 27 -->
  <string name="market_description_key_features_001">+ Търсене контакти по всяко поле</string>
  <string name="market_description_key_features_003">* Създаване и управление на напомняния за контакти</string>
  <string name="market_description_key_features_027">* Неограничен списък обаждане</string>
  <string name="market_description_key_features_006">* Поддръжка на VoIP: Система SIP, Viber, Skype, Fring, GrooVe IP Lite, MobileVOIP, BT SmartTalk&#8230;</string>
  <string name="market_description_key_features_007">+ Споделяне на контакти (текст, vcard) чрез SMS, електронна поща...</string>
  <string name="market_description_key_features_028">* Автоматично пренабиране</string>
  <string name="market_description_limitation">Безплатната версия е ограничена на някои функции: 
- рекламни съобщения 
- персонализациите са ограничени 
- избор ограничен до 5 точки за действие 
- бележки за обаждане 
- да създавате само една джаджа
- в основни характеристики съдържа \"*\" елементи</string>
  <string name="market_description_keywords">контакт контакти адрес набиране набиране набиране повикване Повикващият извикване телефон телефонен мелодия глас група групи организация компания дял се отнася книга sms mms имейл мениджър управление управление история регистър най-добри безплатни</string>
  <!-- A brief description of the Google play, If you have a better description, please use your. Thank you! [CHAR LIMIT=80] -->
  <string name="market_brief_description">Това е мощно приложение за контакти. Нашата цел е да подобри ефективността на вашата работа</string>
</resources>
