<?xml version="1.0" encoding="utf-8" standalone="no"?>
<!--Generated by crowdin.com-->
<resources xmlns:xliff="urn:oasis:names:tc:xliff:document:1.2">
  <string name="app_name">DW Contacts &amp; Phone</string>
  <string name="app_contacts_name">DW Contacts</string>
  <string name="starred">Z zvezdico</string>
  <string name="coworkers">Sodelavci</string>
  <string name="family">Družina</string>
  <string name="friends">Prijatelji</string>
  <string name="myContacts">Moji stiki</string>
  <string name="mergedContacts">Združeni stiki</string>
  <string name="no_item_to_display">Ni predmetov za prikaz</string>
  <string name="allContact">Vsi stiki</string>
  <string name="no_phone_numbers">Ni telefonskih številk</string>
  <string name="menu_edit">Uredi</string>
  <string name="menu_edit_group">Uredi skupino</string>
  <string name="menu_add_contact_to_group">Dodaj stike v skupino</string>
  <string name="menu_remove_contact_from_group">Odstrani stike iz skupine</string>
  <string name="groupNameLabel">Ime skupine</string>
  <string name="add">Dodaj</string>
  <string name="message_del_system_group">To je sistemska skupina stikov. Po odstranitvi
		se bo morda samodejno obnovila, kar lahko povzroči druge težave. Ali res želite to storiti?</string>
  <string name="menu_select_mode">Večkratna izbira</string>
  <string name="menu_inverse_select">Obratno</string>
  <!--<string name="noContact">This group has no contact</string> -->
  <string name="pleaseWait">Počakajte</string>
  <string name="pref_send_title">Nastavitve za SMS-e in e-pošto</string>
  <string name="pref_title_sms_mms_send">SMS/MMS</string>
  <string name="pref_title_email_send">E-pošta</string>
  <string name="pref_send_to">Pošlji na %s</string>
  <string-array name="prefEntries_sms_mms_to">
    <item>Privzeta ali prva mobilna številka</item>
    <item>Vse mobilne številke</item>
    <item>Vse številke</item>
  </string-array>
  <string-array name="prefEntries_email_to">
    <item>Privzeti e-poštni naslov</item>
    <item>Vsi e-poštni naslovi</item>
  </string-array>
  <!--Recipients location -->
  <string name="pref_title_recipients_location">Anonimnost prejemnikov</string>
  <string name="pref_recipients_location_summary">Vse naslovi bodo v polju %s</string>
  <string-array name="pref_entries_recipients_location">
    <item>Skp</item>
    <item>Kp</item>
    <item>Za</item>
  </string-array>
  <string name="menu_preferences">Nastavitve</string>
  <string name="preferences_title">Nastavitve</string>
  <string name="error_report_email_explain">Žal se je pojavila napaka. Ta program nam lahko pomagate izboljšati s pošiljanjem poročila, ki vključuje sporočila o napakah in nekatere sistemske podatke. Spoštovali bomo vašo zasebnost.</string>
  <string name="no_contact_selected">Noben stik ni izbran</string>
  <!--Firewall -->
  <string name="firewell_add_item">Dodaj filter klicev</string>
  <string name="lable_week">Delavniki</string>
  <string name="select_group_title">Izberite skupino</string>
  <!-- %s = call number-->
  <string name="call_blocking_message">%s je bil blokiran</string>
  <string name="stat_notify_incoming_calls_were_intercepted">%d dohodnih klicev je bilo prestreženih</string>
  <string name="pref_firewall_title">Nastavitve filtra klicev</string>
  <string name="pref_title_firewall_enable">Omogoči filter klicev</string>
  <string name="firewall_service_started">Storitev filtra klicev zagnana</string>
  <string name="firewall_state_label">Filter klicev DW</string>
  <!-- The status bar at the top of the screen display a notification message. -->
  <string name="pref_title_firewall_allways_show_stat_notify">Prikaži ikono v vrst. stanja</string>
  <string name="pref_firewall_allways_show_stat_notify_summary">Vedno prikaži sporočilo vrstice stanja</string>
  <string name="menu_week_view">Tedenski pogled</string>
  <string name="menu_time_view">Časovni pogled</string>
  <string name="menu_view">Pogled</string>
  <string name="from">Od</string>
  <string name="to">Do</string>
  <string-array name="days">
    <item>Nedelja</item>
    <item>Ponedeljek</item>
    <item>Torek</item>
    <item>Sreda</item>
    <item>Četrtek</item>
    <item>Petek</item>
    <item>Sobota</item>
  </string-array>
  <string-array name="days_short">
    <item>Ned.</item>
    <item>Pon.</item>
    <item>Tor.</item>
    <item>Sre.</item>
    <item>Čet.</item>
    <item>Pet.</item>
    <item>Sob.</item>
  </string-array>
  <string name="firewall_label">Filter klicev</string>
  <string name="everyday">Vsak dan</string>
  <string name="never">Nikoli</string>
  <string name="search_hint">Tipkajte za začetek iskanja</string>
  <string name="pref_title_display_system_group">Prikaži sistemske skupine</string>
  <!-- Gmail the default, including the group. (Starred, Coworkers, Family, Friends, My Contacts) -->
  <string name="pref_display_system_group_summary">Prikaži sistemsko skupino</string>
  <string name="pref_title_merge_same_name_group">Združi skupine</string>
  <string name="pref_merge_same_name_group_summary">Združi skupine s podobnimi imeni</string>
  <string name="pref_font_size_title">Velikost pisave (1. vrstica)</string>
  <string name="pref_font_size_summary">Velikost: %s</string>
  <string name="removePicture">Odstrani sliko</string>
  <string name="changePicture">Spremeni sliko</string>
  <string name="attachToGroup">Slika skupine</string>
  <string name="use_photo_as_primary">Uporabi to sliko</string>
  <string name="photoPickerNotFoundText">Izbirnika fotografij ni bilo mogoče najti</string>
  <string name="SMS">SMS</string>
  <string name="Email">E-pošta</string>
  <string name="_null">""</string>
  <!-- It shows the contact event to the present time. -->
  <string name="days_after">v %d-ih dneh</string>
  <string name="months_after">v %d-ih mesecih</string>
  <string name="days_ago">Pred %d-mi dnevi</string>
  <string name="months_ago">Pred %d-mi meseci</string>
  <string name="today">danes</string>
  <string name="show_group_icon">Prikaži sliko skupine</string>
  <string name="show_group_icon_summary">Prikaži ikono vsake skupine</string>
  <string name="using_system_sms_program">Upor. privz. prog. za SMS-e</string>
  <!-- According to user feedback that I might in the new version, use it again. -->
  <string name="using_system_sms_program_summary">Onemogoči programsko funkcijo pošiljanja SMS-ov</string>
  <string name="recipients_limit">Omejitev števila prejemnikov</string>
  <string name="recipients_limit_summary">Ko je število prejemnikov večje od te vrednosti, samodejno pošlji v paketih</string>
  <string name="send">Pošlji</string>
  <string name="confirm_send_message">Nadaljuj s pošiljanjem sporočil preostalim stikom?</string>
  <!-- For example, Tablet PC does not support sending text messages. However, click the SMS icon.
    I will call the SMS program. The system will report an exception. Then display this prompt. -->
  <string name="system_does_not_support">Sistem tega ne podpira!</string>
  <string name="ungrouped_contacts">Stiki brez skupine</string>
  <string name="multipleContactsDeleteConfirmation">Izbrani stiki bodo izbrisani.</string>
  <!--pref default view -->
  <string name="pref_title_default_view">Privzeti zavihek</string>
  <string name="pref_default_view_summary">Privzeti zavihek ob zagonu: %s</string>
  <!--pref show auto groups -->
  <string name="pref_title_display_auto_group">Prikaži samodejne skupine</string>
  <string name="pref_display_auto_group_summary">Vključno z \"Vsemi stiki\" in \"Stiki brez skupine\".</string>
  <string name="label_hide">Skrij</string>
  <string name="hide_group_summary">Ne prikaže te skupine</string>
  <string name="fast_scroll_alphabet">\u0020ABCDEFGHIJKLMNOPQRSTUVWXYZ</string>
  <string name="fast_scroll_numeric_alphabet">\u00200123456789ABCDEFGHIJKLMNOPQRSTUVWXYZ</string>
  <!-- Because the different SMS programs. When I provide a phone number to the SMS program,
    some require the use of a semicolon to separate the numbers, and some require a comma. Therefore, this option provides. -->
  <string name="sms_compatibility_mode_title">Način pošiljanja SMS-ov/MMS-ov</string>
  <string name="sms_compatibility_mode_summary">Izberite to, če vaš "Program za SMS-e" ne sprejema tel. številk na običajen način. Na primer: XT800</string>
  <string name="menu_sort_hide">Razvrsti in Skrij</string>
  <string name="menu_sort_alphabetically">Po abecedi</string>
  <string name="pref_in_call_widget_title">Pripomoček med klicem</string>
  <string name="pref_help_title">Pomoč</string>
  <string name="pref_online_help_title">Spletna pomoč</string>
  <string name="menu_cancel_send_to_voicemail">Odblokiraj klice prikazanih stikov</string>
  <string name="pref_feedback_title">Povratne informacije po e-pošti</string>
  <string name="pref_about_title">O programu</string>
  <string name="version">Različica</string>
  <string name="pref_name_display_order_summary">Spremeni vrstni red prikaza imen. To lahko vpliva na hitrost prikaza.</string>
  <string name="pref_contacts_account_title">Podatki računa</string>
  <string name="pref_contacts_account_summary">Prikaži stike iz: %s</string>
  <string name="all_account">vseh računov</string>
  <string name="pref_show_account_name_title">Prikaži ime računa</string>
  <string name="pref_show_account_name_summary">Prikaži imena računov pod imeni skupin.</string>
  <string name="select_account">Izberite račun</string>
  <string name="pref_register_code_title">Vnesite registracijsko kodo</string>
  <string name="pref_register_code_summary">Vnesti morate registracijsko kodo (internetna povezava ni zahtevana), ki ste jo prejeli v e-pošti za potrditev plačila</string>
  <!-- A setting item, click it to open, buy the software license key dialog box. -->
  <string name="pref_get_register_code_title">Kupi registrirano različico</string>
  <string name="pref_get_register_code_summary">
		Registrirajte naš program za polno delovanje. Potrebujemo vaše darovanje za podporo trajnostnega razvoja tega programa.
	</string>
  <string name="buying_tips">
		Tukaj imate dve možnosti (obe delujeta enako): lahko ga registrirate s serijsko številko vaše naprave (Paypal ali kreditna kartica) ali z vašim računom Google (Google Play - namestitev različice Pro)</string>
  <string-array name="purchase_channels">
    <item>Google Play</item>
    <item>PayPal ali kreditna kartica</item>
    <item>Priporoči prijateljem</item>
  </string-array>
  <string-array name="purchase_channels_summary">
    <item>Registrirajte to programsko opremo s svojim računom Google (kupite in namestite različico Pro preko Google Playa). Po namestitvi odstranite brezplačno različico.</item>
    <item>Registrirajte ta program s serijsko številko naprave: %s.
			Po plačilu boste prejeli potrditveno e-pošto z registracijsko kodo.
			Nato preverite registracijo preko klika na [Spletno preverjanje registracije].</item>
    <item>Dobi brezplačno registracijsko kodo</item>
  </string-array>
  <string name="menu_delete_all">Izbriši vse</string>
  <!-- Menu title the user can use for trying to resend a message. -->
  <string name="menu_retry_sending">Ponovno poizkusi poslati</string>
  <string name="message">Sporočilo</string>
  <string name="failed">Spodletelo</string>
  <string name="queued">Na čakanju</string>
  <string name="outbox">Poslano</string>
  <string name="sent">Poslano</string>
  <string name="auto_replace_to_name">Samodejno nadomesti "???" s polnim
		imenom stika; "??F" s priimkom;
		"??G" z imenom; "??N" z vzdevkom.</string>
  <string name="example_message">Živjo, ???</string>
  <string name="sms_preview">Predogled:</string>
  <string name="message_send_state_successfully">Uspešno poslano.</string>
  <string name="message_send_state_failed">Pošiljanje spodletelo.</string>
  <string name="message_send_unknown_error">Neznana napaka. %d sporočilo ni bilo poslano.</string>
  <string name="message_send_no_signal">Ni signala ali pa je dejaven način za letalo. %d sporočilo ni bilo poslano.</string>
  <string name="message_send_successfully">Vsa sporočila so bila uspešno poslana.</string>
  <string name="need_the_paid_version">Na voljo samo v plačljivi raz.</string>
  <!-- As a "contact group"on the phone the main screen to create a shortcut. -->
  <string name="create_shortcut">Ustvari bližnjico na domačem zaslonu</string>
  <string name="menu_move_to_group">Premakni v skupino</string>
  <string name="pref_tabs_title">Omogoči in Razvrsti</string>
  <string name="pref_tabs_summary">Omogoči uporabo zavihka za omogočanje in razvrščanje</string>
  <!--pref theme -->
  <string name="pref_theme_title">Osnovna tema</string>
  <!-- Change the software interface look. -->
  <string name="pref_theme_summary">Nastavi osnovno temo</string>
  <string name="search">Poišči</string>
  <string name="pref_services_title">Nastavitve storitve v ozadju</string>
  <!-- Settings screen, section heading for SMS-specific settings -->
  <string name="pref_sms_settings_title">"Nastavitve za besedilna sporočila (SMS-e)"</string>
  <!-- Settings screen, section heading for EMAIL-specific settings -->
  <string name="pref_email_settings_title">"E-poštne nastavitve"</string>
  <!-- Settings item for boolean option to enable/disable SMS delivery reports -->
  <string name="pref_title_sms_delivery_reports">Poročila o dostavi</string>
  <!-- Settings item description for boolean SMS delivery report setting -->
  <string name="pref_summary_sms_delivery_reports">Zahtevaj poročilo o dostavi za vsako sporočilo.</string>
  <string name="pref_contact_sort_order_title">Razvrsti seznam po</string>
  <string name="pref_contact_sort_order_summary">Spremeni vrstni red seznama stikov. To lahko vpliva na hitrost prikaza.</string>
  <!-- CHANGED ORDER -->
  <string name="contact_sort_order_FamilynameAlternate">Priimek - nadomestni</string>
  <string name="contact_sort_order_RecentContacted">Nedavno uporabljeni stiki</string>
  <string name="contact_sort_order_LongTimeNotContacted">Dolgo časa neuporabljeni stiki</string>
  <string name="contact_sort_order_CreationTime">Čas nastanka</string>
  <string name="contact_sort_order_DefaultAlternate">Privzeti - nadomestni</string>
  <!-- An automatic group, it shows all the contacts included telephone numbers. -->
  <string name="has_phone_number_contacts">Stiki s tel. številkami</string>
  <string name="exit_prompt">Ponovno pritisnite Nazaj za izhod.</string>
  <string name="pref_exit_prompt_title">Pozovi pred izhodom</string>
  <string name="pref_exit_prompt_summary">Prikaži dodatno opozorilo pred izhodom</string>
  <string name="pref_language_title">Jezik</string>
  <string name="load_license_success">Nalaganje dovoljenja iz omrežja je bilo uspešno.</string>
  <string name="load_license_failed">Nalaganje dovoljenja iz omrežja je spodletelo!</string>
  <string name="license_check_success">Preverjanje dovoljenja je bilo uspešno.</string>
  <string name="license_check_failed">Preverjanje dovoljenja je spodletelo!</string>
  <string name="load_license_unregistered">Niste se še registrirali.</string>
  <string name="sending">Pošiljanje …</string>
  <string name="error">Napaka</string>
  <string name="clear_data_or_uninstall_app">Počisti podatke ali odstrani program</string>
  <string name="database_update_error_message">"Napaka pri posodabljanju zgradbe podatkovne zbirke.
Ta napaka se pojavi zaradi izjeme v dovoljenjih za datoteko podatkovne zbirke. Ocenite težavo s programom za varnostno kopiranje.
Tukaj so trije načini za reševanje težave. Poizkusite enega za drugim, dokler je ne odpravite.
1. Ponovno zaženite telefon;
2. V vmesniku upravljalnika programov počistite podatke programa;
3. Odstranite in ponovno namestite program."</string>
  <!-- It shows the contact event to the present time. -->
  <string name="one_day_after">Jutri</string>
  <string name="one_month_after">Čez 1 mesec</string>
  <string name="one_day_ago">Včeraj</string>
  <string name="one_month_ago">Prejšnji mesec</string>
  <string name="menu_edit_event">Uredi dogodek stika</string>
  <string name="menu_add_to_calendar">Dodaj dogodek v koledar</string>
  <string name="menu_delete_event">Izbriši dogodek stika</string>
  <string name="menu_duplicate_contact">Podvojeni stik</string>
  <string name="mes_sendSmsSystemLimit">Zaradi sistemskih omejitev lahko v %1$s uri pošljete samo %2$s SMS-ov. Samodejni poizkus se bo zagnal čez %1$s uro.</string>
  <string name="sendInBatches">Paketi</string>
  <string name="sendInSingle">Posamezno</string>
  <string name="sendInBatchesMessage">Število prejemnikov je večje od "Omejitve števila prejemnikov" v nastavitvah. Vnesite sporočilo v besedilno polje za začetek pošiljanja v paketih ali izberite "Posamezno" za začetek posameznega pošiljanja.</string>
  <string name="pref_title_eventNotification">Nastavitve obvestila o dogodku</string>
  <string name="pref_title_notificationTime">Čas obvestila</string>
  <string name="pref_title_notificationRingtone">Ton obvestila</string>
  <string name="pref_summary_notificationTime">Prilagodi čas prikaza obvestila</string>
  <string name="pref_title_notificationBeforeHappen">Čas pred prikazom obvestila</string>
  <string name="pref_summary_notificationBeforeHappen">%s dni pred prikazom obvestila</string>
  <string name="pref_title_notification">Obvestilo</string>
  <string name="pref_title_reminder">Opomnik</string>
  <string name="pref_summary_reminder">%s pred</string>
  <string name="pref_title_ringtone">Melodija zvonjenja</string>
  <string name="pref_title_alarm">Budilka</string>
  <string name="pref_title_mergeSubgroup">Združi podskupine</string>
  <string name="pref_summary_mergeSubgroup">Podskupine stikov prikazane v nadrejeni skupini.</string>
  <string-array name="pref_entries_notificationTime">
    <item>1 min.</item>
    <item>5 min.</item>
    <item>10 min.</item>
    <item>15 min.</item>
    <item>20 min.</item>
    <item>25 min.</item>
    <item>30 min.</item>
    <item>45 min.</item>
    <item>1 ura</item>
    <item>2 uri</item>
    <item>3 ure</item>
    <item>12 ur</item>
    <item>24 ur</item>
    <item>2 dni</item>
    <item>1 teden</item>
  </string-array>
  <!-- Not in phone book contacts. -->
  <string name="unknown_contacts">Neznani stiki</string>
  <string name="not_in_phone_book_contacts">Ni v imeniku.</string>
  <string name="eventNotification">Obvestilo o dogodku</string>
  <string name="eventNotificationMessage">"Kmalu bo rojstni dan/dogodek osebe %s."</string>
  <!-- When using the "Firstname first" show name, "Firstname" and "Lastname" split between the symbols. Most language is a space. -->
  <string name="givenNameFirstSeparator">" "</string>
  <!-- When using the "Lastname first" show name, "Firstname" and "Lastname" split between the symbols. -->
  <string name="familyNameFirstSeparator">", "</string>
  <string name="vCard">vizitka (vCard)</string>
  <string name="text">Besedilo</string>
  <string name="pref_title_likeTheSoftware">Podprite naš program</string>
  <string name="pref_title_rating">Ocena</string>
  <string name="pref_summary_rating">Podajte dobro oceno v Trgovini.</string>
  <string name="pref_title_share">Souporaba</string>
  <string name="pref_summary_share">Priporoči ta program prijateljem.</string>
  <string name="contact_group">Skupine</string>
  <!-- Set the time to send text messages in the future. -->
  <string name="regularlySent">Običajni čas</string>
  <string name="time">Čas</string>
  <string name="pref_title_EmailProgram">E-poštni program</string>
  <string name="pref_summary_on_EmailProgram">Uporabi privzeti e-poštni program.</string>
  <string name="pref_summary_off_EmailProgram">Poziv za izbiro ob pošiljanju poročil</string>
  <string name="toolbox">Orodjarna</string>
  <string name="pref_title_SMSSendInterval">Razmik pošiljanja</string>
  <string name="pref_summary_SMSSendInterval">Pošlji besedilno sporočilo ob vsakem razmiku (v sekundah).</string>
  <string name="app_dialer_name">Klicalnik DW</string>
  <string name="menu_sort">Vrstni red</string>
  <string name="license_check_failed_message">Napaka preverjanja dovoljenja za program! Prepričajte se, da imate dostop do Google Playa.</string>
  <string name="menu_unselectAll">Odstrani vse izbire</string>
  <string name="pref_title_themeCustomize">Nastavitve teme</string>
  <string name="pref_title_backgroundColor">Barva ozadja</string>
  <string name="pref_title_backgroundColorForTitles">Barva ozadja naziva</string>
  <string name="pref_title_textColorForTitles">Barva besedila naziva</string>
  <string name="pref_title_textColorMarked">Barva označenega bes.</string>
  <string name="pref_title_hideTheTitle">Skrij nazivno vrstico</string>
  <string name="pref_title_hideTheStatusbar">Skrij vrstico stanja</string>
  <string name="pref_title_hideTabLabel">Skrij oznako vrst. zav.</string>
  <string name="pref_title_autoHideTab">Skrij vrstico zavihkov</string>
  <string name="pref_summary_autoHideTab">Zavihki bodo samodejno skriti ob preklopu na drugega</string>
  <string name="reset">Ponastavi</string>
  <string name="pref_title_automaticRotation">Samodejno vrtenje</string>
  <string name="pref_summary_automaticRotation">Vklop/Izklop samodejnega vrtenja zaslona</string>
  <string name="menu_editNotes">Uredi zapiske</string>
  <string name="addSelectedContactsToFavorites">Dodaj stike k priljubljenim</string>
  <string name="removeSelectedContactsFormFavorites">Odstrani stike iz priljubljenih</string>
  <string name="deleteSelectedContacts">Izbriši stike</string>
  <string name="duplicateSelectedContacts">Podvojeni stiki</string>
  <string name="setGroupForSelectedContacts">Nastavi skupino stikov</string>
  <string name="forSelectedContacts">Za izbrane stike</string>
  <string name="searchAnything">Išči po vseh poljih</string>
  <string name="quickDialManager">Upravljalnik hitrega klicanja</string>
  <string name="menu_shareNumber">Souporaba številke</string>
  <string name="menu_setGroupForContact">Nastavi skupino stika</string>
  <string name="pref_title_tabSettings">Nastavitve zavihkov</string>
  <string name="sendSMStoShownContacts">Pošlji SMS/MMS prikazanim stikom</string>
  <string name="sendEmailtoShownContacts">Pošlji e-pošto prikazanim stikom</string>
  <string name="setRingtoneForShownContacts">Nastavi mel. zvonj. prikazanih stikov</string>
  <string name="pref_title_enableEventNotification">Omogoči obv. o dogodku</string>
  <string name="forSelectedGroups">Za izbrane skupine</string>
  <string name="menu_send_group_message">Pošlji SMS/MMS skupini</string>
  <string name="menu_delete_group">Izbriši skupino</string>
  <string name="menu_deleteGroups">Izbriši skupine</string>
  <!-- 	<string name="forSelectedOrgs">For selected companies</string> -->
  <!-- 	<string name="menu_editOrg">Edit company</string> -->
  <!-- 	<string name="forSelectedTitles">For selected titles</string> -->
  <!-- 	<string name="menu_editTitle">Edit title</string> -->
  <string name="menu_editContactFromEvent">Uredi stik iz dogodka</string>
  <string name="menu_focus2Today">Osredotoči se na danes</string>
  <string name="generalDeleteConfirmation">Ali res želite izbrisati?</string>
  <string name="addContactTo">Dodaj stik v %s</string>
  <string name="removeContactFrom">Odstrani stik iz %s</string>
  <string name="pref_title_showTabAtTop">Prikaži vrst. zav. na vrhu</string>
  <!-- Within the group "contact list" label -->
  <string name="labelWithinGroupContactsList">Stiki</string>
  <string name="multipleChoicePrompt">
	Večkratna izbira je v BREZPLAČNI različici omejena na %d predmetov
 	na dejanje. Če želite sporočilo poslati skupini, uporabite meni seznama
	skupin.</string>
  <string name="pref_title_dialerPadTone">Ton pritiska na številčnico</string>
  <string name="recentChanges">Nedavne spremembe</string>
  <string name="more">Več</string>
  <string name="selectAll">Izberi vse</string>
  <string name="pref_title_alwaysToDefTab">Vedno zaženi s privz. zav.</string>
  <string name="pref_summary_alwaysToDefTab">Gumb za klicanje za zagon programa še vedno odpre privzeti zavihek.</string>
  <string name="pref_title_showMostContactedBelowFavorites">Prikaži največkrat upor. stike pod prilj.</string>
  <string name="pref_title_showEventsFromToday">Prikaži današnje dogodke</string>
  <string name="pref_title_YPositionOfInfoWindow">Položaj Y okna s podatki</string>
  <string name="pref_summary_YPositionOfInfoWindow">Navpični položaj okna s podatki. Položaj lahko neposredno spreminjate ob dohodnem klicu.</string>
  <string name="pref_title_backupRestore">Var. kopiranje in obnovitev</string>
  <string name="pref_title_backupAllSettings">Varnostno kopiraj vse nastavitve</string>
  <string name="pref_title_restoreAllSettings">Obnovi vse nastavitve</string>
  <string name="pref_title_restoreDefaultSettings">Obnovi privzete nastavitve</string>
  <string name="pref_title_showMyContactsInUngrouped">Prezri sis. sk. \"Moji stiki\"</string>
  <string name="pref_title_startDialerWithoutDialerPad">Zaženi klicalnik brez štev.</string>
  <string name="pref_summary_showMyContactsInUngrouped">Prikaži stike (ki so samo v sistemski skupini \"Moji stiki\") v \"Stikih brez skupine\".</string>
  <string name="toast_allSettingsToDefault">Vse nastavitve so bile obnovljene na privzete.</string>
  <string name="toast_settingsBackedSuccessfully">Nastavitve so bile varnostno kopirane v %s</string>
  <string name="toast_settingsBackedFailed">Varnostno kopiranje je spodletelo. Prepričajte se, da ste nastavili veljavno pot.</string>
  <string name="toast_settingsRestorSuccessfully">Nastavitve so bile uspešno obnovljene iz %s.</string>
  <string name="toast_settingsRestorFailed">Obnovitev je spodletela. Prepričajte se, da ste pravilno nastavili pot, kjer so shranjene nastavitve.</string>
  <string name="menu_newOrg">Novo podjetje</string>
  <string name="menu_newTitle">Nov naziv</string>
  <string name="enterAName">Vnesite ime</string>
  <string name="pref_title_t9Search">Nastavitve iskanja T9</string>
  <string name="pref_summary_t9Search">To so napredne možnosti, ki so povezane z zavihkom "Telefon" in kako bo tam delovalo iskanje T9</string>
  <string name="pref_title_matchingAnywhere">Ujemaj besede kjerkoli</string>
  <string name="pref_summary_matchingAnywhere">\"WTT\" se bo ujemal z \"dW conTacTs\"</string>
  <string name="pref_title_matchingPart">Ujemaj natančen del besednega izraza</string>
  <string name="pref_summary_matchingPart">\"NTA\" se bo ujemal z \"dw coNTActs\"</string>
  <string name="pref_title_matchingFirstLetter">Ujemaj prvo črko</string>
  <string name="pref_summary_matchingFirstLetter">\"DCO\" se bo ujemal z \"Dw COntacts\"</string>
  <string name="pref_title_sortByDegreeOfMatch">Raz. po stopnji ujemanja</string>
  <string name="menu_copyToClipboard">Kopiraj na odložišče</string>
  <string name="menu_createEvent">Ustvari zmenek</string>
  <string name="useLimitFeaturePrompt">To značilnost lahko v BREZPLAČNI različici uporabite samo %d-krat.</string>
  <string name="pref_title_appointmentSettings">Nastavitve zmenka</string>
  <string name="pref_title_defaultAppointmentText">Privzeto besedilo zmenka</string>
  <string name="pref_summary_defaultAppointmentText">Dodaj besedilo, ki bo vstavljeno pred dodajanjem imena in številke</string>
  <string name="pref_default_defaultAppointmentText">"Pokliči s/z"</string>
  <string name="titlesList">Nazivi</string>
  <string name="eventsList">Dogodki</string>
  <string name="pref_title_showInContactList">Predmeti za prikaz</string>
  <string-array name="pref_entries_showInContactList">
    <item>Številke</item>
    <item>Podjetje</item>
    <item>Naziv</item>
    <item>Skupine</item>
    <item>Ikona računa</item>
    <item>Slike stika</item>
    <item>Gumb za e-pošto</item>
    <item>Gumb za SMS-e</item>
    <item>Gumb za klicanje</item>
    <item>Zapiski</item>
  </string-array>
  <string name="pref_title_showNotesLines">Omeji zapiske na x vrstic</string>
  <string name="tips_clickToSeeAllText">S klikom na predmet seznama lahko prikažete vse besedilo</string>
  <string name="pref_title_colorForGroups">Barva ozadja - skupine</string>
  <string name="pref_title_colorForOrganization">Barva ozadja - podjetja</string>
  <string name="pref_title_colorForTitle">Barva ozadja - nazivi</string>
  <string name="pref_title_fontSize2">Velikost pisave (2. vrstica)</string>
  <string name="pref_title_fontSize3">Velikost pisave (3. vrstica)</string>
  <string name="pref_title_useNumberSearch">Uporabi številke v iskanju</string>
  <string name="pref_summary_useNumberSearch">Če je omogočeno, bodo iskane tudi številke</string>
  <string name="noEmailAddress">Brez e-poštnega naslova</string>
  <string name="pref_title_showCallLogOnPhone">Prikaži dnev. klicev na tel.</string>
  <string name="listTotalCallHistory">Prikaz %1$d-ih klicev/trajanje %2$s</string>
  <string name="pref_title_showContactsOnPhoneStart">Prikaži stike ob zagonu</string>
  <string name="pref_summary_showContactsOnPhoneStart">Če je omogočeno, bodo vsi stiki prikazani tudi na seznamu</string>
  <string name="listTotalCallLog">Prikaz %d-ih različnih klicnih številk</string>
  <string name="upcoming">Prihajajoči</string>
  <string name="pref_title_phoneSettings">Nastavitve telefona</string>
  <string name="pref_title_mergeCallLog">Združi dnevnik klicev</string>
  <string name="pref_title_showCounterOnMergedCallLog">Prikaži števec na zdr. pred. dnev. klicev</string>
  <string name="pref_summary_showCounterOnMergedCallLog">Če je omogočeno, bo na desni strani imena stika prikazan števec združenih klicev</string>
  <string name="pref_title_groupCallLogByDate">Prikaži skup. dnev. klicev po datumu</string>
  <string name="pref_summary_groupCallLogByDate">Če je omogočeno, bodo dnevniki klicev združeni po datumu</string>
  <string name="pref_title_limitCallLogOnXDays">Omeji dnevnik klicev na %s dni</string>
  <string name="pref_summary_limitCallLogOnXDays">Omeji dnevnik klicev na %s dni (0 = prikaži vse)</string>
  <string name="pref_message_0toShowAllDays">0 za prikaz vseh dni</string>
  <string name="pref_message_0toShowAllItems">0 za prikaz vseh predmetov</string>
  <string name="pref_title_useOrgSearch">V iskanju uporabi podjetja</string>
  <string name="pref_title_matchingSkipWord">Omogoči preskok besed</string>
  <string name="pref_summary_matchingSkipWord">\"DPH\" se bo ujemal z \"Dw contacts &amp; PHone\"</string>
  <string name="pref_title_matchingSkipSpace">Omog. preskok presledka</string>
  <string name="pref_summary_matchingSkipSpace">\"TSPH\" se bo ujemal z \"dw contacTS &amp; PHone\"</string>
  <string name="pref_title_globalSettings">Splošne nastavitve</string>
  <string name="pref_title_registrationStates">Stanje: %s</string>
  <string name="pref_summary_registrationStates">Ta različica je %1$s za napravo s serijsko številko: %2$s</string>
  <string name="registered">Registriran</string>
  <string name="unregistered">Ni registriran</string>
  <string name="pref_title_onlineRegistrationCheck">Spletno preverjanje registracije</string>
  <string name="pref_summary_onlineRegistrationCheck">Preverilo bo, ali je vaša naprava registrirana (zahtevana internetna povezava).</string>
  <string name="pref_title_registration">Registracija</string>
  <string name="pref_summary_registration">Odkleni razširjene funkcije, odstrani oglase</string>
  <string name="pref_summary_showContactsWithPhoneNumber">Če je omogočeno, bo uporabljeno sistemsko [Filtriranje prikaza stikov], kar lahko prilagodite v [Splošnih nastavitvah]</string>
  <string name="pref_title_historyViewSettings">Nastavitve pogleda zgodovine</string>
  <string-array name="pref_entries_dialerPadTone">
    <item>Ton DTMF</item>
    <item>Ton klika</item>
    <item>IZKLOPLJENO</item>
  </string-array>
  <string name="pref_title_limitNumberTitleToXChar">Dolžina naziva tel. št.</string>
  <string name="pref_summary_limitNumberTitleToXChar">Nastavitev na 0 bo prikazala polno dolžino naziva telefonske številke</string>
  <string name="pref_title_supportForum">Forum za podporo</string>
  <string name="pref_title_textColor">Barva besedila</string>
  <string name="historyList">Zgodovina</string>
  <string name="startProVerPrompt">Zaznana je bila različica Pro. Zaženi jo zdaj?</string>
  <string name="pref_title_selectedBackgroundColor">Barva ozadja prit. tipke</string>
  <string name="pref_title_dialpadThemeSettings">Nastavitve številčnice</string>
  <string name="pref_title_globalThemeSettings">Nastavitve splošne teme</string>
  <string name="pref_title_showAlwaysAddIcon">Vedno prik. ikono *dodaj*</string>
  <string name="pref_summary_showAlwaysAddIcon">Če je omogočeno, bo v prvi vrstici seznama prikazana ikona "+", s katero lahko dodate stik</string>
  <string name="pref_title_eventGreetingText">Pozdravno besedilo dogodka</string>
  <string name="pref_default_eventGreetingText">Živjo ???, želim ti vse najboljše za tvoj ??A-ti ??E</string>
  <string name="pref_title_eventGreetingSubject">Pozdravna zadeva dogodka</string>
  <string name="pref_summary_eventGreetingSubject">Se uporablja samo ob pošiljanju e-pošte</string>
  <string name="pref_message_eventGreetingText">Spremenljivko "???" lahko uporabljate s polnim imenom stika; "??F" s priimkom; "??G" z imenom;
               "??N" z vzdevkom; "??A" za starost; "??E" za vrsto dogodka</string>
  <string name="pref_default_eventGreetingSubject">Pozdravi za vašo ??A-to ??E</string>
  <string name="menu_sendGreetingSMSToContact">Pošlji SMS/MMS dogodka stiku</string>
  <string name="menu_sendGreetingEmailToContact">Pošlji e-pošto dogodka stiku</string>
  <string name="pref_title_storeSendSMSToSystemDB">Shrani poslane SMS-e/MMS-e v pod. zbirko</string>
  <string name="pref_summary_storeSendSMSToSystemDB">Če je omogočeno, bodo poslani SMS-i/MMS-i shranjeni v sistemsko podatkovno zbirko.</string>
  <!-- 	<string name="pref_title_backgroundImage">Background image</string> -->
  <!-- 	<string name="pref_summary_backgroundImageEn">If you use background image, the background color can be used simultaneously as color filter</string> -->
  <string name="pref_title_textColorSecond">Barva bes. 2. in 3. vrs.</string>
  <string name="pref_title_textColorLabel">Barva bes. ozn. 3. vrs.</string>
  <string name="pref_summary_textColorLabel">To je barva besedila označenih skupin, podjetij in nazivov</string>
  <string name="pref_title_backgroundListSectionColor">Barva oz. odseka sez.</string>
  <string name="pref_title_textListSectionColor">Barva bes. odseka sez.</string>
  <string name="pref_title_showAlphabetListSection">Prik. odsek sez. po abec.</string>
  <string name="pref_title_fontSizeforDigits">Velikost pisave številk</string>
  <string name="pref_title_fontSizeforLetters">Velikost pisave črk</string>
  <string name="pref_title_dialpadIconsArrangement">Razporeditev ikon številčnice</string>
  <string-array name="pref_entries_dialpadIconsArrangement">
    <item>Kliči/Vnesi/Izbriši</item>
    <item>Izbriši/Vnesi/Kliči</item>
    <item>Vnesi/Izbriši/Kliči</item>
  </string-array>
  <!-- 	quick jump to alphabetic listcreate new contact -->
  <string name="menu_quickJump">Hiter skok</string>
  <string-array name="pref_entries_hideTab">
    <item>Vklopljen</item>
    <item>Izklopljen</item>
    <item>Samodejno</item>
  </string-array>
  <string name="pref_title_backgroundColorQuickJump">Barva oz. hitrega skoka</string>
  <string name="pref_title_textColorQuickJump">Barva bes. hitrega skoka</string>
  <string name="pref_title_disableSlideSwitchingTabs">Onem. preklop zav. s potegi</string>
  <string name="pref_title_showNumberKeyboardOnDialpad">Prikaži št. tipk. na štev.</string>
  <string name="pref_summary_showNumberKeyboardOnDialpad">Če je onemogočeno, bo prikazano samo vnosno polje, in ikoni za klicanje in brisanje (uporabno, če želite vedno klicati preko strojnih tipk)</string>
  <string name="pref_title_dialpadToFullWidth">Štev. čez celo širino zas.</string>
  <string name="pref_summary_dialpadToFullWidth">Če je omogočeno, bo v ležečem načinu številčnica prikazana čez celo širino zaslona (v nasprotnem primeru na desni strani)</string>
  <string name="pref_title_smsSignature">Podpis SMS/MMS</string>
  <string name="pref_summary_smsSignature">Podpis bo vedno dodan na konec SMS-ov/MMS-ov</string>
  <string name="currentOrderNotSupportFastJump">Trenutni vrstni red ne podpira hitrega skoka.</string>
  <!-- 2.0.7 -->
  <string name="pref_title_languageForT9">Jezik iskanja T9</string>
  <string name="pref_summary_languageForT9">Dodatni jeziki za uporabo z iskanjem T9</string>
  <string name="pref_title_quickJumpAlignment">Poravnava hitrega skoka</string>
  <string-array name="pref_entries_quickJumpAlignment">
    <item>Zgoraj</item>
    <item>Na sredini</item>
    <item>Spodaj</item>
  </string-array>
  <string name="menu_gridView">Mrežni pogled</string>
  <string name="menu_listView">Seznamski pogled</string>
  <string name="pref_title_gridViewSettings">Nastavitve mrežnega pogleda</string>
  <string name="pref_title_gridViewSize">Velikost mreže</string>
  <string name="pref_title_lockGridSize">Velikost mreže za zakl.</string>
  <string name="pref_summary_lockGridSize">Če je zaklenjeno, potem lahko hiter skok ponovno uporabite preko drsnika za dva prsta</string>
  <string name="pref_title_phoneDialpadHeight">Višina številčnice</string>
  <string name="pref_title_moreSettings">Podrobne nastavitve pogleda</string>
  <string name="pref_summary_moreSettings">Bolj podrobne nastavitve za vsak pogled zavihka</string>
  <string name="pref_title_displayNameBelowThePicture">Prikazano ime pod sliko</string>
  <string name="menu_exportContactPicture">Izvozi sliko stika</string>
  <string name="toast_saveFailed">Shranjevanje je spodletelo!</string>
  <string name="toast_saveSuccessfully">Uspešno shranjeno v: %s</string>
  <string name="callConfirm">Potrditev klicanja</string>
  <string name="pref_summary_callConfirm">Če je omogočeno, bo prikazano pojavno okno z zahtevo po potrditvi pred klicanjem</string>
  <string name="pref_title_automaticConfirmationDelay">Zakasnitev samodejne potrditve</string>
  <!-- It is an option to set a time for the control [Dialing confirmation] dialog.
     At the end of the counter automatically close [Dialing confirmation] dialog. -->
  <string name="pref_title_automaticCancelDelay">Zakasnitev sam. preklica</string>
  <string name="pref_summary_automaticConfirmationDelay">Za ustavitev odštevalnika se lahko dotaknite kjerkoli</string>
  <string name="pref_title_picturePositionOnRight">Položaj slike na desni</string>
  <string name="updateCheck">Preveri za posodobitve</string>
  <string name="noUpdates">Nobena posodobitev ni na voljo</string>
  <string name="download">Prejmi</string>
  <string name="pref_title_globalIconSize">Splošna velikost ikone</string>
  <string name="pref_summary_globalIconSize">Ta velikost določa širino vseh ikon: kliči na številčnici, tipka Nazaj na številčnici, kliči, SMS, e-pošta, slika</string>
  <string name="pref_title_backKeyHideDailpad">Tipka Nazaj skrije štev.</string>
  <string name="pref_summary_backKeyHideDailpad">Če je onemogočeno, bo prvi klik na strojno tipko "Nazaj" zaprl program. V nasprotnem primeru bo pred izhodom skril številčnico</string>
  <string name="pref_title_hapticFeedbackVibration">Vibriranje hapt. odziva</string>
  <string name="pref_title_hapticFeedbackStrength">Moč haptičnega odziva</string>
  <string name="pref_title_limitCallLogOnXitems">Omeji dnev. klicev na največ %s pred.</string>
  <string name="pref_summary_limitCallLogOnXitems">Omeji dnevnik klicev na največ %s predmetov (0 = neomejeno)</string>
  <string name="pref_title_dividerLineColor">Barva ločilne črte</string>
  <string name="menu_quickDial">Hitro klicanje</string>
  <string name="buying_tips_in_free">Za nakup različice Pro lahko uporabite "Google Play". Če živite v območju, kjer za nakup programa ni mogoče uporabiti "Google Playa", lahko prejmete različico REG in jo registrirate. Obe različici delujeta enako.</string>
  <string name="buying_channel_registration">Prejmi različico REG</string>
  <string name="buying_channel_registration_summary">"Ko kliknete na povezavo, se bo prejem začel in potem kliknite na datoteko za namestitev.
Nato zaženite program in sledite navodilom za registracijo."	</string>
  <string name="pref_title_buyAdvancedVersion">Kupi napredno različico</string>
  <string name="freeVersionFound">Na vašem sistemu je bila najdena BREZPLAČNA različica.</string>
  <string name="uninstallFreeVersionPrompt">Priporočamo, da odstranite BREZPLAČNO različico in uporabite registrirano. Pred odstranitvijo boste morda morali varnostno kopirati svoje podatke in jih potem obnoviti v različici Pro.
		Odstrani BREZPLAČNO različico?</string>
  <string name="pref_title_copySerialNum">Kopiraj serijsko številko naprave na odložišče</string>
  <string name="askToCheckRegistrationCode">"Registracijski ključ ni veljaven ali registriran. Ali želite preveriti registracijsko kodo zdaj?"</string>
  <string name="deleteContactConfirmation">Stik \"%s\" bo izbrisan.</string>
  <string name="enable">Omogoči</string>
  <string name="allIncomingCalls">Vsi dohodni klici</string>
  <string name="anonymousIncomingCalls">Anonimni dohodni klici</string>
  <string name="anonymousIncomingCallsSummary">Ko klici ne pošljejo telefonske številke</string>
  <string name="automaticGroups">Samodejne skupine</string>
  <string name="pref_title_dialPrefix">Klicna predpona</string>
  <string name="pref_summary_dialPrefix">Če je podana predpona, bodo za klice na voljo dodatne možnosti preko menija dolgega pritiska</string>
  <string name="pref_title_dialSuffix">Klicna pripona</string>
  <string name="pref_summary_dialSuffix">Če je podana pripona, bodo za klice na voljo dodatne možnosti preko menija dolgega pritiska</string>
  <string name="pref_title_quickDialLimit">Omejitev hitrega klicanja</string>
  <string name="pref_title_languageForT9Keyboard">Jezik tipkovnice T9</string>
  <string name="pref_summary_languageForT9Keyboard">Izberite želeni jezik številčnice T9.</string>
  <string name="callFilterAction">Dejanje</string>
  <string-array name="callFilterActions">
    <item>Prestrezi</item>
    <item>Omogoča</item>
    <item>Tišina</item>
  </string-array>
  <string name="callFilterActionIntercept">Prestrezi</string>
  <string name="callFilterActionInterceptAndNotify">Prestrezi in Obvesti</string>
  <string name="callFilterActionAllows">Omogoča</string>
  <string name="callFilterActionSilence">Tišina</string>
  <string name="callFilterType">Vrsta filtra</string>
  <string-array name="callFilterTypes">
    <item>Filter skupin</item>
    <item>Filter številk</item>
    <item>Nedavno klicana telefonska številka</item>
  </string-array>
  <string-array name="callFilterTypesHint">
    <item>Izberite skupine za filter</item>
    <item>Vnesite številke za filter</item>
    <item>Izberite veljavno trajanje</item>
  </string-array>
  <string name="ruleEditor">Urejevalnik pravil</string>
  <string name="label">Oznaka</string>
  <string name="numberFilterExplain">* = katerikoli niz, ? = katerikoli znak</string>
  <string name="effectiveTimeOfTheRule">"Dejavnost od %1$s do %2$s"</string>
  <string name="menu_viewRelatedContacts">Pokaži povezane stike</string>
  <string name="title_selectNumbers">Izberite številke</string>
  <string name="title_selectEmailAddresses">Izberite e-poštne naslove</string>
  <string name="pref_title_lockView">Zakleni spr. pogleda pred.</string>
  <string name="pref_summary_lockView">Zakleni pogled predmetov za spremembo predmetov preko pomika z dvema prstoma</string>
  <string name="selectedNumberOfContacts">Izbranih %d stikov</string>
  <string name="selectedNumberOfEmailAddresses">Izbranih %d naslovov. Kliknite za kopiranje na odložišče.</string>
  <string name="selectedNumberOfPhoneNumbers">Izbranih %d telefonskih številk</string>
  <!-- 2.1.1 -->
  <string name="pref_title_nameFieldToShow">Izberi polja imena za prikaz</string>
  <string name="pref_summary_nameFieldToShow">Deluje samo, ko \"Prikaži stik kot\" ni nastavljeno na privzeto.</string>
  <string-array name="pref_entries_nameField">
    <item>Ime</item>
    <item>Priimek</item>
    <item>Srednje ime</item>
    <item>Predpona imena</item>
    <item>Pripona imena</item>
    <item>Fonetično ime</item>
    <item>Fonetični priimek</item>
    <item>Fonetično srednje ime</item>
  </string-array>
  <string name="pref_title_showMatchFirstLetterResultsFirst">Najprej prikaži rez. \"Ujemaj s prvo črko\"</string>
  <string name="pref_title_clickTheActions">Dejanja klika na vnos seznama</string>
  <string name="pref_summary_clickTheActions">Dejanje klika na vnos seznama.</string>
  <string name="pref_summary_clickListIconActions">Dejanje klika na ikono stika v seznamskem pogledu.</string>
  <string name="action_viewItemAuto">Pokaži predmet (stik ali zgodovina)</string>
  <string name="action_viewContactDetails">Pokaži podrobnosti stika</string>
  <string name="action_selectNumberToCall">Izberite številko za klic</string>
  <string name="action_viewContactHistory">Pokaži zgodovino stikov</string>
  <string name="action_viewQuickContactBadge">Pokaži značko hitrega stika</string>
  <string name="action_callCurrentNumber">Pokliči trenutno številko</string>
  <string name="action_callDefaultNumber">Pokliči privzeto številko</string>
  <string name="action_callUsingSIP">Pokliči z uporabo SIP-a</string>
  <string name="action_sendMessageToCurrentNumber">Pošlji SMS/MMS na trenutno številko</string>
  <string name="action_sendMessageToDefaultNumber">Pošlji SMS/MMS na privzeto številko</string>
  <string name="pref_title_clickIconActions">Dejanja klika na ikono</string>
  <string name="pref_summary_clickIconActions">Dejanje klika na ikono stika v mrežnem pogledu.</string>
  <string name="pref_title_lockWindowPosition">Zakleni položaj okna</string>
  <string name="pref_summary_lockWindowPosition">Če ga ne želite premakniti z vlečenjem.</string>
  <string name="pref_title_showCallerLocation">Prikaži lokacijo klicatelja</string>
  <string name="downloadPluginPrompt">Zahtevani so vstavki. Prejmi zdaj?</string>
  <string name="Default">Privzeti</string>
  <string name="pref_title_searchCallLog">Išči po dnevniku klicev</string>
  <string name="pref_summary_searchCallLog">Potrebno je odpreti \"Prikaži dnevnik klicev na telefonu\"</string>
  <string name="menu_shareContacts">Souporaba stikov</string>
  <string name="font_size">Velikost pisave</string>
  <string name="show_call_log_filter">Prikaži filter dnevnika klicev</string>
  <string name="hide_call_log_filter">Skrij filter dnevnika klicev</string>
  <string name="prompt_in_sms_tab">Prikaži SMS, ki ga je skupini poslal DW Contacts.</string>
  <string name="pref_title_exitWhenCallEnds">Izhod ob končanem klicu</string>
  <string name="pref_title_residesInMemory">Bivanje v pomnilniku</string>
  <string name="pref_summary_residesInMemory">Omogočena možnost "Omogoči storitve v ozadju" ga lahko ohrani dalj časa v pomnilnku.</string>
  <!-- Header that expands to list all of the types of settings -->
  <string name="optionsLabelsGroup">Možnosti</string>
  <string name="pref_summary_textColorForSecondT9Languare">Barva drugega jezika T9</string>
  <string name="pref_title_enableDualcardSuppout">Omogoči podporo za dvojne kartice</string>
  <!-- 联系人详细信息 -->
  <string name="detailsList">Podrobnosti</string>
  <string name="pref_title_minimumHeightOfListItem">Najm. višina predmeta sez.</string>
  <string name="loading">Nalaganje …</string>
  <string name="pref_title_displayWhenDialing">Prikaži med klicanjem</string>
  <string name="pref_title_usingMoreDetailedListSection">Upor. bolj podr. odsek sez.</string>
  <string name="pref_summary_usingMoreDetailedListSection">To bo uporabljeno za hitrejši preskok znakov</string>
  <string name="desktop_widget_limit_messages">V brezplačni različici lahko ustvarite samo namizni pripomoček.</string>
  <string name="label_customField">Polja po meri</string>
  <string name="menu_otherContactViewer">Drug pregledovalnik stikov</string>
  <string name="pref_title_hideStatistics">Skrij statistiko</string>
  <string name="pref_title_backupTheme">Var. kopiraj nastavitve teme</string>
  <string name="pref_title_restoreTheme">Obnovi nastavitve teme</string>
  <string name="appwidget_titleText">Naziv</string>
  <string name="appwidget_summary_selectGroup">Izberite skupino stikov za prikaz.</string>
  <string name="iconSize">Velikost ikone</string>
  <string name="widgetConfiguration">Nastavitve pripomočka</string>
  <string name="pref_title_iconNumberOfColumns">Ikona števila stolpcev</string>
  <string name="pref_summary_iconNumberOfColumns">0 za samodejno prilagoditev</string>
  <string name="tips_contactAppWidget">Klik na naziv pripomočka lahko vnese nastavitve</string>
  <string name="pref_title_nameLines">Vrstice z imeni</string>
  <string name="pref_summary_nameLines">0 za skritje imena</string>
  <string name="menu_deleteTheShownCallLog">Izbriši prikazan dnevnik klicev</string>
  <string-array name="pref_entries_contactListSearchOptions">
    <item>Išči po vseh poljih</item>
    <item>Išči po vseh stikih</item>
    <item>Išči po splošnem seznamu naslovov</item>
  </string-array>
  <string name="pref_title_defaultContactIcon">Privzeta ikona stika</string>
  <string name="pref_title_defaultGroupIcon">Privzeta ikona skupine</string>
  <string name="prompt_restoreDefaultSettings">Priporočljivo je, da najprej naredite varnostno kopijo nastavitev. Obnovi vse nastavitve na privzete zdaj?</string>
  <string name="pref_title_interceptCallsEvenDuringCall">Prestr. klice tudi med klic.</string>
  <string name="pref_summary_interceptCallsEvenDuringCall">To lahko privede do končanja trenutnega klica.</string>
  <string name="pref_title_displayPromptWhenCallBlocked">Prik. poziv, ko je klic blok.</string>
  <!-- Call Statistics -->
  <string name="call_statistics">Statistika klicev</string>
  <string name="freeNumbersManager">Upravljalnik brezplačnih številk</string>
  <string name="tab_call_statistics">Statistika</string>
  <string name="call_type_incoming">Dohodni</string>
  <string name="call_type_outgoing">Odhodni</string>
  <string name="call_type_missed">Neodgovorjeni</string>
  <string name="call_type_blocked">Blokirani</string>
  <string name="call_type_all">Vsi</string>
  <string name="call_duration">Trajanje</string>
  <string name="call_duration_minute">Trajanje (min.)</string>
  <string name="call_count">Število</string>
  <string name="call_statistics_time_billingCycle">Obdobje zaračunavanja</string>
  <string name="call_statistics_time_thisMonth">Ta mesec</string>
  <string name="call_statistics_time_thisWeek">Ta teden</string>
  <string name="call_statistics_time_all">Ves čas</string>
  <string name="pref_title_startDayOfBillingCycle">Začetni dan obdobja zarač.</string>
  <string name="pref_title_missedCallsTextColor">Barva besedila neodgovorjenih klicev</string>
  <string name="pref_summary_unansweredOutgoingCallsTextColor">Neodgovorjeni odhodni klici</string>
  <string name="pref_title_freeMonthlyTalkTime">Mesečni čas brezpl. pogovorov</string>
  <string name="pref_title_freeIncomingCalls">Brezplačni dohodni klici</string>
  <string name="pref_title_costWarning">Opozorilo o stroških</string>
  <string name="pref_summary_costWarning">Prikaži opomnik ob koncu časa brezplačnih pogovorov</string>
  <string name="prompt_freeTalkTimeIsOver">Čas brezplačnih pogovorov je potekel.</string>
  <string name="prompt_remainingFreeTalkTimer">Preostali čas brezplačnih pogovorov: %1$d minut; dnevno: %2$d minut.</string>
  <string name="pref_title_showGroupSContactsCount">Prikaži št. stikov skupine</string>
  <string name="pref_summary_showGroupSContactsCount">Odpiranje bo vplivalo na hitrost nalaganja stikov.</string>
  <string name="pref_title_contactPictureZoomMode">Način povečave slike stika</string>
  <string-array name="pref_entries_contactPictureZoomMode">
    <item>Sredinsko</item>
    <item>Sredinsko obreži</item>
    <item>Sredinsko znotraj</item>
    <item>Prilagodi na sredino</item>
    <item>Prilagodi na XY</item>
  </string-array>
  <string name="get_online_help">Dobi spletno pomoč</string>
  <string name="error_report">Poročilo o napaki</string>
  <string name="hasNoPhoneNumberContacts">Stiki brez tel. številk</string>
  <string name="pref_title_minimumBillableTime">Najmanjši čas za zaračunavanje</string>
  <string name="pref_summary_minimumBillableTime">Trenutna nastavitev je %s s. Če je čas pogovora 1:15 in je nastavitev 30 s, bo zaračunani čas 1:30. Če je nastavitev 60 s, bo zaračunani čas 2:00.</string>
  <string name="menu_showSidebar">Prikaži stransko vrstico</string>
  <string name="menu_hidesidebar">Skrij stransko vrstico</string>
  <string name="SIMCard1">1. kartica SIM</string>
  <string name="SIMCard2">2. kartica SIM</string>
  <string name="sim_card_office">Pisarna</string>
  <string name="sim_card_home">Doma</string>
  <string name="sim_card_call">Kliči</string>
  <string name="sim_card_internet">Internet</string>
  <string name="sim_card_heart">Srce</string>
  <string name="lable_sim_card_name">Ime:</string>
  <string name="lable_sim_card_icon">Ikona:</string>
  <string name="defaultSIMcard">Privzeta kartica SIM</string>
  <string name="prompt_inFirstUseDialer">Klic v sili je od odvisen od sistema, ki zagotavlja klicni program. Prepričajte se, da deluje.</string>
  <string name="pref_title_enableBackgroundDataLoading">Omog. nalag. pod. v ozadju</string>
  <string name="pref_summary_enableBackgroundDataLoading">Omogočite za izboljšanje odzivne hitrosti programa.
		Upoštevajte, da bo to povečalo porabo energije.</string>
  <string name="pref_title_scaleToFitTheScreen">Merilo za prilagajanje zas.</string>
  <string name="pref_summary_scaleToFitTheScreen">Samodejno umeri velikost mreže, da se prilagodi zaslonu</string>
  <string name="pref_summary_whenPortraitMode">Pokončni način</string>
  <string name="pref_summary_whenTheSidebarIsOpen">Pokončni način stranske vrstice</string>
  <string name="pref_summary_whenInLandscapeMode">Ležeči način</string>
  <string name="pref_summary_whenInLandscapeModeAndTheSidebarIsOpen">Ležeči način stranske vrstice</string>
  <string name="pref_title_usingMoreDetailedFastScroller">Upor. bolj podr. hiter drsnik</string>
  <string name="pref_title_contactFields">Polja stika</string>
  <string name="pref_summary_informationNeedSendToCalendar">Izberi podatke, ki jih je treba poslati v koledar</string>
  <string-array name="pref_entriesNeedSendToCalendar">
    <item>Organizacija</item>
    <item>Naslov</item>
    <item>Telefon</item>
    <item>E-pošta</item>
    <item>Zapiski</item>
  </string-array>
  <string name="menu_addConsecutiveNumbers">Dodaj zaporedne številke</string>
  <string name="startingNumber">Začetna številka</string>
  <string name="endingNumber">Končna številka</string>
  <string name="prompt_ALotOfNumbersToAddToContact">%d novih številk bo dodanih med stike. To bo trajalo nekaj časa.</string>
  <string name="prompt_numberParsingErrorInaddConsecutiveNumbers">Napaka razčlenjevanja številke! Ne vnašajte oblikovanih številk.</string>
  <string name="prompt_needToAddNumbersTooMuch">To bo dodalo številko %d med stike. Dodajanje preveč številk bo upočasnilo telefon.</string>
  <string name="prompt_addConsecutiveNumbers_accountDoesNotSupport">Račun za stike ne podpira dodajanja toliko telefonskih številk.</string>
  <string name="pref_title_usingHDContactPicture">Uporaba slike stika HD</string>
  <string name="pref_title_linksInNotes">Povezave v zapiskih</string>
  <string name="pref_summary_linksInNotes">Ko je omogočeno, bo na spletne URL-je, e-pošto, naslove in telefonske številke v zapiskih mogoče klikniti.</string>
  <string name="pref_title_enableInCallWidget">Omogoči v pripomočku</string>
  <string name="pref_title_delayToClose">Zakasnitev zapiranja</string>
  <string name="pref_summary_delayToCloseInCallWidget">Zakasni zapiranje \"Pripomočka med klicem\" za %d s po končanju klica.</string>
  <string name="pref_title_closeWhenOffhook">Zapri, ko je klic končan</string>
  <string name="pref_summary_closeWhenOffhook">Zapri \"Pripomoček med klicem\", ko odgovorim na klic.</string>
  <string name="pref_summary_informationNeedShowInInCallWidget">Izberi podatke za prikaz v \"Pripomočku med klicem\".</string>
  <string name="phoneNumberLabel">Oznaka telefonske številke</string>
  <string name="last_contact_time">Zadnji čas uporabe stika</string>
  <string name="contact_pictures">Slike stika</string>
  <string name="menu_importToQuickdialList">Uvozi na seznam hitrega klicanja</string>
  <string name="confirm_importToQuickdialList">Upoštevajte, da bodo uvoženi podatki prepisali obstoječe.</string>
  <string name="toast_importToQuickdialListSuccessfully">%d številk je bilo uvoženih</string>
  <string name="pref_title_frameColor">Barva okvirja</string>
  <string name="pref_title_hideDefaultIcon">Skrij privzeto ikono</string>
  <string name="pref_summary_hideDefaultIcon">Skrij privzeto ikono v pogledu seznama.</string>
  <string name="pref_title_showInTheSidebar">Prikaži v stranski vrstici</string>
  <string name="pref_summary_showInTheSidebar">Izberite predmete za prikaz v stranski vrstici</string>
  <string-array name="pref_entries_showInTheSidebar">
    <item>Skup.</item>
    <item>Podjetja</item>
    <item>Nazivi</item>
  </string-array>
  <string name="menu_addToQuickdialList">Dodaj na seznam hitrega klicanja</string>
  <string name="toast_theNumberHasNeenAdded">Številka je bila dodana.</string>
  <string name="pref_title_fontSizeSidebar">Velikost pisave (stranska vrstica)</string>
  <!-- 	<string name="hour">Hour</string> -->
  <string name="contactedLastXHours">Uporabljenih stikov zadnjih %s ur</string>
  <!-- 	选中的邮件地址已经复制到剪贴板。您可以将它粘贴到邮件程序的地址字段 -->
  <string name="toast_selectedEmailAddressCopied">Izbran e-poštni naslov je bil kopiran na odložišče. Lahko ga prilepite v polje naslova e-poštnega programa.</string>
  <string name="pref_title_backUpAllData">Varnostno kopiraj vse podatke</string>
  <!-- 	由于数据库的更新。还原数据可能导致组铃声、组图片和防火墙工作不正常。请检查它们在恢复数据后。 -->
  <string name="pref_summary_backUpAllData">Od posodobitve podatkovne zbirke. Ob obnovitvi podatkov melodije zvonjenja skupin, slike skupin in filter klicev morda ne bodo delovali pravilno. Preverite jih v obnovljenih podatkih.</string>
  <!-- 	注意这不会备份联系人数据库。 -->
  <string name="warning_notBackUpContactsDatabase">Upoštevajte, da to ne bo varnostno kopiralo podatkovno zbirko stikov.</string>
  <string name="pref_title_restoreAllData">Obnovi vse podatke</string>
  <string name="toast_backedSuccessfully">Uspešno varnostno kopirano v %s.</string>
  <string name="toast_backedFailed">Varnostno kopiranje je spodletelo. Prepričajte se, da ste nastavili veljavno pot.</string>
  <string name="toast_restorSuccessfully">Uspešno obnovljeno iz %s.</string>
  <string name="toast_restorFailed">Obnovitev spodletela. Prepričajte se, da ste pravilno nastavili pot.</string>
  <string name="close">Zapri</string>
  <string name="minimize">Skrči</string>
  <string name="maximize">Razpni</string>
  <string name="call">Kliči</string>
  <string name="toast_notSuppouteditingNotes">Ta stik ne podpira urejanja zapiskov.</string>
  <!-- An option in the event notification settings, open it automatically sends the blessing SMS comes in contact events. -->
  <string name="pref_title_automaticallySendGreetingsSMS">Sam. pošlji pozdravni SMS</string>
  <!-- 	注意发送消息时您不会得到通知，发送时间为事件当天的[通知时间]。 -->
  <string name="pref_summary_automaticallySendGreetingsSMS">Upoštevajte, da ob pošiljanju sporočila na dan [Časa obvestila] ne boste prejeli obvestila o dogodku</string>
  <!-- Prompt message before you delete a call log. -->
  <string name="prompt_deleteCallLog">Upoštevajte, da bo izbris zapisov klicev vplival na statistiko.</string>
  <!--
    Dispaly in [In call Widget]
    Example:
    The last contact time: 5 days ago。 -->
  <string name="in_call_lastContactTime">Zadnji čas uporabe stika: %s</string>
  <string name="recommendToFriends">Priporoči prijateljem</string>
  <string name="filterMode">Filtrirni način</string>
  <!-- 	Show contacts filter Details Grp = Group; Com = Company; Tit = Title -->
  <string name="contactsFilterSummary">Filtriranje: Sk.: %1$s Pod.: %2$s Naz.: %3$s</string>
  <string name="pref_title_largeDialButton">Velik gumb za klicanje</string>
  <!-- 	显示在联系人组编辑器，为编辑的组设置父组 -->
  <string name="parentGroup">Nadrejena skupina</string>
  <string name="pref_title_formatPhoneNumber">Oblikuj telefonsko številko</string>
  <string name="menu_viewSelectedContacts">Pokaži izbrane stike</string>
  <string name="filter_status_all">VSE</string>
  <string name="pref_title_enableSlidingAction">Omogoči dejanje pomika</string>
  <!-- 	启用滑动拨号等等，关闭它以便使用滑动切换号码。 -->
  <string name="pref_summary_enableSlidingAction">Omogoči drsni klicalnik itd.
Lahko ga izklopite, da uporabite številke z drsnim preklopom.</string>
  <!-- Click Open browser to select files or other data -->
  <string name="browse">Brskaj</string>
  <string name="companies">Podjetja</string>
  <string name="company">Podjetje</string>
  <string name="clear">Počisti</string>
  <string name="other">Drugo</string>
  <string name="voice_input">Glasovni vnos</string>
  <string name="app_widget_name_dialer_3_3">Klicalnik DW 3x3</string>
  <string name="app_widget_name_dialer_2_3">Klicalnik DW 2x3</string>
  <string name="app_widget_name_dialer_4_4">Klicalnik DW 4x4</string>
  <string name="app_widget_name_agenda">Dnevni red DW</string>
  <!-- 	A menu item is used to select mode grouping contacts. -->
  <string name="menu_groupBy">Združi po</string>
  <string name="menu_showHistory">Prikaži zgodovino</string>
  <string name="menu_sendMessage">Pošlji SMS/MMS</string>
  <string name="menu_sendMail">Pošlji e-pošto</string>
  <string name="menu_setRingtone">Nastavi melodijo zvonjenja</string>
  <string name="menu_insert">Vstavi</string>
  <string name="pref_title_disableAutomaticUpdates">Onemogoči samodejne posodobitve.</string>
  <string name="pref_title_showsLinkToContactList">Prikaže povezavo do seznama stikov</string>
  <!-- A number label, recently contacted number，It shows in the contact details SMS TAB. Number selection drop-down list. For example: Recent:12345678 -->
  <string name="recent">Nedavno</string>
  <string name="dialog_title_selectFieldsToShare">Izberite polja za souporabo</string>
  <string name="pref_title_showSIMCardNumber">Prikaži številko kartice SIM</string>
  <string name="pref_title_swapSIMCardNumber">Zamenjaj številki kartic SIM</string>
  <string name="pref_summary_selectNeedToDisplayTabs">Izberite zavihke za prikaz</string>
  <!-- 	检测到您正使用屏幕阅读程序。是否显示“电话号码选择对话框”在拨号前？ -->
  <string name="prompt_usePhoneNumberSelectionDialogWhenUseScreenReader">Zazna uporabo bralnika zaslona. Prikaži \"Pogovorno okno za izbiro številke\" pred klicem?</string>
  <string name="neverShowAgain">Ne prikazuj več</string>
  <!-- 	选择[确定]，“通话中小部件”将不会再次显示。 -->
  <string name="prompt_neverShowAgain">Izberite [%1$s], \"%2$s\" ne bo več prikazan.</string>
  <string name="dualSIMCardConfiguration">Nastavitve dvojne kartice SIM</string>
  <!-- 	如果SIM卡编号显示不正确，请先通过两个SIM卡各拨打一个电话，然后点击[重新检测]按钮。 -->
  <string name="prompt_retestSIMCardNumber">Če številka kartice SIM ni pravilno prikazana, pokličite preko vsake kartice SIM in potem kliknite na gumb [Ponovno preizkusi].</string>
  <!-- 	重新检测 -->
  <string name="retest">Pon. preiz.</string>
  <!-- 	检测已完成 -->
  <string name="toast_retestSIMCardNumberCompleted">Preizkus je končan.</string>
  <string name="toast_settingsHaveBeenSaved">Nastavitve so bile shranjene.</string>
  <!-- 	如果双卡功能不工作在您的设备。请尝试选择设备列表中的每一个设备，然后单击[拨号]按钮。当两个拨号按钮使用正确SIM卡拨号时，单击[保存]按钮。 -->
  <string name="prompt_dualSIMDialTest">Če funkcija dvojnih kartic SIM ne deluje na vaši napravi, poizkusite izbrati vsako napravo s seznama in potem kliknite na gumn [Kliči]. Ko gumba za klicanje uporabita pravilno kartico SIM, kliknite na gumb [Shrani].</string>
  <string name="lable_device">Naprava:</string>
  <string name="lable_testNumber">Preizkusna številka:</string>
  <!-- 	 An option. When you enable the exchange of the SIM card used when making calls. When the dial buttons 1 and 2 do not correspond correct SIM card to select it. -->
  <string name="swapTheDialSIMcard">Zamenjaj klicno kartico SIM</string>
  <string name="shareMySettings">Souporaba mojih nastavitev</string>
  <!-- 	已添加前缀/后缀（%s） -->
  <string name="toast_prefixOrSuffixHasBeenAdded">Predpona/pripona je bila dodana (%s)</string>
  <string name="pref_title_downloadGeocoderPlugin">Prejmi vstavek Geocoder</string>
  <string name="menu_bindTo">Veži na %s</string>
  <string name="menu_clearBind">Počisti vezavo</string>
  <string name="pref_title_twoDialOnTheDialpad">Prikaži gumba za klicanje na številčnici</string>
  <string name="pref_title_twoDialInTheContactList">Prikaži gumba za klicanje na seznamu stikov</string>
  <!-- 	call using SIM card 1 -->
  <string name="description_dial_button_using">Kliči s/z %s</string>
  <string name="menu_shareAsText">Souporaba podrobnosti kot besedila</string>
  <string name="menu_shareAsvCard">Soup. kot vizitke (vCard)</string>
  <string name="noItmeSelected">Noben predmet ni izbran</string>
  <string name="pref_title_leftHandedOperation">Levoročna uporaba</string>
  <string name="description_goToSubGroups_button">Pojdi na seznam podskupin</string>
  <!-- 一个选项，当打开备注会优先保存到联系人，而不是通话记录备注 -->
  <string name="pref_title_saveNotesToContacts">Shrani zapiske v stike</string>
  <string name="export_to_single_vcard_file">Izvozi v eno datoteko vizitke (vCard)</string>
  <string name="export_to_multiple_vcard_files">Izvozi v več dat. vizitke (vCard)</string>
  <string name="confirm_export_contacts_to_folder_message">Stiki bodo izvoženi v mapo: %s.</string>
  <!-- 读出来电显示号码 -->
  <string name="pref_title_speakCallerID">Izgovori ID klicatelja</string>
  <string name="pref_title_speakOrganization">Izgovori organizacijo</string>
  <string name="pref_title_speakNumber">Izgovori številko</string>
  <string name="pref_summary_speakNumber">Če klicatelj ni med stiki</string>
  <string name="pref_title_repeatCount">Število ponovitev</string>
  <string name="pref_title_repeatInterval">Razmik ponovitev</string>
  <string name="pref_title_reverseList">Obrni seznam</string>
  <string name="pref_title_openQuickJumpOnStartup">Odpri hiter skok ob zagonu</string>
  <!-- 搜索历史记录 - 一个开关确定是否显示搜索历史记录 -->
  <string name="pref_title_searchHistory">Zgodovina isk.</string>
  <string name="menu_add_event">Dodaj dogodek</string>
  <string name="notification_dataLoaderIsRunning">Nalagalnik podatkov se izvaja</string>
  <string name="clickToGetMoreInformation">Kliknite za več podatkov</string>
  <!-- 	您好，试用期限将结束在5天后。现在要购买吗？ -->
  <string name="remind_trialPeriodWillEnd">Pozdravljeni, preizkusno obdobje se bo končalo čez %d dni. Želite kupiti zdaj?</string>
  <string name="menu_addToBlockList">Dodaj na seznam blokiranih</string>
  <string name="menu_removeFromBlockList">Odstrani s seznama blokiranih</string>
  <string name="blockList">Seznam blokiranih</string>
  <string name="font">Pisava</string>
  <string name="needToUpdate">Potrebna je posodobitev</string>
  <string name="disable">Onemogoči</string>
  <string name="pref_title_hideContactPicture">Skrij sliko stika</string>
  <string name="event_info_links_label">Povezave</string>
  <string name="pref_title_calllogFilterAtTop">Prikaži \"Filter dnevnika klicev\" na vrhu zaslona</string>
  <!-- A menu, click the call methods available to display. For example: SIM card 2; Video call; Skype; SIP -->
  <string name="menu_callUsing">Pokliči z uporabo …</string>
  <string name="video_call">Videoklic</string>
  <string name="automatic_redial">Samodejni ponovni klic</string>
  <!-- Automatic redial after 3 seconds. -->
  <string name="automatic_redial_after">Samodejni ponovni klic po %s.</string>
  <!-- Enter "Arrange mode", you can drag to sort items. -->
  <string name="menu_arrangeMode">Način razvrstitve</string>
  <string name="summary_arrangeMode">Povlecite predmet za razvrščanje</string>
  <string name="recommend_template">"Dragi prijatelj!\nUporabljam %1$s. Je super program za stike. Za prejem lahko uporabiš to povezavo: %2$s"</string>
  <string name="recommend_id_template">"Ne pozabi vnesti mojega ID-ja (%s) v (ZAVIHEK Orodjarna -&gt; Priporoči prijateljem).\nHvala!"</string>
  <!-- An option to choose what to hide in the contact details -->
  <string name="pref_title_hideSection">Skrij odsek</string>
  <string name="pref_title_automaticBackup">Samodejno var. kopiranje</string>
  <string name="pref_title_backupTime">Čas var. kopiranja</string>
  <string name="pref_title_backupCycle">Obdobje var. kopiranja</string>
  <string-array name="pref_entries_backupCycle">
    <item>Vsak dan</item>
    <item>Vsaka dva dni</item>
    <item>Vsake tri dni</item>
    <item>Vsake štiri dni</item>
    <item>Vsakih pet dni</item>
    <item>Vsakih šest dni</item>
    <item>Tedensko</item>
    <item>Mesečno</item>
  </string-array>
  <string name="pref_title_contactsBackup">Var. kopiranje stikov</string>
  <string name="pref_summary_contactsBackup">Izberi skupino za var. kopiranje</string>
  <string name="pref_title_backupNow">Var. kopiraj zdaj</string>
  <string name="pref_title_disableInCarMode">Onem. v načinu za avto</string>
  <string name="pref_summary_disableInCarMode">Začasno onemogoči Potrditev klicanja v avtu</string>
  <!-- An alert message when adding a shortcut to the HomePage request has been sent. -->
  <string name="toast_requestHasBeenSent">Zahteva je bila poslana</string>
  <string name="pref_title_hideMenuButton">Skrij menijski gumb</string>
  <string name="pref_summary_hideMenuButton">Če vaša naprava nima menijskega gumba, bo njegovo skritje izgubilo dostop do menijev</string>
  <string name="pref_title_deleteOldCallLogs">Izbriši stare dnevnike klicev</string>
  <string name="pref_summary_deleteOldCallLogs">Ko število doseže %s, izbriši stare dnevnike klicev</string>
  <string name="menu_setContactPhoto">Nastavi sliko stika</string>
  <!-- OPTION: When you restart the app. Restore the state when last used. -->
  <string name="pref_title_restoreStateWhenRestarted">Obnovi stanje ob pon. zag.</string>
  <string name="websiteTypeHomepage">Domača stran</string>
  <string name="websiteTypeBlog">Blog</string>
  <string name="websiteTypeProfile">Profil</string>
  <string name="websiteTypeHome">Doma</string>
  <string name="websiteTypeWork">Služba</string>
  <string name="websiteTypeFTP">FTP</string>
  <!--     <string name="description">Description</string> -->
  <!--     <string name="menu_add_link">Add link</string> -->
  <string name="pref_title_excludeNumbers">Izključi številke</string>
  <string name="pref_summary_excludeNumbers">Klici na te številke ne bodo prikazali okna za [Potrditev klicanja]</string>
  <!-- Menu item used to add custom field to contact -->
  <string name="menu_addCustomField">Dodaj polje po meri</string>
  <!-- An automatic group name, which contains all has photo contacts -->
  <string name="hasPhotoContacts">Stiki s sliko</string>
  <!-- Selectable menu item used to controls whether display "contacts events" in the "agenda list". -->
  <string name="menu_showContactsEvents">Prikaži dogodke stikov</string>
  <!-- An option to define accent color. The color applied to framework controls in their activated (ex. checked) state. -->
  <string name="pref_title_accentColor">Barva poudarka</string>
  <!-- An option to define whether the appointment is created automatically send the invitation email.-->
  <string name="pref_title_sendInvitation">Pošlji povabilo</string>
  <!-- An option to define whether the appointment is created automatically send the invitation email.-->
  <string name="pref_summary_sendInvitation">Dodaj e-poštni naslov stika k udeležencem</string>
  <!-- An option to define whether use circle icon.-->
  <string name="pref_title_circleIcon">Okrogla ikona</string>
  <string name="on">Vklopljeno</string>
  <string name="off">Izklopljeno</string>
  <!-- Determined by the theme -->
  <string name="byTheme">Po temah</string>
  <!-- An option to define color -->
  <string name="pref_title_callLogFilterBackground">Ozadje filtra dnev. klicev</string>
  <!-- An option to define whether use colorful icon.-->
  <string name="pref_title_colorfulIcon">Barvita ikona</string>
  <!-- Select this option to Reduce the ring volume when reading the caller information. -->
  <string name="pref_title_reduceRingerVolume">Zmanjšaj glasnost zvonj.</string>
  <!-- Select this option to Reduce the ring volume when reading the caller information. -->
  <string name="pref_summary_reduceRingerVolume">Zmanjšaj glasnost zvonjenja ob branju podatkov klicatelja</string>
  <!-- Menu item used to Go to the "Calendar" App -->
  <string name="menu_goToCalendar">Pojdi v koledar</string>
  <!-- Menu item used to add selected item to the Tab bar -->
  <string name="menu_addToTabBar">Dodaj v vrstico zavihkov</string>
  <!-- Menu item used to remove selected item from the Tab bar -->
  <string name="menu_removeFromTabBar">Odstrani iz vrstice zavihkov</string>
  <!-- Menu item used to browse and restore data -->
  <string name="menu_restoreFrom">Obnovi iz …</string>
  <!-- Menu item used to open [Backup Manager] -->
  <string name="menu_backupManager">Upravljalnik varnostnih kopij</string>
  <string name="typeface_bold">Krepko</string>
  <string name="typeface_italic">Ležeče</string>
  <!-- A contact group option. Open it will automatically delete call logs, contacts belong to this group. -->
  <string name="pref_title_automaticallyDeleteCallLogs">Samodejno izbriši dnevnike klicev</string>
  <!-- An option to control whether to display the contact's local time -->
  <string name="pref_title_showContactsLocalTime">Prikaži krajevni čas stikov</string>
  <!-- An option -->
  <string name="pref_title_replaceMissedCallNotification">Nadomesti \"Obvestilo o neodgovorjenih klicih\"</string>
  <!-- An option summary -->
  <string name="pref_summary_replaceMissedCallNotification">Izogibaj se prikazu pogovornega okna \"Izberite program\"</string>
  <!-- An option in the dialog box to delete call records. Controls whether delete call log notes -->
  <string name="deleteNotes">Izbriši zapiske</string>
  <string name="offset">Odmik</string>
  <!-- Label above username EditText -->
  <string name="username">Uporabniško ime</string>
  <!-- Button to sign in after entering username and password -->
  <string name="signIn">Prijava</string>
  <string name="message_createLocalContactAccount">Ustvarite krajevni račun za stike.
         Stiki shranjeni v tem računu ne bodo usklajeni z omrežjem.
         \n<b>Opomba:</b> odstranitev \"Stikov DW\" bo povzročila samodejno odstranitev stikov iz tega računa.
          Če omogočite usklajevanje stikov, se bodo stiki uskladili z mapo \"<b>SD Card/DW/contacts</b>\".</string>
  <!-- "By number" merge call records, etc. -->
  <string name="byNumber">Po številkah</string>
  <!-- "By contact" merge call records, etc. -->
  <string name="byContact">Po stikih</string>
  <string name="toast_switchToIntersectionMode">Ponovno kliknite za preklop na <b>Način presečišča</b></string>
  <!-- An option to control whether to display the message log in History -->
  <string name="pref_title_showMessageLog">Prikaži dnevnik sporočil</string>
  <!-- Menu item used to add data (E-mail address, etc.)  to contacts -->
  <string name="addToContact">Dodaj med stike</string>
  <!-- An option When you open it will maintain a fixed height In call widget. -->
  <string name="fixedHeight">Stalna višina</string>
  <!-- ****************************** Descriptions *********************************** -->
  <!--
         String describing the Keyboard switch ImageButton
         Used by AccessibilityService to announce the purpose of the button.
         [CHAR LIMIT=NONE]
    -->
  <string name="description_switch_keyboard">Preklopi tipkovnico</string>
  <string name="description_pick_contact">Izberite stik</string>
  <!-- String describing the text for photo of a item(group, title, company，etc.). -->
  <string name="description_icon_for">Ikona za <xliff:g id="name">%1$s</xliff:g></string>
  <!--An option. When opened, will use list long press menu.-->
  <string name="pref_title_useListMenu">Uporabi seznamski meni</string>
  <!--An option in Accessibility. When opened, Enter the number need to double click to confirm.-->
  <string name="pref_title_doubleClickEnterNumber">Dvojni klik za vnos številke</string>
  <!--A item of list, control information needs to be displayed in the "In call widget"-->
  <string name="positionInQuickDial">Položaj v hitrem klicanju</string>
  <string name="prompt_requiresPermission">Zahteva dovoljenje <b>%1$s</b>.</string>
  <string name="pause">Premor</string>
  <string name="description_add_voice_tag">Dodaj glasovno oznako</string>
  <string name="pref_color_schemes">Barvne sheme</string>
  <string name="navigation_drawer_open">Odpri predal za krmarjenje</string>
  <string name="navigation_drawer_close">Zapri predal za krmarjenje</string>
  <string name="toast_adjustColors">Kliknite na mesto, kjer želite prilagoditi barve</string>
  <string name="auto_close">Samodejno zapri</string>
  <string name="voice_tag">Glasovna oznaka</string>
  <!--An option title in [Contact Details]. When opened, Will merge items,When just labels different.-->
  <string name="pref_title_mergeItemsJustDiffLabel">Združi predmete</string>
  <!--An option summary in [Contact Details]. When opened, Will merge items,When just labels different.-->
  <string name="pref_summary_mergeItemsJustDiffLabel">Ko so različne samo oznake</string>
  <string name="todoList">Za narediti</string>
  <string name="menu_add_todo">Dodaj opravilo</string>
  <!-- Notification message when adding a number to the blacklist, but the call filter did not open. -->
  <string name="needEnableCallFilter">Omogočiti morate tudi [filter klicev]</string>
  <!--An option title in [Events]. Define which events need to display. It filter events based on contact groups-->
  <string name="pref_title_eventsToDisplay">Dogodki za prikaz</string>
  <!--An option title in [Color schemes]. Used to define the "List section" Text Size -->
  <string name="section_header">Glava razdelka</string>
  <!--An option. When open: The starred contacts are displayed at the top of the list. -->
  <string name="showStarredAtTheTop">Prikaži stike z zvezdico na vrhu</string>
</resources>
