<?xml version="1.0" encoding="utf-8" standalone="no"?>
<!--Generated by crowdin.com-->
<resources>
  <string name="market_title">DW Contacts &amp; Phone &amp; Dialer</string>
  <string name="market_description_s1">Je zmogljiva razširitev tovarniškega programa za klicalnik, stike in upravljanje telefona

GLAVNE ZNAČILNOSTI
------------</string>
  <!-- max is 27 -->
  <string name="market_description_key_features_001">+ Iskanje stikov po kateremkoli polju</string>
  <string name="market_description_key_features_002">* Pisanje zapiskov v dnevnik klicev</string>
  <string name="market_description_key_features_003">* Ustvarjanje in upravljanje opomnikov za stike</string>
  <string name="market_description_key_features_004">+ Izgovorjava ID-ja klicatelja</string>
  <string name="market_description_key_features_005">+ Prikaz časa zvonjenja \"Neodgovorjenih klicev\"</string>
  <string name="market_description_key_features_027">* Neomejen dnevnik klicev</string>
  <string name="market_description_key_features_006">* Podpora za VoIP: System SIP, Viber, Skype, Fring, GrooVe IP Lite, MobileVOIP, BT SmartTalk &#8230;</string>
  <string name="market_description_key_features_007">+ Souporaba stikov (besedilo, vCard) preko SMS-ov, e-pošte &#8230;</string>
  <string name="market_description_key_features_008">* Paketni način za množično dostavo SMS-ov, MMS-ov, e-pošte ob eni ali večkratni izbiri (stikov, skupin, organizacij, nazivov)</string>
  <string name="market_description_key_features_009">+ Pripomoček med klicanjem: razširjen pogled odhodnih klicev (prikaz organizacije, skupine, zapiskov, urejanje zapiskov med klicem)</string>
  <string name="market_description_key_features_010">+ Filter klicev: blokiranje dohodnih klicev na proste določene datume in časovne pasove</string>
  <string name="market_description_key_features_011">+ Filtriranje stikov: glede na skupino klicev, naziv, stike filtriranja podjetja</string>
  <string name="market_description_key_features_012">+ Statistika klicev: prikaži trajanje klica. Obvestilo o končanem obdobju brezplačnih klicev.</string>
  <string name="market_description_key_features_013">+ Podrobnosti stika: prikaže vse podatke stika skupaj (SMS-e, dnevnik klicev, statistiko, dogodke)</string>
  <string name="market_description_key_features_014">+ Upravljanje stikov glede na naslov</string>
  <string name="market_description_key_features_015">* Zelo prilagodljiv za nastavljanje oblike vsakega pogleda (vrstni red, velikost pisave, barva, prosojnost)</string>
  <string name="market_description_key_features_016">+ Nastavljiv pogled seznama stikov (priimek, ime, vzdevek, organizacija, naziv, številka, zapiski &#8230;)</string>
  <string name="market_description_key_features_017">+ Podpora za večstopenjske skupine, podskupine (podskupine preko Poslovno/VIP = Poslovno -&gt; VIP)</string>
  <string name="market_description_key_features_018">+ Nastavitev melodije zvonjenja ob večkratni izbiri (stiki, skupine, organizacije, nazivi)</string>
  <string name="market_description_key_features_019">* Obvestilo in upravljanje z dogodki stika (rojstni dan, obletnica)</string>
  <string name="market_description_key_features_020">+ Klicalnik (telefon) z iskanjem T9 - lahko ga prilagodite po svoji želji z mnogimi možnostmi</string>
  <string name="market_description_key_features_021">+ Umerljiva klicalnik in številčnica in prilagodljiva velikost, ozadje, barva, velikost pisave</string>
  <string name="market_description_key_features_028">* Samodejni ponovni klic</string>
  <string name="market_description_key_features_022">+ Podpora za klicanje z dvojno kartico SIM (ni podprto na vseh napravah, ker ni odprtokodnega API-ja)</string>
  <string name="market_description_key_features_023">+ Upravljalnik hitrega klicanja: podpira do 1000 številk. Klicanje 100. številke z vnosom 100#</string>
  <string name="market_description_key_features_024">+ Varnostno kopiranje in obnavljanje stikov v obliko vCard, vsebuje skupine stikov</string>
  <string name="market_description_key_features_025">+ Večino funkcij lahko dosežete z uporabo *DOLGEGA PRITISKA* (tapni in pridrži) na katerikoli predmet ali tipke *MENI*</string>
  <string name="market_description_key_features_026">+ Podpora za več jezikov (hvala vsem navdušenim uporabnikom, ki so priskrbeli prevode za DWC)</string>
  <string name="market_description_s2">Spoštujte naše delo in kupite različico PRO, ki vsebuje več značilnosti!
Poizkusite naš program in ga priporočite prijateljem.
Namigi:
 Če imate predloge za izboljšave -&gt; pišite na forum: http://forum.dw-p.net ali uporabite *Povratne informacije preko e-pošte* v meniju nastavitev.
 Če ste nadgradili na najnovejšo različico in se ne zažene (če prejem in namestitev nista mogoča), poizkusite najprej odstraniti prejšnjo različico.
 Več namigov in zvijač: glejte http://wiki.dw-p.net/DWC:Tips_%26_Tricks
</string>
  <string name="market_description_limitation">Brezplačna različica je omejena na nekatere funkcije:
 - oglasna sporočila
 - prilagajanje tem je omejeno
 - večkratna izbira je omejena na 5 predmetov na dejanje
 - pisanje zapiskov v dnevnik klicev
 - ustvarite lahko samo en pripomoček programa
 - seznam glavnih značilnosti vsebuje predmete \"*\"</string>
  <string name="market_description_keywords">stik stiki naslov klicanje klicalnik kliči klicatelj telefon melodija zvonjenja skupina skupine organizacija podjetje naziv naslovi imenik sms mms e-pošta upravljalnik upravljanje zgodovina dnevnik najboljši brezplačni</string>
  <!-- A brief description of the Google play, If you have a better description, please use your. Thank you! [CHAR LIMIT=80] -->
  <string name="market_brief_description">Je zmogljiv program za stike. Naš cilj je izboljšanje učinkovitosti našega dela</string>
</resources>
