<?xml version="1.0" encoding="utf-8"?>
<!--Generated by crowdin.com-->
<resources xmlns:xliff="urn:oasis:names:tc:xliff:document:1.2">
  <string name="label_ringtone">Melodija zvonjenja</string>
  <string name="default_ringtone">Privzeta</string>
  <string name="menu_sendEmail">Pošlji e-poštno sporočilo</string>
  <string name="showFilterPhones">Samo stiki s tel. številkami</string>
  <string name="showFilterPhonesDescrip">Prikaži samo stike s tel. številkami</string>
  <string name="headerContactGroups">Izberite stike za prikaz</string>
</resources>
