<?xml version="1.0" encoding="utf-8" standalone="no"?>
<!--Generated by crowdin.com-->
<resources>
  <string name="market_title">DW Kontakti, telefon i birač</string>
  <string name="market_description_s1">Je močno proširenje vaše općenite aplikacije za upravljanje biračem brojeva, kontaktima i telefonom koje trebate imati

KLJUČNA OBILJEŽJA
------------</string>
  <!-- max is 27 -->
  <string name="market_description_key_features_001">je močno proširenje vaše općenite aplikacije za upravljanje biračem brojeva, kontaktima i telefonom koje trebate imati

KLJUČNA OBILJEŽJA
------------</string>
  <string name="market_description_key_features_002">* Pisanje bilješki u zapisniku poziva</string>
  <string name="market_description_key_features_003">* Stvaranje i upravljanje podsjetnicima za kontakte</string>
  <string name="market_description_key_features_004">+ Izgovara ID pozivatelja</string>
  <string name="market_description_key_features_005">+ Prikaži vrijeme zvonjenja propuštenih poziva</string>
  <string name="market_description_key_features_027">* Neograničen zapisnik poziva</string>
  <string name="market_description_key_features_006">* Podržava VoIP: System SIP, Viber, Skype, Fring, GrooVe IP Lite, MobileVOIP, BT SmartTalk&#8230;</string>
  <string name="market_description_key_features_007">+ Dijeljenje kontakata u obliku teksta ili posjetnice (vCard) putem SMS poruke, email poruke&#8230;</string>
  <string name="market_description_key_features_008">* Način u serijama za masovnu isporuku preko SMS poruka, MMS poruka ili email poruka na pojedinim i više odabranih kontakata, skupina, organizacija ili titula</string>
  <string name="market_description_key_features_009">+ Vidget tijekom poziva: prošireni prikaz dolaznog poziva (prikaži organizaciju, skupinu, bilješke, uredi bilješku tijekom pozivanja)</string>
  <string name="market_description_key_features_010">+ Filter poziva: blokiranje dolaznih poziva u slobodno definiranom datumu i vremenskim zonama</string>
  <string name="market_description_key_features_011">+ Filtriranje kontakata: Na temelju skupine kontakata, radnog mjesta, filtriranje kontakata unutar tvrtke</string>
  <string name="market_description_key_features_012">+ Statistika poziva: Pokazuje trajanje vašeg poziva kada trebate biti obaviješteni o kraju vremena besplatnih razgovora.</string>
  <string name="market_description_key_features_013">+ Pojedinosti o kontaktu: Prikazuje sve informacije o kontaktu zajedno (sms, zapisnik poziva, statistika poziva, događaji)</string>
  <string name="market_description_key_features_014">+ Upravljajte kontaktima prema adresi kontakta</string>
  <string name="market_description_key_features_015">* Vrlo fleksibilan za konfiguriranje dizajna za svaki prikaz (sortiranje, veličinu slova, boju, transparentnost)</string>
  <string name="market_description_key_features_016">+ Konfigurabilan prikaz popisa kontakata, moguće je odrediti kako će se popis prikazati (prezime, ime, nadimak,  organizacija, titula, broj, bilješke&#8230;)</string>
  <string name="market_description_key_features_017">+ Podrška za slojevite skupine, podskupine (podskupina putem Posao/VIP = Posao -&gt; VIP)</string>
  <string name="market_description_key_features_018">+ Postavljanje tonova zvonjenja za višestruki odabir (kontakti, skupine, organizacije, titule)</string>
  <string name="market_description_key_features_019">* Obavijest o događaju kontakta i upravljanje događajima kontakta (rođendan, godišnjica)</string>
  <string name="market_description_key_features_020">+ Birač brojeva (telefon) s mogućnošću T9 pretrage - ima mnogo mogućnosti kako bi ga prilagodili točno prema vašim željama</string>
  <string name="market_description_key_features_021">+ Birač brojeva i površina za biranje brojeva su skalabilni i prilagodljivi, pa im je tako moguće promijeniti veličinu, pozadinu, boju i veličinu slova</string>
  <string name="market_description_key_features_028">* Automatsko ponovno biranje broja</string>
  <string name="market_description_key_features_022">+ Podrška za biranje brojeva sa dvije SIM kartice (nije podržano od strane svih uređaja, budući da ne postoji otvoreni API za programere)</string>
  <string name="market_description_key_features_023">+ Upravitelj za brzo biranje: podržava do 1000 brojeva za brzo biranje. Biranje stotog broja izvodi se unošenjem 100#</string>
  <string name="market_description_key_features_024">+ Izrada pričuvne kopije kontakata i vraćanje pričuvne kopije iz posjetnice (vCard), sadrži skupinu kontakata</string>
  <string name="market_description_key_features_025">+ Većina funkcija je dostupna koristeći *DUGI PRITISAK* (dodirnite i držite) na bilo kojoj stavki ili koristite tipku izbornika</string>
  <string name="market_description_key_features_026">+ Multi-jezična podrška (Hvala svim entuzijastičnim korisnicima koji pružaju prijevod za DWC)</string>
  <string name="market_description_s2">Molimo poštujte naš rad i kupite Pro inačicu koja je vrlo pogodna u svjetlu funkcionalnosti!
Molimo isprobajte naš softver i preporučite ga prijateljima.
Savjeti:
 Ako imate bilo kakav prijedlog za poboljšanja -&gt; molimo pišite na forum: http://forum.dw-p.net ili koristite funkciju *Povratne informacije putem e-pošte* u izborniku postavki.
 Ako nadogradite na noviju inačicu i ista se ne uspije pokrenuti (ukoliko preuzimanje i instalacija nisu mogući), molimo pokušajte prvo deinstalirati prethodnu inačicu.
 Više savjeta i trikova pogledajte na http://wiki.dw-p.net/DWC:Tips_%26_Tricks
</string>
  <string name="market_description_limitation">Besplatna inačica je ograničena u nekim funkcijama:
 - promidžbene poruke
 - prilagodbe tema su ograničene
 - višestruki odabir ograničen je na 5 stavki po radnji
 - pisanje bilješki u zapisnik poziva
 - može stvoriti samo jedan vidget aplikacije
 - u popisu ključnih mogućnosti sadrži stavke \"*\"</string>
  <string name="market_description_keywords">kontakt kontakti adresa biranje birač biranje poziv pozivatelj pozivanje telefon zvonjenje glas skupina skupine organizacija tvrtka titula adrese knjiga sms mms email upravitelj upravljanje povijest zapisnik najbolje besplatno</string>
  <!-- A brief description of the Google play, If you have a better description, please use your. Thank you! [CHAR LIMIT=80] -->
  <string name="market_brief_description">To je moćna aplikacija za kontakte. Naš cilj je poboljšati učinkovitost vašeg rada</string>
</resources>
