<?xml version="1.0" encoding="utf-8"?>
<!--Generated by crowdin.com-->
<resources xmlns:xliff="urn:oasis:names:tc:xliff:document:1.2">
  <string name="label_ringtone">Ton zvona</string>
  <string name="default_ringtone">Zadani</string>
  <string name="menu_sendEmail">Pošalji email poruku</string>
  <string name="showFilterPhones">Samo kontakti s telefonima</string>
  <string name="showFilterPhonesDescrip">Prikaži samo one kontakte koji imaju telefonske brojeve</string>
  <string name="headerContactGroups">Odaberite kontakte za prikaz</string>
</resources>
