<?xml version="1.0" encoding="utf-8"?>
<!--Generated by crowdin.com-->
<resources>
  <!-- For the "T9" Search. "2ABC" means "2" matches the letter "A, B, C". 
		Translation modified "ABC" you need to search for characters. Only need upper 
		case. -->
  <string-array name="t9_search">
    <item>"0"</item>
    <item>"1\'.,"</item>
    <item>"2ABCČĆ"</item>
    <item>"3DĐEF"</item>
    <item>"4GHI"</item>
    <item>"5JKL"</item>
    <item>"6MNO"</item>
    <item>"7PQRSŠ"</item>
    <item>"8TUV"</item>
    <item>"9WXYZŽ"</item>
  </string-array>
  <!-- These letters appear in the Dial button on the right. -->
  <string-array name="t9_keyboard">
    <item>"+"</item>
    <item>"\' . ,"</item>
    <item>"ABCČĆ"</item>
    <item>"DĐEF"</item>
    <item>"GHI"</item>
    <item>"JKL"</item>
    <item>"MNO"</item>
    <item>"PQRSŠ"</item>
    <item>"TUV"</item>
    <item>"WXYZŽ"</item>
  </string-array>
</resources>
